code,chapter,umap_1,umap_2,tsne_1,tsne_2
A00,I  Infectious,9.206517,-1.4229311,-18.927927,8.55735
A009,I  Infectious,9.201589,-1.4324515,-19.231874,8.587262
A01,I  Infectious,12.056272,-3.5927403,-3.894246,-6.893314
A010,I  Infectious,12.082993,-3.6261685,-3.9162529,-7.413624
A014,I  Infectious,12.073724,-3.6207564,-3.638465,-7.1344337
A02,I  Infectious,12.763819,-3.4699168,-9.578021,-9.518597
A020,I  Infectious,12.749472,-3.4460957,-9.691591,-9.563063
A021,I  Infectious,12.704078,-3.5114188,-9.666056,-9.507707
A022,I  Infectious,12.78592,-3.438794,-9.734139,-9.4266405
A028,I  Infectious,12.723973,-3.453424,-9.739595,-9.429978
A029,I  Infectious,12.650569,-3.4665198,-9.513544,-9.4698925
A03,I  Infectious,11.618437,-3.552576,-2.1848383,-3.2936144
A030,I  Infectious,11.6304655,-3.5356064,-2.074528,-3.2944973
A031,I  Infectious,11.655967,-3.532481,-2.193449,-3.295338
A033,I  Infectious,11.573423,-3.551324,-2.196498,-3.2894926
A039,I  Infectious,11.621023,-3.5360255,-2.1853614,-3.301243
A043,I  Infectious,13.270453,-3.2636461,-17.050749,-11.272641
A044,I  Infectious,13.361534,-3.4158506,-17.460522,-11.073019
A045,I  Infectious,13.263229,-3.210972,-16.558596,-11.671593
A047,I  Infectious,13.339099,-3.3873591,-17.503998,-10.909703
A048,I  Infectious,13.349966,-3.2710605,-16.812387,-11.538772
A049,I  Infectious,13.275022,-3.3009722,-17.04818,-11.1211815
A05,I  Infectious,12.276611,-3.4211967,-7.184598,-5.653161
A050,I  Infectious,12.304178,-3.340996,-7.178652,-5.6562147
A051,I  Infectious,12.253664,-3.4413435,-7.1379867,-5.6513352
A058,I  Infectious,12.366028,-3.3548596,-7.4738097,-5.5834107
A059,I  Infectious,12.448508,-3.3387065,-7.629211,-5.7482724
A06,I  Infectious,12.162896,-3.245007,-7.829845,-3.4795377
A060,I  Infectious,12.156264,-3.2611449,-7.53046,-3.6386278
A061,I  Infectious,12.112872,-3.2847164,-7.417138,-3.4721658
A064,I  Infectious,12.281462,-3.2380898,-9.323046,-4.3387947
A065,I  Infectious,12.100327,-3.2972949,-7.273139,-3.4311876
A066,I  Infectious,12.0799055,-3.307058,-7.2401147,-3.43074
A067,I  Infectious,12.124747,-3.275572,-7.732011,-3.4500978
A068,I  Infectious,12.092924,-3.302309,-7.576187,-3.1907227
A069,I  Infectious,12.149738,-3.224461,-7.8332725,-3.4577463
A071,I  Infectious,12.653327,-3.170961,-11.930207,-4.3926835
A072,I  Infectious,12.897775,-3.372202,-14.06068,-9.095047
A078,I  Infectious,12.925547,-3.2863388,-14.07734,-9.043025
A079,I  Infectious,12.56202,-3.1279502,-12.735668,-3.0930567
A080,I  Infectious,13.170595,-3.1952846,-18.463148,-7.4965324
A081,I  Infectious,13.198997,-3.2294104,-18.49549,-7.4334984
A082,I  Infectious,13.140774,-3.205565,-18.602861,-7.1329565
A083,I  Infectious,13.170594,-3.2318897,-18.410343,-7.6129866
A084,I  Infectious,13.164156,-3.2285483,-18.316383,-7.8790145
A085,I  Infectious,13.222127,-3.238446,-18.266811,-7.982614
A088,I  Infectious,13.163208,-3.2637596,-18.268076,-7.935137
A09,I  Infectious,13.106798,-3.2252347,-18.370275,-6.2920837
A090,I  Infectious,13.245503,-3.2108252,-16.795511,-11.443473
A099,I  Infectious,12.778386,7.032975,49.053078,-20.981813
A150,I  Infectious,12.582829,-3.2043276,-10.847677,-5.3756948
A152,I  Infectious,12.611349,-3.243696,-11.071884,-5.338674
A153,I  Infectious,12.572203,-3.1857092,-11.409084,-4.865619
A155,I  Infectious,12.581205,-3.1596854,-12.261227,-4.942289
A156,I  Infectious,12.540258,-3.2216218,-10.959289,-5.2680407
A159,I  Infectious,12.3846245,-3.11916,-12.976843,-1.9156346
A16,I  Infectious,12.482691,-3.111457,-12.232447,-3.186515
A160,I  Infectious,12.591687,-3.2612689,-10.550322,-5.852429
A161,I  Infectious,12.456965,-3.3078346,-10.544074,-5.926109
A162,I  Infectious,12.4807,-3.189438,-10.720421,-4.911002
A163,I  Infectious,12.658126,-3.3081057,-10.573725,-6.353401
A165,I  Infectious,12.398476,-3.0868084,-12.653856,-2.0113134
A167,I  Infectious,12.61139,-3.2921197,-10.63834,-6.1926994
A169,I  Infectious,12.528703,-3.133116,-12.11071,-3.3633907
A170,I  Infectious,9.212246,-1.4499705,-18.707863,8.626648
A180,I  Infectious,12.548303,-3.0126145,-16.237562,-2.959036
A181,I  Infectious,12.804189,-3.0003788,-17.468056,-4.135446
A182,I  Infectious,12.7337055,-3.1326504,-15.541116,-4.4609127
A183,I  Infectious,12.859844,-3.0524192,-17.395561,-4.5424623
A184,I  Infectious,12.667051,-3.0709014,-15.5784445,-3.948985
A185,I  Infectious,12.7394285,-3.1435554,-15.61494,-4.623126
A187,I  Infectious,12.766341,-3.1569295,-15.49543,-4.5399957
A188,I  Infectious,12.80659,-3.0683167,-16.718212,-4.410326
A191,I  Infectious,8.52885,-1.5225976,-36.908318,-4.8771057
A20,I  Infectious,9.970968,-1.8062574,-21.804712,8.143549
A200,I  Infectious,9.978007,-1.783639,-21.802181,8.157695
A209,I  Infectious,9.972072,-1.801663,-21.828264,8.097269
A22,I  Infectious,9.084288,-1.509645,-17.157927,8.878859
A220,I  Infectious,9.091448,-1.5294493,-17.189823,8.851893
A222,I  Infectious,9.088279,-1.5170991,-17.143934,8.872967
A229,I  Infectious,9.077132,-1.5201885,-17.192093,8.87408
A23,I  Infectious,9.138707,-1.4832726,-17.750216,8.973632
A230,I  Infectious,9.138747,-1.4743687,-17.773563,8.991789
A239,I  Infectious,9.153416,-1.4709272,-17.827505,8.957872
A260,I  Infectious,10.172938,-1.885637,-22.578077,7.5683284
A27,I  Infectious,12.093838,-3.6210027,-4.47058,-6.075225
A270,I  Infectious,12.100928,-3.6592739,-4.350844,-5.8091946
A279,I  Infectious,12.150095,-3.5836635,-5.0221357,-6.0748973
A280,I  Infectious,12.627433,-3.186201,-13.025501,-3.5032115
A281,I  Infectious,12.668721,-3.242171,-11.354803,-6.866947
A282,I  Infectious,12.728674,-3.4053183,-10.194057,-7.63941
A30,I  Infectious,9.839166,-1.7152526,-21.178368,8.340705
A31,I  Infectious,12.732364,-3.1531005,-12.074093,-6.748699
A310,I  Infectious,12.649362,-3.1280854,-12.585219,-5.2696376
A311,I  Infectious,12.774486,-3.1871088,-12.069071,-6.975269
A318,I  Infectious,12.635507,-3.1589684,-12.286045,-5.738505
A319,I  Infectious,12.463087,-3.0747175,-13.004156,-1.9178715
A321,I  Infectious,11.950827,-3.5990639,-3.2838268,-5.5277705
A327,I  Infectious,11.940022,-3.617364,-3.0365148,-5.4205723
A329,I  Infectious,11.898883,-3.6021426,-3.281205,-5.329452
A34,I  Infectious,10.077715,-1.8634479,-22.000704,7.7441664
A35,I  Infectious,11.801138,-3.5163248,-3.048703,-4.1672745
A36,I  Infectious,12.95084,-2.9834166,-10.885392,-14.6434965
A363,I  Infectious,12.900971,-2.9957612,-10.728582,-14.59315
A368,I  Infectious,12.89963,-3.0079622,-10.569578,-14.721675
A369,I  Infectious,12.940866,-2.9356349,-10.89506,-14.655954
A37,I  Infectious,12.387091,-3.136123,-12.015184,-1.3373675
A370,I  Infectious,12.534478,-3.2543697,-11.072464,-2.1626492
A378,I  Infectious,12.749106,-3.417424,-11.216567,-9.129632
A379,I  Infectious,12.387677,-3.0950375,-11.858481,-1.3905157
A3790,I  Infectious,12.432145,-3.2525883,-11.283117,-2.1094534
A38,I  Infectious,12.52043,-3.112911,-13.745608,-2.696286
A39,I  Infectious,12.235589,-3.1876094,-8.337035,-3.1877024
A390,I  Infectious,12.38818,-3.0726197,-10.499023,-2.7604494
A391,I  Infectious,12.217309,-3.1329443,-8.679415,-2.914881
A392,I  Infectious,12.14025,-3.1955264,-8.375459,-3.0674329
A393,I  Infectious,12.20147,-3.2216783,-8.223113,-3.234661
A394,I  Infectious,12.292776,-3.1979134,-9.196299,-3.4548855
A398,I  Infectious,12.188791,-3.185891,-8.253482,-3.312542
A399,I  Infectious,12.198742,-3.1639276,-8.566096,-3.0342972
A40,I  Infectious,13.322896,-3.414735,-19.338312,-10.143677
A400,I  Infectious,13.404526,-3.4416244,-19.88712,-10.814145
A401,I  Infectious,13.502776,-3.5219786,-20.058186,-10.770334
A402,I  Infectious,13.384592,-3.404954,-19.61078,-10.519105
A403,I  Infectious,13.372882,-3.4434383,-19.707708,-10.4468155
A408,I  Infectious,13.4124,-3.4581857,-19.636948,-10.4226
A409,I  Infectious,13.411481,-3.467019,-19.497242,-10.874248
A41,I  Infectious,13.486168,-3.4613125,-20.418259,-11.071655
A410,I  Infectious,13.582157,-3.5437663,-20.706198,-12.100428
A411,I  Infectious,13.55342,-3.5278184,-20.62819,-11.735921
A412,I  Infectious,13.55561,-3.5286267,-20.601574,-12.019848
A413,I  Infectious,13.546657,-3.5223596,-20.573332,-11.62563
A414,I  Infectious,13.552635,-3.525118,-20.343132,-11.824339
A415,I  Infectious,13.5664015,-3.5360148,-20.708881,-11.881981
A418,I  Infectious,13.495287,-3.4829617,-19.932808,-12.014894
A4189,I  Infectious,13.55953,-3.5364935,-20.456724,-11.933902
A419,I  Infectious,13.556056,-3.5292945,-20.745949,-12.035454
A42,I  Infectious,12.860457,-3.2946532,-12.4904785,-11.582785
A421,I  Infectious,12.925679,-3.247656,-12.53829,-11.431664
A428,I  Infectious,12.93448,-3.2073689,-12.5627985,-11.607514
A429,I  Infectious,12.904437,-3.3064222,-12.485711,-11.420253
A43,I  Infectious,9.054408,-1.5344279,-16.990808,8.905342
A439,I  Infectious,9.097549,-1.510794,-17.012724,8.902352
A46,I  Infectious,13.049608,-3.0147774,-12.62102,-15.774836
A480,I  Infectious,12.358785,-3.5396895,-8.0507555,-7.4608526
A481,I  Infectious,12.374767,-3.5725,-8.208274,-7.724162
A482,I  Infectious,12.232062,-3.5255063,-8.093026,-7.4519486
A483,I  Infectious,12.272383,-3.5332556,-8.171256,-7.4343963
A488,I  Infectious,12.267342,-3.5123923,-8.092668,-7.4082894
A490,I  Infectious,13.415178,-3.4607165,-19.33061,-11.879839
A491,I  Infectious,13.384363,-3.404336,-19.251518,-11.836502
A492,I  Infectious,13.351509,-3.4308522,-18.906693,-11.52687
A493,I  Infectious,13.489103,-3.4767656,-19.364456,-12.445357
A498,I  Infectious,13.469672,-3.4774132,-19.58899,-11.782221
A499,I  Infectious,13.430858,-3.448422,-19.104641,-11.983488
A50,I  Infectious,12.449516,-3.4910479,-6.556257,-8.40277
A500,I  Infectious,12.509967,-3.4552052,-6.6599946,-8.64241
A501,I  Infectious,12.474988,-3.501185,-6.7485433,-8.453954
A503,I  Infectious,12.400533,-3.4985006,-6.2287626,-8.086688
A505,I  Infectious,12.6394205,-3.3746536,-6.7556643,-8.67636
A513,I  Infectious,12.507768,-3.03217,-13.830973,-1.8295084
A5131,I  Infectious,12.676209,-3.189158,-11.782084,-6.195423
A5139,I  Infectious,12.741982,-3.150475,-11.755036,-6.2424216
A514,I  Infectious,12.722612,-3.131248,-11.738341,-6.2145386
A515,I  Infectious,12.740866,-3.1384363,-11.786614,-6.0023484
A520,I  Infectious,12.754633,-3.2859793,-6.564953,-9.969608
A521,I  Infectious,12.8581915,-3.030062,-15.875064,-5.0515323
A522,I  Infectious,12.778412,-3.253178,-15.598663,-5.5307865
A523,I  Infectious,12.8431225,-3.276045,-15.6005745,-5.51524
A527,I  Infectious,12.844683,-3.215616,-15.786434,-5.094598
A53,I  Infectious,11.848692,-3.3124099,-4.279951,-1.3285985
A530,I  Infectious,11.866042,-3.2269917,-10.7889185,0.08268249
A539,I  Infectious,11.886316,-3.215191,-11.04271,0.2632789
A54,I  Infectious,12.611924,-3.1371827,-14.5686,-3.3943458
A540,I  Infectious,12.703057,-3.2425122,-14.728136,-3.423042
A542,I  Infectious,12.694185,-3.2626317,-14.791302,-3.795886
A544,I  Infectious,12.668144,-3.1902163,-14.902072,-3.6890514
A548,I  Infectious,12.618547,-3.21145,-14.763642,-3.6413925
A549,I  Infectious,12.731741,-3.3453634,-10.269827,-8.870211
A55,I  Infectious,12.354207,-3.1279485,-11.386417,-1.7735165
A560,I  Infectious,11.878961,-3.4416342,-4.771901,-2.7091606
A561,I  Infectious,11.833557,-3.4034219,-4.8388352,-2.4722338
A562,I  Infectious,11.82108,-3.415778,-4.600124,-2.416506
A568,I  Infectious,11.833796,-3.4183295,-4.6106424,-2.818774
A58,I  Infectious,9.249641,-1.4940585,-18.35572,8.854673
A59,I  Infectious,12.254005,-3.1913097,-10.616359,-1.105866
A590,I  Infectious,12.339954,-3.2127438,-10.775873,-1.390635
A599,I  Infectious,12.190836,-3.2698743,-10.433126,-1.1487985
A60,I  Infectious,12.804246,-3.474326,-10.602564,-9.706773
A600,I  Infectious,12.747066,-3.3436685,-8.912913,-13.101754
A601,I  Infectious,12.879317,-3.4887571,-10.552246,-9.734984
A609,I  Infectious,12.744976,-3.454559,-10.631076,-9.702899
A630,I  Infectious,12.965205,-3.420365,-12.593569,-10.261384
A638,I  Infectious,12.908999,-3.419959,-12.788689,-9.772909
A64,I  Infectious,12.431566,-3.118551,-12.880963,-2.7130969
A65,I  Infectious,10.114249,-1.8244956,-22.240774,7.6232734
A66,I  Infectious,11.745042,-3.51347,-3.171993,-3.048743
A660,I  Infectious,11.742724,-3.4900854,-3.1653907,-3.1576004
A661,I  Infectious,11.7259445,-3.4992087,-3.0740051,-2.8807876
A663,I  Infectious,11.741899,-3.509952,-3.1648095,-3.1339004
A665,I  Infectious,11.714584,-3.5332873,-3.1287823,-3.0050652
A669,I  Infectious,11.706464,-3.5235784,-3.1568105,-3.1163044
A671,I  Infectious,9.103518,-1.5066901,-17.362339,8.855693
A691,I  Infectious,12.949564,-3.2583857,-13.609654,-11.411668
A692,I  Infectious,12.919368,-3.1258085,-12.917388,-13.237636
A698,I  Infectious,13.010062,-3.2083695,-13.59015,-11.543796
A699,I  Infectious,13.036682,-3.2539778,-14.64756,-11.7831135
A70,I  Infectious,10.103401,-1.8682367,-21.955868,7.844772
A71,I  Infectious,9.847299,-1.7120832,-21.402285,8.213535
A710,I  Infectious,9.859429,-1.7245734,-21.313713,8.270091
A711,I  Infectious,9.852657,-1.7174642,-21.40972,8.300912
A719,I  Infectious,9.846998,-1.72937,-21.272253,8.259472
A74,I  Infectious,12.154069,-3.0254977,-12.571768,-0.8034807
A740,I  Infectious,12.023637,-3.3352904,-6.387316,-3.960671
A748,I  Infectious,12.200393,-3.291782,-7.5116167,-3.976094
A749,I  Infectious,12.292376,-3.056339,-12.255865,-1.3903532
A75,I  Infectious,9.150131,-1.5202897,-17.519232,8.702779
A759,I  Infectious,9.125281,-1.4998279,-17.561522,8.728747
A77,I  Infectious,11.865898,-3.5775313,-2.8642063,-5.705089
A771,I  Infectious,11.8914795,-3.6386106,-2.837845,-5.7916684
A779,I  Infectious,11.901317,-3.6384904,-2.809204,-5.7405396
A78,I  Infectious,9.82923,-1.6998079,-21.240965,8.343321
A80,I  Infectious,12.072561,-3.640832,-3.8494756,-6.4679346
A800,I  Infectious,12.0621805,-3.6235275,-3.9555695,-6.3383
A801,I  Infectious,12.059937,-3.6348379,-3.9789267,-6.326149
A802,I  Infectious,11.959699,-3.655626,-3.612791,-6.034461
A803,I  Infectious,11.970099,-3.680438,-3.6338851,-6.0103664
A809,I  Infectious,12.090057,-3.6610534,-3.7320347,-6.422977
A810,I  Infectious,13.315517,-3.4459913,-19.038801,-10.789269
A812,I  Infectious,13.291249,-3.4340184,-18.817057,-10.915822
A819,I  Infectious,13.041886,-3.4361455,-18.48583,-10.819838
A82,I  Infectious,9.256143,-1.4675977,-18.771002,8.826091
A829,I  Infectious,9.276229,-1.4677869,-18.564493,8.853526
A830,I  Infectious,11.680838,-3.2092357,-33.616318,-5.4801216
A838,I  Infectious,11.636983,-3.1516793,-33.60407,-5.4733763
A839,I  Infectious,11.668906,-3.2003024,-33.653572,-5.4952073
A850,I  Infectious,9.874021,-1.7216476,-21.325296,8.2797985
A858,I  Infectious,9.882699,-1.7360595,-21.216927,8.3739
A86,I  Infectious,13.104027,-3.3056412,-16.487131,-8.4562645
A87,I  Infectious,12.729539,-3.4133253,-10.47083,-7.916241
A870,I  Infectious,12.742873,-3.4090197,-10.444038,-7.9189277
A872,I  Infectious,12.712325,-3.4083073,-10.687406,-7.7617707
A878,I  Infectious,12.682794,-3.4118643,-10.451979,-7.904252
A879,I  Infectious,12.702642,-3.2598581,-11.086034,-7.322687
A881,I  Infectious,11.928053,-2.9524317,-12.099854,0.5561657
A888,I  Infectious,11.964807,-3.0981598,-11.750372,0.37371713
A89,I  Infectious,8.364204,-1.5304604,-37.07585,-5.0811796
A90,I  Infectious,9.170166,-1.4725006,-17.991516,8.75069
A92,I  Infectious,11.793232,-3.5054915,-3.3268607,-3.7458587
A921,I  Infectious,11.825144,-3.5179741,-3.3283625,-3.7822096
A928,I  Infectious,11.794605,-3.518097,-3.0363057,-4.035726
A932,I  Infectious,8.488903,-1.487449,-37.025032,-5.0567627
A938,I  Infectious,8.408216,-1.5001092,-37.060764,-5.0413694
A94,I  Infectious,10.057239,-1.833081,-21.8951,7.8804717
A95,I  Infectious,11.733592,-3.266227,-33.40471,-5.449682
A950,I  Infectious,11.71634,-3.294054,-33.40655,-5.450396
A959,I  Infectious,11.745275,-3.2828941,-33.427944,-5.451017
A97,I  Infectious,11.806659,-3.4228694,-4.376517,-2.6119635
A971,I  Infectious,11.800666,-3.4135182,-4.3684487,-2.7200208
A979,I  Infectious,11.743928,-3.492102,-4.475162,-2.4951138
B00,I  Infectious,12.919195,-3.142769,-11.881664,-13.110888
B000,I  Infectious,12.778976,-3.1609993,-11.375917,-12.657584
B001,I  Infectious,12.98576,-3.0368395,-11.871302,-13.333986
B002,I  Infectious,13.087993,-2.996373,-12.1723995,-13.449146
B003,I  Infectious,12.909175,-3.1945076,-11.74351,-12.260836
B004,I  Infectious,12.904809,-3.1631844,-11.52447,-12.396913
B005,I  Infectious,12.971573,-3.0104303,-11.7817545,-13.996667
B008,I  Infectious,12.945738,-3.0908837,-11.620054,-12.967152
B009,I  Infectious,13.000973,-3.1080809,-12.142811,-13.160378
B01,I  Infectious,12.757279,-3.2339892,-14.146642,-5.0237455
B010,I  Infectious,12.773849,-3.3260984,-10.819536,-10.434025
B011,I  Infectious,12.794218,-3.4521928,-10.650573,-10.3652115
B012,I  Infectious,12.849476,-3.357857,-10.749393,-10.470773
B018,I  Infectious,12.80876,-3.356082,-10.6759615,-10.391221
B019,I  Infectious,12.873941,-3.310296,-10.856589,-10.8717985
B02,I  Infectious,13.062635,-2.9219165,-11.992931,-15.219157
B020,I  Infectious,13.08181,-2.9216123,-12.087934,-14.651029
B021,I  Infectious,13.027233,-2.8753984,-12.091769,-14.660948
B022,I  Infectious,13.032765,-2.8986123,-12.037951,-14.783024
B023,I  Infectious,13.042418,-2.9385939,-12.145712,-14.712857
B027,I  Infectious,13.08248,-2.8943899,-12.074472,-14.695125
B028,I  Infectious,13.097132,-2.854695,-11.97946,-14.711868
B029,I  Infectious,13.130876,-2.9598343,-12.688609,-14.615301
B05,I  Infectious,12.56995,-3.0849829,-13.16995,-3.4541643
B053,I  Infectious,12.520296,-3.1300595,-13.692332,-2.7557516
B059,I  Infectious,12.634262,-3.1648984,-13.152256,-3.6735468
B06,I  Infectious,12.590854,-3.4191859,-7.7894745,-9.340822
B069,I  Infectious,12.602082,-3.3708951,-7.7041516,-9.321764
B07,I  Infectious,13.245814,-3.0452769,-14.18791,-13.983519
B08,I  Infectious,12.894211,-3.1326613,-14.409368,-10.37805
B080,I  Infectious,12.858365,-3.1350267,-14.87672,-10.312665
B081,I  Infectious,12.895801,-3.0678926,-14.680996,-10.576167
B082,I  Infectious,12.923031,-3.1561337,-14.3019,-10.393644
B083,I  Infectious,12.8966875,-3.1896408,-14.291387,-10.370532
B084,I  Infectious,12.898009,-3.1341746,-14.3544445,-10.482711
B085,I  Infectious,12.961114,-3.112608,-14.406417,-10.410793
B088,I  Infectious,12.98938,-3.1424022,-14.385603,-10.473078
B09,I  Infectious,12.788431,-3.194361,-13.58351,-5.464419
B150,I  Infectious,12.654537,-3.37474,-10.893574,-7.343662
B159,I  Infectious,12.597986,-3.132464,-13.747322,-2.8071432
B16,I  Infectious,12.999541,-3.3150167,-13.312619,-9.50178
B161,I  Infectious,12.983865,-3.3498724,-13.254044,-9.492641
B169,I  Infectious,13.000157,-3.332148,-13.4272,-9.72654
B17,I  Infectious,13.105309,-3.3192182,-16.65573,-8.824877
B171,I  Infectious,13.085538,-3.3297846,-16.92127,-8.776745
B172,I  Infectious,13.12084,-3.3313158,-17.003292,-9.304338
B178,I  Infectious,13.112609,-3.429608,-16.74068,-9.434902
B179,I  Infectious,13.118611,-3.3135955,-16.823624,-8.77591
B180,I  Infectious,13.067019,-3.370164,-15.591149,-9.091771
B181,I  Infectious,13.033274,-3.3401706,-15.748529,-8.5911875
B182,I  Infectious,13.034409,-3.359773,-15.753879,-8.58894
B188,I  Infectious,12.94722,-3.4582052,-15.502215,-9.111169
B189,I  Infectious,12.981379,-3.428957,-15.432613,-8.924542
B19,I  Infectious,12.816112,-3.3544834,-12.71417,-7.8518105
B199,I  Infectious,12.657842,-3.2309039,-13.017238,-6.0550733
B201,I  Infectious,12.197108,-3.2189994,-8.536906,-3.7128203
B202,I  Infectious,12.296515,-3.1514764,-9.784717,-3.0245333
B203,I  Infectious,12.367767,-3.086342,-10.484015,-3.028374
B204,I  Infectious,12.178268,-3.2729375,-8.388869,-3.8516467
B206,I  Infectious,12.171849,-3.232179,-8.385437,-3.8719203
B207,I  Infectious,12.19344,-3.2101946,-8.745188,-3.9807746
B208,I  Infectious,12.236401,-3.168448,-8.720054,-3.7503724
B210,I  Infectious,11.858174,-3.072328,-11.804019,0.40641502
B212,I  Infectious,11.899308,-3.199155,-11.200209,0.29880652
B213,I  Infectious,11.81627,-3.3208184,-4.2805414,-1.3202515
B230,I  Infectious,12.259589,-3.2265637,-8.125973,-4.493107
B232,I  Infectious,12.199266,-3.2387419,-7.8255982,-4.1311965
B238,I  Infectious,12.239163,-3.1847272,-9.6371,-4.120874
B24,I  Infectious,12.852015,-3.3603,-12.568408,-9.370557
B25,I  Infectious,12.893776,-3.3070855,-13.456517,-8.601961
B250,I  Infectious,12.8593235,-3.345255,-13.252313,-8.491445
B251,I  Infectious,12.8718815,-3.322504,-14.460268,-7.883932
B258,I  Infectious,12.94865,-3.420099,-13.617827,-8.159704
B259,I  Infectious,12.927537,-3.2943416,-15.239195,-7.901977
B26,I  Infectious,12.499308,-3.0818288,-12.658929,-2.460367
B260,I  Infectious,12.463752,-3.0166495,-12.015163,-3.0830796
B261,I  Infectious,12.4588785,-3.0948951,-12.032975,-2.9937744
B262,I  Infectious,12.366923,-3.0428073,-12.314323,-2.5392284
B269,I  Infectious,12.537726,-3.0863733,-12.876079,-3.047171
B27,I  Infectious,12.62618,-3.1980026,-13.055346,-4.968534
B270,I  Infectious,12.776334,-3.3239522,-13.367428,-6.964115
B271,I  Infectious,12.655697,-3.4179833,-9.8716135,-7.7041144
B278,I  Infectious,12.695336,-3.444482,-9.903581,-8.009232
B279,I  Infectious,12.638309,-3.324437,-13.274159,-5.2176757
B30,I  Infectious,12.565333,-3.5860226,-7.0953603,-12.67537
B300,I  Infectious,12.596792,-3.6108654,-7.094988,-12.671976
B301,I  Infectious,12.658638,-3.6068437,-7.0763817,-12.554057
B303,I  Infectious,12.60176,-3.5728784,-7.074364,-12.533647
B308,I  Infectious,12.562847,-3.5996056,-7.0718904,-12.539379
B309,I  Infectious,12.559218,-3.5941615,-7.0894556,-12.656014
B330,I  Infectious,12.181145,-3.6477318,-4.288567,-8.397755
B332,I  Infectious,12.236455,-3.698966,-4.373826,-8.4041
B333,I  Infectious,12.150298,-3.701764,-4.3132644,-8.599203
B338,I  Infectious,12.167836,-3.6854017,-4.2526994,-8.456015
B34,I  Infectious,13.242667,-3.4065006,-17.834734,-13.690922
B340,I  Infectious,13.36157,-3.4506192,-18.386747,-13.301209
B341,I  Infectious,13.35273,-3.43887,-18.107103,-13.333194
B342,I  Infectious,13.332931,-3.4268653,-18.052135,-13.270115
B343,I  Infectious,13.284641,-3.4900172,-17.986313,-13.53564
B344,I  Infectious,13.353682,-3.4157302,-17.989164,-13.369468
B348,I  Infectious,13.383561,-3.455719,-18.659311,-13.261475
B349,I  Infectious,13.389884,-3.418409,-17.573301,-13.364461
B35,I  Infectious,13.11378,-3.0655532,-13.638528,-12.923168
B350,I  Infectious,13.201257,-3.1528084,-14.315404,-13.064543
B351,I  Infectious,13.349633,-3.0361145,-14.264943,-13.730134
B352,I  Infectious,13.227258,-3.127307,-14.316946,-13.15931
B353,I  Infectious,13.267946,-3.0864723,-14.339671,-13.541925
B354,I  Infectious,13.237074,-3.131428,-14.495681,-13.055899
B356,I  Infectious,13.24994,-3.0938323,-14.281874,-13.498163
B358,I  Infectious,13.244702,-3.1449742,-14.29267,-13.253497
B359,I  Infectious,13.263837,-3.103888,-14.191999,-13.530148
B36,I  Infectious,13.210983,-3.1655917,-18.70536,-7.0000596
B360,I  Infectious,13.182858,-2.999314,-13.646432,-14.063259
B368,I  Infectious,13.174696,-3.180501,-13.232399,-14.547558
B369,I  Infectious,13.10776,-3.0341954,-13.035338,-15.010455
B37,I  Infectious,13.18108,-3.087378,-16.167189,-14.563766
B370,I  Infectious,13.414233,-3.2087777,-16.170506,-12.910107
B371,I  Infectious,13.216749,-3.1198094,-16.2555,-14.467071
B372,I  Infectious,13.278362,-3.0871592,-14.592491,-13.747208
B373,I  Infectious,12.934943,-3.0768116,-9.158891,-13.330503
B374,I  Infectious,13.151259,-3.05099,-15.898701,-15.183588
B375,I  Infectious,13.253635,-3.1092508,-16.256254,-14.429623
B376,I  Infectious,13.297891,-3.1072628,-16.159948,-14.56404
B377,I  Infectious,13.290841,-3.1579,-16.342281,-14.038287
B378,I  Infectious,13.332936,-3.187004,-16.3874,-12.466946
B3783,I  Infectious,13.205983,-3.1113374,-16.24726,-14.083801
B379,I  Infectious,13.216972,-3.0852795,-16.279152,-14.1665745
B389,I  Infectious,9.952703,-1.8009437,-21.730268,8.03652
B39,I  Infectious,12.277223,-3.4196124,-8.401613,-7.0238833
B399,I  Infectious,12.3043995,-3.1907375,-10.720093,-0.998564
B42,I  Infectious,11.744429,-3.5653965,-1.9652784,-4.478043
B429,I  Infectious,11.7301445,-3.5886822,-1.8747914,-4.5149255
B432,I  Infectious,9.153157,-1.5158061,-17.801802,8.572054
B44,I  Infectious,12.682821,-3.3952823,-14.474881,-6.4706087
B440,I  Infectious,12.857956,-3.429061,-14.533998,-6.7405744
B441,I  Infectious,12.686762,-3.2457821,-14.334815,-6.2063813
B448,I  Infectious,12.856658,-3.3663547,-14.5521,-6.663865
B449,I  Infectious,12.782951,-3.4789515,-14.523501,-6.4492664
B450,I  Infectious,11.989304,-3.4611845,-5.6015415,-4.1535444
B451,I  Infectious,11.927306,-3.5740178,-4.305927,-4.7085047
B46,I  Infectious,9.096834,-1.5074445,-17.331364,8.626388
B469,I  Infectious,9.09131,-1.5123211,-17.337574,8.66777
B471,I  Infectious,12.44031,-3.41918,-9.081351,-6.779026
B479,I  Infectious,12.541074,-3.3540576,-9.798254,-5.7626843
B48,I  Infectious,11.815281,-3.4100847,-3.8193946,-2.8301854
B480,I  Infectious,11.751102,-3.48489,-3.7562425,-2.99239
B483,I  Infectious,11.828476,-3.3970437,-3.9469366,-3.010758
B487,I  Infectious,11.770037,-3.4339724,-3.7587595,-2.9178107
B488,I  Infectious,11.711089,-3.4547849,-3.766816,-2.961138
B49,I  Infectious,12.930343,-3.2534626,-13.427563,-8.008163
B508,I  Infectious,11.891757,-3.4894323,-4.3186703,-4.518212
B509,I  Infectious,11.891175,-3.4175084,-4.7155986,-4.255684
B510,I  Infectious,11.800437,-3.490259,-3.5506353,-3.7202444
B518,I  Infectious,11.7959175,-3.4937515,-3.4669576,-3.8874037
B519,I  Infectious,11.728324,-3.4769719,-3.4524138,-3.8418987
B538,I  Infectious,10.133708,-1.8711928,-22.241007,7.441881
B54,I  Infectious,12.573042,-3.1269922,-13.360205,-4.04132
B551,I  Infectious,10.249396,-1.9739147,-22.120323,6.7657967
B56,I  Infectious,9.044803,-1.53765,-17.116604,9.059018
B569,I  Infectious,9.127312,-1.5628741,-17.147278,9.057141
B58,I  Infectious,11.926853,-3.4133186,-5.785566,-3.2863953
B580,I  Infectious,11.998357,-3.3449028,-5.7787714,-3.3425376
B582,I  Infectious,12.002631,-3.3271446,-6.1055107,-3.2810338
B588,I  Infectious,11.894446,-3.3552105,-6.036424,-3.0470965
B589,I  Infectious,11.937475,-3.3425314,-6.2623396,-3.1349692
B59,I  Infectious,13.020188,-3.0846603,-10.650102,-14.508596
B601,I  Infectious,12.17932,-3.62046,-5.571933,-7.66168
B65,I  Infectious,12.888981,-3.2903972,-13.199454,-8.629587
B650,I  Infectious,12.882864,-3.38857,-12.803173,-8.881848
B651,I  Infectious,12.900994,-3.3179007,-13.107449,-8.400624
B652,I  Infectious,12.897492,-3.3110952,-13.199727,-9.015618
B658,I  Infectious,12.87293,-3.346646,-12.94596,-8.768674
B659,I  Infectious,12.933937,-3.2625608,-13.198693,-8.490479
B66,I  Infectious,10.119104,-1.8746587,-22.21717,7.713681
B660,I  Infectious,10.109921,-1.8626409,-22.216095,7.781598
B663,I  Infectious,10.111491,-1.8536607,-22.232296,7.7889824
B669,I  Infectious,10.122283,-1.8520747,-22.22228,7.8011727
B67,I  Infectious,12.768516,-3.4147105,-11.358957,-9.134743
B673,I  Infectious,12.763666,-3.4464242,-11.3570175,-9.119573
B675,I  Infectious,12.742236,-3.4699113,-11.373953,-9.119828
B676,I  Infectious,12.798223,-3.4065745,-11.381978,-9.121509
B678,I  Infectious,12.81731,-3.3045857,-16.617712,-6.8990726
B679,I  Infectious,12.791621,-3.4171662,-11.362167,-9.123632
B71,I  Infectious,9.181659,-1.5115304,-17.78507,8.851283
B710,I  Infectious,9.142735,-1.4929385,-17.633286,8.933361
B719,I  Infectious,9.123907,-1.4678291,-17.627935,8.972902
B73,I  Infectious,9.842478,-1.718915,-21.066439,8.316479
B749,I  Infectious,9.254044,-1.4531091,-18.886503,8.719152
B76,I  Infectious,12.350336,-3.112723,-10.892919,-1.3824385
B760,I  Infectious,12.373864,-3.264936,-10.388234,-1.4881684
B769,I  Infectious,12.244264,-3.4810107,-9.942268,-1.5694863
B77,I  Infectious,11.825655,-3.4497166,-4.8561673,-2.9862146
B770,I  Infectious,11.827158,-3.4164143,-4.8064327,-2.9699364
B778,I  Infectious,11.781474,-3.4529245,-4.8175235,-2.9751556
B779,I  Infectious,11.780563,-3.4258435,-5.0297728,-2.9485013
B781,I  Infectious,12.2590065,-3.0633712,-12.938731,-0.9816867
B79,I  Infectious,12.143394,-3.5299537,-5.4627786,-5.5110064
B80,I  Infectious,13.19219,-3.1253657,-14.738809,-12.170201
B811,I  Infectious,9.168418,-1.4886098,-17.992228,8.896859
B814,I  Infectious,9.18094,-1.5079802,-17.990953,8.8765545
B820,I  Infectious,12.560517,-3.1902637,-11.453866,-4.8755045
B829,I  Infectious,12.5876,-3.1162255,-11.438547,-4.933944
B83,I  Infectious,12.16786,-3.6069946,-5.2694497,-7.142389
B830,I  Infectious,12.167141,-3.5955667,-5.579647,-6.8903394
B839,I  Infectious,12.178866,-3.5990577,-5.3482757,-7.2474756
B850,I  Infectious,12.14369,-3.607434,-5.212094,-7.264101
B851,I  Infectious,12.114095,-3.6181724,-4.7823515,-6.61993
B852,I  Infectious,12.212971,-3.6604545,-4.786713,-6.6744604
B853,I  Infectious,12.154985,-3.672478,-4.893687,-6.8807845
B854,I  Infectious,12.161824,-3.6357894,-4.8570614,-6.9888897
B86,I  Infectious,13.308187,-3.1601496,-14.129686,-12.837345
B871,I  Infectious,12.187035,-3.207603,-9.044595,-2.8256612
B880,I  Infectious,12.668835,-3.086043,-14.983066,-3.869567
B889,I  Infectious,12.89284,-3.236693,-12.208868,-9.433128
B89,I  Infectious,12.425861,-3.55284,-8.399242,-7.9076614
B900,I  Infectious,12.13336,-3.6557922,-4.621198,-7.2609353
B902,I  Infectious,12.112954,-3.6629083,-4.461258,-7.4095516
B908,I  Infectious,12.126871,-3.6394875,-4.591345,-7.3940125
B909,I  Infectious,12.130021,-3.6428506,-4.992505,-7.5603228
B91,I  Infectious,13.068083,-3.2545607,-13.7152405,-11.8126955
B941,I  Infectious,12.624237,-3.16204,-11.40248,-5.6032586
B942,I  Infectious,12.742144,-3.265393,-11.000103,-6.675796
B948,I  Infectious,12.534246,-3.1195161,-12.557861,-3.9301875
B949,I  Infectious,12.482292,-3.1119578,-12.396679,-3.6691227
B950,I  Infectious,13.63776,-3.5824776,-22.616917,-12.986873
B951,I  Infectious,13.641027,-3.5850768,-22.759787,-13.062845
B952,I  Infectious,13.597657,-3.553662,-21.883924,-12.496469
B953,I  Infectious,13.6735115,-3.613238,-22.527773,-12.964104
B954,I  Infectious,13.632544,-3.5800633,-22.52553,-12.990775
B955,I  Infectious,13.609547,-3.5684173,-22.316479,-12.8902645
B956,I  Infectious,13.633884,-3.5786624,-22.710386,-13.044358
B957,I  Infectious,13.648148,-3.5960147,-22.544912,-12.957358
B958,I  Infectious,13.664576,-3.5834634,-22.798447,-13.0753
B960,I  Infectious,13.540568,-3.5263352,-20.131315,-12.585287
B961,I  Infectious,13.55442,-3.5268264,-20.642225,-12.321361
B962,I  Infectious,13.578547,-3.5446823,-21.228235,-12.461961
B963,I  Infectious,13.497655,-3.4884927,-19.47227,-12.601853
B964,I  Infectious,13.544674,-3.5157502,-20.261503,-12.435808
B965,I  Infectious,13.565335,-3.429958,-20.083296,-12.652638
B966,I  Infectious,13.514206,-3.4783752,-20.195261,-12.432229
B967,I  Infectious,13.575797,-3.5257843,-20.191425,-12.461131
B968,I  Infectious,13.377164,-3.422004,-18.09264,-12.212411
B970,I  Infectious,13.379501,-3.5110364,-19.092054,-13.614136
B971,I  Infectious,13.394663,-3.5394788,-19.17825,-13.632638
B9711,I  Infectious,13.359261,-3.5317738,-19.06592,-13.814826
B972,I  Infectious,13.450218,-3.4096625,-20.783968,-14.014422
B973,I  Infectious,13.402406,-3.5477366,-19.234055,-13.527356
B974,I  Infectious,13.429069,-3.5612285,-18.93547,-13.561609
B976,I  Infectious,13.39086,-3.5322957,-19.158417,-13.645754
B977,I  Infectious,13.338344,-3.5754316,-19.365614,-14.983683
B978,I  Infectious,13.403655,-3.5064795,-18.844679,-13.478166
B980,I  Infectious,11.626515,7.556874,39.982548,-36.806652
B99,I  Infectious,20.067846,6.56658,-5.8405714,-19.132439
B999,I  Infectious,19.996998,6.4494805,-5.8017077,-19.130241
C00,II Neoplasms,6.1999836,1.1997592,18.48755,-81.30897
C000,II Neoplasms,6.205935,1.2030686,18.25751,-81.039375
C001,II Neoplasms,6.1848655,1.1850778,18.506504,-81.11702
C002,II Neoplasms,6.219168,1.2037791,18.545721,-81.09775
C003,II Neoplasms,6.246034,1.2371076,18.765343,-81.097404
C004,II Neoplasms,6.208612,1.2113218,19.021315,-81.150185
C009,II Neoplasms,6.2166595,1.2013528,17.821949,-80.634315
C01,II Neoplasms,6.2553763,1.2334143,19.18079,-81.31709
C02,II Neoplasms,6.2570457,1.2279423,19.909178,-81.13141
C020,II Neoplasms,6.2214236,1.2365333,20.233522,-81.201904
C021,II Neoplasms,6.2181005,1.2231624,19.329453,-81.18891
C022,II Neoplasms,6.261671,1.2156515,20.041134,-81.21334
C023,II Neoplasms,6.27256,1.2222706,19.72854,-81.0158
C024,II Neoplasms,6.276897,1.2146026,19.999615,-81.05542
C028,II Neoplasms,6.2346773,1.1968817,19.967136,-81.2684
C029,II Neoplasms,6.2484727,1.212312,19.946997,-81.38197
C03,II Neoplasms,6.333367,1.2218255,19.918999,-79.40963
C030,II Neoplasms,6.3431416,1.2457092,19.51919,-79.479355
C031,II Neoplasms,6.3476224,1.2462747,19.571663,-79.42876
C039,II Neoplasms,6.332408,1.2375314,19.647282,-79.466644
C04,II Neoplasms,6.3469296,1.2602353,19.38071,-78.90857
C040,II Neoplasms,6.3535233,1.2402221,19.5528,-79.1815
C041,II Neoplasms,6.3595424,1.2570914,19.355011,-78.84261
C048,II Neoplasms,6.3616505,1.2388356,19.83083,-78.81958
C049,II Neoplasms,6.3391967,1.2418419,19.509655,-79.1301
C05,II Neoplasms,6.4146233,1.1874799,21.09748,-78.56591
C050,II Neoplasms,6.4345503,1.1412977,21.096334,-78.79962
C051,II Neoplasms,6.4179792,1.1758529,21.129593,-78.57952
C058,II Neoplasms,6.4059806,1.1825064,21.036396,-78.633224
C059,II Neoplasms,6.423628,1.1804315,21.10708,-78.59803
C06,II Neoplasms,6.171321,1.1701121,19.414558,-81.74417
C060,II Neoplasms,6.165732,1.1631933,19.07859,-81.910545
C061,II Neoplasms,6.162834,1.1542193,19.228745,-81.862976
C062,II Neoplasms,6.1924925,1.183104,19.558073,-81.7854
C068,II Neoplasms,6.1830683,1.17385,19.488626,-81.774506
C069,II Neoplasms,6.207524,1.1796898,19.318197,-81.91637
C07,II Neoplasms,6.1905565,1.1626593,19.147614,-81.029564
C08,II Neoplasms,6.169096,1.1773452,18.951036,-81.83219
C080,II Neoplasms,6.0933156,1.1010555,18.74605,-81.887184
C089,II Neoplasms,6.1450334,1.1565672,18.573599,-81.60097
C09,II Neoplasms,6.26758,1.1912398,21.201763,-80.930695
C090,II Neoplasms,6.2752867,1.1940669,21.085234,-80.897064
C091,II Neoplasms,6.281294,1.2085726,20.911625,-81.03308
C098,II Neoplasms,6.267244,1.1992147,20.978655,-81.001686
C099,II Neoplasms,6.3487663,1.2595057,21.102757,-81.09881
C100,II Neoplasms,6.3550234,1.2542298,21.096626,-79.628365
C102,II Neoplasms,6.386103,1.274203,21.275682,-79.49487
C103,II Neoplasms,6.3703494,1.2750582,20.739565,-79.824104
C108,II Neoplasms,6.384435,1.2764179,21.18919,-79.71252
C109,II Neoplasms,6.3322134,1.260663,21.405703,-79.77063
C11,II Neoplasms,6.3503914,1.2229701,20.168581,-78.6628
C110,II Neoplasms,6.378022,1.2206057,19.989809,-78.51452
C111,II Neoplasms,6.359263,1.196652,19.924929,-78.46128
C112,II Neoplasms,6.3345156,1.2390977,19.170168,-78.41519
C118,II Neoplasms,6.3444304,1.2381878,19.546398,-78.34417
C119,II Neoplasms,6.33786,1.2323517,19.399971,-78.24423
C12,II Neoplasms,6.4492745,1.1518017,22.434942,-78.669075
C13,II Neoplasms,6.3682747,1.225091,20.374815,-78.981224
C130,II Neoplasms,6.332382,1.2027365,20.25909,-79.56966
C132,II Neoplasms,6.3232923,1.1874006,20.411432,-79.00993
C139,II Neoplasms,6.342516,1.2240349,20.44991,-79.306755
C140,II Neoplasms,6.3016577,1.2405183,18.575613,-79.95345
C148,II Neoplasms,5.1097846,4.349496,33.886024,-68.6683
C15,II Neoplasms,5.5475707,4.1777124,38.526875,-74.03773
C150,II Neoplasms,5.5299,4.1927767,38.66597,-74.12292
C151,II Neoplasms,5.5609503,4.1906424,38.46664,-74.14705
C152,II Neoplasms,5.5810604,4.198249,38.63009,-74.04649
C153,II Neoplasms,5.524493,4.175175,38.676643,-74.03146
C154,II Neoplasms,5.5763106,4.226989,38.360764,-74.29882
C155,II Neoplasms,5.5091743,4.212035,38.607113,-74.38972
C158,II Neoplasms,5.469032,4.2350225,38.87373,-74.22041
C159,II Neoplasms,5.532096,4.1940856,38.48153,-74.181305
C16,II Neoplasms,5.5812283,4.1629844,36.561665,-74.844795
C160,II Neoplasms,5.587902,4.183886,37.33082,-74.40999
C161,II Neoplasms,5.6273713,4.1523232,37.006783,-74.35225
C162,II Neoplasms,5.56712,4.1441827,36.713375,-74.446945
C163,II Neoplasms,5.6440415,4.1101565,36.938732,-74.40019
C164,II Neoplasms,5.595163,4.124498,36.6651,-74.35748
C165,II Neoplasms,5.5095763,4.1552677,36.429592,-74.54445
C166,II Neoplasms,5.5802956,4.154011,36.65082,-74.23614
C168,II Neoplasms,5.5838737,4.1273036,36.764717,-74.449745
C169,II Neoplasms,5.6122584,4.142586,36.83669,-74.5518
C17,II Neoplasms,5.7598376,4.3820767,38.780262,-72.04718
C170,II Neoplasms,5.714647,4.3526926,38.905735,-72.36932
C171,II Neoplasms,5.8603354,4.4026423,40.09621,-66.78482
C172,II Neoplasms,5.764869,4.3901634,39.917816,-67.10179
C173,II Neoplasms,5.719687,4.379491,38.73991,-71.90648
C178,II Neoplasms,5.724479,4.371174,38.68365,-71.893715
C179,II Neoplasms,5.7517066,4.3623533,38.80468,-72.168144
C18,II Neoplasms,5.4340043,4.921089,48.333054,-72.5943
C180,II Neoplasms,5.378607,4.902948,47.640583,-72.51366
C181,II Neoplasms,5.3196125,4.885231,47.277744,-72.59946
C182,II Neoplasms,5.3784633,4.9021525,47.66302,-72.573395
C183,II Neoplasms,5.3687296,4.886884,47.37106,-72.57475
C184,II Neoplasms,5.3675976,4.918074,47.45502,-72.69675
C185,II Neoplasms,5.3708463,4.9048533,47.462334,-72.59072
C186,II Neoplasms,5.3900957,4.906968,47.619717,-72.49309
C187,II Neoplasms,5.423867,4.966695,47.55826,-72.309875
C188,II Neoplasms,5.3677516,4.953251,47.45199,-72.5019
C189,II Neoplasms,5.3872876,4.917376,47.791527,-72.5127
C19,II Neoplasms,5.3725195,4.829757,47.512207,-72.19009
C20,II Neoplasms,5.359992,4.8085933,47.383774,-72.03712
C210,II Neoplasms,5.312536,4.5991807,45.12937,-71.586006
C211,II Neoplasms,5.249824,4.724828,44.996742,-71.39287
C218,II Neoplasms,5.276222,4.722861,45.029865,-71.28593
C22,II Neoplasms,5.5666246,4.5831,40.556225,-72.0162
C220,II Neoplasms,5.5495443,4.480153,40.19636,-72.29799
C221,II Neoplasms,5.488864,4.54166,40.69007,-72.4908
C223,II Neoplasms,5.5116177,4.535943,40.54449,-72.160286
C224,II Neoplasms,5.53791,4.519618,40.66748,-72.21251
C227,II Neoplasms,5.535049,4.5030293,40.385704,-72.036835
C229,II Neoplasms,5.546949,4.535377,40.461216,-71.943474
C23,II Neoplasms,5.5555987,4.4379177,40.05029,-72.848366
C24,II Neoplasms,5.3918858,4.5514827,41.36901,-73.00897
C240,II Neoplasms,5.428932,4.524663,41.208447,-73.36441
C241,II Neoplasms,5.4062905,4.492698,41.022743,-73.60156
C248,II Neoplasms,5.4720254,4.607424,41.357597,-72.87403
C249,II Neoplasms,5.6231046,4.52772,40.743694,-73.13979
C25,II Neoplasms,5.3420124,4.707757,45.293518,-74.19382
C250,II Neoplasms,5.3692584,4.720703,45.20367,-74.060875
C251,II Neoplasms,5.284498,4.7857275,45.628757,-74.007034
C252,II Neoplasms,5.323629,4.7608585,45.60209,-73.996025
C253,II Neoplasms,5.312782,4.7637105,45.450542,-73.98832
C254,II Neoplasms,5.2992554,4.7440825,45.394577,-74.02055
C257,II Neoplasms,5.280381,4.788508,45.44392,-73.95889
C258,II Neoplasms,5.2787375,4.7529893,45.425346,-73.93611
C259,II Neoplasms,5.3454685,4.778906,45.38315,-74.0336
C26,II Neoplasms,5.825012,4.4963717,39.599686,-65.59874
C260,II Neoplasms,5.8870306,4.473821,39.625546,-65.44905
C261,II Neoplasms,5.8731847,4.481656,39.457153,-65.7015
C268,II Neoplasms,5.8420863,4.5390487,39.619873,-65.78403
C269,II Neoplasms,5.8266463,4.511781,40.061054,-65.756836
C30,II Neoplasms,4.9610415,4.130095,32.082478,-71.01134
C300,II Neoplasms,4.8862996,4.0762353,31.977043,-71.2312
C301,II Neoplasms,4.864502,4.079944,32.04373,-71.00326
C31,II Neoplasms,4.8140507,4.030781,31.134403,-70.80283
C310,II Neoplasms,4.792571,4.015023,31.07422,-70.78995
C311,II Neoplasms,4.808289,4.0365148,31.16728,-70.86456
C312,II Neoplasms,4.8425994,4.071072,31.157223,-70.897514
C313,II Neoplasms,4.8144274,4.031252,31.10956,-70.83644
C319,II Neoplasms,4.8111525,4.0302057,31.111494,-70.9222
C32,II Neoplasms,5.272862,4.089957,35.114693,-73.22943
C320,II Neoplasms,5.325267,4.091,35.221355,-73.283264
C321,II Neoplasms,5.36979,4.099156,35.6555,-73.84008
C322,II Neoplasms,5.276893,4.106,35.32608,-73.17154
C323,II Neoplasms,5.320024,4.0917635,35.314754,-73.04822
C329,II Neoplasms,5.259119,4.0891685,35.04855,-73.359856
C33,II Neoplasms,5.596589,4.170459,38.27522,-75.19211
C34,II Neoplasms,5.7572637,4.1489987,38.10079,-67.50705
C340,II Neoplasms,5.722485,4.1191382,37.844154,-67.79261
C341,II Neoplasms,5.70498,4.116322,37.805634,-67.806076
C342,II Neoplasms,5.7287025,4.1631804,37.70699,-67.670296
C343,II Neoplasms,5.710907,4.1065974,37.806065,-67.76919
C348,II Neoplasms,5.6818733,4.0792575,37.82208,-67.74513
C349,II Neoplasms,5.798549,4.0919533,37.89938,-67.79495
C3490,II Neoplasms,5.738431,4.1007137,37.838078,-67.776375
C37,II Neoplasms,4.8037357,4.0320134,30.957325,-70.75107
C380,II Neoplasms,4.846038,4.0663414,32.780632,-70.56455
C381,II Neoplasms,4.8867836,4.080417,32.655006,-70.409164
C382,II Neoplasms,4.854691,4.126303,32.730396,-70.90569
C383,II Neoplasms,4.827175,4.0567865,32.226826,-70.248276
C384,II Neoplasms,4.863051,4.070363,32.6813,-71.27633
C388,II Neoplasms,4.862894,4.1033173,32.745888,-70.598236
C390,II Neoplasms,6.777724,-1.9421743,-33.797363,3.1414726
C40,II Neoplasms,4.5750213,4.046307,31.838488,-68.1408
C400,II Neoplasms,4.586169,4.0444856,31.803488,-68.16206
C401,II Neoplasms,4.55498,4.0370393,31.828226,-68.14019
C402,II Neoplasms,4.5669866,4.0446367,31.934265,-68.02454
C4020,II Neoplasms,4.551637,4.0431657,31.82227,-68.0947
C403,II Neoplasms,4.602229,4.054292,31.899937,-68.21137
C409,II Neoplasms,4.5740323,4.0469756,31.845118,-68.16864
C410,II Neoplasms,5.138345,4.563718,43.30157,-67.035706
C411,II Neoplasms,5.1973963,4.4771175,43.277973,-67.057976
C412,II Neoplasms,5.164477,4.570573,43.283062,-67.1302
C413,II Neoplasms,5.150676,4.502882,43.273575,-67.10623
C414,II Neoplasms,5.1471977,4.556326,43.27803,-67.16125
C419,II Neoplasms,5.1921444,4.5799284,43.313663,-67.00259
C43,II Neoplasms,5.9575753,4.7668543,38.251705,-63.68873
C430,II Neoplasms,5.9561186,4.7998443,37.79322,-63.773174
C431,II Neoplasms,5.891614,4.710583,37.40932,-64.15299
C432,II Neoplasms,5.942597,4.7854676,37.56815,-63.93879
C433,II Neoplasms,6.015293,4.852548,37.00697,-63.31942
C4330,II Neoplasms,5.9315615,4.7722116,37.78979,-63.76028
C4331,II Neoplasms,5.956686,4.7709484,37.77786,-63.754818
C4339,II Neoplasms,5.939949,4.7712636,37.77063,-63.74989
C434,II Neoplasms,5.931531,4.7511573,37.51396,-63.800835
C435,II Neoplasms,6.003252,4.850712,37.399853,-63.378216
C436,II Neoplasms,6.006491,4.843653,37.375793,-63.19464
C4360,II Neoplasms,5.9473124,4.7865744,37.778202,-63.749195
C437,II Neoplasms,5.997264,4.79483,37.448315,-63.091755
C4370,II Neoplasms,5.985289,4.769039,37.810364,-63.759224
C438,II Neoplasms,5.9201612,4.787081,37.793346,-63.777447
C439,II Neoplasms,6.00436,4.740599,38.33564,-63.726955
C44,II Neoplasms,6.168848,5.0700755,34.86859,-61.663704
C440,II Neoplasms,6.1569815,5.048413,35.45,-61.825348
C441,II Neoplasms,6.118018,5.013348,35.727997,-61.94454
C442,II Neoplasms,6.1442723,5.038602,35.286137,-61.625893
C443,II Neoplasms,6.1524343,5.0453076,35.38213,-61.651035
C444,II Neoplasms,6.1622243,5.0572023,35.344246,-61.712833
C445,II Neoplasms,6.163067,5.0694027,35.38376,-61.704327
C446,II Neoplasms,6.167806,5.0702987,35.312023,-61.695423
C447,II Neoplasms,6.1731076,5.07195,35.442654,-61.80695
C448,II Neoplasms,6.11959,4.992417,35.461575,-61.96366
C449,II Neoplasms,6.1608987,4.9909644,35.1767,-61.830353
C450,II Neoplasms,5.3948135,4.1863303,36.374184,-76.091324
C451,II Neoplasms,5.337839,4.2899756,36.399963,-76.10414
C457,II Neoplasms,5.4351425,4.1401315,36.465584,-76.04482
C459,II Neoplasms,5.4618673,4.125305,36.513023,-76.14517
C460,II Neoplasms,6.702899,-1.9597021,-33.85812,3.1076047
C471,II Neoplasms,4.771492,4.0048056,30.86472,-70.05383
C472,II Neoplasms,4.7676215,4.0097995,30.906519,-70.0568
C473,II Neoplasms,4.751042,3.9840765,31.0402,-70.15635
C474,II Neoplasms,4.768416,4.000128,30.99458,-69.90144
C475,II Neoplasms,4.765828,4.0045485,30.915508,-70.05504
C479,II Neoplasms,4.7628274,4.004077,31.012873,-70.03352
C480,II Neoplasms,5.2574673,4.525537,43.34339,-72.86358
C481,II Neoplasms,5.2974906,4.6619296,43.121624,-72.72702
C482,II Neoplasms,5.2758803,4.6168346,43.475746,-72.52904
C488,II Neoplasms,5.1806197,4.6540837,43.21056,-72.14874
C49,II Neoplasms,5.1042438,4.2607746,35.84676,-70.196785
C490,II Neoplasms,5.0486913,4.244624,35.492542,-70.28076
C491,II Neoplasms,5.103423,4.2397017,35.90766,-69.55126
C492,II Neoplasms,5.0823402,4.253818,35.836277,-70.2477
C4920,II Neoplasms,5.039815,4.3472652,36.24539,-70.07023
C493,II Neoplasms,4.9886746,4.2859507,35.291706,-70.22891
C494,II Neoplasms,5.0157347,4.346291,35.771305,-70.00806
C495,II Neoplasms,5.066468,4.239354,35.744015,-70.746155
C496,II Neoplasms,5.045276,4.2640667,35.93264,-70.19236
C498,II Neoplasms,5.0468473,4.3024826,35.93868,-70.18587
C499,II Neoplasms,5.0722895,4.35556,36.23606,-70.143166
C50,II Neoplasms,6.1182127,4.6333356,39.622295,-61.065624
C500,II Neoplasms,6.0698533,4.6522284,39.292374,-61.3957
C5001,II Neoplasms,6.012351,4.6746373,38.677097,-62.216373
C501,II Neoplasms,5.9781117,4.699861,38.68065,-62.29019
C502,II Neoplasms,6.0239778,4.6279473,38.54167,-62.15564
C503,II Neoplasms,6.0596867,4.665208,38.760063,-61.656696
C504,II Neoplasms,6.022929,4.6917896,38.578384,-61.837906
C5041,II Neoplasms,6.022927,4.684664,38.673367,-62.21707
C505,II Neoplasms,6.0176315,4.6737823,38.57666,-62.260643
C5051,II Neoplasms,6.0095854,4.6860433,38.676476,-62.226448
C506,II Neoplasms,6.016403,4.6551676,38.58296,-62.398415
C508,II Neoplasms,6.02883,4.6951804,38.615685,-61.907566
C509,II Neoplasms,5.9916663,4.712372,38.64689,-61.540646
C5091,II Neoplasms,5.929675,4.4974566,36.59144,-66.391754
C51,II Neoplasms,5.09995,4.6154575,43.421043,-69.121704
C510,II Neoplasms,5.0597153,4.576471,43.229637,-69.11372
C511,II Neoplasms,5.11061,4.5935698,43.284878,-69.31943
C512,II Neoplasms,5.109405,4.683943,43.3474,-69.22475
C518,II Neoplasms,5.112709,4.5990906,43.366776,-69.42101
C519,II Neoplasms,5.164127,4.6836414,43.56866,-69.58018
C52,II Neoplasms,5.1437335,4.4739757,41.62953,-68.62347
C53,II Neoplasms,5.1621437,4.701533,43.604977,-70.86574
C530,II Neoplasms,5.187243,4.75419,43.54736,-71.63623
C531,II Neoplasms,5.2036715,4.7093983,43.63034,-70.64596
C538,II Neoplasms,5.164456,4.6598554,44.042965,-71.39383
C539,II Neoplasms,5.204668,4.7550797,44.227253,-71.24795
C540,II Neoplasms,5.2481594,4.8287916,44.522533,-69.821625
C541,II Neoplasms,5.253712,4.795245,44.786373,-69.813545
C542,II Neoplasms,5.2339334,4.780794,44.52667,-69.82125
C543,II Neoplasms,5.2626257,4.824233,44.602535,-69.880516
C549,II Neoplasms,5.1611876,4.822438,44.584038,-69.79996
C55,II Neoplasms,5.2366395,4.732997,44.608345,-70.02253
C56,II Neoplasms,5.2485847,4.73613,44.231983,-72.015625
C569,II Neoplasms,5.172209,4.759806,43.832428,-71.75787
C570,II Neoplasms,5.1326313,4.812414,43.730217,-71.02789
C571,II Neoplasms,5.1174297,4.7487674,43.47395,-70.87487
C574,II Neoplasms,5.1470547,4.8043113,43.53598,-70.77328
C577,II Neoplasms,5.10791,4.715999,43.4524,-70.89956
C578,II Neoplasms,5.117378,4.795537,43.476967,-70.99323
C579,II Neoplasms,5.1510706,4.7574615,43.468945,-71.24567
C58,II Neoplasms,6.721173,-1.9172218,-33.903786,3.0217185
C60,II Neoplasms,5.0685987,4.3384323,33.844193,-72.06302
C600,II Neoplasms,5.0690985,4.334933,33.84086,-72.1207
C601,II Neoplasms,5.0851645,4.334806,33.890846,-72.17274
C602,II Neoplasms,5.06633,4.249663,33.885612,-72.0593
C609,II Neoplasms,5.058503,4.333104,33.86498,-72.12003
C61,II Neoplasms,6.1444945,5.0572805,34.840137,-60.306885
C62,II Neoplasms,5.0514736,4.5310364,42.143394,-69.64503
C620,II Neoplasms,4.9719567,4.553756,42.144356,-69.622215
C621,II Neoplasms,5.008679,4.566921,42.3746,-69.78054
C6210,II Neoplasms,5.012197,4.569756,42.0806,-69.81925
C629,II Neoplasms,4.9983397,4.501937,41.97361,-69.56456
C6290,II Neoplasms,5.0163016,4.6344914,42.049576,-69.779465
C63,II Neoplasms,4.783886,4.007952,31.023268,-69.50585
C632,II Neoplasms,4.7548943,3.9886591,31.112322,-69.52797
C637,II Neoplasms,4.798065,4.0294175,31.128622,-69.540955
C639,II Neoplasms,4.78276,4.012913,31.033707,-69.45476
C64,II Neoplasms,5.627013,4.581281,41.85668,-66.155075
C65,II Neoplasms,5.4201627,4.533127,41.06597,-73.41168
C66,II Neoplasms,5.382785,4.5376916,45.02306,-67.628204
C67,II Neoplasms,5.368431,4.538648,45.8014,-67.50566
C670,II Neoplasms,5.36055,4.596127,45.76671,-67.6603
C671,II Neoplasms,5.3741746,4.5487437,45.687668,-67.81719
C672,II Neoplasms,5.3958573,4.572971,45.64257,-67.78515
C673,II Neoplasms,5.3739185,4.527158,45.493347,-67.786736
C674,II Neoplasms,5.398274,4.541577,45.93977,-67.98738
C675,II Neoplasms,5.3821173,4.5430818,45.794746,-67.806656
C676,II Neoplasms,5.3616214,4.54818,45.595566,-67.78305
C677,II Neoplasms,5.3401055,4.523245,45.50571,-67.80213
C678,II Neoplasms,5.406551,4.544678,46.08692,-67.909966
C679,II Neoplasms,5.3596096,4.6064277,45.419895,-67.77
C68,II Neoplasms,4.9926143,4.509295,42.851196,-68.68118
C680,II Neoplasms,4.958317,4.437022,42.791836,-68.47097
C689,II Neoplasms,5.0573826,4.5279493,42.861504,-68.64121
C690,II Neoplasms,5.804755,4.332612,34.991604,-66.24257
C692,II Neoplasms,5.7380624,4.262366,35.161587,-66.31038
C693,II Neoplasms,5.7490335,4.26204,35.161083,-66.31674
C6930,II Neoplasms,5.7856345,4.2287827,35.30459,-66.163414
C694,II Neoplasms,5.694958,4.2584524,34.48889,-66.50288
C695,II Neoplasms,5.7367954,4.267158,35.31954,-66.16469
C696,II Neoplasms,5.747429,4.2631016,35.02132,-66.29364
C699,II Neoplasms,5.7405624,4.2443247,34.97153,-66.36197
C700,II Neoplasms,4.886885,4.175003,33.557693,-70.87458
C701,II Neoplasms,4.8880396,4.139743,33.11999,-70.34584
C709,II Neoplasms,4.9049463,4.165978,33.470722,-71.05163
C71,II Neoplasms,5.526921,3.9154134,38.92309,-69.87463
C710,II Neoplasms,5.534361,3.9413671,38.760353,-69.975266
C711,II Neoplasms,5.520846,3.9683778,38.877254,-69.743416
C712,II Neoplasms,5.518557,3.9035833,38.83332,-69.8206
C713,II Neoplasms,5.5387607,3.9133027,38.926823,-69.87798
C714,II Neoplasms,5.5168734,3.8774142,38.652065,-69.81851
C715,II Neoplasms,5.530004,3.9069185,38.875473,-69.90136
C716,II Neoplasms,5.512891,3.9256659,38.837143,-69.80936
C717,II Neoplasms,5.5233274,3.9172153,38.86194,-69.8324
C718,II Neoplasms,5.497093,3.9552662,38.983894,-69.88072
C719,II Neoplasms,5.527953,3.864834,38.864956,-69.78022
C720,II Neoplasms,4.7917423,4.083639,32.65584,-69.400375
C721,II Neoplasms,4.845551,4.0821476,32.717476,-69.522964
C722,II Neoplasms,4.766411,3.9964204,31.697193,-69.67168
C723,II Neoplasms,4.828032,4.113742,32.853878,-69.2801
C724,II Neoplasms,4.770729,4.0295014,32.240673,-69.50707
C725,II Neoplasms,4.7973404,4.052008,32.178974,-69.4451
C73,II Neoplasms,5.53123,4.6722417,39.89606,-68.58668
C740,II Neoplasms,4.923519,4.219057,34.013885,-69.42631
C741,II Neoplasms,4.9246154,4.377906,34.115593,-69.22158
C749,II Neoplasms,4.8739634,4.4222126,34.030663,-69.12599
C750,II Neoplasms,4.822708,4.0278306,31.794481,-70.42888
C751,II Neoplasms,4.8622046,4.084632,31.61366,-70.04678
C755,II Neoplasms,4.878676,4.0883145,32.3725,-69.9922
C758,II Neoplasms,4.8324924,4.057772,32.114014,-69.97571
C759,II Neoplasms,4.8607545,4.0725517,32.828007,-70.013756
C76,II Neoplasms,5.9042687,4.498709,38.898476,-64.99833
C760,II Neoplasms,5.901411,4.5333543,38.55182,-65.045525
C761,II Neoplasms,5.905173,4.5189652,38.775826,-64.94469
C762,II Neoplasms,5.919115,4.4780955,38.739162,-65.27048
C763,II Neoplasms,5.8855233,4.5194483,39.163677,-65.3222
C764,II Neoplasms,5.8904953,4.45589,38.642727,-65.257866
C765,II Neoplasms,5.913037,4.525689,38.64241,-64.96709
C767,II Neoplasms,5.935692,4.4949365,38.808655,-65.01681
C768,II Neoplasms,5.94758,4.5705075,38.97976,-65.273125
C77,II Neoplasms,6.4478846,4.4187694,42.77375,-62.077496
C770,II Neoplasms,6.438337,4.4191155,42.45602,-61.90475
C771,II Neoplasms,6.449881,4.4163485,42.596752,-61.879974
C772,II Neoplasms,6.461146,4.429358,43.129604,-61.80459
C773,II Neoplasms,6.4234114,4.4269795,42.12185,-61.415173
C774,II Neoplasms,6.4386005,4.4254856,42.30177,-61.86341
C775,II Neoplasms,6.4289126,4.434823,42.84668,-61.650253
C778,II Neoplasms,6.4345737,4.421876,42.630947,-62.438732
C779,II Neoplasms,6.454075,4.410122,42.60708,-61.705353
C780,II Neoplasms,6.487335,4.3876863,43.007423,-62.001728
C7800,II Neoplasms,6.4354224,4.4397144,43.20804,-62.282536
C781,II Neoplasms,6.452455,4.4226236,43.144646,-62.279343
C782,II Neoplasms,6.470343,4.4074545,43.101963,-62.043415
C783,II Neoplasms,6.449184,4.4216695,43.18584,-62.274017
C784,II Neoplasms,6.4437094,4.426817,43.380688,-62.230778
C785,II Neoplasms,6.4236994,4.446463,43.70732,-62.283672
C786,II Neoplasms,6.4718413,4.4262304,43.46042,-61.99516
C787,II Neoplasms,6.462527,4.4294543,43.189075,-61.908173
C788,II Neoplasms,6.439794,4.4277635,43.170624,-62.31357
C79,II Neoplasms,6.3170123,4.442514,42.329712,-62.827316
C790,II Neoplasms,6.4272003,4.4180746,42.304703,-62.636814
C791,II Neoplasms,6.393792,4.431858,42.614864,-63.159027
C792,II Neoplasms,6.435899,4.4248495,42.56992,-62.35631
C793,II Neoplasms,6.4064174,4.3884816,42.545578,-62.337
C794,II Neoplasms,6.431866,4.421046,42.564587,-62.82529
C795,II Neoplasms,6.435265,4.4166937,42.49704,-61.819183
C7951,II Neoplasms,6.4911194,4.3961954,42.511036,-62.55105
C7952,II Neoplasms,6.376081,4.416528,42.022446,-62.923126
C796,II Neoplasms,6.38875,4.458794,43.008766,-62.693653
C797,II Neoplasms,6.4710155,4.401287,42.720814,-62.53664
C798,II Neoplasms,6.4394293,4.4263496,42.56984,-62.333908
C799,II Neoplasms,6.481095,4.385688,42.675365,-62.010513
C80,II Neoplasms,5.9624352,4.547015,41.537773,-64.89123
C800,II Neoplasms,5.838847,4.504055,41.43602,-65.02059
C801,II Neoplasms,5.9487567,4.5679626,41.482304,-64.992165
C809,II Neoplasms,5.942579,4.53896,41.483124,-64.97305
C81,II Neoplasms,5.330338,4.492923,42.05474,-74.574295
C810,II Neoplasms,5.317533,4.3574133,41.84659,-75.03408
C811,II Neoplasms,5.3471284,4.4151144,42.088383,-75.141655
C812,II Neoplasms,5.332385,4.447405,42.0801,-74.87909
C813,II Neoplasms,5.3383207,4.4639845,42.080196,-74.54327
C814,II Neoplasms,5.326699,4.467725,42.01017,-74.679054
C817,II Neoplasms,5.322559,4.4414287,42.118465,-74.63625
C819,II Neoplasms,5.3498244,4.4447746,41.87805,-74.87427
C82,II Neoplasms,5.373277,4.3086944,40.980476,-76.6227
C820,II Neoplasms,5.4163365,4.322288,41.43677,-76.55834
C821,II Neoplasms,5.443464,4.3260965,41.612873,-76.5549
C822,II Neoplasms,5.410316,4.279406,41.328976,-76.77025
C823,II Neoplasms,5.4317474,4.3550005,41.92013,-76.06472
C824,II Neoplasms,5.422659,4.315951,41.57885,-76.53873
C826,II Neoplasms,5.395389,4.301358,41.488907,-76.54674
C827,II Neoplasms,5.3976808,4.285875,41.517147,-76.35459
C829,II Neoplasms,5.418025,4.296928,41.311493,-76.70218
C830,II Neoplasms,5.483355,4.2061462,39.331223,-75.49461
C831,II Neoplasms,5.4147224,4.227297,39.676735,-74.73386
C832,II Neoplasms,5.438198,4.223574,39.582394,-74.97057
C833,II Neoplasms,5.408244,4.2239366,39.680023,-75.66999
C835,II Neoplasms,5.4559174,4.241557,39.573494,-74.95341
C837,II Neoplasms,5.431061,4.290499,39.192226,-74.46183
C838,II Neoplasms,5.382815,4.210583,39.45285,-75.021736
C839,II Neoplasms,5.5025053,4.208088,39.555065,-74.97097
C840,II Neoplasms,5.6968794,4.2092056,35.1562,-67.1113
C841,II Neoplasms,5.7136893,4.2033367,35.297504,-67.42283
C843,II Neoplasms,5.688786,4.201254,35.33021,-67.36215
C844,II Neoplasms,5.6229143,4.162361,38.141556,-75.77831
C845,II Neoplasms,5.5822678,4.2238684,34.669624,-67.58847
C846,II Neoplasms,5.7585964,4.2097373,35.45191,-67.38433
C847,II Neoplasms,5.689193,4.195866,35.367374,-67.4516
C848,II Neoplasms,5.718201,4.1665273,35.48673,-67.286255
C849,II Neoplasms,5.7198057,4.2437043,35.147427,-67.36042
C850,II Neoplasms,5.408773,4.298539,40.712616,-75.86191
C851,II Neoplasms,5.439453,4.228531,40.409367,-75.41294
C852,II Neoplasms,5.376622,4.275606,40.745,-75.8225
C857,II Neoplasms,5.3835444,4.291266,40.613785,-76.3637
C859,II Neoplasms,5.3941417,4.277369,40.49511,-76.3467
C860,II Neoplasms,5.2739124,4.5626864,41.99175,-72.740036
C862,II Neoplasms,5.2672563,4.5762525,42.015934,-72.5721
C863,II Neoplasms,5.208294,4.601788,42.079414,-72.5666
C864,II Neoplasms,5.2618055,4.598431,42.140224,-72.35626
C865,II Neoplasms,5.298113,4.5410304,41.8809,-72.851715
C866,II Neoplasms,5.2803693,4.551518,41.939713,-72.5389
C880,II Neoplasms,5.514987,4.1466866,38.881653,-76.66046
C882,II Neoplasms,5.539083,4.1628785,38.98764,-76.524895
C884,II Neoplasms,5.5195136,4.1570315,38.916832,-76.37455
C887,II Neoplasms,5.440916,4.102239,39.067642,-76.496475
C90,II Neoplasms,5.3758197,4.129471,40.171196,-70.054985
C900,II Neoplasms,5.3757367,4.187377,40.236225,-70.14258
C901,II Neoplasms,5.3766413,4.177211,40.1221,-70.057556
C902,II Neoplasms,5.3774095,4.106914,40.133327,-70.057076
C903,II Neoplasms,5.4210625,4.058495,39.920864,-70.08878
C910,II Neoplasms,5.355138,4.1494827,37.450554,-71.75656
C911,II Neoplasms,5.325261,4.194507,36.84162,-72.00931
C913,II Neoplasms,5.297445,4.1719503,36.380474,-71.57365
C914,II Neoplasms,5.2670717,4.1803536,36.095,-71.192116
C915,II Neoplasms,5.257725,4.126794,36.299362,-71.71516
C916,II Neoplasms,5.271594,4.214458,36.46656,-71.671005
C917,II Neoplasms,6.2511306,1.1851436,20.845655,-82.374306
C918,II Neoplasms,6.2140636,1.1658635,20.695713,-81.965454
C919,II Neoplasms,6.253714,1.1786109,20.871286,-82.27305
C920,II Neoplasms,6.246797,1.1748941,22.39759,-81.90289
C921,II Neoplasms,6.2510786,1.1604074,21.864079,-81.786316
C922,II Neoplasms,6.251132,1.1603253,21.92639,-81.55714
C923,II Neoplasms,6.2554026,1.1669633,21.88556,-81.362045
C924,II Neoplasms,6.225217,1.1456698,22.045504,-81.329666
C925,II Neoplasms,6.246569,1.1584367,21.920385,-81.52451
C926,II Neoplasms,6.2451,1.1546506,21.928734,-81.54147
C927,II Neoplasms,6.272777,1.1253545,21.835512,-81.516174
C928,II Neoplasms,6.2364454,1.1368506,22.031233,-81.65533
C929,II Neoplasms,6.245046,1.1501936,22.08561,-81.421326
C930,II Neoplasms,6.2911263,1.1460227,21.76791,-82.043
C931,II Neoplasms,6.2945147,1.2037034,21.933317,-82.19384
C940,II Neoplasms,6.3639417,1.2387111,19.672731,-78.96122
C944,II Neoplasms,6.360293,1.2521074,18.758469,-78.92545
C945,II Neoplasms,6.375762,1.2219852,19.624304,-78.94877
C946,II Neoplasms,6.427466,1.2182469,19.406626,-79.08199
C947,II Neoplasms,6.362998,1.2423497,19.141485,-78.98336
C950,II Neoplasms,6.2114835,1.1971451,18.463808,-80.54575
C951,II Neoplasms,6.2594457,1.2555981,20.044022,-80.77555
C959,II Neoplasms,6.1775107,1.2030126,19.062159,-80.61487
C96,II Neoplasms,6.6621075,1.0578657,21.592216,-77.666725
C960,II Neoplasms,6.677553,1.039632,21.578579,-77.687935
C962,II Neoplasms,6.6840963,1.0462111,21.742449,-77.47713
C964,II Neoplasms,6.670311,1.0506744,21.720505,-77.73488
C965,II Neoplasms,6.6738663,1.0476798,21.586685,-77.679726
C966,II Neoplasms,6.7208123,1.0128336,21.587349,-77.67796
C967,II Neoplasms,6.6884074,1.0399886,21.58867,-77.68744
C968,II Neoplasms,6.6960206,1.037835,21.605724,-77.695404
C969,II Neoplasms,6.6878614,1.038208,21.581696,-77.66837
C97,II Neoplasms,6.4637213,4.3827972,42.262737,-60.219612
D00,II Neoplasms,14.822472,2.8961437,79.04962,1.9208193
D000,II Neoplasms,14.736941,2.8500566,79.382,1.8557191
D001,II Neoplasms,14.767451,2.8492973,79.14409,2.0298328
D002,II Neoplasms,14.833658,2.8705058,79.62783,1.984717
D010,II Neoplasms,14.907943,3.1139421,77.982765,-8.956859
D011,II Neoplasms,14.796255,3.0568094,80.10248,-2.2972178
D012,II Neoplasms,14.803332,3.0068827,80.417,-2.3399339
D013,II Neoplasms,14.944994,3.0504317,80.13791,-2.1530745
D014,II Neoplasms,14.909513,2.9006817,80.08019,-2.2817664
D015,II Neoplasms,14.936023,3.0521765,80.11573,-2.2734213
D017,II Neoplasms,14.809499,3.0764875,77.59716,-5.581425
D020,II Neoplasms,14.972194,3.1968205,76.41791,-8.170213
D021,II Neoplasms,14.437238,2.9910188,83.87316,-7.4046183
D022,II Neoplasms,14.379991,3.0613372,83.82677,-7.5758624
D023,II Neoplasms,14.804673,3.0892284,76.64982,-8.538739
D030,II Neoplasms,15.82707,2.6578763,67.761696,-10.757906
D031,II Neoplasms,15.810086,2.6548505,67.62944,-10.644938
D032,II Neoplasms,15.810347,2.6085005,67.94085,-11.160489
D033,II Neoplasms,15.790013,2.702923,67.68641,-10.025296
D0330,II Neoplasms,15.834417,2.6269124,67.81891,-10.669072
D0339,II Neoplasms,15.830553,2.63605,67.81276,-10.668376
D034,II Neoplasms,15.807802,2.668233,67.82465,-10.353406
D035,II Neoplasms,15.829186,2.6320665,67.87453,-10.732588
D036,II Neoplasms,15.811216,2.707217,67.67191,-9.945847
D0360,II Neoplasms,15.820385,2.6347177,67.817276,-10.673115
D0361,II Neoplasms,15.836346,2.6318443,67.82156,-10.651531
D0362,II Neoplasms,15.83263,2.6307728,67.8201,-10.656987
D037,II Neoplasms,15.789683,2.683932,67.971504,-10.869812
D0370,II Neoplasms,15.856874,2.661433,67.82901,-10.6807575
D0371,II Neoplasms,15.836373,2.6261287,67.84429,-10.776954
D0372,II Neoplasms,15.825665,2.637973,67.83357,-10.727007
D038,II Neoplasms,15.825679,2.6546714,67.5613,-10.2064085
D039,II Neoplasms,15.822028,2.625835,67.234634,-10.215217
D040,II Neoplasms,15.794274,2.769117,67.67914,-8.795302
D041,II Neoplasms,15.804624,2.7248664,67.54422,-9.172318
D042,II Neoplasms,15.783737,2.7584405,67.46943,-8.819368
D043,II Neoplasms,15.767328,2.8357136,67.83607,-8.462678
D044,II Neoplasms,15.829623,2.7455597,67.65211,-8.714606
D045,II Neoplasms,15.805491,2.7548392,67.63886,-9.03478
D046,II Neoplasms,15.741486,2.9350748,68.12335,-8.248902
D047,II Neoplasms,15.803625,2.7643836,67.581024,-8.779497
D048,II Neoplasms,15.797519,2.7117188,66.87585,-9.185607
D049,II Neoplasms,15.79486,2.7499332,67.14615,-9.140127
D050,II Neoplasms,15.481526,3.4218636,69.06195,-2.3451807
D051,II Neoplasms,15.514273,3.28582,69.086586,-2.5788627
D057,II Neoplasms,15.456027,3.315148,69.1178,-2.5654755
D059,II Neoplasms,15.525383,3.344442,69.14266,-2.575455
D0590,II Neoplasms,15.513441,3.3045568,69.062195,-2.519637
D06,II Neoplasms,15.549057,3.340974,70.99914,-0.6115551
D060,II Neoplasms,15.518958,3.3302042,71.06862,-0.63748556
D061,II Neoplasms,15.554312,3.2914276,71.010864,-0.53029543
D067,II Neoplasms,15.548469,3.3744955,71.01785,-0.5871176
D069,II Neoplasms,15.576328,3.3982406,70.99093,-0.5809595
D070,II Neoplasms,15.014407,2.7163527,82.04227,-1.1085243
D071,II Neoplasms,15.080486,2.7662423,82.239685,-0.65757143
D072,II Neoplasms,15.097355,2.6930006,82.079414,-1.044194
D073,II Neoplasms,15.054917,2.670059,81.85132,-1.1062948
D074,II Neoplasms,15.05098,2.7008474,81.6079,-0.75989866
D075,II Neoplasms,15.052486,2.65261,82.08079,-0.9597647
D076,II Neoplasms,15.073972,2.7221205,81.918526,-1.0425676
D090,II Neoplasms,14.9051075,2.6639519,84.210106,-2.014903
D091,II Neoplasms,14.901382,2.5613384,84.237305,-1.9987323
D092,II Neoplasms,14.910028,2.641224,84.22028,-1.9739279
D093,II Neoplasms,14.870384,2.6278145,84.230125,-1.9634433
D097,II Neoplasms,14.8977165,2.6708622,84.22341,-2.000699
D099,II Neoplasms,14.915859,2.6458526,84.01319,-1.9848584
D10,II Neoplasms,15.501126,3.22156,70.66948,-6.3117895
D100,II Neoplasms,15.5041065,3.2243948,70.303604,-6.280167
D101,II Neoplasms,15.4335785,3.2767632,70.81003,-6.5018363
D102,II Neoplasms,15.453883,3.2505982,71.41645,-6.4174438
D103,II Neoplasms,15.387425,3.231198,71.14657,-7.0358076
D1030,II Neoplasms,15.486952,3.2667704,71.13144,-6.4904757
D1039,II Neoplasms,15.464998,3.2551885,70.96851,-6.4725475
D104,II Neoplasms,15.452742,3.2749665,71.75059,-6.6664915
D105,II Neoplasms,15.36928,3.3286564,71.72619,-6.5636854
D106,II Neoplasms,15.491327,3.2530618,71.40294,-6.4483023
D11,II Neoplasms,15.103575,3.1733325,73.78853,-4.5510707
D110,II Neoplasms,15.135246,3.1901128,74.00176,-4.4458065
D117,II Neoplasms,15.248569,3.1700294,73.66723,-4.440736
D119,II Neoplasms,15.12824,3.247715,74.00805,-4.4499416
D120,II Neoplasms,14.918657,3.8534145,73.69075,-12.590437
D121,II Neoplasms,15.006469,3.6750016,73.746635,-12.223901
D122,II Neoplasms,14.883766,3.826343,73.66926,-12.645707
D123,II Neoplasms,14.911406,3.8578103,73.684685,-12.6234455
D124,II Neoplasms,14.929691,3.8556082,73.65941,-12.620591
D125,II Neoplasms,14.902201,3.876748,73.67019,-12.679866
D126,II Neoplasms,14.940859,3.7820702,73.6905,-12.413582
D127,II Neoplasms,14.920165,3.8023899,73.70116,-12.480787
D128,II Neoplasms,14.920381,3.8724837,73.66133,-12.620141
D129,II Neoplasms,15.036384,3.6370924,73.58819,-12.2089
D13,II Neoplasms,14.4756775,3.365015,80.42242,-11.34555
D130,II Neoplasms,14.566046,3.2901545,80.70595,-11.535674
D131,II Neoplasms,14.516524,3.3482845,80.150696,-11.362457
D132,II Neoplasms,14.436944,3.2724571,81.64096,-11.117747
D133,II Neoplasms,14.646632,3.2239761,80.9788,-11.506159
D1330,II Neoplasms,14.5113535,3.3584359,80.35496,-11.299474
D1339,II Neoplasms,14.495432,3.3821805,80.36403,-11.294815
D134,II Neoplasms,14.467729,3.3364863,80.4546,-11.281658
D135,II Neoplasms,14.569674,3.3741262,80.203026,-11.33049
D136,II Neoplasms,14.490157,3.3768635,80.77191,-11.588956
D137,II Neoplasms,14.533577,3.3008838,80.838806,-11.472965
D139,II Neoplasms,14.493597,3.3763924,80.390945,-11.303435
D140,II Neoplasms,15.075053,3.173369,75.65177,-7.4492636
D141,II Neoplasms,14.979216,3.202636,76.078445,-7.8555217
D142,II Neoplasms,15.058646,3.0516741,75.8216,-7.0225663
D143,II Neoplasms,14.987505,3.1231441,75.83216,-7.4845505
D150,II Neoplasms,14.765067,3.0374024,77.5954,-3.7803462
D151,II Neoplasms,14.805167,3.1000354,77.67244,-3.4632275
D152,II Neoplasms,14.7893095,3.0880537,78.226166,-2.975041
D157,II Neoplasms,14.822877,3.0237377,78.33216,-3.1840253
D16,II Neoplasms,15.241804,3.4009764,74.079315,-7.409335
D160,II Neoplasms,15.183748,3.3283997,73.819336,-7.606914
D1600,II Neoplasms,15.268393,3.3661215,74.04505,-7.408344
D161,II Neoplasms,15.142225,3.3264534,74.56923,-6.6554112
D162,II Neoplasms,15.261419,3.3412724,74.34191,-7.6882443
D1620,II Neoplasms,15.160757,3.3145657,74.64986,-6.759565
D163,II Neoplasms,15.265608,3.361504,73.884094,-7.0342526
D1630,II Neoplasms,15.270849,3.3578384,74.06994,-7.430911
D164,II Neoplasms,15.211529,3.324816,74.39009,-6.780142
D165,II Neoplasms,15.219643,3.3588681,74.03414,-7.47258
D166,II Neoplasms,15.239442,3.3561249,73.93872,-7.2731414
D167,II Neoplasms,15.253543,3.3414395,73.99194,-7.477669
D168,II Neoplasms,15.117863,3.2782156,74.93577,-6.060443
D169,II Neoplasms,15.245162,3.354043,74.37534,-7.6353574
D17,II Neoplasms,15.33404,3.1719944,72.02216,-8.294203
D170,II Neoplasms,15.371945,3.242088,71.91407,-8.040623
D171,II Neoplasms,15.427049,3.2531455,71.792015,-8.083408
D172,II Neoplasms,15.45683,3.2084842,71.41197,-8.2082
D173,II Neoplasms,15.400786,3.2170413,71.846176,-8.344156
D174,II Neoplasms,15.329609,3.203214,72.18433,-8.454578
D175,II Neoplasms,15.163922,3.2329764,73.12396,-9.022845
D176,II Neoplasms,15.259744,3.2386734,72.64273,-9.327148
D177,II Neoplasms,15.276034,3.2880425,71.72293,-8.978241
D179,II Neoplasms,15.449884,3.2386749,71.62194,-8.818048
D18,II Neoplasms,15.18873,3.1893985,73.51359,-4.835172
D180,II Neoplasms,14.990766,3.1220255,73.77416,-4.8207755
D181,II Neoplasms,15.259294,3.2308135,73.27141,-5.0111837
D191,II Neoplasms,14.544407,2.0564892,10.513643,1.5073646
D197,II Neoplasms,14.561786,2.1551366,10.57297,1.4293568
D199,II Neoplasms,14.581299,2.1488976,10.553739,1.4999527
D200,II Neoplasms,14.549737,2.0612001,11.616661,1.9211159
D201,II Neoplasms,14.5446615,2.0794332,11.759543,1.97027
D21,II Neoplasms,15.22604,3.3585002,73.28138,-6.5876007
D210,II Neoplasms,15.265204,3.3099923,73.20268,-5.93497
D211,II Neoplasms,15.291117,3.2684255,72.92538,-6.3981123
D2110,II Neoplasms,15.184917,3.354052,73.17769,-6.5771403
D212,II Neoplasms,15.267615,3.3053854,73.16541,-6.041543
D2120,II Neoplasms,15.219998,3.336794,73.347046,-6.5544977
D213,II Neoplasms,15.216648,3.3477883,73.35744,-6.6175127
D214,II Neoplasms,15.107209,3.2927752,73.73803,-6.5802727
D215,II Neoplasms,15.212199,3.3570495,73.23347,-6.6163483
D216,II Neoplasms,15.212239,3.3523378,73.50285,-6.5669136
D219,II Neoplasms,15.190658,3.3856692,73.05648,-6.931939
D22,II Neoplasms,15.634526,3.2398584,67.55347,-5.628397
D220,II Neoplasms,15.601546,3.1526577,68.71464,-6.826848
D221,II Neoplasms,15.713991,3.0306363,68.5675,-7.685398
D222,II Neoplasms,15.685721,3.134585,69.433105,-6.8691187
D223,II Neoplasms,15.680486,3.113421,69.00635,-7.2539835
D224,II Neoplasms,15.656428,3.1259525,68.890816,-7.234407
D225,II Neoplasms,15.684493,3.1111076,69.03134,-7.2211556
D226,II Neoplasms,15.686113,3.130889,68.76749,-7.458941
D227,II Neoplasms,15.707941,3.1433558,68.7165,-7.34805
D229,II Neoplasms,15.664772,3.176328,67.703766,-5.8768845
D23,II Neoplasms,15.469583,3.2200658,69.34766,-5.558516
D230,II Neoplasms,15.45385,3.2213612,66.0346,-5.3671675
D231,II Neoplasms,15.625155,3.125435,69.41071,-7.413871
D2310,II Neoplasms,15.453292,3.2070572,69.56334,-5.6410537
D232,II Neoplasms,15.386545,3.2000637,69.67206,-5.6147404
D2320,II Neoplasms,15.577634,3.209648,69.62014,-6.147201
D233,II Neoplasms,15.661442,3.134914,68.8721,-7.559672
D2330,II Neoplasms,15.445388,3.198743,68.66837,-4.986858
D2339,II Neoplasms,15.471584,3.2202468,68.694786,-4.9498553
D234,II Neoplasms,15.610876,3.1735213,69.32626,-6.5167036
D235,II Neoplasms,15.645222,3.1864824,69.329735,-6.645279
D236,II Neoplasms,15.651736,3.1582627,69.61358,-6.8694105
D2360,II Neoplasms,15.618388,3.177321,69.27186,-5.775797
D237,II Neoplasms,15.638442,3.1790826,69.335236,-6.958806
D2370,II Neoplasms,15.527095,3.232263,69.58499,-5.739809
D239,II Neoplasms,15.5247135,3.2040763,69.33913,-5.5603337
D24,II Neoplasms,15.47021,3.326957,69.714485,-2.843874
D25,II Neoplasms,15.40851,3.8765013,67.30718,1.1532204
D250,II Neoplasms,15.493455,3.7614014,68.611755,0.55642325
D251,II Neoplasms,15.490491,3.7963066,68.61705,0.638688
D252,II Neoplasms,15.467934,3.751426,68.691605,0.6780911
D259,II Neoplasms,15.50413,3.8125865,68.4263,0.8627233
D260,II Neoplasms,15.423445,3.518008,69.0232,0.20327897
D261,II Neoplasms,15.431907,3.5981085,69.041794,0.43568507
D267,II Neoplasms,15.4061165,3.532853,69.09626,0.44169125
D269,II Neoplasms,15.430616,3.6011987,69.20121,0.5780524
D27,II Neoplasms,15.390563,3.5924182,69.21706,0.72740704
D28,II Neoplasms,15.340382,3.2701278,71.83527,-3.2225306
D280,II Neoplasms,15.378988,3.2736642,71.904655,-3.3004854
D281,II Neoplasms,15.4332485,3.3095558,71.35809,-3.045379
D282,II Neoplasms,15.301621,3.469081,69.97137,0.5568038
D287,II Neoplasms,15.321761,3.3305488,71.84484,-3.0882986
D289,II Neoplasms,15.184664,3.2528505,71.948395,-3.0361478
D290,II Neoplasms,14.987544,2.8786423,80.48937,-0.7778197
D291,II Neoplasms,15.088708,2.8823118,80.91584,-0.633474
D292,II Neoplasms,14.953082,2.860334,80.74684,-0.6323841
D293,II Neoplasms,14.974034,2.8610256,80.74364,-0.65575665
D294,II Neoplasms,15.0216,2.952242,79.628204,-0.9989084
D300,II Neoplasms,14.920064,2.7172863,82.26554,-2.3886685
D301,II Neoplasms,14.983939,2.640407,82.49071,-2.213825
D302,II Neoplasms,14.957055,2.6674104,82.49396,-2.193928
D303,II Neoplasms,15.011095,2.5942914,82.34811,-2.1967988
D304,II Neoplasms,15.027188,2.6946354,82.25571,-2.1541085
D307,II Neoplasms,14.977769,2.6571474,82.48198,-2.1990557
D309,II Neoplasms,14.917831,2.610485,82.72102,-2.1583426
D310,II Neoplasms,14.903102,3.0029542,79.31602,0.24526829
D312,II Neoplasms,14.915455,3.0513108,79.45701,0.04607091
D313,II Neoplasms,14.928867,3.1281815,77.24486,-7.3927317
D314,II Neoplasms,14.898525,3.007777,79.39253,0.13692726
D316,II Neoplasms,14.97958,2.921779,79.477776,0.0570799
D319,II Neoplasms,14.91657,3.136143,77.06101,-7.722671
D320,II Neoplasms,14.857879,2.9084404,82.43001,1.8602362
D321,II Neoplasms,14.78406,2.8457608,82.86878,1.8024604
D329,II Neoplasms,14.729982,2.796776,82.59061,1.9143018
D330,II Neoplasms,14.878505,2.8131611,80.61841,1.8510689
D331,II Neoplasms,14.911183,2.7630937,80.62902,1.8701439
D332,II Neoplasms,14.914294,2.7484765,80.79266,1.8198209
D333,II Neoplasms,14.926718,2.7582448,80.64236,1.9555849
D334,II Neoplasms,14.911217,2.7788436,80.56849,1.7644786
D337,II Neoplasms,14.95352,2.805033,80.638054,1.9040635
D339,II Neoplasms,14.933619,2.7395773,80.642006,1.8583544
D34,II Neoplasms,15.038504,3.1213114,76.90655,-4.665272
D350,II Neoplasms,14.522127,2.5698497,83.920845,1.4560782
D3500,II Neoplasms,14.500368,2.5352566,84.03916,1.40604
D351,II Neoplasms,14.548468,2.614693,84.12194,1.4005955
D352,II Neoplasms,14.518677,2.5433967,84.00839,1.4378287
D353,II Neoplasms,14.519063,2.513333,84.09517,1.3989244
D354,II Neoplasms,14.501016,2.5468817,84.03695,1.4073724
D355,II Neoplasms,14.520381,2.542117,84.03756,1.4053408
D359,II Neoplasms,14.502165,2.4691038,84.0257,1.3985517
D36,II Neoplasms,15.392622,3.2409017,72.3633,-5.8837566
D360,II Neoplasms,15.460724,3.30825,72.096535,-5.782734
D361,II Neoplasms,15.295524,3.267518,72.79045,-6.1156554
D367,II Neoplasms,15.414279,3.2551832,72.26386,-6.105018
D369,II Neoplasms,15.335894,3.2140286,72.38347,-5.6163883
D370,II Neoplasms,14.455509,3.1631804,81.91393,-9.0181875
D371,II Neoplasms,14.43453,3.1414146,82.49523,-9.524256
D372,II Neoplasms,14.400836,3.1355395,82.173004,-9.051475
D373,II Neoplasms,14.453537,3.1325529,82.220985,-9.414896
D374,II Neoplasms,14.404848,3.1906886,82.77915,-9.684303
D375,II Neoplasms,14.503055,3.1853433,82.70277,-9.786233
D376,II Neoplasms,14.384401,3.153208,82.00966,-9.0588
D377,II Neoplasms,14.416248,3.1477423,82.78088,-9.295144
D379,II Neoplasms,14.420471,3.1651826,82.072174,-9.271217
D380,II Neoplasms,14.836351,2.9493873,81.467575,-2.9930646
D381,II Neoplasms,14.491462,3.0795794,81.489044,-3.7101455
D382,II Neoplasms,14.767808,2.9715977,81.11644,-3.4219916
D383,II Neoplasms,14.914751,3.0047212,80.65548,-3.1847231
D385,II Neoplasms,14.813171,3.011321,80.61025,-3.5633237
D390,II Neoplasms,15.179038,3.3899086,69.989006,1.0519468
D391,II Neoplasms,15.334001,3.659266,69.54921,0.83239275
D397,II Neoplasms,14.88125,3.1810973,70.168945,1.0100847
D400,II Neoplasms,15.041516,2.7177563,81.66033,-1.219114
D401,II Neoplasms,15.003674,2.8457322,80.48418,-0.9591951
D407,II Neoplasms,14.999068,2.8151648,81.08511,-1.1611991
D408,II Neoplasms,14.983589,2.795149,81.123085,-1.1597937
D409,II Neoplasms,15.035373,2.7563205,81.11918,-1.1750429
D410,II Neoplasms,14.891443,2.7234273,83.24136,-2.6716964
D411,II Neoplasms,14.879862,2.688756,83.36353,-2.5439253
D412,II Neoplasms,14.973856,2.582359,83.14652,-2.2627761
D413,II Neoplasms,14.92095,2.650399,83.10115,-2.2864413
D414,II Neoplasms,14.95262,2.6368604,83.17383,-2.1848276
D420,II Neoplasms,14.553701,2.1109703,11.540968,1.9167329
D421,II Neoplasms,14.541472,2.032269,11.509533,1.9234023
D430,II Neoplasms,14.837519,2.762825,82.07083,3.0626378
D431,II Neoplasms,14.810377,2.73583,81.904015,3.000333
D432,II Neoplasms,14.816306,2.708245,82.150894,3.3660364
D433,II Neoplasms,14.822665,2.7334826,82.01037,3.1501276
D434,II Neoplasms,14.835752,2.7640338,82.00787,3.1342247
D439,II Neoplasms,14.810253,2.6934938,82.012695,3.1504328
D44,II Neoplasms,14.903318,3.0386736,76.182625,-3.9917824
D440,II Neoplasms,14.983561,3.1034896,75.66627,-4.1835685
D441,II Neoplasms,14.87813,3.0776963,76.33519,-4.233998
D442,II Neoplasms,14.916077,3.0443127,76.21592,-3.8678021
D443,II Neoplasms,14.955414,3.059729,76.103615,-4.285362
D444,II Neoplasms,14.960406,2.9282675,76.177895,-3.8895798
D445,II Neoplasms,14.95123,3.046276,76.21885,-3.908968
D446,II Neoplasms,14.559805,2.9699457,76.675385,-10.344962
D447,II Neoplasms,14.902857,2.9962597,76.114456,-3.1948175
D448,II Neoplasms,14.884331,3.0154378,76.13135,-4.079972
D449,II Neoplasms,14.864103,3.0170717,76.19389,-3.9608233
D45,II Neoplasms,15.064278,2.7205746,69.09346,-12.024248
D460,II Neoplasms,14.421968,2.9042954,84.90564,-6.367199
D461,II Neoplasms,14.409201,2.9011114,85.18539,-6.423349
D462,II Neoplasms,14.383012,2.8995252,85.31471,-6.5367427
D464,II Neoplasms,14.394774,2.8897223,85.14641,-6.6077456
D465,II Neoplasms,14.453636,2.9439318,84.813675,-6.337148
D466,II Neoplasms,14.422858,2.8879716,85.46738,-6.6279783
D467,II Neoplasms,14.423451,2.851197,84.82113,-6.193812
D469,II Neoplasms,14.408183,2.879435,85.140816,-6.4456954
D470,II Neoplasms,14.424545,2.9143865,83.12926,-5.59695
D471,II Neoplasms,14.421308,2.8701932,83.555756,-5.66601
D472,II Neoplasms,14.650099,2.9611166,81.42277,-4.979667
D473,II Neoplasms,14.595526,2.9104111,81.78155,-5.149877
D474,II Neoplasms,14.365063,2.9052265,83.79065,-5.9185247
D475,II Neoplasms,14.470655,2.9202392,83.14277,-5.5187554
D477,II Neoplasms,14.398128,2.907351,83.35992,-5.711757
D479,II Neoplasms,14.369406,2.9006512,83.22473,-5.592037
D48,II Neoplasms,15.610576,3.3746395,71.22162,-5.021061
D480,II Neoplasms,15.563243,3.3715436,71.20747,-4.8007174
D481,II Neoplasms,15.606145,3.3264134,71.49281,-5.5018616
D482,II Neoplasms,15.618736,3.3878162,71.27792,-5.040143
D483,II Neoplasms,15.606178,3.3666825,71.14958,-4.916778
D484,II Neoplasms,15.558963,3.3925822,71.32859,-4.827757
D485,II Neoplasms,15.615198,3.3763933,70.90179,-5.0017304
D486,II Neoplasms,15.459719,3.4173331,70.36989,-3.013345
D4860,II Neoplasms,15.610393,3.3913846,71.21387,-5.0239773
D487,II Neoplasms,15.617614,3.407015,70.94522,-4.3970466
D489,II Neoplasms,15.623887,3.3899412,71.139435,-4.802156
D492,II Neoplasms,1.7861927,13.787368,-46.246178,-86.936584
D4951,II Neoplasms,1.7800134,13.519255,-46.246178,-86.936584
D4959,II Neoplasms,14.43107,3.0335672,-46.246178,-86.936584
D50,III Blood/Immune,14.597489,3.3889098,78.42855,-10.15881
D500,III Blood/Immune,14.743849,3.268219,78.59043,-10.561311
D501,III Blood/Immune,14.524815,3.3643968,79.27962,-10.811844
D508,III Blood/Immune,14.590874,3.4315777,78.6575,-11.298673
D509,III Blood/Immune,14.585742,3.4523199,78.43881,-11.48808
D51,III Blood/Immune,14.883793,3.052606,78.11066,-4.769362
D510,III Blood/Immune,14.81648,3.1182108,77.97711,-4.8135295
D513,III Blood/Immune,14.806074,3.054661,78.09661,-4.6152186
D518,III Blood/Immune,14.66381,2.9994364,77.9811,-5.259796
D519,III Blood/Immune,14.795455,3.0552368,77.82278,-4.8296757
D52,III Blood/Immune,14.8112135,2.796284,78.711,3.2020354
D520,III Blood/Immune,14.818824,2.8002534,78.59812,3.2010136
D521,III Blood/Immune,14.767086,2.8652408,78.787865,3.1008766
D528,III Blood/Immune,14.795268,2.8309112,78.85179,3.0899596
D529,III Blood/Immune,14.811037,2.8962617,78.67989,3.1855495
D53,III Blood/Immune,14.968512,3.3231134,74.24716,1.8563049
D530,III Blood/Immune,14.883311,3.205982,74.45182,1.7982537
D531,III Blood/Immune,14.787771,3.220364,74.49403,1.747883
D538,III Blood/Immune,14.843696,3.150106,74.47639,1.7927654
D539,III Blood/Immune,14.941297,3.2373302,74.30598,1.7739738
D55,III Blood/Immune,14.546944,2.0228493,9.711622,1.7224414
D550,III Blood/Immune,14.539026,2.0179543,9.674268,1.7208412
D552,III Blood/Immune,14.542384,1.9769936,9.722577,1.7272196
D559,III Blood/Immune,14.53785,2.0326266,9.724426,1.734322
D56,III Blood/Immune,14.847751,3.0452693,74.92442,-2.5446565
D560,III Blood/Immune,14.958425,3.0721798,74.351234,-1.8817452
D561,III Blood/Immune,14.769742,3.1237664,74.57073,-1.7225498
D563,III Blood/Immune,14.885067,3.009303,74.582825,-1.9261061
D568,III Blood/Immune,14.851717,3.049875,74.96099,-2.4342268
D569,III Blood/Immune,15.027671,3.0583205,74.43927,-2.1228592
D571,III Blood/Immune,14.549226,2.050262,11.387357,1.8955851
D573,III Blood/Immune,14.538155,2.0540667,11.654893,1.9607974
D58,III Blood/Immune,14.390127,3.1029608,82.143776,-8.000099
D580,III Blood/Immune,14.490246,3.2347662,80.777016,-10.36979
D581,III Blood/Immune,14.403625,3.1289895,82.0425,-7.993179
D582,III Blood/Immune,14.38097,3.119991,82.10116,-8.172209
D588,III Blood/Immune,14.3566885,3.0861294,82.07123,-7.942322
D589,III Blood/Immune,14.363424,3.1189098,82.04112,-8.053937
D59,III Blood/Immune,14.361833,3.1011758,81.53637,-7.82282
D590,III Blood/Immune,14.510366,3.1434712,80.33819,-8.369562
D591,III Blood/Immune,14.430921,3.2090154,80.6248,-8.621073
D592,III Blood/Immune,14.416872,3.100359,81.548225,-7.792231
D593,III Blood/Immune,14.619383,3.1554763,76.81445,-10.268521
D594,III Blood/Immune,14.39145,3.0754023,81.57805,-7.7877636
D595,III Blood/Immune,14.334577,3.0800433,81.43165,-8.301253
D598,III Blood/Immune,14.40457,3.1539416,81.194984,-8.336609
D599,III Blood/Immune,14.323158,3.0768895,81.56697,-7.762769
D60,III Blood/Immune,14.548685,2.073676,11.870291,2.0180087
D600,III Blood/Immune,14.541079,2.0740027,11.966235,2.0558267
D609,III Blood/Immune,14.523259,2.0717766,11.915446,2.0308783
D61,III Blood/Immune,14.312987,2.9750144,82.20647,-6.5869675
D610,III Blood/Immune,14.369718,2.9803689,82.250946,-6.5920954
D611,III Blood/Immune,14.343145,2.97994,82.911575,-7.503428
D612,III Blood/Immune,14.353561,3.006597,82.02795,-6.6279774
D618,III Blood/Immune,14.27812,2.9705853,82.206375,-6.5367327
D619,III Blood/Immune,14.315736,3.0263307,82.30448,-6.6949415
D62,III Blood/Immune,15.34341,3.530093,69.03263,-0.26020038
D630,III Blood/Immune,14.428766,3.2028472,79.97946,-8.722261
D638,III Blood/Immune,14.503649,2.8132992,83.716095,-4.5215616
D64,III Blood/Immune,14.487358,3.2737334,78.86556,-9.80891
D640,III Blood/Immune,14.451911,3.288557,80.02419,-9.796286
D641,III Blood/Immune,14.400683,3.2586863,80.203415,-9.763785
D642,III Blood/Immune,14.436627,3.2800207,80.210754,-9.773393
D643,III Blood/Immune,14.4306965,3.2527843,80.18164,-9.78092
D644,III Blood/Immune,14.392815,3.2794156,80.20636,-9.791142
D648,III Blood/Immune,14.405247,3.2790785,80.188324,-9.705453
D649,III Blood/Immune,14.574137,3.4565167,78.393234,-11.441857
D65,III Blood/Immune,14.867205,3.0495098,80.649666,-3.6036918
D66,III Blood/Immune,14.966961,3.1436093,76.42392,-7.724059
D67,III Blood/Immune,14.91873,3.2065914,76.364845,-5.848857
D68,III Blood/Immune,14.848453,3.0625243,75.688194,-0.29080364
D680,III Blood/Immune,14.782362,3.1842642,79.144264,-7.3392773
D681,III Blood/Immune,14.734512,3.1479783,79.288216,-5.833397
D682,III Blood/Immune,14.750426,3.126243,79.2827,-6.3011513
D683,III Blood/Immune,14.619828,3.086886,79.97714,-6.29852
D684,III Blood/Immune,14.38191,3.057159,81.16499,-6.569681
D685,III Blood/Immune,14.73053,3.1673367,79.09183,-6.5730324
D686,III Blood/Immune,14.45015,3.106994,80.24066,-7.0803638
D688,III Blood/Immune,14.66383,3.1523066,79.65301,-6.2185936
D689,III Blood/Immune,14.681246,3.145641,78.898674,-7.204042
D69,III Blood/Immune,14.642976,3.008986,79.79723,-5.052192
D690,III Blood/Immune,14.761763,2.9821532,78.65963,1.5189761
D691,III Blood/Immune,14.644559,2.9409063,80.05918,-5.0390306
D692,III Blood/Immune,14.6913185,3.0643287,78.013176,-5.866184
D693,III Blood/Immune,14.558721,3.0369272,80.11075,-5.462616
D694,III Blood/Immune,14.690228,3.0543869,78.04913,-5.893122
D6949,III Blood/Immune,14.6668415,3.0245495,79.7508,-5.1483083
D695,III Blood/Immune,14.583303,3.2153904,78.210754,-6.2261267
D696,III Blood/Immune,14.804216,3.0680177,78.76283,-4.68059
D698,III Blood/Immune,14.694385,3.0300722,79.61094,-4.9424767
D699,III Blood/Immune,14.87811,3.1249986,77.31953,-7.263239
D70,III Blood/Immune,14.755109,3.0878866,79.779724,-4.107971
D708,III Blood/Immune,14.749345,3.1560175,79.789764,-3.9542766
D71,III Blood/Immune,10.115911,-1.2518008,-23.096266,15.591657
D72,III Blood/Immune,14.782897,3.0965147,78.87653,-3.7785676
D720,III Blood/Immune,14.77965,3.0317914,78.87335,-3.7539232
D721,III Blood/Immune,14.909625,3.1074402,77.739494,-3.602935
D728,III Blood/Immune,14.75044,3.0958958,78.608765,-4.1598144
D729,III Blood/Immune,14.767228,3.0297954,78.87657,-3.9276805
D73,III Blood/Immune,14.400642,3.0689433,81.16377,-6.714752
D730,III Blood/Immune,14.494836,3.11642,79.9857,-6.809456
D731,III Blood/Immune,14.361062,3.0630581,81.27631,-6.82607
D732,III Blood/Immune,14.4003525,3.064046,81.16581,-6.7148557
D733,III Blood/Immune,14.378811,3.0990684,81.12978,-6.8666615
D734,III Blood/Immune,14.379216,3.092256,80.8394,-6.7388434
D735,III Blood/Immune,14.370997,3.1079428,81.01026,-7.1711593
D738,III Blood/Immune,14.52411,3.1048317,79.00637,-7.178272
D739,III Blood/Immune,14.433198,3.0538857,80.876526,-6.467642
D748,III Blood/Immune,14.556205,2.1236959,8.389463,1.5194821
D750,III Blood/Immune,14.833255,2.7162023,82.634346,3.6073692
D751,III Blood/Immune,14.803311,2.7333124,82.87359,3.838938
D752,III Blood/Immune,14.82985,2.6797385,82.56709,3.569683
D758,III Blood/Immune,14.763004,3.002379,78.10749,-4.6143203
D759,III Blood/Immune,14.779052,2.7375374,82.74003,3.8378286
D760,III Blood/Immune,14.781169,2.9698524,79.338425,-2.9910514
D761,III Blood/Immune,14.737069,3.0247812,79.36854,-3.268257
D763,III Blood/Immune,14.796075,3.0201657,79.402954,-3.289282
D77,III Blood/Immune,14.886564,3.0070915,78.367546,-1.6784164
D7811,III Blood/Immune,3.7527769,1.3272105,-43.489273,-7.9435496
D7812,III Blood/Immune,3.7868614,1.2974801,-43.482494,-7.944909
D80,III Blood/Immune,14.9153805,2.932487,77.20482,-0.8472413
D800,III Blood/Immune,14.960716,2.9560657,77.17371,-0.8391232
D801,III Blood/Immune,14.958827,2.8973982,76.8853,-0.6009663
D802,III Blood/Immune,14.952385,2.9499505,76.3371,-0.781514
D803,III Blood/Immune,14.974312,2.9777718,76.531975,-0.7871851
D804,III Blood/Immune,14.962796,2.9177012,76.92573,-0.90168417
D805,III Blood/Immune,14.954562,2.9764953,76.97448,-0.83181286
D806,III Blood/Immune,14.920305,2.8681002,77.21492,-0.8588944
D808,III Blood/Immune,14.960561,2.8816955,76.97719,-0.74837255
D809,III Blood/Immune,14.859432,2.9536,75.98609,-0.44947597
D810,III Blood/Immune,10.105408,-1.2550484,-23.104633,15.526497
D823,III Blood/Immune,14.546258,2.015715,8.615613,1.5482849
D829,III Blood/Immune,14.598054,1.9848111,9.453122,1.5801073
D83,III Blood/Immune,14.913602,2.904587,78.49043,-1.2757386
D830,III Blood/Immune,15.018023,2.8434482,78.444786,-1.2480696
D831,III Blood/Immune,15.008557,2.851537,77.79723,-0.31954148
D838,III Blood/Immune,14.936275,2.8984668,78.473495,-1.2571063
D839,III Blood/Immune,14.944763,2.9308147,78.0716,-1.2283298
D84,III Blood/Immune,14.88953,3.0089931,79.10283,-2.3747656
D840,III Blood/Immune,14.801353,3.0868933,79.07279,-2.3905675
D841,III Blood/Immune,14.786784,3.1266162,78.84259,-2.4494553
D848,III Blood/Immune,14.807748,3.0625267,79.073784,-2.315829
D849,III Blood/Immune,14.73996,3.1118305,78.86014,-2.564551
D86,III Blood/Immune,14.821316,3.0197592,76.12015,-2.3163621
D860,III Blood/Immune,14.864443,3.005954,76.857475,-2.656058
D861,III Blood/Immune,14.883274,3.00411,76.46968,-2.315158
D862,III Blood/Immune,14.958728,2.9135697,76.483475,-2.3225565
D863,III Blood/Immune,14.958939,3.0529153,76.50015,-2.395097
D868,III Blood/Immune,14.866144,3.0389013,76.90928,-2.6422207
D869,III Blood/Immune,14.791235,3.0804105,77.296394,-2.9435246
D89,III Blood/Immune,14.563335,2.938212,82.287834,-4.8423867
D890,III Blood/Immune,14.590439,2.9770582,82.065285,-4.834566
D891,III Blood/Immune,14.600045,2.942676,82.24997,-4.8003426
D892,III Blood/Immune,14.641771,2.9777064,81.79139,-4.5036893
D898,III Blood/Immune,14.607154,2.987851,81.87339,-4.494298
D899,III Blood/Immune,14.486144,2.9377189,82.664604,-5.2466154
E00,IV Endocrine/Metabolic,8.470314,0.7490729,18.49111,0.66994345
E010,IV Endocrine/Metabolic,8.459834,0.7462947,18.36234,0.6729854
E011,IV Endocrine/Metabolic,8.509224,0.7989095,18.39624,0.67230886
E012,IV Endocrine/Metabolic,8.481083,0.76326966,18.433176,0.67194784
E018,IV Endocrine/Metabolic,8.494116,0.7846976,18.429068,0.6688985
E02,IV Endocrine/Metabolic,8.553948,0.8559166,19.29204,0.23668495
E03,IV Endocrine/Metabolic,11.776867,18.971466,19.581404,0.035387814
E030,IV Endocrine/Metabolic,11.609557,19.20008,19.44777,0.15457293
E031,IV Endocrine/Metabolic,2.1036282,14.639837,-11.362341,-82.14793
E032,IV Endocrine/Metabolic,2.2365217,14.469724,-14.852307,-84.476524
E033,IV Endocrine/Metabolic,2.3165908,14.445925,-14.932679,-84.50427
E034,IV Endocrine/Metabolic,2.341948,14.382102,-15.051998,-84.56031
E035,IV Endocrine/Metabolic,2.347251,14.344991,-14.996306,-84.57648
E038,IV Endocrine/Metabolic,2.3089907,14.647895,-11.746973,-82.32741
E039,IV Endocrine/Metabolic,2.4367194,14.763589,-8.057902,-78.24166
E04,IV Endocrine/Metabolic,2.093583,14.621831,-10.562827,-83.28187
E040,IV Endocrine/Metabolic,2.04414,14.572758,-11.096135,-83.0787
E041,IV Endocrine/Metabolic,2.0657616,14.607917,-10.317499,-83.13524
E042,IV Endocrine/Metabolic,2.0073056,14.649341,-10.332277,-83.21413
E048,IV Endocrine/Metabolic,2.0333443,14.462808,-11.414497,-83.403915
E049,IV Endocrine/Metabolic,2.0020552,14.57065,-10.205277,-83.55245
E05,IV Endocrine/Metabolic,2.260242,14.695744,-11.190484,-81.47647
E050,IV Endocrine/Metabolic,2.193555,14.730926,-10.230784,-81.75937
E051,IV Endocrine/Metabolic,2.223476,14.724671,-10.512632,-81.50681
E052,IV Endocrine/Metabolic,2.236611,14.707537,-10.484463,-81.3294
E053,IV Endocrine/Metabolic,2.1751924,14.693406,-10.429833,-81.5991
E055,IV Endocrine/Metabolic,2.1999886,14.703464,-10.45157,-81.58482
E058,IV Endocrine/Metabolic,2.1710494,14.721543,-10.562904,-81.519394
E059,IV Endocrine/Metabolic,2.2802877,14.75838,-8.931414,-80.02195
E06,IV Endocrine/Metabolic,2.0907345,14.523148,-9.3080435,-82.51572
E060,IV Endocrine/Metabolic,2.0577598,14.575476,-9.325453,-82.46348
E061,IV Endocrine/Metabolic,2.058971,14.543994,-9.380299,-82.54907
E062,IV Endocrine/Metabolic,2.0452492,14.561536,-9.163103,-82.56023
E063,IV Endocrine/Metabolic,1.9979537,14.565981,-9.3045845,-83.238045
E064,IV Endocrine/Metabolic,2.0541244,14.584652,-9.189529,-82.522255
E065,IV Endocrine/Metabolic,2.0655396,14.573315,-9.056686,-82.757256
E069,IV Endocrine/Metabolic,2.0060139,14.574657,-9.178576,-83.48719
E07,IV Endocrine/Metabolic,2.0375607,14.5345745,-11.574596,-83.06857
E070,IV Endocrine/Metabolic,2.1048315,14.55762,-10.813859,-82.8358
E078,IV Endocrine/Metabolic,2.083718,14.507526,-10.801762,-83.09419
E079,IV Endocrine/Metabolic,2.0311432,14.555452,-11.218027,-82.605354
E0842,IV Endocrine/Metabolic,1.7501149,13.466054,-19.208475,-79.28081
E0942,IV Endocrine/Metabolic,1.7617557,13.49014,-19.183836,-79.302185
E10,IV Endocrine/Metabolic,2.5662756,14.331373,-15.51803,-88.956116
E100,IV Endocrine/Metabolic,2.5596068,14.332725,-14.75896,-87.86462
E101,IV Endocrine/Metabolic,2.5728233,14.328118,-13.954591,-87.16771
E102,IV Endocrine/Metabolic,2.5710335,14.290895,-14.638312,-88.19024
E103,IV Endocrine/Metabolic,2.6153193,14.295886,-14.357454,-88.61324
E104,IV Endocrine/Metabolic,2.5811381,14.318682,-13.973309,-88.194534
E1042,IV Endocrine/Metabolic,2.461197,14.312465,-13.785705,-87.49644
E105,IV Endocrine/Metabolic,2.489299,14.349628,-13.87716,-87.78938
E106,IV Endocrine/Metabolic,2.563353,14.315855,-14.140764,-87.72897
E107,IV Endocrine/Metabolic,2.4703214,14.331201,-13.942122,-87.53078
E108,IV Endocrine/Metabolic,2.4698305,14.3147545,-13.616435,-87.25828
E109,IV Endocrine/Metabolic,2.46333,14.542535,-14.159909,-86.540054
E11,IV Endocrine/Metabolic,2.5462177,14.400826,-15.304212,-89.90729
E110,IV Endocrine/Metabolic,2.5172236,14.422675,-12.952288,-88.89977
E111,IV Endocrine/Metabolic,2.5190504,14.308506,-13.381561,-87.655266
E1110,IV Endocrine/Metabolic,2.5742314,14.368039,-13.830033,-87.92506
E112,IV Endocrine/Metabolic,2.5963686,14.330469,-14.209297,-88.63317
E113,IV Endocrine/Metabolic,2.6086764,14.340307,-14.12538,-89.07665
E114,IV Endocrine/Metabolic,2.694857,14.29917,-14.150187,-88.89561
E1142,IV Endocrine/Metabolic,2.5997806,14.339945,-13.815432,-87.915794
E115,IV Endocrine/Metabolic,2.6085763,14.322371,-13.845087,-88.58169
E116,IV Endocrine/Metabolic,2.6110013,14.323678,-13.75256,-88.124
E1169,IV Endocrine/Metabolic,2.586127,14.355325,-13.825912,-87.92333
E117,IV Endocrine/Metabolic,2.5989933,14.336403,-13.7851715,-87.89291
E118,IV Endocrine/Metabolic,2.6219115,14.330945,-14.021981,-88.06575
E119,IV Endocrine/Metabolic,2.4678712,14.718751,-8.703273,-78.053024
E121,IV Endocrine/Metabolic,1.7542417,13.473451,-19.32116,-79.1609
E13,IV Endocrine/Metabolic,1.99811,14.288291,-9.492115,-88.47056
E130,IV Endocrine/Metabolic,2.066329,14.295644,-9.996059,-88.771545
E131,IV Endocrine/Metabolic,1.9680483,14.2884655,-9.468436,-88.20653
E1310,IV Endocrine/Metabolic,2.000949,14.3042145,-9.749175,-88.35436
E132,IV Endocrine/Metabolic,2.0231292,14.314602,-9.658869,-88.2315
E133,IV Endocrine/Metabolic,2.0432076,14.297607,-9.678499,-88.206985
E1342,IV Endocrine/Metabolic,2.026721,14.292177,-9.708287,-88.2378
E138,IV Endocrine/Metabolic,2.0369444,14.295487,-9.918863,-88.1589
E139,IV Endocrine/Metabolic,1.9696317,14.290229,-9.160111,-88.41961
E14,IV Endocrine/Metabolic,2.6023026,14.349772,-15.475858,-88.669975
E140,IV Endocrine/Metabolic,2.546302,14.338087,-14.301334,-87.64394
E141,IV Endocrine/Metabolic,2.4909043,14.366405,-13.578923,-87.313545
E142,IV Endocrine/Metabolic,2.5969386,14.289618,-15.080241,-88.15364
E143,IV Endocrine/Metabolic,2.6427057,14.3257675,-16.377106,-87.452835
E144,IV Endocrine/Metabolic,2.6150389,14.314775,-15.475036,-88.70891
E145,IV Endocrine/Metabolic,2.5817008,14.225843,-16.15663,-88.24082
E146,IV Endocrine/Metabolic,2.5662043,14.306139,-15.591438,-87.96878
E147,IV Endocrine/Metabolic,2.5554476,14.3162775,-14.297257,-87.638405
E148,IV Endocrine/Metabolic,2.5977497,14.3440275,-14.273337,-87.63176
E149,IV Endocrine/Metabolic,2.451083,14.702447,-9.035265,-78.491455
E15,IV Endocrine/Metabolic,1.7551687,13.480109,-19.16513,-79.32298
E16,IV Endocrine/Metabolic,2.3618696,14.4978,-12.475359,-86.00978
E160,IV Endocrine/Metabolic,2.3817897,14.310397,-12.521308,-86.74663
E161,IV Endocrine/Metabolic,2.3479016,14.406146,-12.626516,-86.41341
E162,IV Endocrine/Metabolic,2.3984354,14.542518,-12.533441,-85.99653
E168,IV Endocrine/Metabolic,2.359773,14.54983,-12.56992,-85.40592
E169,IV Endocrine/Metabolic,2.373965,14.526131,-12.461636,-85.98888
E200,IV Endocrine/Metabolic,2.2984428,14.36776,-12.88765,-86.880226
E208,IV Endocrine/Metabolic,2.334388,14.391022,-13.175078,-86.67741
E209,IV Endocrine/Metabolic,2.3816366,14.402969,-12.968155,-86.82832
E210,IV Endocrine/Metabolic,1.9680597,14.509053,-9.272216,-84.92619
E211,IV Endocrine/Metabolic,2.0893867,14.510093,-9.4410925,-85.564705
E212,IV Endocrine/Metabolic,2.0242171,14.456467,-9.286153,-85.76965
E213,IV Endocrine/Metabolic,1.9479183,14.590266,-8.925177,-84.57982
E214,IV Endocrine/Metabolic,1.9666644,14.510581,-9.251835,-85.04912
E215,IV Endocrine/Metabolic,1.9151121,14.526802,-9.297706,-85.450226
E22,IV Endocrine/Metabolic,1.9865866,14.506439,-8.3452215,-86.260284
E220,IV Endocrine/Metabolic,1.9172485,14.401557,-7.970668,-86.654755
E221,IV Endocrine/Metabolic,2.0845335,14.601918,-9.771334,-84.33955
E222,IV Endocrine/Metabolic,2.3059978,14.515492,-13.355936,-85.79391
E228,IV Endocrine/Metabolic,2.0041428,14.474599,-8.512797,-86.4239
E229,IV Endocrine/Metabolic,2.0143094,14.446249,-8.51247,-86.48359
E230,IV Endocrine/Metabolic,1.9990402,14.574884,-9.949631,-84.469246
E231,IV Endocrine/Metabolic,2.1044788,14.539689,-10.820794,-85.125885
E232,IV Endocrine/Metabolic,2.0954475,14.5431595,-10.352104,-84.739975
E233,IV Endocrine/Metabolic,2.1206086,14.546042,-10.367493,-84.63546
E236,IV Endocrine/Metabolic,2.0585165,14.488874,-10.501583,-84.844185
E237,IV Endocrine/Metabolic,2.2035584,14.515762,-11.174875,-85.10457
E24,IV Endocrine/Metabolic,1.8145576,14.105905,-7.5153303,-88.2249
E240,IV Endocrine/Metabolic,1.797877,14.090685,-7.4477167,-88.30491
E241,IV Endocrine/Metabolic,1.8165319,14.184922,-7.520922,-88.11915
E242,IV Endocrine/Metabolic,1.8213893,14.144691,-7.489906,-88.29728
E243,IV Endocrine/Metabolic,1.8008053,14.2688465,-7.4236193,-88.08049
E248,IV Endocrine/Metabolic,1.7534136,14.140796,-7.4843965,-88.22867
E249,IV Endocrine/Metabolic,1.8583527,14.259687,-7.5509596,-87.98012
E250,IV Endocrine/Metabolic,1.9656808,13.887668,-16.933296,-81.18289
E259,IV Endocrine/Metabolic,2.021432,14.106567,-16.237637,-81.52778
E26,IV Endocrine/Metabolic,2.1433096,14.401859,-11.218064,-86.62694
E260,IV Endocrine/Metabolic,2.3368607,14.306982,-12.209106,-86.86067
E261,IV Endocrine/Metabolic,2.1746871,14.419904,-11.074401,-86.49438
E269,IV Endocrine/Metabolic,2.2401931,14.401174,-11.384069,-86.5519
E27,IV Endocrine/Metabolic,1.8138212,14.626344,-7.575509,-84.26996
E271,IV Endocrine/Metabolic,1.9231817,14.597345,-8.465383,-83.97234
E272,IV Endocrine/Metabolic,1.7550184,14.537564,-7.617852,-85.36115
E273,IV Endocrine/Metabolic,1.7958612,14.624219,-7.478115,-83.94486
E274,IV Endocrine/Metabolic,1.820614,14.577815,-7.3421364,-84.75237
E275,IV Endocrine/Metabolic,1.7936645,14.617286,-7.533017,-84.30711
E278,IV Endocrine/Metabolic,1.799611,14.617784,-7.200262,-84.34583
E279,IV Endocrine/Metabolic,1.8361294,14.596993,-7.8978233,-84.34749
E28,IV Endocrine/Metabolic,2.2516105,14.597808,-10.419428,-80.51495
E281,IV Endocrine/Metabolic,2.2649019,14.580275,-10.498388,-80.34179
E282,IV Endocrine/Metabolic,2.2471113,14.659866,-9.631234,-81.02227
E283,IV Endocrine/Metabolic,2.2748682,14.53399,-10.734585,-80.216705
E288,IV Endocrine/Metabolic,2.2792027,14.598297,-10.724504,-80.138336
E289,IV Endocrine/Metabolic,2.2306755,14.613273,-10.500845,-80.491325
E29,IV Endocrine/Metabolic,2.1366765,14.296844,-11.03109,-87.66531
E290,IV Endocrine/Metabolic,2.1924229,14.2548685,-11.065184,-87.69548
E291,IV Endocrine/Metabolic,2.166554,14.269116,-11.050438,-88.007935
E298,IV Endocrine/Metabolic,2.194359,14.297385,-11.128239,-87.68042
E299,IV Endocrine/Metabolic,2.180173,14.252338,-11.172996,-87.708466
E300,IV Endocrine/Metabolic,1.7585962,13.498943,-19.098616,-79.38103
E308,IV Endocrine/Metabolic,1.7730718,13.532591,-18.976555,-79.51249
E309,IV Endocrine/Metabolic,1.791087,13.595202,-18.713528,-79.7578
E310,IV Endocrine/Metabolic,1.7567748,13.480346,-19.29678,-79.18447
E320,IV Endocrine/Metabolic,1.9551603,13.85638,-17.423277,-81.26885
E328,IV Endocrine/Metabolic,1.9756175,13.917326,-17.253275,-81.08848
E329,IV Endocrine/Metabolic,1.9860616,13.922857,-17.05,-81.64178
E340,IV Endocrine/Metabolic,1.9844619,14.2459545,-9.55707,-89.36213
E343,IV Endocrine/Metabolic,1.970368,14.296775,-9.589809,-89.35194
E345,IV Endocrine/Metabolic,2.032071,14.313017,-9.626572,-89.33386
E348,IV Endocrine/Metabolic,2.0392091,14.276541,-9.6246395,-89.319824
E349,IV Endocrine/Metabolic,1.9820825,14.294334,-9.198765,-89.62789
E350,IV Endocrine/Metabolic,1.8696202,13.766196,-18.130566,-80.1697
E351,IV Endocrine/Metabolic,1.987186,14.186743,-14.792168,-80.2497
E3611,IV Endocrine/Metabolic,1.7670889,13.529648,-18.942944,-79.54833
E3612,IV Endocrine/Metabolic,1.7788466,13.532529,-18.990665,-79.50373
E40,IV Endocrine/Metabolic,2.2991319,14.596269,-12.519909,-84.39762
E41,IV Endocrine/Metabolic,1.7717865,13.543529,-18.923874,-79.584305
E43,IV Endocrine/Metabolic,2.0109127,14.242303,-15.027911,-80.44106
E440,IV Endocrine/Metabolic,1.7555689,13.481213,-19.306187,-79.17409
E45,IV Endocrine/Metabolic,1.7571269,13.483933,-19.199474,-79.29307
E46,IV Endocrine/Metabolic,2.2889097,14.491443,-12.942855,-84.737144
E50,IV Endocrine/Metabolic,2.333634,13.639017,-18.363441,-83.94711
E500,IV Endocrine/Metabolic,2.3242528,13.637604,-18.366901,-83.96434
E501,IV Endocrine/Metabolic,2.3149378,13.647799,-18.346243,-83.92329
E502,IV Endocrine/Metabolic,2.3329012,13.618263,-18.36252,-83.92655
E503,IV Endocrine/Metabolic,2.3149908,13.643361,-18.357618,-83.92834
E504,IV Endocrine/Metabolic,2.301992,13.656921,-18.361382,-83.97535
E505,IV Endocrine/Metabolic,2.297314,13.691092,-18.553144,-83.32038
E506,IV Endocrine/Metabolic,2.3271286,13.638066,-18.360449,-83.9428
E507,IV Endocrine/Metabolic,2.32285,13.639678,-18.360582,-83.95199
E508,IV Endocrine/Metabolic,2.378537,13.632602,-18.973417,-84.695984
E509,IV Endocrine/Metabolic,2.3496447,13.619495,-18.362549,-83.95279
E512,IV Endocrine/Metabolic,2.342652,14.37379,-13.968605,-85.195625
E518,IV Endocrine/Metabolic,2.1578665,14.34403,-14.013254,-82.87841
E519,IV Endocrine/Metabolic,2.1450808,14.446202,-13.908876,-82.88854
E52,IV Endocrine/Metabolic,2.4847832,14.270889,-16.928389,-88.53383
E53,IV Endocrine/Metabolic,2.3653834,14.762272,-7.377607,-80.691414
E530,IV Endocrine/Metabolic,2.3191748,14.725336,-7.4096117,-80.69197
E531,IV Endocrine/Metabolic,2.3033438,14.748578,-7.3788896,-80.70045
E538,IV Endocrine/Metabolic,2.3198366,14.808965,-7.1745853,-80.05715
E539,IV Endocrine/Metabolic,2.332848,14.701584,-7.6330094,-80.64158
E54,IV Endocrine/Metabolic,1.9723464,13.863623,-17.431581,-81.32787
E55,IV Endocrine/Metabolic,2.4111652,14.591304,-13.281463,-85.05894
E550,IV Endocrine/Metabolic,2.3305337,14.667247,-12.622422,-85.18708
E559,IV Endocrine/Metabolic,2.3781145,14.746931,-7.400496,-79.47511
E56,IV Endocrine/Metabolic,2.1218035,14.230159,-13.729718,-81.40259
E560,IV Endocrine/Metabolic,2.142998,14.337778,-13.416272,-82.08972
E561,IV Endocrine/Metabolic,2.0856435,14.289902,-14.071696,-82.41229
E568,IV Endocrine/Metabolic,2.0135684,13.964637,-16.53659,-81.511856
E569,IV Endocrine/Metabolic,2.1581652,14.294592,-14.40492,-81.82214
E58,IV Endocrine/Metabolic,2.2036643,14.321861,-13.910306,-81.41154
E60,IV Endocrine/Metabolic,1.8832608,13.782166,-18.00964,-80.65824
E610,IV Endocrine/Metabolic,2.2586784,14.731562,-7.126901,-80.60711
E611,IV Endocrine/Metabolic,2.2728896,14.752916,-6.959305,-80.34789
E612,IV Endocrine/Metabolic,2.3227804,14.754962,-7.07549,-80.58209
E618,IV Endocrine/Metabolic,2.2457867,14.767754,-7.163731,-80.63743
E619,IV Endocrine/Metabolic,2.2792435,14.7121525,-7.173827,-80.62905
E63,IV Endocrine/Metabolic,2.2298155,14.457311,-11.745018,-77.649086
E639,IV Endocrine/Metabolic,2.6269324,14.146792,39.96711,-18.532959
E640,IV Endocrine/Metabolic,1.9873785,13.863193,-17.556396,-81.70294
E65,IV Endocrine/Metabolic,2.1132038,14.001542,-16.831188,-83.21091
E66,IV Endocrine/Metabolic,2.444452,14.485307,-15.250145,-90.229385
E660,IV Endocrine/Metabolic,2.3634815,14.683501,-9.529214,-79.306015
E661,IV Endocrine/Metabolic,2.3839602,14.657816,-9.555954,-79.384155
E662,IV Endocrine/Metabolic,2.452032,14.545602,-12.847878,-88.26939
E668,IV Endocrine/Metabolic,2.3555372,14.775545,-9.1768465,-79.19621
E669,IV Endocrine/Metabolic,2.481549,14.834917,-8.462029,-78.351105
E670,IV Endocrine/Metabolic,1.9274476,13.830974,-17.946886,-80.9441
E671,IV Endocrine/Metabolic,1.9326785,13.818949,-18.086658,-80.903885
E678,IV Endocrine/Metabolic,1.9807333,13.890796,-17.204283,-81.547356
E70,IV Endocrine/Metabolic,2.381797,14.611435,-12.16851,-79.770294
E700,IV Endocrine/Metabolic,2.4017608,14.613235,-12.164066,-79.771576
E701,IV Endocrine/Metabolic,2.4822936,14.658719,-12.171073,-79.768
E702,IV Endocrine/Metabolic,2.455368,14.617318,-12.220783,-79.41094
E703,IV Endocrine/Metabolic,2.5067754,14.57068,-12.304126,-79.84265
E708,IV Endocrine/Metabolic,2.4184895,14.613244,-12.1801195,-79.78154
E711,IV Endocrine/Metabolic,1.9921105,14.227176,-14.964184,-80.17582
E712,IV Endocrine/Metabolic,1.9518439,13.935714,-16.708303,-80.86635
E713,IV Endocrine/Metabolic,1.9331461,14.0417,-15.9027815,-80.55406
E720,IV Endocrine/Metabolic,2.0593007,13.850456,-17.549145,-83.03209
E7200,IV Endocrine/Metabolic,2.0215416,13.838603,-17.601414,-82.34295
E7201,IV Endocrine/Metabolic,1.9977062,13.847296,-17.662027,-81.980515
E7204,IV Endocrine/Metabolic,1.9722078,13.822388,-17.768082,-81.82394
E7209,IV Endocrine/Metabolic,2.0208886,13.845315,-17.622057,-82.507256
E721,IV Endocrine/Metabolic,2.0713134,13.931215,-17.387934,-82.90112
E722,IV Endocrine/Metabolic,2.061937,13.809095,-17.611538,-82.84917
E725,IV Endocrine/Metabolic,1.9974893,13.847577,-17.612705,-82.086525
E728,IV Endocrine/Metabolic,2.0123572,13.807057,-17.648626,-82.47355
E73,IV Endocrine/Metabolic,2.1991062,14.45172,-12.684862,-83.70896
E730,IV Endocrine/Metabolic,2.1786544,14.59824,-8.564771,-81.44482
E731,IV Endocrine/Metabolic,2.184574,14.508743,-8.70452,-81.59885
E738,IV Endocrine/Metabolic,2.1705375,14.591314,-8.69408,-81.59332
E739,IV Endocrine/Metabolic,2.133881,14.604568,-8.597477,-81.56896
E74,IV Endocrine/Metabolic,2.1706412,14.481592,-13.036527,-80.99368
E740,IV Endocrine/Metabolic,2.2974324,14.529928,-12.549676,-80.93634
E741,IV Endocrine/Metabolic,2.2681494,14.497649,-12.801835,-80.932686
E742,IV Endocrine/Metabolic,2.261742,14.445239,-12.943008,-80.95908
E743,IV Endocrine/Metabolic,2.1975596,14.551448,-12.52944,-80.85649
E748,IV Endocrine/Metabolic,2.2145894,14.298678,-13.5473585,-81.1884
E749,IV Endocrine/Metabolic,2.206133,14.476833,-12.870662,-80.94242
E75,IV Endocrine/Metabolic,2.0146673,14.309399,-14.380081,-79.3039
E750,IV Endocrine/Metabolic,1.986322,14.262044,-14.576599,-79.475624
E752,IV Endocrine/Metabolic,1.9377412,14.298942,-14.497846,-79.02393
E755,IV Endocrine/Metabolic,2.0647469,14.214866,-14.532329,-79.67479
E756,IV Endocrine/Metabolic,1.9436889,14.23336,-14.4568615,-79.281784
E760,IV Endocrine/Metabolic,1.9378867,13.894699,-17.499743,-80.542816
E761,IV Endocrine/Metabolic,1.9313579,13.881789,-17.55765,-80.755165
E762,IV Endocrine/Metabolic,1.9204684,13.880922,-17.417994,-80.34565
E763,IV Endocrine/Metabolic,1.9833561,14.054572,-16.160719,-80.88845
E778,IV Endocrine/Metabolic,2.0084655,13.834308,-17.702423,-82.526505
E78,IV Endocrine/Metabolic,2.509268,14.452392,-15.567409,-86.18525
E780,IV Endocrine/Metabolic,2.4298713,14.78232,-8.165471,-78.1776
E7800,IV Endocrine/Metabolic,2.4978807,14.474654,-15.589436,-86.200615
E7801,IV Endocrine/Metabolic,2.5524383,14.40779,-15.639406,-86.372055
E781,IV Endocrine/Metabolic,2.592549,14.3925295,-16.086573,-86.68964
E782,IV Endocrine/Metabolic,2.558668,14.41663,-16.265667,-86.502716
E783,IV Endocrine/Metabolic,2.5820405,14.405564,-16.040724,-86.69538
E784,IV Endocrine/Metabolic,2.6540458,14.409832,-15.735157,-86.57576
E785,IV Endocrine/Metabolic,2.31985,14.828536,-8.251664,-78.54373
E786,IV Endocrine/Metabolic,2.57007,14.397786,-16.051397,-86.72865
E788,IV Endocrine/Metabolic,2.4135404,14.532566,-15.254617,-86.13842
E789,IV Endocrine/Metabolic,2.4347785,14.506201,-15.273998,-85.86355
E790,IV Endocrine/Metabolic,2.1840518,14.387459,-13.631505,-83.532135
E791,IV Endocrine/Metabolic,2.1208057,14.405623,-13.567913,-82.61101
E798,IV Endocrine/Metabolic,2.0671983,14.31137,-14.630118,-82.44801
E80,IV Endocrine/Metabolic,2.3027592,14.708469,-9.617672,-80.57952
E800,IV Endocrine/Metabolic,2.3107097,14.700138,-9.842935,-80.52296
E801,IV Endocrine/Metabolic,2.3216577,14.710352,-9.3871565,-80.636284
E802,IV Endocrine/Metabolic,2.2707837,14.693102,-9.624921,-80.90717
E804,IV Endocrine/Metabolic,2.3421588,14.735604,-9.129679,-79.868126
E805,IV Endocrine/Metabolic,2.3678489,14.734345,-9.5607605,-80.505554
E806,IV Endocrine/Metabolic,2.3271072,14.718589,-9.577751,-80.45138
E807,IV Endocrine/Metabolic,2.3370614,14.6915245,-9.475807,-80.40188
E83,IV Endocrine/Metabolic,1.7853072,14.584693,-7.221706,-85.06596
E830,IV Endocrine/Metabolic,1.7282978,14.541398,-7.2892756,-84.98851
E831,IV Endocrine/Metabolic,1.7487936,14.537344,-6.983738,-85.955734
E832,IV Endocrine/Metabolic,1.780731,14.564293,-7.2192364,-85.05146
E833,IV Endocrine/Metabolic,2.129205,15.008718,-6.1352053,-82.374306
E834,IV Endocrine/Metabolic,1.7588674,14.609114,-6.68032,-84.43876
E835,IV Endocrine/Metabolic,1.7705417,14.6790085,-6.838477,-84.71422
E838,IV Endocrine/Metabolic,1.7674173,14.54663,-7.1158485,-84.79627
E839,IV Endocrine/Metabolic,1.7780052,14.554012,-7.265868,-84.994125
E84,IV Endocrine/Metabolic,2.1881807,14.552735,-11.701539,-77.624535
E840,IV Endocrine/Metabolic,2.1881928,14.489367,-11.710962,-77.50381
E841,IV Endocrine/Metabolic,2.220277,14.5149,-11.719488,-77.25701
E849,IV Endocrine/Metabolic,2.2394562,14.451745,-11.776122,-77.53068
E85,IV Endocrine/Metabolic,1.8629965,14.571455,-5.009465,-86.65181
E850,IV Endocrine/Metabolic,1.8508252,14.591096,-4.9679713,-86.56771
E851,IV Endocrine/Metabolic,1.8409662,14.592051,-5.0126424,-86.61469
E852,IV Endocrine/Metabolic,1.8765416,14.558144,-4.961812,-86.65566
E853,IV Endocrine/Metabolic,1.787642,14.576127,-4.9224753,-86.53819
E854,IV Endocrine/Metabolic,1.8454635,14.608762,-4.9508047,-86.48972
E858,IV Endocrine/Metabolic,1.8575984,14.646523,-4.9284453,-86.498245
E859,IV Endocrine/Metabolic,1.8181852,14.676406,-4.9265804,-86.42578
E86,IV Endocrine/Metabolic,2.160083,15.112916,-5.538844,-81.56841
E870,IV Endocrine/Metabolic,2.1290722,15.0893755,-5.632341,-81.89772
E871,IV Endocrine/Metabolic,2.1568642,15.070118,-5.654865,-81.52322
E872,IV Endocrine/Metabolic,2.100885,15.100806,-5.178084,-82.10874
E873,IV Endocrine/Metabolic,2.1471992,15.048199,-5.3868794,-82.027954
E874,IV Endocrine/Metabolic,2.1289735,15.06792,-5.630124,-82.03045
E875,IV Endocrine/Metabolic,2.1533403,15.061951,-5.7892385,-81.582504
E876,IV Endocrine/Metabolic,2.1376023,15.08733,-5.7163143,-81.7797
E877,IV Endocrine/Metabolic,2.1208916,15.095976,-4.8710675,-82.089386
E8770,IV Endocrine/Metabolic,2.1065423,15.075404,-5.6067014,-82.03402
E8779,IV Endocrine/Metabolic,2.115425,15.073167,-5.6120872,-82.035
E878,IV Endocrine/Metabolic,2.110784,15.028927,-6.039672,-82.514626
E880,IV Endocrine/Metabolic,2.0910242,15.096179,-5.8472176,-82.00532
E881,IV Endocrine/Metabolic,2.1328287,14.64355,-7.4176846,-82.43152
E882,IV Endocrine/Metabolic,2.2458591,14.425097,-13.205874,-83.857254
E883,IV Endocrine/Metabolic,2.229142,14.597793,-11.479499,-84.52274
E888,IV Endocrine/Metabolic,2.0940535,14.742954,-6.87369,-82.626724
E889,IV Endocrine/Metabolic,2.223671,14.767616,-7.4254284,-81.52362
E890,IV Endocrine/Metabolic,1.9874176,14.764638,-8.084909,-82.76769
E891,IV Endocrine/Metabolic,1.8430086,14.739112,-7.547043,-83.376724
E892,IV Endocrine/Metabolic,1.875306,14.615269,-8.627644,-84.48983
E893,IV Endocrine/Metabolic,1.8924404,14.666325,-8.195612,-83.86709
E894,IV Endocrine/Metabolic,1.8717632,14.702947,-8.05965,-83.35467
E8940,IV Endocrine/Metabolic,1.8593993,14.702126,-8.10314,-83.49013
E8941,IV Endocrine/Metabolic,1.8369044,14.723862,-8.105453,-83.48757
E895,IV Endocrine/Metabolic,1.7758522,14.752556,-8.132965,-83.51056
E896,IV Endocrine/Metabolic,1.8362408,14.724232,-8.655986,-84.04382
E898,IV Endocrine/Metabolic,1.8217412,14.736098,-7.9480085,-83.53864
E899,IV Endocrine/Metabolic,1.848784,14.696811,-8.083275,-83.49278
F000,V  Mental/Behavioural,3.1894372,17.204576,11.281774,-51.999767
F001,V  Mental/Behavioural,3.1887887,17.278532,11.23915,-52.10376
F002,V  Mental/Behavioural,3.189257,17.27365,11.22877,-52.165565
F009,V  Mental/Behavioural,3.176326,17.310537,11.236391,-52.23131
F01,V  Mental/Behavioural,3.2616127,17.404465,8.65437,-58.996872
F010,V  Mental/Behavioural,3.2440813,17.38867,8.6257,-59.048687
F011,V  Mental/Behavioural,3.2349627,17.416399,8.515458,-58.99618
F012,V  Mental/Behavioural,3.2384415,17.394392,8.565408,-59.039715
F013,V  Mental/Behavioural,3.2582698,17.405636,8.570426,-59.025364
F018,V  Mental/Behavioural,3.2169201,17.376816,8.552069,-58.940285
F019,V  Mental/Behavioural,3.2260225,17.372374,8.685832,-58.525696
F020,V  Mental/Behavioural,3.106955,17.409992,10.70516,-53.776745
F022,V  Mental/Behavioural,3.0827203,17.421764,10.762451,-53.79851
F023,V  Mental/Behavioural,3.1464305,17.347431,10.789904,-53.859177
F028,V  Mental/Behavioural,3.1326566,17.363403,10.764857,-53.762486
F03,V  Mental/Behavioural,3.1731732,17.242659,9.8557,-55.992523
F04,V  Mental/Behavioural,3.2890456,17.446913,8.425326,-59.386337
F05,V  Mental/Behavioural,3.1666684,17.371069,10.060648,-54.688004
F050,V  Mental/Behavioural,3.1470072,17.304186,10.055626,-54.729317
F051,V  Mental/Behavioural,3.1723945,17.370373,10.185245,-54.417027
F058,V  Mental/Behavioural,3.1407592,17.434467,10.043717,-54.642895
F059,V  Mental/Behavioural,3.1523938,17.277155,9.976132,-55.09902
F060,V  Mental/Behavioural,3.2776535,17.58716,5.8936048,-59.76823
F062,V  Mental/Behavioural,3.1968637,17.6823,5.2616763,-59.52635
F063,V  Mental/Behavioural,3.2265563,17.636366,5.878436,-59.754684
F066,V  Mental/Behavioural,3.2688918,17.581228,5.7987733,-59.76918
F067,V  Mental/Behavioural,3.2574527,17.564026,6.483241,-59.296883
F068,V  Mental/Behavioural,3.183725,17.560017,5.8972344,-59.897987
F069,V  Mental/Behavioural,3.2790012,17.676867,6.0065875,-59.82503
F07,V  Mental/Behavioural,3.1630607,18.14485,0.69690955,-61.38914
F070,V  Mental/Behavioural,3.1420813,18.134813,-0.27514204,-61.445026
F071,V  Mental/Behavioural,3.1883898,18.150932,0.45068458,-61.4997
F072,V  Mental/Behavioural,3.2210696,18.08363,0.13505569,-62.15815
F078,V  Mental/Behavioural,3.2222583,18.102058,0.14150216,-61.62746
F0781,V  Mental/Behavioural,3.1647997,18.120405,0.60972005,-61.40356
F079,V  Mental/Behavioural,3.1599586,18.1333,0.31150067,-61.36106
F09,V  Mental/Behavioural,2.9452598,18.46082,-1.8725997,-57.630783
F10,V  Mental/Behavioural,3.410496,17.608227,6.5815635,-63.402386
F100,V  Mental/Behavioural,3.3918314,17.60669,7.146854,-63.03499
F101,V  Mental/Behavioural,3.6182508,17.575996,5.219883,-66.36835
F102,V  Mental/Behavioural,3.385711,17.610392,6.04692,-63.46268
F1023,V  Mental/Behavioural,3.3858042,17.623579,6.5058446,-63.3976
F103,V  Mental/Behavioural,3.3849792,17.553064,6.8525777,-63.039745
F104,V  Mental/Behavioural,3.3666134,17.556074,6.698389,-63.14821
F105,V  Mental/Behavioural,3.4132457,17.632376,6.7705364,-63.231926
F106,V  Mental/Behavioural,3.3651397,17.53067,6.6982007,-63.404736
F107,V  Mental/Behavioural,3.365197,17.552923,6.582738,-63.217052
F108,V  Mental/Behavioural,3.3983054,17.643612,6.5105824,-63.401356
F109,V  Mental/Behavioural,3.4036841,17.613232,6.4808264,-63.560204
F11,V  Mental/Behavioural,2.9252875,17.922384,9.2603,-62.344948
F110,V  Mental/Behavioural,2.9081106,17.894024,9.148213,-62.263687
F111,V  Mental/Behavioural,3.063197,17.828705,8.527863,-61.61874
F112,V  Mental/Behavioural,2.9959257,17.739544,8.855872,-62.137882
F113,V  Mental/Behavioural,2.9093723,17.989346,9.198008,-62.228497
F115,V  Mental/Behavioural,2.9131958,17.918442,9.31278,-62.40387
F117,V  Mental/Behavioural,2.8914263,17.930882,9.226642,-62.2941
F119,V  Mental/Behavioural,2.929449,17.906162,9.18584,-62.27709
F120,V  Mental/Behavioural,3.4474702,17.807924,7.651285,-64.40416
F121,V  Mental/Behavioural,3.482806,17.882708,7.1481857,-65.05305
F122,V  Mental/Behavioural,3.4659986,17.852146,7.2375135,-64.43195
F123,V  Mental/Behavioural,3.4396813,17.818748,7.3745756,-64.54977
F125,V  Mental/Behavioural,3.4525368,17.813232,8.190756,-64.41127
F129,V  Mental/Behavioural,3.4983232,17.811422,7.250096,-64.72804
F131,V  Mental/Behavioural,2.9127991,18.496172,-1.562134,-56.470478
F132,V  Mental/Behavioural,2.9237888,18.4853,-1.5427848,-56.418392
F133,V  Mental/Behavioural,2.917908,18.501104,-1.283767,-56.328377
F139,V  Mental/Behavioural,2.9155607,18.504019,-1.3775457,-56.290337
F140,V  Mental/Behavioural,3.0877633,18.276182,-1.2941357,-58.80611
F141,V  Mental/Behavioural,3.0320716,18.376669,-1.682927,-58.623943
F142,V  Mental/Behavioural,3.086851,18.287226,-1.0312451,-59.082672
F15,V  Mental/Behavioural,2.8926363,18.506557,0.18206352,-56.102535
F150,V  Mental/Behavioural,2.8934977,18.50968,0.17707808,-56.130093
F151,V  Mental/Behavioural,2.8851101,18.507387,0.42770407,-56.06696
F152,V  Mental/Behavioural,2.8893607,18.507996,0.3460024,-56.125706
F153,V  Mental/Behavioural,2.8882751,18.505457,0.37640706,-56.01269
F155,V  Mental/Behavioural,2.897582,18.483215,0.2515425,-56.087734
F159,V  Mental/Behavioural,2.879187,18.5304,0.13793223,-56.06234
F1592,V  Mental/Behavioural,2.821359,18.58425,0.14160906,-56.082623
F161,V  Mental/Behavioural,2.9337428,18.48555,-0.99454296,-56.821236
F167,V  Mental/Behavioural,2.9317448,18.487804,-0.9989908,-56.92039
F170,V  Mental/Behavioural,3.5544574,17.877176,6.76421,-65.55762
F171,V  Mental/Behavioural,3.6084244,17.576588,5.2940288,-66.76001
F172,V  Mental/Behavioural,3.5508924,17.734941,6.4055257,-65.51583
F1720,V  Mental/Behavioural,3.5225632,17.844765,6.842279,-65.368645
F173,V  Mental/Behavioural,3.5399704,17.723251,5.957486,-65.496254
F174,V  Mental/Behavioural,3.56942,17.724874,5.9613137,-65.49311
F179,V  Mental/Behavioural,3.6331089,17.747543,5.920438,-65.46739
F19,V  Mental/Behavioural,3.4348903,18.050596,0.9979491,-63.7255
F191,V  Mental/Behavioural,3.4945765,17.996386,1.1343564,-64.14401
F192,V  Mental/Behavioural,3.4763777,18.0171,1.0877873,-64.020935
F193,V  Mental/Behavioural,3.5445955,17.944735,1.2142472,-64.024605
F194,V  Mental/Behavioural,3.4443448,18.012955,1.090438,-63.785065
F195,V  Mental/Behavioural,3.458099,17.971155,1.1815809,-63.841816
F196,V  Mental/Behavioural,3.4962819,18.034569,1.1455933,-64.02501
F199,V  Mental/Behavioural,3.4620767,18.0653,1.102532,-63.69895
F20,V  Mental/Behavioural,3.2415159,17.606121,5.7624745,-60.291973
F200,V  Mental/Behavioural,3.2247167,17.606812,5.471042,-60.584335
F201,V  Mental/Behavioural,3.2720373,17.616447,5.625472,-60.68486
F202,V  Mental/Behavioural,3.2287548,17.571594,5.7692137,-60.48008
F203,V  Mental/Behavioural,3.2478566,17.589445,5.670887,-60.657482
F204,V  Mental/Behavioural,3.240453,17.584293,5.689271,-60.650986
F205,V  Mental/Behavioural,3.2434993,17.561766,5.397245,-60.53283
F208,V  Mental/Behavioural,3.2173698,17.56614,5.538187,-60.883858
F209,V  Mental/Behavioural,3.2834282,17.594946,5.7705927,-60.85668
F21,V  Mental/Behavioural,2.9211514,18.478477,-1.7362832,-56.33112
F22,V  Mental/Behavioural,3.0951533,17.996294,2.5560281,-58.992012
F220,V  Mental/Behavioural,3.171431,17.880043,2.9365952,-59.32364
F228,V  Mental/Behavioural,3.1028934,17.978516,2.694977,-59.072712
F229,V  Mental/Behavioural,3.074797,17.982431,2.6909392,-59.173065
F23,V  Mental/Behavioural,3.0508907,18.111526,1.2608099,-59.445827
F230,V  Mental/Behavioural,3.035121,18.07096,1.339569,-59.604477
F231,V  Mental/Behavioural,3.0396273,18.042011,1.5206164,-59.403008
F232,V  Mental/Behavioural,3.0515099,18.043146,1.5439051,-59.73919
F233,V  Mental/Behavioural,3.0193865,17.996048,1.6739205,-59.67664
F238,V  Mental/Behavioural,3.0305178,18.088764,1.5847927,-58.938908
F239,V  Mental/Behavioural,3.1130328,17.89329,2.9212725,-59.6271
F25,V  Mental/Behavioural,3.276072,17.832048,4.76578,-57.415997
F250,V  Mental/Behavioural,3.260429,17.741512,4.807068,-57.73924
F251,V  Mental/Behavioural,3.220528,17.877382,4.4273005,-57.273735
F252,V  Mental/Behavioural,3.2528052,17.966736,4.214248,-57.35259
F258,V  Mental/Behavioural,3.2705305,17.804113,4.532937,-57.853073
F259,V  Mental/Behavioural,3.335798,17.762487,4.7908616,-57.61246
F28,V  Mental/Behavioural,2.9726424,18.420261,-1.7390809,-57.912407
F29,V  Mental/Behavioural,3.4012122,17.613068,4.612192,-62.970303
F30,V  Mental/Behavioural,3.224329,17.969273,2.703029,-61.105843
F300,V  Mental/Behavioural,3.2828364,17.891642,2.8363528,-61.234295
F301,V  Mental/Behavioural,3.2971582,17.823229,3.0031211,-61.416157
F302,V  Mental/Behavioural,3.2978175,17.882265,2.9145064,-61.338882
F308,V  Mental/Behavioural,3.2911751,18.036135,2.8525434,-61.31112
F309,V  Mental/Behavioural,3.2348812,17.921177,2.9795432,-61.14232
F31,V  Mental/Behavioural,3.2438443,17.642464,4.2857428,-61.283367
F310,V  Mental/Behavioural,3.2232947,17.560204,4.9602256,-61.178745
F311,V  Mental/Behavioural,3.2503777,17.576214,4.5679965,-61.079506
F312,V  Mental/Behavioural,3.2586184,17.623245,4.5879374,-61.008327
F313,V  Mental/Behavioural,3.3402667,17.607834,4.865629,-61.412888
F314,V  Mental/Behavioural,3.2484782,17.554003,4.690043,-61.396797
F315,V  Mental/Behavioural,3.226026,17.530684,4.688844,-61.144123
F316,V  Mental/Behavioural,3.3133109,17.553692,4.718653,-61.587177
F317,V  Mental/Behavioural,3.2484245,17.628271,4.241602,-60.736565
F318,V  Mental/Behavioural,3.2500176,17.612814,4.755969,-61.951424
F319,V  Mental/Behavioural,3.4858587,17.612719,5.055318,-64.145004
F32,V  Mental/Behavioural,3.349922,17.63711,3.7775512,-62.799564
F320,V  Mental/Behavioural,3.4742615,17.70406,3.5522873,-63.632137
F321,V  Mental/Behavioural,3.5166223,17.66721,3.8525512,-63.529617
F322,V  Mental/Behavioural,3.410276,17.632462,4.206482,-62.75435
F323,V  Mental/Behavioural,3.4210205,17.594004,4.0341034,-62.764828
F328,V  Mental/Behavioural,3.4896474,17.634321,4.0006347,-63.270733
F3281,V  Mental/Behavioural,3.4833698,17.669798,3.9451225,-63.307423
F329,V  Mental/Behavioural,3.5834458,17.592278,4.8345165,-66.6864
F33,V  Mental/Behavioural,3.425056,17.567886,7.4896255,-67.47915
F330,V  Mental/Behavioural,3.40522,17.512253,7.7490835,-67.20458
F331,V  Mental/Behavioural,3.421249,17.509357,7.837481,-67.089584
F332,V  Mental/Behavioural,3.4496894,17.479832,7.782155,-67.13389
F333,V  Mental/Behavioural,3.4455342,17.552816,7.751501,-67.11403
F334,V  Mental/Behavioural,3.4593828,17.491108,7.8409634,-67.09837
F338,V  Mental/Behavioural,3.4607008,17.46842,7.7898383,-67.08055
F339,V  Mental/Behavioural,3.4425793,17.520462,7.6669927,-67.13072
F34,V  Mental/Behavioural,3.2476294,17.993795,1.5556643,-61.635674
F340,V  Mental/Behavioural,3.2581477,18.045498,1.587179,-61.75468
F341,V  Mental/Behavioural,3.2076147,18.05078,1.5335377,-61.965443
F348,V  Mental/Behavioural,3.2441409,18.077217,1.5553064,-62.060825
F349,V  Mental/Behavioural,3.1845562,18.075562,1.6644408,-61.730457
F38,V  Mental/Behavioural,2.9575634,18.423325,-1.7377201,-57.98251
F380,V  Mental/Behavioural,2.9584837,18.447746,-1.7133328,-57.918457
F381,V  Mental/Behavioural,2.9874513,18.414051,-1.915064,-58.23696
F388,V  Mental/Behavioural,2.9472744,18.254986,-2.9333093,-58.903812
F39,V  Mental/Behavioural,3.613513,17.681997,3.580483,-64.9109
F40,V  Mental/Behavioural,3.6024234,17.839136,2.710388,-66.4231
F400,V  Mental/Behavioural,3.556441,17.86356,2.3020191,-67.25734
F401,V  Mental/Behavioural,3.6166577,17.823498,3.0238736,-66.49929
F402,V  Mental/Behavioural,3.6476636,17.793999,3.4606807,-66.44524
F408,V  Mental/Behavioural,3.54967,17.858168,3.184734,-67.4197
F409,V  Mental/Behavioural,3.5713315,17.83587,2.810362,-66.48587
F41,V  Mental/Behavioural,3.5095415,17.773893,2.4873405,-67.75124
F410,V  Mental/Behavioural,3.6606596,17.661123,4.2753625,-66.0424
F411,V  Mental/Behavioural,3.5868087,17.712132,3.9531193,-65.75176
F412,V  Mental/Behavioural,3.5927496,17.65329,4.4144983,-66.1945
F413,V  Mental/Behavioural,3.5972612,17.679222,4.0048366,-65.71507
F418,V  Mental/Behavioural,3.5701296,17.641466,4.0651903,-65.776794
F419,V  Mental/Behavioural,3.6051934,17.625998,4.681501,-66.62472
F42,V  Mental/Behavioural,3.5397751,17.884579,1.3951882,-66.68822
F420,V  Mental/Behavioural,3.5169313,17.874807,1.8748285,-66.06289
F421,V  Mental/Behavioural,3.5109835,17.840034,1.9485521,-66.00383
F422,V  Mental/Behavioural,3.4447026,17.94845,1.6830426,-66.128334
F428,V  Mental/Behavioural,3.480417,17.919321,1.7330028,-65.94507
F429,V  Mental/Behavioural,3.5701523,17.854557,1.9420722,-66.17061
F43,V  Mental/Behavioural,3.5613785,17.86468,2.2253985,-64.44131
F430,V  Mental/Behavioural,3.5149717,17.656296,4.416626,-63.682343
F431,V  Mental/Behavioural,3.5549617,17.632002,4.2493157,-65.00249
F432,V  Mental/Behavioural,3.541692,17.738525,2.848279,-64.28774
F4321,V  Mental/Behavioural,3.5465643,17.66984,4.2464824,-64.11889
F438,V  Mental/Behavioural,3.5426624,17.682425,4.2442446,-64.321724
F439,V  Mental/Behavioural,3.4840364,17.70992,4.298498,-63.660248
F44,V  Mental/Behavioural,2.4584033,18.067717,10.027877,-63.48373
F440,V  Mental/Behavioural,2.4662335,18.06687,10.010918,-63.47586
F441,V  Mental/Behavioural,2.4590995,18.068726,10.002697,-63.465908
F442,V  Mental/Behavioural,2.4650552,18.067389,10.0375805,-63.489708
F443,V  Mental/Behavioural,2.4599895,18.063358,10.015746,-63.47201
F444,V  Mental/Behavioural,2.4460611,18.055597,10.223371,-63.689243
F445,V  Mental/Behavioural,2.4839237,18.065714,10.267081,-63.659374
F446,V  Mental/Behavioural,2.464475,18.078243,10.110835,-63.59965
F447,V  Mental/Behavioural,2.4110878,18.027117,10.180538,-63.666153
F448,V  Mental/Behavioural,2.4563446,18.068089,10.189527,-63.60405
F449,V  Mental/Behavioural,2.4419453,18.0697,10.130997,-63.645718
F45,V  Mental/Behavioural,3.6523468,17.667486,4.232099,-64.81966
F450,V  Mental/Behavioural,3.6553545,17.674732,4.048239,-64.867874
F452,V  Mental/Behavioural,3.6527789,17.672846,4.2707434,-64.881676
F453,V  Mental/Behavioural,3.655703,17.656284,3.982313,-64.74154
F454,V  Mental/Behavioural,3.6844041,17.650755,4.237355,-64.80927
F458,V  Mental/Behavioural,3.6714435,17.643393,4.1414285,-65.02763
F459,V  Mental/Behavioural,3.648933,17.671606,4.0137405,-65.03584
F480,V  Mental/Behavioural,3.2124333,17.695797,5.6476035,-58.012413
F481,V  Mental/Behavioural,3.2093,17.679413,5.662922,-58.362766
F488,V  Mental/Behavioural,3.2109628,17.766104,5.2964945,-57.59118
F489,V  Mental/Behavioural,3.233528,17.73239,5.6103277,-58.00775
F50,V  Mental/Behavioural,3.1339297,18.087595,0.628164,-60.087517
F500,V  Mental/Behavioural,3.1451983,18.100208,0.52011234,-59.500103
F501,V  Mental/Behavioural,3.1564171,18.104815,0.40037084,-59.92889
F502,V  Mental/Behavioural,3.192417,18.176636,0.3041899,-60.20696
F503,V  Mental/Behavioural,3.1852114,18.107769,0.36319986,-59.72916
F504,V  Mental/Behavioural,3.1504893,18.108429,0.5742462,-59.893738
F505,V  Mental/Behavioural,3.1348712,18.09472,0.67769706,-59.939224
F508,V  Mental/Behavioural,3.1225452,18.12714,0.63180125,-59.884113
F509,V  Mental/Behavioural,3.1508503,18.132542,0.12911507,-59.962074
F51,V  Mental/Behavioural,3.0197694,18.030565,-0.79845196,-60.71666
F510,V  Mental/Behavioural,3.0686274,18.056093,-0.45154113,-60.99494
F512,V  Mental/Behavioural,2.9810314,18.06036,-0.5934269,-60.78769
F513,V  Mental/Behavioural,3.0123088,18.05124,-0.54449975,-60.86682
F514,V  Mental/Behavioural,3.0268254,18.166838,-1.0842408,-60.19689
F515,V  Mental/Behavioural,3.0235868,18.058813,-0.5392386,-60.97691
F518,V  Mental/Behavioural,3.0660431,18.049492,-0.45510265,-60.86402
F519,V  Mental/Behavioural,3.0434465,17.932188,-0.5382256,-60.859608
F52,V  Mental/Behavioural,3.8264294,18.087418,-0.09980635,-65.35406
F520,V  Mental/Behavioural,3.7916672,18.07375,-0.0062480913,-65.34716
F521,V  Mental/Behavioural,3.825833,18.080084,-0.11491546,-65.346535
F522,V  Mental/Behavioural,3.8490815,18.070032,-0.9222907,-65.647
F523,V  Mental/Behavioural,3.7843864,18.057796,0.049114563,-65.43078
F524,V  Mental/Behavioural,3.8381884,18.093838,-0.08862149,-65.33783
F526,V  Mental/Behavioural,3.8224485,18.085772,-0.0968039,-65.33944
F529,V  Mental/Behavioural,3.8077018,18.054705,0.0286032,-65.45093
F53,V  Mental/Behavioural,3.1047807,18.123087,-2.0977316,-61.238556
F530,V  Mental/Behavioural,3.0789516,18.116028,-2.115393,-61.27283
F531,V  Mental/Behavioural,3.0331547,18.198385,-2.1819983,-61.105595
F538,V  Mental/Behavioural,3.0884988,18.092876,-1.629207,-61.33169
F539,V  Mental/Behavioural,3.0542173,18.161207,-2.0784562,-61.203182
F54,V  Mental/Behavioural,2.931891,18.46989,-1.0489382,-56.338158
F55,V  Mental/Behavioural,3.2737346,18.142418,0.49205476,-63.136707
F59,V  Mental/Behavioural,9.935613,-1.3219442,-21.650043,11.124347
F60,V  Mental/Behavioural,3.1794047,17.756752,6.7249966,-61.60757
F600,V  Mental/Behavioural,3.2335584,17.698298,6.9311337,-61.682133
F601,V  Mental/Behavioural,3.2136936,17.70602,7.039554,-61.25134
F602,V  Mental/Behavioural,3.2437916,17.746338,6.643232,-61.73507
F603,V  Mental/Behavioural,3.3250813,17.755308,6.389307,-62.187706
F605,V  Mental/Behavioural,3.2504325,17.70931,7.0029225,-61.789383
F606,V  Mental/Behavioural,3.2377331,17.70684,6.6407604,-61.75842
F607,V  Mental/Behavioural,3.110849,17.763636,6.95939,-61.373188
F608,V  Mental/Behavioural,3.2149749,17.719852,6.7154217,-61.69034
F609,V  Mental/Behavioural,3.2325804,17.698336,6.3600745,-61.46706
F61,V  Mental/Behavioural,9.973865,-1.3352107,-3.4987946,-55.55284
F62,V  Mental/Behavioural,3.0117233,18.341463,-2.5656354,-58.532585
F620,V  Mental/Behavioural,3.003106,18.350342,-2.5164914,-58.49185
F628,V  Mental/Behavioural,2.997424,18.323446,-2.7907841,-58.732704
F629,V  Mental/Behavioural,3.0628037,18.229744,-2.8922694,-58.840702
F630,V  Mental/Behavioural,2.8783338,18.537338,-0.4290945,-56.187164
F631,V  Mental/Behavioural,2.9048564,18.523737,-0.6195236,-56.285854
F633,V  Mental/Behavioural,2.8994088,18.522203,-0.6198373,-56.291367
F638,V  Mental/Behavioural,2.9157119,18.519215,-0.55976033,-56.321552
F639,V  Mental/Behavioural,2.9210463,18.503736,-0.604823,-56.520145
F640,V  Mental/Behavioural,3.0376139,18.245882,2.2689848,-56.330635
F641,V  Mental/Behavioural,3.0146441,18.229507,2.1829388,-56.26611
F648,V  Mental/Behavioural,3.0066826,18.271269,2.1872432,-56.29708
F649,V  Mental/Behavioural,2.9727945,18.348862,2.0967216,-56.249733
F65,V  Mental/Behavioural,9.950069,-1.3206332,-21.996567,11.224817
F659,V  Mental/Behavioural,9.963671,-1.3197466,-22.011684,11.240717
F66,V  Mental/Behavioural,2.9115174,18.50742,-1.4825941,-55.46878
F662,V  Mental/Behavioural,2.8581557,18.588123,-1.3759835,-55.53506
F669,V  Mental/Behavioural,2.8371131,18.602053,-1.4441787,-55.399155
F68,V  Mental/Behavioural,9.959097,-1.3308985,-21.944763,11.21015
F681,V  Mental/Behavioural,9.952269,-1.3139224,-21.928196,11.227948
F688,V  Mental/Behavioural,9.975382,-1.3525316,-21.928368,11.208589
F69,V  Mental/Behavioural,2.9872384,18.422169,-1.0530638,-57.637486
F700,V  Mental/Behavioural,3.102116,18.292356,-1.0872438,-58.69386
F701,V  Mental/Behavioural,3.2708158,18.168327,0.74255425,-61.901962
F708,V  Mental/Behavioural,3.0214503,18.368948,-1.0665797,-58.6777
F709,V  Mental/Behavioural,3.3707008,18.07912,0.6226229,-62.5813
F71,V  Mental/Behavioural,2.9307473,18.4788,-1.0980575,-56.113697
F711,V  Mental/Behavioural,2.9102814,18.507679,-0.9257155,-55.947277
F729,V  Mental/Behavioural,2.9804835,18.436539,-1.0262551,-57.430508
F73,V  Mental/Behavioural,9.965823,-1.332391,-21.903183,11.215952
F739,V  Mental/Behavioural,9.910863,-1.3661036,-21.912413,11.207076
F789,V  Mental/Behavioural,9.957228,-1.3353624,-21.832859,11.151866
F79,V  Mental/Behavioural,3.3797526,17.967743,2.2991018,-62.642887
F790,V  Mental/Behavioural,3.4480758,17.877867,3.041592,-64.02651
F799,V  Mental/Behavioural,3.4155586,17.734798,5.580625,-63.0303
F801,V  Mental/Behavioural,3.2451448,17.60475,6.303164,-60.671333
F802,V  Mental/Behavioural,3.2304084,17.572643,6.589874,-60.76968
F809,V  Mental/Behavioural,3.1995485,17.666452,6.779916,-61.115356
F81,V  Mental/Behavioural,3.534799,17.910553,1.7361727,-66.43021
F810,V  Mental/Behavioural,3.5117488,17.893154,2.47616,-65.34327
F812,V  Mental/Behavioural,3.5118842,17.886543,2.451162,-65.39408
F818,V  Mental/Behavioural,3.570261,17.90101,2.2683923,-65.66807
F819,V  Mental/Behavioural,3.597347,17.894629,2.5791347,-65.6674
F82,V  Mental/Behavioural,2.9477074,18.503698,-2.3149016,-56.51646
F83,V  Mental/Behavioural,2.8858314,18.536432,-1.0997967,-55.210392
F84,V  Mental/Behavioural,3.438609,17.847948,7.4337125,-64.214935
F840,V  Mental/Behavioural,3.4889328,17.881964,6.229244,-64.895035
F841,V  Mental/Behavioural,3.4747357,17.861982,6.9783235,-64.62471
F843,V  Mental/Behavioural,3.540998,17.876434,7.1006293,-64.474915
F844,V  Mental/Behavioural,3.4892538,17.84376,7.008952,-64.2609
F845,V  Mental/Behavioural,3.4350076,17.943716,6.824462,-64.73695
F849,V  Mental/Behavioural,3.479564,17.823668,6.804951,-64.302185
F89,V  Mental/Behavioural,2.9600067,18.456789,-1.9642121,-56.746376
F900,V  Mental/Behavioural,3.1128585,18.25136,0.8597365,-61.60043
F909,V  Mental/Behavioural,3.2152836,18.15673,0.7891069,-61.74807
F911,V  Mental/Behavioural,4.272395,0.9801166,-38.375805,-9.150472
F918,V  Mental/Behavioural,4.2313204,0.9996274,-38.376328,-9.205776
F929,V  Mental/Behavioural,9.696845,-1.0646261,-19.567572,14.187169
F931,V  Mental/Behavioural,8.431149,0.688795,16.979832,1.5555208
F940,V  Mental/Behavioural,8.408965,0.46813896,16.800364,1.5803571
F941,V  Mental/Behavioural,8.4219055,0.44419798,16.751823,1.5881695
F95,V  Mental/Behavioural,9.72576,-1.074892,-19.349524,13.9878
F951,V  Mental/Behavioural,9.724735,-1.0827848,-19.359192,13.940003
F952,V  Mental/Behavioural,9.726141,-1.0596411,-19.333706,13.964208
F958,V  Mental/Behavioural,9.709204,-1.0576063,-19.370352,13.952707
F959,V  Mental/Behavioural,9.739271,-1.0849506,-19.339863,13.99744
F981,V  Mental/Behavioural,8.448613,0.7014047,17.356611,1.5628033
F984,V  Mental/Behavioural,8.448825,0.7107722,17.296482,1.5422189
F985,V  Mental/Behavioural,8.474388,0.7376273,17.606089,1.5882685
F986,V  Mental/Behavioural,8.441397,0.68091387,17.307966,1.5462364
F988,V  Mental/Behavioural,8.449225,0.71017957,17.300127,1.5475296
F99,V  Mental/Behavioural,8.558389,0.85615444,18.588596,1.7504748
G00,VI Nervous,22.89996,13.650275,77.263466,19.994051
G000,VI Nervous,22.843346,13.710216,77.69075,20.31007
G001,VI Nervous,22.836052,13.715729,77.80282,20.150122
G002,VI Nervous,22.83896,13.71322,77.1999,19.892519
G003,VI Nervous,22.833687,13.719752,77.739944,20.403564
G008,VI Nervous,22.827084,13.715291,75.6611,20.241224
G009,VI Nervous,22.859308,13.701121,77.40968,19.618673
G01,VI Nervous,22.761765,13.733044,75.589,21.14472
G020,VI Nervous,22.826096,13.72241,76.93225,20.100237
G021,VI Nervous,22.848248,13.7037735,77.06799,19.43404
G03,VI Nervous,22.767546,13.772733,75.867256,21.222973
G030,VI Nervous,22.76751,13.772378,75.990524,21.258768
G031,VI Nervous,22.763254,13.7761345,75.78426,21.177088
G032,VI Nervous,22.785997,13.753594,75.75713,21.178165
G038,VI Nervous,22.736982,13.803951,75.9838,21.235949
G039,VI Nervous,22.776794,13.759069,75.70252,20.979897
G04,VI Nervous,22.824547,13.7299795,78.4872,20.815363
G040,VI Nervous,22.819973,13.735669,78.5514,20.799528
G042,VI Nervous,22.792717,13.762722,78.451805,20.819489
G048,VI Nervous,22.804228,13.752608,78.709335,20.732876
G049,VI Nervous,22.809622,13.747789,78.93686,20.877508
G0490,VI Nervous,22.812859,13.74142,78.36828,20.887707
G0491,VI Nervous,22.796204,13.7583885,78.40654,20.999205
G050,VI Nervous,22.775873,13.774863,77.413414,21.40789
G051,VI Nervous,22.811766,13.73145,76.27519,20.432222
G052,VI Nervous,22.760422,13.789196,77.65499,21.902145
G053,VI Nervous,22.747465,13.802813,76.8556,21.679688
G060,VI Nervous,22.81997,13.733316,77.37681,21.066507
G061,VI Nervous,22.804865,13.747654,77.424904,21.258675
G062,VI Nervous,22.791016,13.761527,77.678505,21.083134
G07,VI Nervous,18.052856,10.581733,22.516327,20.17208
G08,VI Nervous,22.889107,13.666614,78.85384,18.75595
G09,VI Nervous,22.789927,13.762511,77.43284,20.423851
G10,VI Nervous,22.859228,13.6924925,76.68958,19.399252
G11,VI Nervous,22.87614,13.679058,79.65168,19.654402
G111,VI Nervous,22.852123,13.70282,79.441055,19.51639
G112,VI Nervous,22.857525,13.69805,78.91116,19.950508
G113,VI Nervous,22.854805,13.700161,79.5855,19.70046
G114,VI Nervous,22.854149,13.701165,78.72979,19.990906
G118,VI Nervous,22.905205,13.651154,79.51179,19.547798
G119,VI Nervous,22.878212,13.677892,79.67006,19.460485
G120,VI Nervous,22.87139,13.687892,77.89912,19.845137
G121,VI Nervous,22.846542,13.713034,77.89446,19.838898
G122,VI Nervous,22.848927,13.713274,77.66734,19.272339
G128,VI Nervous,22.84668,13.712925,77.890785,19.823502
G129,VI Nervous,22.814007,13.745061,78.182945,20.039375
G130,VI Nervous,22.826002,13.715375,75.04453,19.996729
G131,VI Nervous,10.067479,-1.666781,-23.520132,8.783254
G132,VI Nervous,10.104605,-1.5737855,-23.586138,8.7780485
G14,VI Nervous,15.242059,10.207164,10.429823,-26.813618
G20,VI Nervous,14.112619,10.862871,14.64987,-52.109943
G21,VI Nervous,13.670231,11.127981,12.771774,-49.019245
G210,VI Nervous,13.663891,11.14483,12.886133,-49.17425
G211,VI Nervous,13.6402,11.158421,12.661124,-49.21275
G212,VI Nervous,13.662324,11.132655,12.793347,-49.003834
G214,VI Nervous,13.6594715,11.143708,12.899257,-49.218433
G218,VI Nervous,13.691565,11.10438,12.71978,-49.088394
G219,VI Nervous,13.641467,11.120522,12.767615,-49.081825
G230,VI Nervous,13.7630205,11.176368,13.9781475,-48.949303
G231,VI Nervous,13.844123,11.0686245,14.237717,-49.088665
G232,VI Nervous,13.79311,11.138116,13.934791,-48.861584
G233,VI Nervous,13.711039,11.14726,13.782353,-48.82545
G238,VI Nervous,13.847576,11.080535,13.949897,-48.659595
G239,VI Nervous,13.925429,11.092516,14.309151,-48.90301
G24,VI Nervous,13.9908905,10.59832,24.282982,-40.505787
G240,VI Nervous,14.001581,10.683254,23.923998,-40.73113
G241,VI Nervous,14.015991,10.559077,24.308453,-40.48249
G242,VI Nervous,14.020611,10.583916,24.026707,-40.11058
G243,VI Nervous,13.904806,10.47424,24.961132,-40.423504
G244,VI Nervous,13.961459,10.567511,24.31524,-40.46902
G245,VI Nervous,13.977058,10.572276,24.271704,-40.51701
G248,VI Nervous,13.930037,10.485176,24.190105,-40.182743
G249,VI Nervous,14.016097,10.671444,24.052834,-40.703957
G25,VI Nervous,14.179814,10.74639,21.752703,-41.789764
G250,VI Nervous,14.226663,10.709048,21.838184,-41.572
G251,VI Nervous,14.185657,10.727762,21.691671,-41.83107
G252,VI Nervous,14.173134,10.7402725,21.658594,-41.88133
G253,VI Nervous,14.192321,10.742993,21.47876,-41.498405
G254,VI Nervous,14.189024,10.653963,21.755415,-41.785805
G255,VI Nervous,14.221389,10.763272,21.799381,-41.8393
G256,VI Nervous,14.15554,10.756789,21.751034,-41.796497
G258,VI Nervous,14.205637,10.595822,21.938606,-41.488243
G259,VI Nervous,14.138546,10.751431,21.707209,-41.922405
G30,VI Nervous,13.586021,11.22556,11.659003,-51.0399
G300,VI Nervous,13.571865,11.257248,11.783428,-51.150364
G301,VI Nervous,13.610761,11.228739,11.9628315,-50.81832
G308,VI Nervous,13.586778,11.237111,11.8016205,-51.151672
G309,VI Nervous,13.617273,11.260916,11.898953,-51.366493
G31,VI Nervous,13.85412,11.152888,14.611204,-49.901318
G310,VI Nervous,13.775228,11.210818,14.241733,-50.13242
G311,VI Nervous,13.845819,11.154509,14.55025,-49.929565
G312,VI Nervous,13.831021,11.195639,14.4653225,-49.962322
G318,VI Nervous,13.814543,11.182669,14.445359,-50.341057
G319,VI Nervous,13.888272,11.152079,14.773377,-49.972126
G320,VI Nervous,13.818933,11.052648,13.326327,-48.693554
G328,VI Nervous,13.605438,11.174735,13.066945,-48.981625
G35,VI Nervous,14.22137,10.730501,20.741037,-40.76645
G360,VI Nervous,13.639247,10.954275,11.818531,-17.970688
G369,VI Nervous,13.684078,10.935267,11.815443,-17.96941
G37,VI Nervous,14.164987,10.636224,22.28008,-39.195698
G373,VI Nervous,14.171126,10.680468,22.316753,-39.29424
G374,VI Nervous,14.143515,10.626579,22.293848,-39.20092
G378,VI Nervous,14.240153,10.527709,22.284431,-38.204105
G379,VI Nervous,14.150449,10.639641,22.362206,-39.07088
G40,VI Nervous,14.292178,10.942262,20.178034,-44.37958
G400,VI Nervous,14.167004,10.815933,21.154661,-42.237854
G401,VI Nervous,14.148615,10.87668,20.226524,-43.29912
G402,VI Nervous,14.173587,10.778755,21.224125,-42.225643
G403,VI Nervous,14.105427,10.799514,20.741474,-42.648556
G4030,VI Nervous,14.1278305,10.792182,20.888023,-42.597324
G404,VI Nervous,14.1786,10.834541,20.682362,-43.147095
G4040,VI Nervous,14.115762,10.827671,20.885218,-42.599342
G405,VI Nervous,14.129525,10.826836,21.001259,-42.519405
G406,VI Nervous,14.155971,10.745317,20.764515,-42.57395
G407,VI Nervous,14.129124,10.830536,20.829676,-42.731678
G408,VI Nervous,14.161031,10.791081,21.038198,-42.476437
G409,VI Nervous,14.305536,10.673895,20.801626,-41.02758
G41,VI Nervous,13.795449,11.016346,16.27156,-48.16328
G410,VI Nervous,13.790863,11.030704,16.279146,-48.20023
G411,VI Nervous,13.834085,11.068635,16.241133,-48.205917
G412,VI Nervous,13.810639,11.02128,16.285166,-48.15268
G418,VI Nervous,13.784095,11.034523,16.162342,-48.20289
G419,VI Nervous,13.837287,10.981277,16.325562,-48.213802
G43,VI Nervous,14.122742,10.995354,24.527916,-43.828987
G430,VI Nervous,14.147797,10.841454,23.437815,-43.183956
G431,VI Nervous,14.186015,10.832923,23.278978,-42.89973
G432,VI Nervous,14.179971,10.854571,23.460241,-43.062553
G433,VI Nervous,14.142955,10.8899975,23.5252,-43.072468
G438,VI Nervous,14.182345,10.804697,23.175266,-42.661087
G439,VI Nervous,14.25561,10.813056,23.767305,-43.255356
G44,VI Nervous,14.176404,10.885373,24.799362,-42.269897
G440,VI Nervous,14.228863,10.843367,23.847395,-42.338467
G441,VI Nervous,14.127763,10.91128,24.945517,-42.548603
G442,VI Nervous,14.174142,10.807571,23.839844,-42.618404
G443,VI Nervous,14.148765,10.807714,23.774502,-42.634212
G444,VI Nervous,14.144457,10.767952,23.653627,-42.46593
G448,VI Nervous,14.162576,10.846154,23.930931,-42.557095
G45,VI Nervous,14.445046,11.034495,23.789614,-45.56537
G450,VI Nervous,14.470857,11.075236,23.581383,-45.51463
G451,VI Nervous,14.425695,11.058566,23.63328,-45.221283
G452,VI Nervous,14.504776,11.080654,23.535503,-45.625122
G453,VI Nervous,14.463357,11.074191,23.626108,-45.056145
G454,VI Nervous,14.28207,10.944499,23.351322,-43.83228
G458,VI Nervous,14.543621,11.078501,23.645298,-45.541805
G459,VI Nervous,14.443001,11.032122,23.667496,-45.60153
G460,VI Nervous,14.283749,11.200145,17.078457,-46.14299
G461,VI Nervous,14.251187,11.19228,17.102331,-46.08948
G462,VI Nervous,14.325408,11.184435,17.149185,-46.052
G463,VI Nervous,14.261043,11.155219,17.113401,-46.33368
G464,VI Nervous,14.30611,11.191661,17.138922,-46.150467
G465,VI Nervous,14.29914,11.183306,17.168505,-46.065495
G466,VI Nervous,14.275356,11.192287,17.135216,-46.037037
G467,VI Nervous,14.250501,11.183092,17.193071,-46.122593
G468,VI Nervous,14.266955,11.184266,17.132122,-46.088566
G47,VI Nervous,14.017611,10.492116,24.16804,-34.59133
G470,VI Nervous,13.967651,10.4496765,24.652634,-35.220657
G471,VI Nervous,14.018034,10.505505,24.290709,-34.984432
G472,VI Nervous,14.071024,10.591195,24.24117,-35.04799
G473,VI Nervous,14.259384,10.445396,23.139315,-34.551247
G474,VI Nervous,14.054387,10.604,24.259813,-35.32151
G478,VI Nervous,14.100009,10.516894,24.249039,-34.931614
G479,VI Nervous,13.953081,10.4732485,24.249298,-34.782047
G50,VI Nervous,14.139993,10.82374,22.805212,-42.481407
G500,VI Nervous,14.247052,10.767436,22.618416,-42.5231
G501,VI Nervous,14.092781,10.748185,23.191313,-41.787056
G508,VI Nervous,14.190351,10.96502,22.806808,-43.231327
G509,VI Nervous,14.088096,10.842548,22.783852,-42.485832
G51,VI Nervous,14.248754,10.928634,21.763006,-44.623
G510,VI Nervous,14.233218,10.926775,21.921644,-44.413006
G511,VI Nervous,14.192644,10.912936,21.82565,-44.368507
G512,VI Nervous,14.176193,10.878568,21.791231,-44.37539
G513,VI Nervous,14.13765,10.935832,21.809849,-44.568146
G514,VI Nervous,14.210091,10.921471,21.810568,-44.352966
G518,VI Nervous,14.184383,10.900731,21.790506,-44.528084
G519,VI Nervous,14.197206,10.912891,21.946068,-44.05606
G520,VI Nervous,14.280362,10.211222,18.269749,-38.2014
G521,VI Nervous,14.257052,10.26733,18.447035,-38.219173
G522,VI Nervous,14.2414,10.3043,18.304594,-38.27058
G523,VI Nervous,14.181147,10.311373,18.12468,-38.34956
G527,VI Nervous,14.2332115,10.290135,18.13776,-38.1753
G528,VI Nervous,14.202109,10.257736,18.016901,-38.30329
G529,VI Nervous,14.212321,10.267404,18.389132,-38.12873
G530,VI Nervous,13.695807,11.139515,13.373106,-46.719257
G531,VI Nervous,13.67209,11.121081,13.313173,-46.742653
G532,VI Nervous,13.678728,11.115665,13.330484,-46.692497
G533,VI Nervous,13.686493,11.088159,13.37567,-46.683945
G538,VI Nervous,13.693823,11.099932,13.3195,-46.701015
G54,VI Nervous,14.242593,10.430668,21.2716,-37.525246
G540,VI Nervous,14.204895,10.427036,20.734982,-38.156914
G541,VI Nervous,14.204505,10.495386,21.147099,-38.043915
G542,VI Nervous,14.269181,10.356323,20.545622,-37.666676
G543,VI Nervous,14.203826,10.451256,20.779358,-38.206455
G544,VI Nervous,14.197594,10.460167,20.97635,-37.720234
G545,VI Nervous,14.207758,10.445416,20.792099,-38.314148
G546,VI Nervous,14.262335,10.440607,20.6612,-38.29327
G547,VI Nervous,14.194921,10.451409,20.882801,-38.182995
G548,VI Nervous,14.212541,10.418382,20.550375,-38.004524
G549,VI Nervous,14.221924,10.424613,21.028885,-37.760715
G55,VI Nervous,13.917257,10.685442,60.898834,49.784733
G550,VI Nervous,14.077352,10.778408,17.81608,-43.534134
G551,VI Nervous,13.823447,10.6697,61.06149,49.77892
G552,VI Nervous,13.873798,10.662556,60.92293,49.794476
G553,VI Nervous,13.768274,10.762143,60.87485,49.782845
G558,VI Nervous,13.883546,10.687364,60.902634,49.78306
G56,VI Nervous,13.711101,10.360594,26.300869,-40.243828
G560,VI Nervous,13.689851,10.387637,26.802044,-39.926926
G5600,VI Nervous,13.721882,10.372687,26.62881,-40.529194
G561,VI Nervous,13.689513,10.349743,26.348862,-40.26194
G562,VI Nervous,13.671691,10.375126,26.498919,-39.90967
G5620,VI Nervous,13.718068,10.380976,26.281332,-40.255764
G563,VI Nervous,13.696315,10.348716,26.34532,-40.33023
G5630,VI Nervous,13.703485,10.373902,26.306204,-40.240395
G564,VI Nervous,13.693247,10.367547,26.25728,-40.220997
G568,VI Nervous,13.708923,10.372605,26.352505,-40.29365
G569,VI Nervous,13.6730175,10.341439,26.315845,-40.25459
G570,VI Nervous,13.5449505,10.609017,25.586018,-37.534657
G5700,VI Nervous,13.50332,10.577154,26.214903,-37.337994
G571,VI Nervous,13.7625675,10.514513,25.61837,-36.14154
G5710,VI Nervous,13.493684,10.564915,26.30583,-37.36139
G572,VI Nervous,13.516567,10.586768,26.276842,-37.319714
G573,VI Nervous,13.493768,10.592576,25.792181,-37.42108
G574,VI Nervous,13.45558,10.565435,26.285757,-37.34034
G575,VI Nervous,13.474194,10.572243,26.078417,-37.40664
G576,VI Nervous,13.522961,10.581409,26.641521,-37.24882
G5760,VI Nervous,13.461646,10.563061,26.354954,-37.305134
G578,VI Nervous,13.461147,10.564809,26.403843,-37.362675
G579,VI Nervous,13.4588,10.5549345,26.296242,-37.343674
G58,VI Nervous,13.522073,10.595771,25.308508,-37.475685
G580,VI Nervous,13.5140505,10.625714,25.548895,-37.5547
G587,VI Nervous,13.648065,10.748213,24.812738,-37.598694
G588,VI Nervous,13.543857,10.606458,25.392607,-37.563267
G589,VI Nervous,13.519935,10.610959,25.455757,-37.523487
G590,VI Nervous,13.530591,11.257861,11.55808,-46.600388
G60,VI Nervous,14.181611,10.934723,18.326708,-44.7571
G600,VI Nervous,14.178151,10.855892,18.715057,-44.25065
G602,VI Nervous,14.150884,10.842238,18.670977,-44.210567
G603,VI Nervous,14.134517,10.821426,18.611065,-44.250946
G608,VI Nervous,14.182797,10.85976,18.689922,-44.308624
G609,VI Nervous,14.134689,10.867396,18.443354,-44.531048
G610,VI Nervous,14.068993,10.785369,19.894035,-42.308975
G611,VI Nervous,14.149526,10.743979,18.289253,-41.993145
G618,VI Nervous,14.541121,10.715728,15.90434,-39.95703
G619,VI Nervous,14.05716,10.819923,17.281118,-42.37207
G62,VI Nervous,14.216313,10.666196,19.677912,-44.532883
G620,VI Nervous,14.072258,10.735668,18.22585,-43.571415
G621,VI Nervous,14.068954,10.725063,19.12375,-43.57649
G622,VI Nervous,14.134088,10.748684,19.151407,-43.53296
G628,VI Nervous,14.133306,10.744333,18.71059,-43.920002
G629,VI Nervous,14.1701975,10.69666,19.381636,-43.309326
G630,VI Nervous,13.514859,11.277093,11.463232,-46.332188
G631,VI Nervous,13.539822,11.245877,11.493205,-46.32883
G632,VI Nervous,13.521335,11.27465,11.354393,-46.254257
G633,VI Nervous,13.530806,11.268848,11.394084,-46.22864
G634,VI Nervous,13.517886,11.2852955,11.435521,-46.25447
G635,VI Nervous,13.525757,11.277504,11.43029,-46.27317
G636,VI Nervous,13.528481,11.27593,11.4065275,-46.254017
G638,VI Nervous,13.51156,11.279197,11.422279,-46.220245
G64,VI Nervous,15.404024,0.030729303,-1.5179467,6.443942
G700,VI Nervous,14.169677,10.754375,19.443447,-41.539257
G702,VI Nervous,14.169781,10.828334,19.250786,-41.618134
G708,VI Nervous,14.115059,10.73373,19.403936,-41.598377
G709,VI Nervous,14.054839,10.847373,19.276234,-41.605206
G71,VI Nervous,14.149489,10.666529,18.489532,-40.532124
G710,VI Nervous,14.173635,10.652269,19.022768,-40.996105
G711,VI Nervous,14.778377,10.47519,14.981156,-30.057713
G712,VI Nervous,14.205967,10.597177,18.388643,-40.370617
G713,VI Nervous,14.09111,10.585523,18.69895,-40.469707
G718,VI Nervous,14.137122,10.670813,18.318712,-40.518433
G719,VI Nervous,14.183474,10.634171,18.699568,-40.88903
G72,VI Nervous,13.877378,10.7932625,15.306053,-42.7173
G720,VI Nervous,13.897857,10.77933,14.947102,-43.018402
G721,VI Nervous,13.884411,10.7649555,15.05124,-42.816246
G722,VI Nervous,13.857996,10.807686,15.352748,-42.69546
G723,VI Nervous,13.864868,10.811641,15.278229,-42.693596
G724,VI Nervous,13.909256,10.655575,15.271022,-41.962624
G728,VI Nervous,13.809957,10.800745,15.055372,-42.819286
G729,VI Nervous,13.885026,10.782092,15.232761,-42.812996
G730,VI Nervous,13.648649,11.092016,11.557042,-48.36038
G731,VI Nervous,13.631281,11.109307,11.61163,-48.431873
G735,VI Nervous,13.653602,11.069625,11.550586,-48.36934
G736,VI Nervous,13.636514,11.084778,11.564437,-48.360283
G737,VI Nervous,13.622166,11.144754,11.511277,-48.22927
G80,VI Nervous,14.171361,10.340317,18.877216,-38.71554
G800,VI Nervous,14.186004,10.297642,18.840471,-38.15178
G801,VI Nervous,14.178669,10.326874,18.9778,-38.272064
G802,VI Nervous,14.205152,10.271859,18.901287,-38.256096
G804,VI Nervous,14.172252,10.324545,19.021076,-38.29486
G808,VI Nervous,14.194839,10.31724,19.248055,-38.21763
G809,VI Nervous,14.089649,10.381617,18.960386,-38.359962
G81,VI Nervous,14.600942,11.289645,19.462275,-48.66861
G810,VI Nervous,14.598658,11.3204,19.860672,-48.598152
G811,VI Nervous,14.633572,11.313103,19.080816,-48.76296
G819,VI Nervous,14.595597,11.305764,20.23158,-48.220627
G820,VI Nervous,13.948906,10.796104,16.17323,-42.491592
G821,VI Nervous,13.885201,10.829131,16.1052,-42.76648
G822,VI Nervous,13.849838,10.797742,16.046808,-42.605392
G823,VI Nervous,13.8852825,10.82331,15.998902,-42.602524
G824,VI Nervous,13.86704,10.780334,15.86075,-42.63953
G825,VI Nervous,13.908179,10.828375,16.156338,-42.47602
G830,VI Nervous,14.179059,10.688582,17.35283,-40.869675
G831,VI Nervous,14.062029,10.601253,17.07982,-40.884117
G832,VI Nervous,14.141374,10.622945,17.418774,-40.71576
G833,VI Nervous,13.99279,10.548078,17.209734,-40.91871
G834,VI Nervous,22.768179,13.780806,78.306015,23.371275
G835,VI Nervous,22.766811,13.783491,78.58069,22.183754
G838,VI Nervous,22.765106,13.783857,78.514984,22.885677
G839,VI Nervous,22.767014,13.781875,78.574135,22.985123
G90,VI Nervous,22.894402,13.659322,79.43057,19.530964
G900,VI Nervous,22.894682,13.662218,79.21457,19.18925
G901,VI Nervous,22.918554,13.638112,78.617615,19.598055
G902,VI Nervous,22.899967,13.6566925,79.2464,19.265625
G903,VI Nervous,22.893293,13.664012,78.372055,19.205315
G904,VI Nervous,22.91551,13.641196,79.15572,19.533585
G908,VI Nervous,22.906,13.65091,78.64933,18.912436
G909,VI Nervous,22.894215,13.663104,78.985565,19.163694
G91,VI Nervous,22.757679,13.803193,79.97018,21.485317
G910,VI Nervous,22.790516,13.770258,80.03354,21.44023
G911,VI Nervous,22.78762,13.773067,80.03657,21.411158
G912,VI Nervous,22.819595,13.738565,79.87504,21.65984
G913,VI Nervous,22.770645,13.788637,79.95425,21.49715
G918,VI Nervous,22.80237,13.7572775,80.124626,21.438168
G919,VI Nervous,22.713068,13.849198,80.387115,21.320246
G92,VI Nervous,22.841406,13.684567,75.05867,20.247618
G93,VI Nervous,22.85847,13.699718,80.0009,20.214773
G930,VI Nervous,22.867678,13.68931,80.0501,19.75737
G931,VI Nervous,22.823204,13.737173,80.76045,20.652672
G932,VI Nervous,22.850527,13.708044,80.60707,19.857626
G933,VI Nervous,22.902193,13.654526,80.21186,19.194796
G934,VI Nervous,22.812206,13.748681,80.433235,21.352333
G935,VI Nervous,22.849985,13.709242,80.01119,20.387857
G936,VI Nervous,22.81344,13.747591,80.429436,21.217064
G938,VI Nervous,22.848255,13.712615,80.51495,21.05978
G939,VI Nervous,22.856749,13.70367,80.46958,20.785376
G941,VI Nervous,22.86078,13.692751,79.57662,22.200926
G942,VI Nervous,22.877382,13.678413,77.379944,19.304335
G948,VI Nervous,22.838655,13.712384,76.703926,18.576246
G95,VI Nervous,22.774092,13.774257,79.01041,23.474487
G950,VI Nervous,22.775084,13.774566,78.4009,23.588142
G951,VI Nervous,22.779644,13.770562,78.75885,22.370512
G952,VI Nervous,22.754719,13.794187,78.46737,23.72325
G958,VI Nervous,22.77275,13.779918,78.78205,22.606676
G959,VI Nervous,22.750065,13.787752,78.78192,23.226934
G960,VI Nervous,22.782999,13.768531,78.82278,21.654245
G961,VI Nervous,22.773624,13.777853,78.591576,22.041283
G968,VI Nervous,22.818953,13.734581,78.785736,21.458586
G969,VI Nervous,22.83286,13.721566,78.65039,21.417744
G970,VI Nervous,22.751411,13.80075,77.47688,22.085325
G971,VI Nervous,22.74155,13.809706,77.67685,22.385612
G9748,VI Nervous,22.735117,13.81705,77.992615,21.780205
G9749,VI Nervous,22.73212,13.819265,78.00901,21.779936
G978,VI Nervous,22.73946,13.81255,78.03902,22.27135
G979,VI Nervous,22.732279,13.820211,77.92504,21.772522
G98,VI Nervous,22.795588,13.751426,76.521164,19.928993
G990,VI Nervous,22.772676,13.7743025,79.31294,23.200403
G991,VI Nervous,22.736423,13.810765,79.30116,23.23602
G992,VI Nervous,22.75589,13.789215,79.358315,23.679049
G998,VI Nervous,22.76967,13.7783575,79.31817,23.25968
H00,VII Eye,19.970467,6.383697,0.160259,-19.449856
H000,VII Eye,19.974072,6.3882294,-0.72889584,-19.409304
H001,VII Eye,19.967682,6.382518,-0.41332936,-19.299664
H0019,VII Eye,19.960321,6.3725576,0.026241569,-19.08264
H01,VII Eye,19.979008,6.392329,-0.120300435,-20.089533
H010,VII Eye,19.97231,6.387402,-0.5854121,-19.558067
H011,VII Eye,19.970316,6.38373,-0.19507408,-19.267475
H018,VII Eye,19.963346,6.3762145,0.0031464738,-18.957039
H019,VII Eye,19.971533,6.383986,-0.3162991,-19.022177
H02,VII Eye,19.963587,6.3751,-0.36896113,-18.516195
H020,VII Eye,21.428265,8.62103,-5.048378,-33.07942
H021,VII Eye,21.467989,8.591588,-5.263864,-32.92979
H022,VII Eye,21.416681,8.621318,-5.324952,-32.95766
H023,VII Eye,21.424744,8.674353,-5.3921714,-33.21697
H024,VII Eye,21.461445,8.678635,-5.074327,-33.014736
H025,VII Eye,21.429646,8.697987,-5.6886597,-33.264305
H026,VII Eye,21.49534,8.622276,-4.984328,-32.297916
H027,VII Eye,21.43914,8.691939,-5.4823127,-33.060364
H028,VII Eye,21.546883,8.6115675,-4.9491596,-32.602562
H029,VII Eye,21.471367,8.601543,-5.2233763,-32.620243
H030,VII Eye,21.910322,8.319926,-11.962308,-22.908237
H031,VII Eye,21.857355,8.272655,-14.5732155,-22.963297
H038,VII Eye,21.779413,8.024397,-14.009376,-22.481865
H04,VII Eye,21.502235,8.672118,-6.582602,-32.857506
H040,VII Eye,21.468866,8.705604,-5.8761578,-33.133495
H041,VII Eye,21.586555,8.815354,-6.482525,-34.386967
H042,VII Eye,21.477072,8.585694,-5.4618454,-32.820297
H043,VII Eye,21.444975,8.675322,-5.76981,-33.21192
H044,VII Eye,21.481318,8.7199135,-6.092417,-33.362263
H045,VII Eye,21.453201,8.62544,-5.466833,-32.862495
H046,VII Eye,21.45751,8.737041,-5.9757786,-33.229435
H048,VII Eye,21.474257,8.649728,-6.1602545,-33.08425
H049,VII Eye,21.463676,8.64839,-6.493718,-32.868233
H05,VII Eye,22.041237,8.549134,-12.4190235,-31.517504
H050,VII Eye,21.970661,8.488023,-12.221626,-31.188934
H051,VII Eye,21.847591,8.316379,-9.7077465,-26.267637
H052,VII Eye,22.123533,8.587178,-13.294671,-31.467058
H053,VII Eye,22.151316,8.571675,-13.43148,-31.186571
H054,VII Eye,22.144749,8.638802,-12.776917,-31.750778
H055,VII Eye,22.05624,8.528694,-12.3769245,-31.516672
H058,VII Eye,22.122364,8.67565,-12.61178,-32.025246
H059,VII Eye,22.174818,8.580635,-13.833639,-31.134815
H060,VII Eye,21.903198,8.907702,-11.954174,-33.43712
H062,VII Eye,22.038935,8.802753,-12.083123,-33.363605
H063,VII Eye,22.013496,8.929093,-11.996876,-33.377556
H10,VII Eye,21.800472,8.075972,-13.735391,-23.146442
H100,VII Eye,21.731627,8.225822,-9.751138,-24.963928
H101,VII Eye,21.72415,8.224046,-9.907042,-25.361212
H102,VII Eye,21.70876,8.210962,-11.646901,-25.051966
H103,VII Eye,21.654745,8.179552,-9.095187,-25.298092
H104,VII Eye,21.682405,8.192895,-9.527335,-25.71297
H105,VII Eye,21.638407,8.229466,-9.441839,-25.453823
H108,VII Eye,21.754086,8.158519,-9.902346,-25.259716
H109,VII Eye,21.679913,8.268726,-9.284599,-25.293764
H11,VII Eye,21.52363,8.439642,-6.929837,-31.431091
H110,VII Eye,21.494814,8.490976,-6.8147964,-31.633999
H111,VII Eye,21.518969,8.460908,-6.8349776,-31.55721
H112,VII Eye,21.555986,8.528365,-7.019385,-31.566729
H113,VII Eye,21.601374,8.294985,-7.6066566,-26.654526
H114,VII Eye,21.54195,8.492397,-6.8545775,-31.640903
H118,VII Eye,21.522278,8.465369,-6.819115,-31.739887
H119,VII Eye,21.57657,8.40472,-6.9065304,-31.342592
H131,VII Eye,21.823057,8.139444,-13.440569,-23.683435
H132,VII Eye,21.81332,8.150394,-13.358409,-23.79531
H133,VII Eye,21.949757,8.330813,-14.565616,-25.794302
H138,VII Eye,21.907238,8.191248,-14.364449,-25.525711
H15,VII Eye,22.097443,8.626851,-15.079019,-34.292202
H150,VII Eye,21.979736,8.541108,-15.348979,-34.504868
H151,VII Eye,22.029812,8.542924,-15.298745,-34.411343
H158,VII Eye,22.025913,8.71967,-14.893361,-34.41616
H159,VII Eye,22.07963,8.660642,-15.192036,-34.41184
H16,VII Eye,21.957336,8.569926,-16.209198,-28.771275
H160,VII Eye,22.020468,8.523513,-16.05585,-28.72082
H161,VII Eye,21.992905,8.734829,-15.396894,-29.256855
H162,VII Eye,22.032248,8.563898,-15.898117,-28.748293
H163,VII Eye,22.007454,8.565672,-15.809884,-28.924932
H164,VII Eye,22.049889,8.541589,-15.83313,-28.983404
H168,VII Eye,22.021414,8.600077,-15.836681,-28.89498
H169,VII Eye,22.001167,8.543621,-16.124912,-28.692886
H17,VII Eye,21.663483,8.997571,-7.5177994,-35.210094
H171,VII Eye,21.678976,8.997081,-7.487161,-35.357628
H178,VII Eye,21.649433,8.958964,-7.1779785,-35.113644
H179,VII Eye,21.730503,9.029024,-7.8171096,-35.686855
H18,VII Eye,21.924711,8.98927,-11.454881,-36.767834
H180,VII Eye,21.95019,8.988896,-11.9477,-37.09805
H181,VII Eye,22.03309,9.008376,-12.107269,-37.206406
H182,VII Eye,22.111511,8.923191,-12.265941,-37.187897
H183,VII Eye,21.908716,8.912749,-11.725706,-36.71092
H184,VII Eye,21.886602,9.058741,-10.714951,-37.196053
H185,VII Eye,21.876305,9.073871,-10.430712,-36.646305
H186,VII Eye,21.940868,8.829204,-11.8300705,-36.285606
H187,VII Eye,21.876825,9.025757,-11.402918,-36.801846
H188,VII Eye,21.908798,8.984554,-11.338111,-36.72492
H189,VII Eye,21.861664,8.951745,-11.073941,-36.419895
H19,VII Eye,22.055265,8.497958,-16.532888,-28.011845
H190,VII Eye,22.052738,8.405231,-16.548712,-28.015177
H191,VII Eye,22.028421,8.380366,-16.48947,-28.161924
H192,VII Eye,22.012672,8.323996,-16.672762,-27.709545
H193,VII Eye,21.81713,7.9786515,-14.122767,-22.657494
H198,VII Eye,22.065115,8.408483,-16.540733,-28.017355
H20,VII Eye,21.875145,8.924237,-10.045213,-39.48047
H200,VII Eye,21.843824,8.928509,-10.201227,-38.76831
H201,VII Eye,21.893383,9.014634,-10.230527,-37.864914
H202,VII Eye,21.922712,8.852708,-10.499366,-38.415676
H208,VII Eye,21.87206,9.032154,-10.223325,-38.424
H209,VII Eye,21.868624,8.933265,-10.29789,-38.478523
H21,VII Eye,21.787683,9.047191,-7.9412427,-35.39163
H210,VII Eye,21.695816,8.965944,-7.7664714,-35.28803
H211,VII Eye,21.773447,9.0385895,-8.021234,-35.606823
H212,VII Eye,21.691727,9.084315,-7.6424413,-35.73578
H213,VII Eye,21.73932,9.0784235,-8.001772,-35.59852
H214,VII Eye,21.738321,9.021694,-7.9565845,-35.339493
H215,VII Eye,21.714125,9.0728,-8.4147215,-35.769314
H218,VII Eye,21.74886,9.067616,-8.428304,-35.83434
H219,VII Eye,21.960707,9.033993,-13.432875,-37.651634
H220,VII Eye,22.130375,8.523391,-16.135654,-30.792507
H221,VII Eye,22.099977,8.602333,-16.140278,-30.637362
H25,VII Eye,22.002056,9.075483,-12.548214,-39.25161
H250,VII Eye,22.048008,9.151658,-12.61631,-39.7259
H251,VII Eye,21.9844,9.124371,-12.732682,-39.842167
H252,VII Eye,22.017605,9.108055,-12.589166,-39.397408
H258,VII Eye,22.045935,9.155908,-12.726322,-39.784916
H259,VII Eye,22.059309,9.171405,-12.701503,-39.582054
H26,VII Eye,21.772057,8.958199,-9.875461,-40.11261
H260,VII Eye,22.00016,9.068195,-12.84609,-38.61671
H261,VII Eye,22.023539,9.017104,-13.449682,-37.86314
H262,VII Eye,22.031473,9.040932,-12.864328,-38.37241
H263,VII Eye,22.014355,9.043841,-12.986203,-38.463207
H264,VII Eye,22.028463,9.109813,-13.1695385,-39.588196
H268,VII Eye,22.012518,9.100653,-13.09089,-39.731464
H269,VII Eye,21.953566,9.111931,-12.872644,-40.146023
H27,VII Eye,21.994768,9.027683,-13.614435,-38.04392
H270,VII Eye,21.98988,9.013892,-12.787263,-37.58967
H271,VII Eye,22.021702,9.027221,-14.023502,-38.173645
H278,VII Eye,21.925936,9.079814,-13.793588,-38.70918
H279,VII Eye,22.03491,8.992982,-13.620132,-38.05827
H280,VII Eye,22.248497,8.521947,-16.716888,-31.98163
H281,VII Eye,22.309443,8.505975,-16.512554,-31.963303
H282,VII Eye,22.317034,8.477032,-16.459335,-32.1324
H30,VII Eye,22.08715,8.430316,-16.89645,-30.144306
H300,VII Eye,22.109995,8.450953,-16.849218,-30.085115
H301,VII Eye,22.107437,8.450807,-16.508507,-30.341648
H302,VII Eye,22.121763,8.43066,-16.63045,-30.261705
H308,VII Eye,22.095264,8.461217,-16.740839,-30.185522
H309,VII Eye,22.061268,8.499231,-16.621998,-30.290606
H31,VII Eye,21.931753,9.058538,-11.704497,-37.650387
H310,VII Eye,21.843586,8.978385,-9.683804,-37.165535
H311,VII Eye,21.831396,9.074567,-9.262474,-36.267223
H312,VII Eye,21.981464,9.056333,-11.818352,-38.18344
H313,VII Eye,21.94124,8.982715,-12.376372,-36.89063
H314,VII Eye,21.869038,9.060996,-9.325315,-35.72356
H318,VII Eye,22.01004,8.968128,-11.7704525,-38.170677
H319,VII Eye,21.92628,8.988884,-12.9136095,-34.435684
H320,VII Eye,22.227314,8.41358,-18.110905,-29.109056
H328,VII Eye,22.177032,8.432708,-18.133741,-29.09649
H33,VII Eye,21.998934,8.834267,-14.102816,-35.701897
H330,VII Eye,22.031733,9.012546,-14.146146,-36.657
H331,VII Eye,21.998734,8.87099,-13.885219,-35.834366
H332,VII Eye,22.014376,8.930804,-14.203782,-36.37598
H3320,VII Eye,22.01918,8.8991,-14.213153,-36.22077
H333,VII Eye,22.006369,8.934368,-14.087375,-36.298058
H334,VII Eye,22.042604,8.948938,-14.135424,-36.4061
H335,VII Eye,22.044718,8.800772,-14.075643,-35.71888
H34,VII Eye,21.787748,9.05065,-7.7135787,-40.081512
H340,VII Eye,21.742609,9.08128,-7.699328,-40.021637
H341,VII Eye,21.761562,9.040665,-7.6478353,-40.062313
H342,VII Eye,21.765097,9.075085,-7.612575,-39.8457
H348,VII Eye,21.853626,9.01668,-7.9531417,-39.82662
H349,VII Eye,21.758444,9.057739,-7.6900406,-40.047802
H35,VII Eye,21.9559,8.909339,-11.890765,-35.15945
H350,VII Eye,21.786972,8.995474,-10.466432,-35.061684
H351,VII Eye,21.842386,8.946225,-11.435353,-35.274536
H352,VII Eye,21.938078,8.914442,-11.326384,-35.340588
H353,VII Eye,21.889935,9.125584,-9.724212,-37.474148
H354,VII Eye,21.930672,9.001119,-11.086909,-35.89458
H355,VII Eye,21.858442,8.902818,-10.905436,-35.597286
H356,VII Eye,21.867994,8.899751,-10.802983,-35.14427
H357,VII Eye,21.891907,8.899235,-11.507282,-35.58879
H358,VII Eye,21.834978,8.983553,-11.288879,-35.416687
H359,VII Eye,21.93189,8.925362,-11.641997,-35.054443
H360,VII Eye,21.72357,8.876905,-9.40574,-42.59591
H368,VII Eye,21.702421,8.909721,-9.422287,-42.52745
H40,VII Eye,21.812164,8.921239,-9.518394,-40.13464
H400,VII Eye,21.7121,8.97618,-8.757309,-36.949356
H401,VII Eye,21.79488,9.050621,-9.088574,-37.394054
H402,VII Eye,21.734043,9.082472,-9.103277,-36.98365
H403,VII Eye,21.730843,9.029928,-8.485848,-36.94511
H404,VII Eye,21.76352,9.044218,-8.440769,-37.393074
H405,VII Eye,21.73705,8.96574,-8.855607,-38.862583
H406,VII Eye,21.779503,9.035074,-8.685329,-37.27959
H408,VII Eye,21.745907,9.053522,-8.295158,-36.71653
H409,VII Eye,21.618963,8.873316,-5.4914427,-36.010616
H43,VII Eye,21.91497,8.782494,-13.0880575,-35.453842
H430,VII Eye,21.971888,8.978496,-10.677942,-36.34354
H431,VII Eye,22.013649,9.0024,-13.292335,-36.20874
H432,VII Eye,21.790632,9.03858,-8.840061,-35.84675
H433,VII Eye,21.830242,9.048864,-9.900428,-36.64028
H438,VII Eye,21.794447,8.987705,-10.01314,-36.79801
H439,VII Eye,21.936338,8.880287,-12.997314,-35.581333
H440,VII Eye,21.89771,8.9714365,-10.162165,-34.678577
H441,VII Eye,21.87056,8.67993,-13.352875,-34.14084
H442,VII Eye,21.829494,9.068854,-9.741999,-36.31748
H443,VII Eye,21.939829,8.95511,-10.45741,-34.764397
H444,VII Eye,21.81022,9.02864,-8.98756,-35.45719
H445,VII Eye,21.92096,9.0817,-9.859695,-35.732353
H446,VII Eye,21.912312,8.97536,-10.017275,-35.260185
H447,VII Eye,21.937796,9.042797,-11.759599,-38.716755
H448,VII Eye,21.987423,9.056305,-9.769298,-34.242157
H449,VII Eye,21.846985,9.068261,-9.389644,-35.596764
H450,VII Eye,9.712795,-1.5173666,-20.991533,9.829297
H458,VII Eye,9.706681,-1.498449,-21.047503,9.737141
H46,VII Eye,21.784033,8.957852,-7.3735027,-37.2892
H47,VII Eye,22.033787,9.0530205,-10.160699,-33.566326
H470,VII Eye,22.024584,9.068884,-9.877857,-33.74355
H471,VII Eye,22.001995,9.01688,-11.178886,-33.556957
H472,VII Eye,22.000673,9.05459,-9.509045,-34.277046
H473,VII Eye,21.897089,9.059983,-8.975622,-34.64572
H474,VII Eye,21.984337,9.037389,-10.175233,-33.583626
H475,VII Eye,22.01371,9.016534,-10.205128,-33.529953
H476,VII Eye,22.042692,9.10921,-10.051768,-33.70811
H477,VII Eye,22.012186,8.999076,-10.277412,-33.530037
H481,VII Eye,9.677913,-1.4667062,-20.952444,9.76615
H488,VII Eye,9.672415,-1.4752713,-20.8978,9.769746
H49,VII Eye,22.186022,8.6531315,-12.976052,-32.00911
H490,VII Eye,22.208223,8.594317,-13.511038,-31.965637
H491,VII Eye,22.176945,8.676116,-12.596206,-31.930698
H492,VII Eye,22.140104,8.652677,-13.30555,-32.25665
H494,VII Eye,22.248386,8.678783,-12.764014,-32.007122
H498,VII Eye,22.196505,8.670204,-12.579274,-31.850796
H499,VII Eye,22.1772,8.668935,-12.895135,-31.965744
H50,VII Eye,22.07007,8.9311,-10.423122,-32.580433
H500,VII Eye,22.086744,8.947621,-10.486076,-32.36095
H501,VII Eye,22.077438,8.922659,-10.561212,-32.5514
H502,VII Eye,22.06458,8.915561,-9.863611,-32.563442
H503,VII Eye,22.127794,8.89363,-10.304723,-32.131275
H504,VII Eye,21.984911,8.907006,-10.792944,-32.46865
H505,VII Eye,22.120834,8.892134,-10.074402,-32.470814
H506,VII Eye,22.06372,8.947733,-10.423857,-32.55775
H508,VII Eye,22.05973,8.987644,-10.039671,-32.616356
H509,VII Eye,22.058298,8.900184,-10.465991,-32.53067
H51,VII Eye,22.354511,8.465397,-15.382593,-32.324497
H510,VII Eye,22.357138,8.508439,-15.211068,-32.274235
H511,VII Eye,22.384872,8.455697,-15.233955,-32.42111
H512,VII Eye,22.315165,8.477934,-15.2602415,-31.956377
H518,VII Eye,22.355757,8.514261,-15.206755,-32.33881
H519,VII Eye,22.312143,8.4935465,-15.455351,-31.895498
H52,VII Eye,21.874733,9.096541,-10.209622,-36.186558
H520,VII Eye,21.822813,9.15003,-9.921706,-36.575592
H521,VII Eye,21.762098,9.090533,-9.952353,-36.716442
H5213,VII Eye,21.859512,9.115383,-10.213966,-36.194084
H522,VII Eye,21.853678,9.074298,-10.495352,-37.42809
H523,VII Eye,21.811749,9.170469,-9.5661125,-36.292473
H524,VII Eye,21.842546,9.131259,-9.234444,-35.56033
H526,VII Eye,21.857592,9.112479,-10.172357,-36.115753
H527,VII Eye,21.936842,9.107713,-10.826818,-36.57107
H53,VII Eye,21.837494,8.427459,-14.762851,-27.19411
H530,VII Eye,21.804264,9.043041,-8.927281,-36.164635
H531,VII Eye,21.726831,8.603544,-8.874174,-30.531015
H532,VII Eye,21.828241,8.700258,-9.260027,-30.907818
H533,VII Eye,21.786371,8.70044,-9.03862,-30.827612
H534,VII Eye,21.81103,8.719277,-9.056883,-30.875425
H535,VII Eye,21.761976,8.707593,-9.046491,-30.73244
H536,VII Eye,21.926586,8.452469,-14.984739,-27.401966
H538,VII Eye,21.70131,8.60717,-8.671813,-30.153725
H539,VII Eye,21.762264,8.573148,-8.9588,-30.530739
H54,VII Eye,21.721252,8.951884,-9.125262,-40.03432
H540,VII Eye,21.598469,8.899794,-5.8369617,-36.41076
H541,VII Eye,21.668001,8.891717,-6.020807,-36.868374
H542,VII Eye,21.685228,8.959182,-6.437165,-37.95305
H543,VII Eye,21.610334,8.9012785,-6.246094,-36.43457
H544,VII Eye,21.61138,8.964667,-5.881178,-36.418274
H545,VII Eye,21.590336,8.91631,-6.079641,-36.969074
H546,VII Eye,21.618723,8.873808,-6.2160378,-36.44423
H547,VII Eye,21.603655,8.959978,-6.397937,-36.893448
H549,VII Eye,21.602604,8.928683,-5.906986,-36.36404
H55,VII Eye,21.757761,8.706572,-8.906682,-30.731646
H57,VII Eye,21.859356,8.503855,-15.714588,-25.810366
H570,VII Eye,21.827381,8.948117,-8.85479,-36.638783
H571,VII Eye,21.955744,8.616675,-14.992898,-28.963852
H578,VII Eye,21.710081,8.86918,-8.039576,-34.004913
H579,VII Eye,21.873758,8.646082,-15.745913,-26.060196
H581,VII Eye,21.983015,8.470125,-15.164548,-27.567772
H588,VII Eye,22.017683,8.478344,-15.2098,-27.612116
H590,VII Eye,21.774324,9.083372,-7.543977,-38.4004
H5921,VII Eye,21.791504,9.075851,-7.616357,-38.306496
H5922,VII Eye,21.809347,9.081567,-7.6169043,-38.316853
H598,VII Eye,21.82337,9.089103,-7.918679,-38.309258
H599,VII Eye,21.776241,9.087947,-7.517722,-38.377678
H60,VIII Ear,21.778284,8.176093,-12.761546,-25.743933
H600,VIII Ear,21.757822,8.211954,-11.026822,-24.00891
H601,VIII Ear,21.793064,8.209482,-11.018774,-24.136297
H602,VIII Ear,21.765104,8.226399,-9.472959,-27.136347
H603,VIII Ear,21.79216,8.186438,-11.019286,-24.12417
H604,VIII Ear,21.76139,8.156785,-9.9298525,-26.988554
H605,VIII Ear,21.745665,8.198503,-10.740011,-24.658497
H608,VIII Ear,21.734722,8.226136,-8.990715,-25.601345
H609,VIII Ear,21.67372,8.202951,-8.177963,-25.911118
H61,VIII Ear,21.632137,8.239768,-9.653707,-28.064154
H610,VIII Ear,21.613773,8.267408,-8.669034,-27.905045
H611,VIII Ear,21.660425,8.207355,-9.5555935,-28.179735
H612,VIII Ear,21.627966,8.17364,-8.301912,-27.445515
H613,VIII Ear,21.763718,8.115407,-10.53801,-28.42106
H618,VIII Ear,21.771257,8.112868,-10.44484,-28.392311
H619,VIII Ear,21.622068,8.2771015,-9.592948,-28.4114
H620,VIII Ear,21.851183,8.245964,-12.278714,-23.384327
H621,VIII Ear,21.830723,8.209994,-12.526119,-23.42987
H622,VIII Ear,21.855562,8.267222,-12.021666,-23.368542
H623,VIII Ear,21.871164,8.179029,-12.534349,-23.41123
H624,VIII Ear,21.860018,8.234974,-11.768683,-23.280058
H628,VIII Ear,21.847498,8.246964,-11.759302,-23.155565
H65,VIII Ear,21.830656,8.114402,-13.094773,-26.86127
H650,VIII Ear,21.829103,8.099713,-12.35545,-27.313545
H651,VIII Ear,21.85429,8.110153,-12.622482,-26.90508
H652,VIII Ear,21.844128,8.083821,-12.1285305,-27.594885
H653,VIII Ear,21.710953,8.110112,-10.27917,-27.635197
H654,VIII Ear,21.873465,8.066583,-11.895105,-27.86761
H659,VIII Ear,21.825562,8.08563,-10.850594,-28.060373
H6590,VIII Ear,21.820814,8.110712,-10.790843,-27.918089
H66,VIII Ear,21.775532,8.198372,-12.243872,-25.419067
H660,VIII Ear,21.778572,8.241719,-12.126702,-25.372591
H661,VIII Ear,21.832577,8.137445,-11.34447,-26.300983
H662,VIII Ear,21.79838,8.121418,-10.221476,-26.403938
H6623,VIII Ear,21.802834,8.188196,-10.349815,-26.2946
H663,VIII Ear,21.792143,8.1247635,-10.461861,-27.018114
H664,VIII Ear,21.731726,8.208896,-9.370016,-25.979296
H669,VIII Ear,21.695892,8.178198,-9.071861,-25.579477
H6690,VIII Ear,21.765676,8.216815,-10.782979,-26.102486
H670,VIII Ear,21.909517,8.436927,-17.076872,-26.10121
H671,VIII Ear,21.895824,8.488064,-17.071863,-26.133068
H678,VIII Ear,21.959982,8.369941,-16.980223,-26.281471
H680,VIII Ear,21.876976,8.248413,-10.391703,-24.216671
H681,VIII Ear,21.841602,8.140569,-10.182321,-24.536001
H69,VIII Ear,21.845818,8.141357,-13.480325,-26.304066
H690,VIII Ear,21.91357,8.163332,-13.387963,-28.093151
H698,VIII Ear,21.91267,8.132469,-13.262414,-28.083838
H699,VIII Ear,21.907652,8.093939,-13.51529,-27.926073
H6990,VIII Ear,21.966232,8.060678,-13.420275,-28.09345
H70,VIII Ear,22.36272,8.508308,-15.38287,-32.640064
H700,VIII Ear,22.37493,8.500922,-15.389607,-32.77663
H701,VIII Ear,22.39381,8.506501,-15.38943,-32.63941
H702,VIII Ear,22.377258,8.497733,-15.354404,-32.624477
H708,VIII Ear,22.38367,8.502236,-15.362626,-32.626617
H709,VIII Ear,22.402601,8.514889,-15.303856,-32.728077
H71,VIII Ear,21.821144,8.080383,-10.829533,-27.841257
H72,VIII Ear,21.810637,8.100228,-12.843273,-26.31473
H720,VIII Ear,21.79684,8.119763,-10.41596,-26.997824
H721,VIII Ear,21.822495,8.203365,-10.067649,-27.422155
H722,VIII Ear,21.876799,8.125666,-10.994883,-26.666277
H728,VIII Ear,21.808676,8.111485,-10.947891,-26.93268
H729,VIII Ear,21.820782,8.13155,-10.49108,-27.530535
H730,VIII Ear,21.832747,8.091248,-11.952431,-26.640034
H731,VIII Ear,21.870361,8.061351,-11.530836,-27.669203
H738,VIII Ear,21.844528,8.070168,-11.777256,-27.10526
H739,VIII Ear,21.846437,8.101393,-11.455958,-27.55283
H74,VIII Ear,21.820425,8.083612,-11.031113,-27.40432
H740,VIII Ear,21.827131,8.065289,-11.84375,-26.852976
H741,VIII Ear,21.847528,8.070673,-11.083811,-26.916891
H742,VIII Ear,21.834656,8.058791,-11.506515,-27.057734
H743,VIII Ear,21.839895,8.013467,-11.884036,-27.183514
H744,VIII Ear,21.848753,8.033375,-11.531977,-27.116001
H748,VIII Ear,21.86827,8.002764,-11.552822,-27.028126
H749,VIII Ear,21.818434,8.049316,-11.046061,-27.545212
H750,VIII Ear,9.611449,-1.6079644,-20.8853,9.244898
H758,VIII Ear,9.666045,-1.5849615,-20.857214,9.274824
H80,VIII Ear,21.863693,8.1418705,-12.839174,-29.112362
H800,VIII Ear,21.891222,8.110046,-12.740621,-29.029634
H802,VIII Ear,21.874165,8.092651,-12.784311,-29.176067
H808,VIII Ear,21.94988,8.054074,-12.901125,-29.224907
H809,VIII Ear,21.948648,8.023392,-12.550415,-29.154236
H8093,VIII Ear,21.954998,8.08233,-12.953196,-29.234612
H81,VIII Ear,21.677738,8.630224,-6.900374,-29.222355
H810,VIII Ear,21.601091,8.544344,-6.5981855,-28.115393
H811,VIII Ear,21.59986,8.491092,-6.8089767,-27.949202
H812,VIII Ear,21.685661,8.480442,-7.2478113,-28.65678
H813,VIII Ear,21.66349,8.565006,-7.0165915,-28.843658
H814,VIII Ear,21.642769,8.64282,-6.888173,-29.061388
H818,VIII Ear,21.676365,8.639911,-6.9792724,-29.203718
H819,VIII Ear,21.65921,8.649378,-6.936728,-29.170998
H8193,VIII Ear,21.607271,8.549162,-7.099102,-28.75746
H82,VIII Ear,22.16343,8.349704,-18.090153,-29.063484
H830,VIII Ear,21.664183,8.305879,-7.701628,-26.548239
H831,VIII Ear,21.734028,8.260418,-8.797051,-26.463743
H832,VIII Ear,21.71883,8.204889,-9.009705,-26.30053
H833,VIII Ear,21.668999,8.290405,-8.455548,-26.463123
H838,VIII Ear,21.696457,8.197093,-8.832397,-26.428244
H839,VIII Ear,21.668821,8.184322,-10.206771,-25.38271
H8393,VIII Ear,21.716803,8.203236,-8.692946,-26.372368
H90,VIII Ear,21.834972,8.264018,-11.031454,-29.106707
H900,VIII Ear,21.814041,8.169531,-11.513161,-29.047005
H901,VIII Ear,21.821423,8.163208,-11.487331,-29.035206
H902,VIII Ear,21.76957,8.174345,-11.169775,-29.112103
H903,VIII Ear,21.651215,8.329505,-7.043875,-27.889774
H904,VIII Ear,21.625908,8.433504,-7.1381116,-27.911793
H905,VIII Ear,21.62253,8.397832,-6.997081,-27.827702
H906,VIII Ear,19.992392,6.403248,-0.841436,-18.347908
H907,VIII Ear,19.967527,6.378876,-0.66451746,-18.360825
H908,VIII Ear,19.970938,6.3793383,-0.8171692,-18.386934
H91,VIII Ear,19.986168,6.394862,-0.6767021,-20.426441
H910,VIII Ear,19.999702,6.4106226,-0.8332237,-18.990816
H911,VIII Ear,19.987528,6.3991427,-1.2919897,-19.143501
H912,VIII Ear,19.983477,6.392444,-0.81608737,-18.982895
H913,VIII Ear,19.991905,6.3615212,-0.80728453,-18.733408
H918,VIII Ear,19.979626,6.3833823,-0.60018545,-18.708773
H919,VIII Ear,19.981728,6.4135094,-1.8238614,-19.97392
H9190,VIII Ear,19.976044,6.381864,-0.5683985,-18.735424
H920,VIII Ear,19.978548,6.391761,-1.3286152,-19.40094
H921,VIII Ear,19.965307,6.374382,-0.4158401,-18.543547
H922,VIII Ear,20.002419,6.4138064,-0.607039,-18.704723
H93,VIII Ear,19.982882,6.39434,-1.6684917,-18.84926
H931,VIII Ear,19.986687,6.3991833,-1.5874859,-19.506998
H932,VIII Ear,19.984655,6.3908916,-1.45686,-19.064775
H933,VIII Ear,19.984499,6.3955812,-1.3332404,-18.978975
H938,VIII Ear,19.989319,6.399062,-1.4672666,-19.121578
H939,VIII Ear,19.986044,6.3964,-1.3294214,-18.93866
H9393,VIII Ear,19.983234,6.3923893,-1.3124105,-19.004126
H940,VIII Ear,20.017748,6.352938,-0.6751233,-19.275295
H948,VIII Ear,20.02147,6.422375,-0.67151684,-20.158712
H950,VIII Ear,19.980194,6.3918557,0.3690767,-18.163279
H951,VIII Ear,19.957495,6.3640413,0.37594822,-18.094912
H9531,VIII Ear,19.94739,6.3578334,0.5362743,-18.027443
H9532,VIII Ear,19.904543,6.3180203,0.5090222,-18.05531
H958,VIII Ear,19.94803,6.355151,0.527462,-18.056015
H959,VIII Ear,19.91912,6.3300157,0.5307367,-18.046879
I00,IX Circulatory,13.207616,-0.18745644,8.906395,-5.7876787
I010,IX Circulatory,10.021625,-1.2543145,-23.210325,15.477343
I018,IX Circulatory,10.087324,-1.2719132,-23.198606,15.472991
I019,IX Circulatory,10.074764,-1.2573009,-23.217356,15.470196
I020,IX Circulatory,10.084936,-1.2495043,-23.306988,15.509433
I029,IX Circulatory,10.114739,-1.2476596,-23.317034,15.518261
I05,IX Circulatory,13.202176,-0.19398029,7.9301314,-5.7465386
I050,IX Circulatory,13.203423,-0.19316122,8.341422,-6.26035
I051,IX Circulatory,13.19906,-0.1969744,8.23913,-6.1821795
I052,IX Circulatory,13.202352,-0.19303091,8.216645,-6.068951
I058,IX Circulatory,13.203518,-0.19120029,8.3639965,-6.2913165
I059,IX Circulatory,13.203544,-0.19250806,8.426135,-6.484323
I06,IX Circulatory,13.172494,-0.2236795,7.233965,-4.9059887
I060,IX Circulatory,13.167258,-0.23084,7.2393184,-4.912013
I061,IX Circulatory,13.151324,-0.24500847,7.2980027,-4.9759617
I062,IX Circulatory,13.167215,-0.22908969,7.2265205,-4.8941226
I068,IX Circulatory,13.171308,-0.22576807,7.2444763,-4.912027
I069,IX Circulatory,13.169274,-0.22502351,7.248732,-4.9146676
I07,IX Circulatory,13.238303,-0.15599725,8.507277,-6.646206
I070,IX Circulatory,13.21204,-0.18152314,8.522127,-6.6816974
I071,IX Circulatory,13.221663,-0.17363282,8.656457,-7.052964
I072,IX Circulatory,13.212579,-0.18236256,8.550307,-6.702104
I078,IX Circulatory,13.212644,-0.18277013,8.54563,-6.5631347
I079,IX Circulatory,13.21087,-0.18311137,8.489519,-6.500491
I080,IX Circulatory,13.242897,-0.14229192,8.710715,-7.281315
I081,IX Circulatory,13.218553,-0.1732615,8.706396,-7.3039083
I082,IX Circulatory,13.217296,-0.17795558,8.622913,-7.058881
I083,IX Circulatory,13.225717,-0.17442635,8.692809,-7.2349205
I088,IX Circulatory,13.213884,-0.17859472,8.491127,-6.760413
I089,IX Circulatory,13.216198,-0.17868426,8.611171,-7.0023108
I09,IX Circulatory,13.189265,-0.20637512,7.5391994,-5.2555065
I091,IX Circulatory,13.190507,-0.20645994,7.5828586,-5.3082776
I092,IX Circulatory,13.19274,-0.2034982,7.543062,-5.2600904
I099,IX Circulatory,13.196942,-0.20106627,7.920326,-5.6915674
I10,IX Circulatory,15.519936,6.799834,35.202812,0.53129643
I11,IX Circulatory,15.027194,10.419678,16.027395,-31.266624
I110,IX Circulatory,14.796552,10.251642,16.964016,-28.752876
I119,IX Circulatory,14.980201,10.346658,16.23927,-30.993097
I120,IX Circulatory,15.146981,10.535672,16.172579,-35.409973
I129,IX Circulatory,15.067005,10.568927,16.023935,-34.664707
I130,IX Circulatory,15.2278595,10.083268,9.005861,-27.272661
I131,IX Circulatory,15.356834,10.100276,8.937677,-27.506935
I132,IX Circulatory,15.309276,10.095283,8.952648,-27.661001
I139,IX Circulatory,15.319715,10.1381855,8.935567,-27.651642
I15,IX Circulatory,15.400673,10.156867,9.911424,-26.77784
I150,IX Circulatory,15.313557,10.10781,10.076304,-26.78771
I151,IX Circulatory,15.3507,10.160655,10.095147,-26.814564
I158,IX Circulatory,15.369774,10.058092,10.025199,-26.722092
I159,IX Circulatory,15.382944,10.140221,9.986156,-26.743616
I169,IX Circulatory,15.204795,10.600051,14.608446,-36.60172
I20,IX Circulatory,15.568557,10.820508,5.994887,-38.258816
I200,IX Circulatory,15.6575,10.852739,5.2388005,-36.9026
I201,IX Circulatory,15.650669,10.843906,5.4216743,-37.12322
I208,IX Circulatory,15.653067,10.823377,5.212495,-37.300186
I209,IX Circulatory,15.645668,10.808989,4.7791834,-37.96804
I21,IX Circulatory,15.588263,10.787234,3.9624114,-35.2324
I210,IX Circulatory,15.665185,10.83831,4.8078737,-36.337612
I211,IX Circulatory,15.661202,10.860145,4.9706454,-36.358177
I212,IX Circulatory,15.659357,10.866053,4.8544736,-35.946335
I213,IX Circulatory,15.669544,10.829696,5.1634064,-36.154976
I214,IX Circulatory,15.682648,10.866983,4.9711056,-36.55703
I219,IX Circulatory,15.633047,10.81278,4.7279563,-36.212063
I22,IX Circulatory,15.470803,10.587392,6.985348,-36.586422
I220,IX Circulatory,15.517073,10.650731,6.982836,-36.793068
I221,IX Circulatory,15.494095,10.574901,7.196425,-37.028683
I228,IX Circulatory,15.455902,10.560979,6.9751825,-36.52592
I229,IX Circulatory,15.575392,10.763427,6.9049416,-37.00347
I230,IX Circulatory,12.184085,3.4122567,9.814606,-21.269146
I231,IX Circulatory,12.188192,3.4167182,9.805977,-21.21832
I232,IX Circulatory,12.180104,3.4224157,9.8665905,-21.438017
I233,IX Circulatory,12.189445,3.4197893,9.814261,-21.267092
I236,IX Circulatory,12.196142,3.4259107,9.867409,-21.46904
I238,IX Circulatory,12.17699,3.4201937,9.855946,-21.414656
I240,IX Circulatory,15.645787,10.855738,5.430336,-35.3599
I241,IX Circulatory,15.656163,10.859489,5.3502173,-35.59573
I248,IX Circulatory,15.674479,10.856895,5.311782,-35.59528
I249,IX Circulatory,15.686369,10.866637,5.2024794,-36.142838
I25,IX Circulatory,15.603281,10.754731,6.429891,-38.631104
I250,IX Circulatory,15.623486,10.783006,5.957344,-37.823357
I251,IX Circulatory,15.657555,10.837388,4.8785763,-37.19883
I252,IX Circulatory,15.673916,10.837007,4.628343,-38.34316
I253,IX Circulatory,15.720602,10.8842325,5.8465066,-37.29147
I254,IX Circulatory,15.606402,10.810621,5.7816167,-37.04441
I255,IX Circulatory,15.592952,10.710825,6.5198984,-38.491875
I256,IX Circulatory,15.659219,10.82639,5.5032682,-37.34473
I258,IX Circulatory,15.638178,10.785191,5.06195,-37.739143
I2589,IX Circulatory,15.673419,10.84598,5.545514,-37.431454
I259,IX Circulatory,15.638152,10.787639,4.616437,-38.341248
I26,IX Circulatory,14.763729,10.151685,19.041233,-29.716867
I260,IX Circulatory,14.868876,10.2326355,18.858988,-29.159744
I269,IX Circulatory,14.74546,10.134687,19.61538,-30.43417
I270,IX Circulatory,15.398109,10.446469,11.683246,-32.027054
I271,IX Circulatory,15.409106,10.430081,11.960243,-31.997248
I272,IX Circulatory,15.471302,10.455179,11.602357,-32.126514
I278,IX Circulatory,15.336172,10.3878565,11.931748,-31.885153
I279,IX Circulatory,15.234504,10.429935,12.154126,-31.704315
I28,IX Circulatory,15.25091,9.90491,10.461979,-24.094887
I280,IX Circulatory,15.257988,9.937412,10.587364,-24.107029
I281,IX Circulatory,15.270569,9.913511,10.523839,-24.035934
I288,IX Circulatory,15.258713,9.8272705,10.505633,-24.114017
I289,IX Circulatory,15.255427,9.927176,10.464638,-24.11202
I30,IX Circulatory,15.1706295,10.161515,13.883032,-27.555422
I300,IX Circulatory,15.195628,10.103518,13.850705,-27.545992
I301,IX Circulatory,15.178361,10.102789,13.849299,-27.45244
I308,IX Circulatory,15.216177,10.153116,13.818915,-27.5898
I309,IX Circulatory,15.136395,10.090166,13.887756,-27.631733
I31,IX Circulatory,15.476469,10.746926,6.246278,-34.229343
I310,IX Circulatory,15.534198,10.678599,6.570799,-34.15953
I311,IX Circulatory,15.526639,10.765442,6.3482018,-34.121964
I312,IX Circulatory,15.5162525,10.744676,6.2290363,-34.1077
I313,IX Circulatory,15.474966,10.699287,6.3436794,-33.906197
I318,IX Circulatory,15.525628,10.771861,6.318251,-34.14531
I319,IX Circulatory,15.544792,10.719154,6.4237986,-34.157917
I320,IX Circulatory,15.054165,9.9157715,11.769486,-24.34013
I321,IX Circulatory,15.065854,9.939566,11.728228,-24.347313
I328,IX Circulatory,14.975801,10.01575,12.026273,-24.380724
I330,IX Circulatory,15.134996,10.15829,13.315343,-27.721344
I339,IX Circulatory,15.210005,10.1189995,13.499989,-27.375956
I34,IX Circulatory,15.582271,10.394268,8.837148,-32.485527
I340,IX Circulatory,15.518907,10.470404,10.3598585,-33.602844
I341,IX Circulatory,15.581694,10.375387,8.881831,-32.428944
I342,IX Circulatory,15.646555,10.362073,8.501183,-32.14319
I348,IX Circulatory,15.589056,10.372619,8.714893,-32.356785
I349,IX Circulatory,15.577371,10.412054,8.362063,-32.35186
I35,IX Circulatory,15.5347185,10.427249,9.021299,-31.341623
I350,IX Circulatory,15.520313,10.577272,11.003197,-34.053207
I351,IX Circulatory,15.481146,10.440111,10.483361,-33.69182
I352,IX Circulatory,15.5367985,10.430272,9.89217,-32.63275
I358,IX Circulatory,15.439511,10.336124,10.10245,-33.092518
I359,IX Circulatory,15.530904,10.4360075,9.612743,-31.747969
I36,IX Circulatory,15.293438,10.188986,10.857381,-29.734655
I360,IX Circulatory,15.238503,10.171018,10.977498,-29.464588
I361,IX Circulatory,15.2837515,10.153583,10.936488,-29.682789
I368,IX Circulatory,15.319663,10.167411,10.754403,-29.76674
I369,IX Circulatory,15.259618,10.17944,10.942337,-29.697607
I37,IX Circulatory,15.519487,10.23462,9.6578865,-30.21604
I370,IX Circulatory,15.440425,10.297711,9.694455,-30.246517
I371,IX Circulatory,15.53221,10.280999,9.043701,-30.662018
I378,IX Circulatory,15.535198,10.164271,9.570483,-30.318106
I379,IX Circulatory,15.497691,10.246535,9.655051,-30.142431
I38,IX Circulatory,15.477959,10.512626,10.296816,-35.61353
I390,IX Circulatory,15.420861,10.260835,9.355596,-29.04175
I391,IX Circulatory,15.4064865,10.379059,7.9842186,-29.41614
I393,IX Circulatory,15.3853655,10.32078,9.287947,-28.904776
I398,IX Circulatory,10.897167,3.7932022,14.1575575,-20.730328
I40,IX Circulatory,15.280134,10.143073,11.634828,-28.35926
I400,IX Circulatory,15.208791,10.118887,12.125627,-28.340225
I408,IX Circulatory,15.310622,10.253589,11.616544,-28.546703
I409,IX Circulatory,15.265041,10.171429,11.47374,-28.093817
I411,IX Circulatory,15.393506,10.126074,9.18568,-26.031376
I42,IX Circulatory,15.631634,10.364504,8.040408,-31.041979
I420,IX Circulatory,15.575482,10.428349,10.362619,-32.369255
I421,IX Circulatory,15.631044,10.357981,8.776517,-31.714254
I422,IX Circulatory,15.616049,10.368763,9.132603,-31.93887
I424,IX Circulatory,15.608376,10.354542,8.992609,-31.758572
I425,IX Circulatory,15.663626,10.346255,8.999108,-31.830406
I426,IX Circulatory,15.627777,10.320583,9.271807,-32.218822
I427,IX Circulatory,15.620922,10.396109,9.515247,-32.244728
I428,IX Circulatory,15.625975,10.365722,8.9109955,-31.887129
I429,IX Circulatory,15.626843,10.387215,9.518765,-32.223236
I430,IX Circulatory,15.288504,10.424766,11.210705,-30.919012
I431,IX Circulatory,15.425742,10.405648,11.16725,-31.018246
I432,IX Circulatory,15.329296,10.39432,11.197732,-30.875862
I438,IX Circulatory,15.228344,10.656239,8.596175,-39.762016
I44,IX Circulatory,15.502345,10.482065,8.682538,-34.8245
I440,IX Circulatory,15.434353,10.599296,10.605741,-35.218853
I441,IX Circulatory,15.431351,10.522859,10.07219,-34.94009
I442,IX Circulatory,15.485539,10.56996,10.262553,-34.767
I443,IX Circulatory,15.563383,10.472313,9.200941,-34.78505
I444,IX Circulatory,15.542535,10.521568,8.441879,-34.80582
I445,IX Circulatory,15.550834,10.498461,8.572491,-34.635742
I446,IX Circulatory,15.504775,10.53597,8.5129795,-34.91167
I447,IX Circulatory,15.528823,10.595338,10.521229,-34.750084
I45,IX Circulatory,15.4240675,10.491596,8.991335,-35.93209
I450,IX Circulatory,15.475035,10.560164,8.841675,-37.800076
I451,IX Circulatory,15.417762,10.593201,11.004022,-35.685402
I4510,IX Circulatory,15.315127,10.357591,9.324632,-35.580975
I452,IX Circulatory,15.422025,10.554738,9.837253,-36.22673
I453,IX Circulatory,15.4507885,10.614758,9.539633,-36.57957
I454,IX Circulatory,15.477863,10.484921,8.838061,-37.284504
I455,IX Circulatory,15.463508,10.568189,9.308564,-36.246155
I456,IX Circulatory,15.257681,10.332368,9.802687,-31.956636
I458,IX Circulatory,15.421419,10.489487,10.614411,-35.360077
I459,IX Circulatory,15.592816,10.399405,8.9487505,-32.49419
I46,IX Circulatory,15.381477,10.543864,4.1796746,-34.018658
I460,IX Circulatory,15.576097,10.754509,4.463112,-34.435688
I461,IX Circulatory,15.4135,10.640664,4.6035547,-34.243042
I469,IX Circulatory,15.428966,10.617555,4.3496413,-34.139645
I47,IX Circulatory,15.499719,10.502434,8.591939,-34.347706
I470,IX Circulatory,15.531227,10.504801,8.036696,-34.162697
I471,IX Circulatory,15.428906,10.4694195,11.239572,-35.010826
I472,IX Circulatory,15.608184,10.540685,9.154431,-33.81058
I479,IX Circulatory,15.4974575,10.486337,8.214693,-33.684483
I48,IX Circulatory,15.55863,10.484828,11.638922,-34.555164
I480,IX Circulatory,15.640146,10.426636,11.799988,-34.495842
I481,IX Circulatory,15.659047,10.413517,7.0186434,-30.764084
I482,IX Circulatory,15.685567,10.3638735,7.002051,-30.703512
I483,IX Circulatory,15.676925,10.341778,7.1679955,-30.746733
I484,IX Circulatory,15.608482,10.409517,7.1772385,-30.733932
I489,IX Circulatory,15.589115,10.510314,11.861479,-34.493813
I49,IX Circulatory,15.501202,10.497348,8.379967,-35.350853
I490,IX Circulatory,15.620483,10.849409,5.36103,-35.04051
I491,IX Circulatory,15.463103,10.605521,10.693142,-35.45766
I492,IX Circulatory,15.425663,10.553574,10.37858,-35.145535
I493,IX Circulatory,15.400853,10.546537,11.061262,-35.704998
I494,IX Circulatory,15.419875,10.496015,10.940494,-35.364094
I495,IX Circulatory,15.51592,10.550596,10.330638,-35.046585
I498,IX Circulatory,15.523168,10.54372,10.051098,-35.081837
I499,IX Circulatory,15.506415,10.483643,10.965096,-35.263706
I50,IX Circulatory,15.202313,10.74124,8.565672,-39.71368
I500,IX Circulatory,15.5319395,10.54684,11.298211,-33.193207
I501,IX Circulatory,15.55717,10.582328,10.883093,-33.571674
I5081,IX Circulatory,15.438037,10.473426,11.218892,-32.38815
I5082,IX Circulatory,15.490984,10.488871,11.218063,-32.389973
I5083,IX Circulatory,15.505484,10.48461,11.2158165,-32.38673
I5084,IX Circulatory,15.490049,10.48929,11.223133,-32.38725
I5089,IX Circulatory,15.417543,10.402019,11.229566,-32.38204
I509,IX Circulatory,15.433526,10.61952,11.4767885,-33.520557
I51,IX Circulatory,15.5671425,10.50539,9.338093,-33.496147
I510,IX Circulatory,15.601603,10.458279,9.245726,-33.447956
I511,IX Circulatory,15.562376,10.486931,9.042098,-32.998394
I512,IX Circulatory,15.568014,10.47461,9.335772,-33.57128
I513,IX Circulatory,15.611654,10.5650015,9.150876,-33.478928
I514,IX Circulatory,15.548645,10.471246,8.967435,-33.41934
I515,IX Circulatory,15.468461,10.542481,8.622273,-38.67492
I516,IX Circulatory,15.501703,10.52081,10.119874,-34.051704
I517,IX Circulatory,15.53722,10.541463,10.691846,-33.927242
I518,IX Circulatory,15.627514,10.60141,10.14439,-33.99072
I519,IX Circulatory,15.633091,10.556675,9.389657,-33.72333
I520,IX Circulatory,15.479621,10.554408,3.7421205,-35.01771
I528,IX Circulatory,15.394427,10.348045,10.995475,-27.682018
I60,IX Circulatory,14.749139,11.330169,22.52404,-51.02111
I600,IX Circulatory,14.747969,11.342459,22.591887,-50.959385
I601,IX Circulatory,14.717424,11.381526,22.26672,-51.0837
I602,IX Circulatory,14.731745,11.322361,22.741423,-51.091652
I603,IX Circulatory,14.788951,11.39399,22.679585,-51.392105
I604,IX Circulatory,14.738066,11.360029,22.539042,-50.926064
I605,IX Circulatory,14.764418,11.330815,22.494696,-50.92647
I606,IX Circulatory,14.757699,11.345844,22.51651,-51.272472
I607,IX Circulatory,14.756155,11.382674,22.471987,-51.20631
I608,IX Circulatory,14.778124,11.313602,22.842133,-51.500675
I609,IX Circulatory,14.735228,11.34024,22.690208,-50.89684
I61,IX Circulatory,14.734061,11.301827,24.13105,-48.78762
I610,IX Circulatory,14.731433,11.312042,24.065104,-49.01796
I611,IX Circulatory,14.738454,11.340507,23.839628,-49.36546
I612,IX Circulatory,14.716505,11.283397,24.63634,-48.89319
I613,IX Circulatory,14.741971,11.328375,23.910408,-49.293972
I614,IX Circulatory,14.758222,11.309841,23.538082,-49.447296
I615,IX Circulatory,14.756234,11.351635,23.691557,-49.665543
I616,IX Circulatory,14.718246,11.281804,23.544638,-49.45513
I618,IX Circulatory,14.763688,11.34097,23.523779,-49.306877
I619,IX Circulatory,14.758414,11.333797,23.307827,-49.26808
I62,IX Circulatory,14.665532,10.994512,20.522097,-46.88765
I620,IX Circulatory,14.627124,11.019383,20.540228,-46.69432
I621,IX Circulatory,14.681903,10.989656,20.515255,-46.9044
I629,IX Circulatory,14.564951,10.998591,20.45754,-46.841442
I63,IX Circulatory,14.820825,11.292184,23.365849,-48.093876
I630,IX Circulatory,14.794828,11.325389,23.098974,-48.393284
I631,IX Circulatory,14.787571,11.292241,22.953548,-48.267273
I632,IX Circulatory,14.832722,11.351811,23.205296,-48.289505
I633,IX Circulatory,14.818946,11.318482,23.178488,-48.289837
I634,IX Circulatory,14.828144,11.3470335,23.080805,-48.267815
I635,IX Circulatory,14.811736,11.361907,22.99347,-48.29735
I636,IX Circulatory,14.795419,11.312552,22.938671,-48.29253
I638,IX Circulatory,14.824129,11.351369,23.100817,-48.27197
I639,IX Circulatory,14.759872,11.296339,22.978697,-47.932266
I64,IX Circulatory,14.629822,11.100853,23.549374,-46.639355
I650,IX Circulatory,14.765004,11.226399,21.105192,-49.781765
I651,IX Circulatory,14.707103,11.252303,21.16243,-49.558216
I652,IX Circulatory,14.711867,11.272632,21.623232,-48.968678
I653,IX Circulatory,14.812127,11.141953,20.72036,-49.882336
I658,IX Circulatory,14.765291,11.183943,21.043898,-49.691483
I659,IX Circulatory,14.7166,11.209069,21.25694,-49.518036
I66,IX Circulatory,15.193724,10.056632,12.9297,-39.160133
I660,IX Circulatory,15.202692,10.059582,12.951198,-39.306007
I661,IX Circulatory,15.211446,10.052326,12.932656,-39.15265
I662,IX Circulatory,15.215521,10.055506,12.913219,-39.179485
I663,IX Circulatory,15.220358,10.044086,12.921633,-39.208252
I664,IX Circulatory,15.196935,10.067356,12.932967,-39.162525
I668,IX Circulatory,15.181779,9.988364,12.935017,-39.15799
I669,IX Circulatory,15.197567,9.992556,12.879986,-39.102245
I67,IX Circulatory,14.661168,11.049499,18.264008,-46.521572
I670,IX Circulatory,14.670741,11.335679,21.394514,-48.481358
I671,IX Circulatory,14.671622,11.293843,21.992805,-49.255642
I672,IX Circulatory,14.678419,11.301941,21.754265,-48.253784
I673,IX Circulatory,14.722639,11.344833,21.568245,-48.822086
I674,IX Circulatory,14.6550665,11.283008,21.537764,-48.58158
I676,IX Circulatory,14.692472,11.338192,21.582924,-48.761383
I677,IX Circulatory,14.687153,11.349888,21.41492,-48.971848
I678,IX Circulatory,14.624242,11.322334,21.169737,-48.018944
I6784,IX Circulatory,14.685552,11.32991,21.54683,-48.73259
I679,IX Circulatory,14.759231,11.2047615,21.392391,-47.547115
I680,IX Circulatory,14.693053,11.362668,20.503695,-50.775494
I688,IX Circulatory,14.695684,11.473458,20.612688,-50.67922
I690,IX Circulatory,14.584585,11.259305,19.589563,-48.272263
I691,IX Circulatory,14.593398,11.300822,19.568827,-48.361362
I692,IX Circulatory,14.579203,11.276201,19.617226,-48.48291
I693,IX Circulatory,14.600848,11.300911,19.526997,-48.441006
I694,IX Circulatory,14.587332,11.290082,20.16119,-48.184937
I698,IX Circulatory,14.566147,11.258529,19.346193,-48.34936
I6990,IX Circulatory,14.590755,11.2731,19.934904,-48.249157
I70,IX Circulatory,15.147449,10.5375595,14.522188,-33.919254
I700,IX Circulatory,15.036205,10.57887,15.320714,-34.560505
I7000,IX Circulatory,15.011915,10.643651,15.218492,-33.08836
I7001,IX Circulatory,15.0257435,10.607164,15.392226,-34.04467
I701,IX Circulatory,15.040851,10.592916,16.004091,-34.225525
I7010,IX Circulatory,15.093307,10.502344,14.500418,-32.95227
I7011,IX Circulatory,15.0494795,10.548218,15.019997,-33.56959
I702,IX Circulatory,15.099592,10.571351,15.146397,-34.140476
I7020,IX Circulatory,15.051911,10.587067,15.379492,-33.624134
I7021,IX Circulatory,15.049374,10.5786295,15.512949,-33.54383
I708,IX Circulatory,15.21513,10.556168,13.435303,-35.51667
I7080,IX Circulatory,14.999781,10.570078,15.367722,-33.32668
I7081,IX Circulatory,15.039003,10.593709,15.556464,-33.968575
I709,IX Circulatory,15.138295,10.614224,14.522161,-33.91563
I7090,IX Circulatory,15.056505,10.578081,15.185191,-33.99961
I7091,IX Circulatory,15.101368,10.550499,15.032915,-33.690693
I71,IX Circulatory,14.942692,10.37956,14.489402,-30.374125
I710,IX Circulatory,15.155894,10.4440155,13.683754,-32.11863
I711,IX Circulatory,15.156722,10.347424,13.657356,-31.457306
I712,IX Circulatory,15.234066,10.4056225,13.245681,-31.82602
I713,IX Circulatory,15.102093,10.393516,14.511881,-30.509926
I714,IX Circulatory,15.397872,10.53374,12.401227,-33.767822
I715,IX Circulatory,15.096453,10.423693,14.2680435,-31.874128
I716,IX Circulatory,15.114776,10.479527,14.03405,-32.503635
I718,IX Circulatory,15.156981,10.471542,13.755503,-32.316936
I719,IX Circulatory,15.253654,10.433864,13.312332,-31.901243
I72,IX Circulatory,15.138861,10.610775,14.190563,-34.671356
I720,IX Circulatory,14.980453,10.779356,14.313653,-35.172516
I721,IX Circulatory,15.072148,10.601807,14.453118,-34.233543
I722,IX Circulatory,14.98478,10.59092,15.113411,-33.076805
I723,IX Circulatory,15.094911,10.593953,14.914365,-34.08641
I724,IX Circulatory,15.045703,10.619351,15.074242,-33.485962
I725,IX Circulatory,15.197095,10.583836,13.761636,-34.82035
I726,IX Circulatory,15.006154,10.701186,14.616826,-34.2616
I728,IX Circulatory,15.04162,10.571763,14.020834,-34.898857
I729,IX Circulatory,15.017841,10.640509,14.726378,-34.803047
I73,IX Circulatory,15.297307,10.546552,13.319556,-30.470928
I730,IX Circulatory,15.320479,10.536812,12.053993,-35.655174
I7300,IX Circulatory,15.201545,10.466787,13.31074,-33.238544
I731,IX Circulatory,15.161992,10.53204,13.10942,-33.189392
I738,IX Circulatory,15.205261,10.4087305,13.464562,-30.316227
I739,IX Circulatory,15.352642,10.549396,12.178004,-33.783577
I74,IX Circulatory,14.841684,10.238432,15.055934,-28.66917
I740,IX Circulatory,15.061618,10.418307,14.896957,-32.477425
I741,IX Circulatory,15.0711565,10.4629965,14.279363,-32.4703
I742,IX Circulatory,14.8561945,10.36215,15.828191,-31.918272
I743,IX Circulatory,14.964535,10.534475,15.314994,-32.604565
I744,IX Circulatory,15.014815,10.491292,14.857083,-32.360424
I745,IX Circulatory,15.005702,10.432189,15.037593,-31.143023
I748,IX Circulatory,14.999454,10.277535,14.752349,-28.611654
I749,IX Circulatory,14.889113,10.25446,15.330291,-28.88431
I77,IX Circulatory,15.001984,10.585613,16.41683,-33.88585
I770,IX Circulatory,15.029856,10.5560875,16.331997,-33.67786
I771,IX Circulatory,15.093817,10.547685,15.576781,-33.64393
I772,IX Circulatory,14.992554,10.522341,16.170874,-33.81438
I773,IX Circulatory,14.959223,10.643586,16.232727,-33.83767
I774,IX Circulatory,14.952332,10.604041,16.57171,-33.923347
I776,IX Circulatory,14.997427,10.643353,17.01243,-33.88815
I778,IX Circulatory,14.97918,10.593685,16.971704,-33.87394
I779,IX Circulatory,15.010604,10.465872,14.834728,-31.10397
I78,IX Circulatory,14.797473,10.25161,17.93077,-27.21034
I780,IX Circulatory,14.76682,10.210491,18.079126,-27.725206
I781,IX Circulatory,12.606284,6.837551,22.73748,-27.073034
I788,IX Circulatory,14.868721,10.191727,17.281591,-26.767979
I789,IX Circulatory,14.859667,10.196781,17.394358,-26.85082
I790,IX Circulatory,15.38798,10.185231,9.123237,-28.40623
I792,IX Circulatory,15.343242,10.175445,9.3450775,-28.190796
I798,IX Circulatory,15.348061,10.219635,9.018481,-28.418463
I80,IX Circulatory,14.838747,10.135441,19.537794,-27.95635
I800,IX Circulatory,14.7246,10.1215725,20.165932,-29.610199
I801,IX Circulatory,14.737927,10.182971,19.322508,-29.995499
I802,IX Circulatory,14.731373,10.144236,19.647697,-30.193277
I803,IX Circulatory,14.738145,10.172189,19.62346,-29.882505
I808,IX Circulatory,14.792519,10.179349,19.049883,-29.908648
I809,IX Circulatory,14.756972,10.137339,20.2639,-29.16904
I81,IX Circulatory,14.8694,10.178044,16.480646,-27.030699
I82,IX Circulatory,14.779842,10.301921,17.25352,-28.127705
I820,IX Circulatory,14.79168,10.252081,17.17163,-28.262768
I821,IX Circulatory,14.739909,10.311568,17.315786,-28.243893
I822,IX Circulatory,14.814557,10.284797,17.063673,-28.387497
I823,IX Circulatory,14.855907,10.352988,17.181234,-28.159155
I828,IX Circulatory,14.769907,10.258669,17.505648,-28.052612
I829,IX Circulatory,14.785668,10.2923765,16.886204,-28.964401
I83,IX Circulatory,14.673294,10.011663,20.52763,-28.194223
I830,IX Circulatory,14.689026,10.030508,20.536121,-28.89883
I8300,IX Circulatory,14.685312,10.035757,20.622303,-29.055655
I8301,IX Circulatory,14.679525,10.024998,20.615162,-29.043707
I8302,IX Circulatory,14.690111,10.032925,20.620419,-29.053972
I831,IX Circulatory,14.726066,10.082519,20.428162,-29.548885
I8310,IX Circulatory,14.671775,10.005745,20.619938,-29.04877
I832,IX Circulatory,14.7033205,10.076013,20.607296,-28.63902
I839,IX Circulatory,14.684845,9.993125,20.886183,-29.374096
I8390,IX Circulatory,14.61716,9.940377,22.10677,-28.804089
I840,IX Circulatory,12.615242,6.6876507,45.71507,-20.072739
I841,IX Circulatory,12.629704,6.7217402,45.92903,-20.272118
I842,IX Circulatory,12.635775,6.7298503,46.012203,-20.627087
I843,IX Circulatory,12.586469,6.7500396,45.634792,-19.373066
I844,IX Circulatory,12.548199,6.6752224,45.705105,-19.467377
I845,IX Circulatory,12.642693,6.653424,45.75338,-20.040949
I846,IX Circulatory,12.598005,6.713879,45.529015,-20.24244
I847,IX Circulatory,12.587936,6.7110353,45.6701,-19.677992
I848,IX Circulatory,12.638051,6.673304,45.965992,-20.308928
I849,IX Circulatory,12.650827,6.7078056,46.267082,-20.512312
I85,IX Circulatory,12.450463,7.943589,45.333447,-33.54372
I850,IX Circulatory,12.425265,7.9206376,45.382656,-33.612053
I859,IX Circulatory,12.390781,7.96008,45.267235,-33.63587
I86,IX Circulatory,15.196748,10.157375,11.708944,-27.644426
I860,IX Circulatory,15.277281,10.244982,11.527288,-27.546736
I861,IX Circulatory,15.2484045,10.17427,11.836958,-26.879314
I862,IX Circulatory,15.230562,10.196399,12.146206,-26.72631
I863,IX Circulatory,15.244326,10.194205,11.571837,-27.580189
I864,IX Circulatory,15.185269,10.11918,12.229115,-27.716497
I868,IX Circulatory,15.280395,10.163815,12.094155,-27.786783
I87,IX Circulatory,14.840953,10.264346,18.212507,-29.977335
I870,IX Circulatory,14.733634,10.270696,18.354654,-30.373251
I871,IX Circulatory,14.773168,10.254604,17.22738,-27.995405
I872,IX Circulatory,14.732713,10.158661,20.02836,-29.365889
I878,IX Circulatory,14.81937,10.278098,17.287876,-29.488188
I879,IX Circulatory,14.815021,10.237794,18.303484,-30.137627
I88,IX Circulatory,15.105328,10.06309,13.469588,-24.665403
I880,IX Circulatory,15.053862,10.055011,13.518728,-24.634375
I881,IX Circulatory,15.147049,10.059129,13.294226,-24.470137
I888,IX Circulatory,15.060848,10.133467,13.57825,-24.601862
I889,IX Circulatory,15.087465,10.143485,13.629417,-24.662313
I89,IX Circulatory,14.735108,10.227895,18.880198,-30.690125
I890,IX Circulatory,14.687173,10.2507925,19.035286,-30.89101
I891,IX Circulatory,14.719429,10.247759,18.977072,-30.788101
I898,IX Circulatory,14.728337,10.24045,18.847624,-30.693352
I899,IX Circulatory,14.713079,10.226556,18.913443,-30.780125
I95,IX Circulatory,15.356159,10.588605,9.057438,-38.213547
I950,IX Circulatory,15.358091,10.629331,11.12543,-36.87896
I951,IX Circulatory,15.252139,10.721541,11.279278,-37.04901
I952,IX Circulatory,15.2629175,10.770104,9.92178,-37.511253
I958,IX Circulatory,15.314778,10.677888,9.012235,-38.240257
I959,IX Circulatory,15.275468,10.648832,11.68617,-36.845432
I96,IX Circulatory,10.08802,-1.3216219,-24.09351,11.023409
I970,IX Circulatory,15.316408,9.387653,10.213684,-22.693474
I971,IX Circulatory,15.319894,9.362555,10.23089,-22.77833
I9711,IX Circulatory,15.312953,9.392369,10.192148,-22.592926
I9713,IX Circulatory,15.315188,9.381291,10.206176,-22.659319
I9719,IX Circulatory,15.319068,9.367884,10.187206,-22.55459
I972,IX Circulatory,15.319485,9.366472,10.234734,-22.702368
I9751,IX Circulatory,15.317932,9.371064,10.206273,-22.553139
I9752,IX Circulatory,15.287885,9.410576,10.216053,-22.58608
I9771,IX Circulatory,15.318433,9.356939,10.232167,-22.707241
I9779,IX Circulatory,15.322066,9.342751,10.229107,-22.694162
I978,IX Circulatory,15.321167,9.363125,10.236941,-22.66014
I9788,IX Circulatory,15.317239,9.366634,10.199011,-22.590775
I9789,IX Circulatory,15.319486,9.362203,10.226584,-22.665
I979,IX Circulatory,15.314778,9.390654,10.196192,-22.626448
I980,IX Circulatory,15.179406,10.297504,12.900589,-31.071905
I982,IX Circulatory,12.473794,7.989469,45.379185,-33.903824
I983,IX Circulatory,12.453578,7.9509425,45.38511,-33.96528
I988,IX Circulatory,14.866713,10.225547,15.612403,-28.750925
I99,IX Circulatory,15.250973,10.384874,12.127315,-28.880262
I999,IX Circulatory,15.289045,10.223389,12.054138,-28.749794
J00,X  Respiratory,10.947772,4.311895,26.65661,-8.169059
J01,X  Respiratory,10.992541,4.3493695,25.653286,-8.306516
J010,X  Respiratory,10.992854,4.3209157,25.580471,-8.45303
J011,X  Respiratory,11.009191,4.3212523,25.368176,-8.76551
J012,X  Respiratory,10.990096,4.384817,25.480919,-8.860478
J013,X  Respiratory,10.9665165,4.292214,25.48259,-8.8740635
J014,X  Respiratory,11.009617,4.3218565,25.513536,-8.967652
J018,X  Respiratory,11.015021,4.284516,25.30534,-8.834174
J019,X  Respiratory,11.004452,4.3350835,25.484146,-8.335763
J0190,X  Respiratory,10.96215,4.3508115,25.527832,-9.358082
J02,X  Respiratory,10.923192,4.178886,23.009285,-8.533162
J020,X  Respiratory,10.787768,3.8737066,18.29082,-10.316955
J028,X  Respiratory,10.736122,3.98385,22.55327,-9.112216
J029,X  Respiratory,10.904347,4.1750154,23.323233,-8.765633
J03,X  Respiratory,10.976692,4.22153,24.577957,-7.465609
J030,X  Respiratory,11.007996,4.293783,24.633848,-7.4361744
J038,X  Respiratory,11.008289,4.277588,24.651957,-7.4251094
J039,X  Respiratory,10.999114,4.2913785,24.584023,-7.5469446
J04,X  Respiratory,10.887689,4.1439457,22.61495,-7.4402843
J040,X  Respiratory,10.907738,4.163876,22.401575,-7.3553276
J041,X  Respiratory,10.880983,4.077364,22.256336,-7.327976
J042,X  Respiratory,10.866844,4.1171246,22.184717,-7.201735
J050,X  Respiratory,10.662207,3.7226527,17.945854,-12.234792
J051,X  Respiratory,10.698352,3.760531,18.006151,-12.22749
J06,X  Respiratory,10.953727,4.2814975,23.594261,-7.656185
J060,X  Respiratory,10.96919,4.2631063,23.746307,-7.7287235
J068,X  Respiratory,10.941802,4.235947,23.55896,-7.6418867
J069,X  Respiratory,10.950462,4.2703524,23.94327,-7.732421
J09,X  Respiratory,10.6512165,3.6949065,16.532526,-12.915516
J10,X  Respiratory,10.641817,3.7663677,19.086922,-11.376158
J100,X  Respiratory,10.628475,3.7916586,20.363527,-11.966409
J101,X  Respiratory,10.6751175,3.803307,20.336163,-11.919376
J108,X  Respiratory,10.598833,3.796914,20.212486,-11.924308
J11,X  Respiratory,10.933446,4.0382776,21.884321,-8.65974
J110,X  Respiratory,10.754695,3.9429188,21.260098,-10.595961
J111,X  Respiratory,10.968273,4.0997195,23.500238,-8.283812
J118,X  Respiratory,10.898852,3.9621305,21.282986,-10.263516
J12,X  Respiratory,10.865373,4.255847,23.700304,-10.852635
J121,X  Respiratory,10.811312,4.165499,23.399023,-10.871004
J122,X  Respiratory,10.825993,4.1756454,23.528471,-10.892177
J123,X  Respiratory,10.844519,4.204353,23.57141,-10.87976
J128,X  Respiratory,10.77781,4.1247406,22.848995,-10.85667
J129,X  Respiratory,10.831991,4.20885,23.905499,-10.931383
J13,X  Respiratory,10.732534,3.8884084,21.316086,-11.124629
J14,X  Respiratory,10.752427,3.897487,21.239346,-11.258072
J15,X  Respiratory,10.391417,3.7568545,20.34735,-14.342026
J150,X  Respiratory,10.355101,3.7587252,20.409569,-14.60076
J151,X  Respiratory,10.58924,3.784068,19.3616,-12.014812
J152,X  Respiratory,10.467926,3.7563622,20.54513,-14.262731
J153,X  Respiratory,10.458811,3.7053504,20.099283,-14.136258
J154,X  Respiratory,10.409186,3.7932174,20.830976,-14.686196
J155,X  Respiratory,10.400063,3.7877839,20.539452,-14.389788
J156,X  Respiratory,10.425536,3.7439694,20.320595,-14.115715
J157,X  Respiratory,10.427347,3.7774734,20.713137,-13.962509
J158,X  Respiratory,10.465019,3.7244492,20.492575,-13.786749
J159,X  Respiratory,10.55533,3.8046794,20.0378,-12.335289
J160,X  Respiratory,10.955502,3.4856067,14.92039,-12.3884115
J168,X  Respiratory,10.821726,3.5748053,15.547169,-14.157728
J17,X  Respiratory,10.822538,3.6633828,16.325562,-11.337714
J170,X  Respiratory,10.798433,3.6912339,16.605007,-11.37337
J171,X  Respiratory,10.804915,3.6971767,16.633535,-11.453301
J172,X  Respiratory,10.742369,3.7503817,17.18924,-11.239619
J173,X  Respiratory,10.842612,3.6847637,16.489998,-11.054832
J178,X  Respiratory,10.767327,3.681524,16.498016,-11.4920225
J18,X  Respiratory,10.561319,3.8168602,21.052174,-12.243567
J180,X  Respiratory,10.492141,3.8128538,21.23282,-12.851214
J181,X  Respiratory,10.42138,3.8596816,21.598158,-13.146313
J182,X  Respiratory,10.489278,3.8248832,21.16823,-12.840663
J188,X  Respiratory,10.509835,3.8216553,21.179138,-12.790163
J189,X  Respiratory,10.445589,3.8276572,21.49907,-13.014599
J20,X  Respiratory,11.036416,3.889473,20.926838,-8.963858
J200,X  Respiratory,11.032013,3.818456,20.386322,-9.462511
J201,X  Respiratory,10.991665,3.828405,20.426565,-9.421142
J202,X  Respiratory,11.012349,3.814676,20.349377,-9.407936
J203,X  Respiratory,10.996719,3.7949986,20.312475,-9.403696
J204,X  Respiratory,11.021492,3.7963922,20.192364,-9.408845
J205,X  Respiratory,11.010018,3.790378,20.16639,-9.424024
J206,X  Respiratory,11.013534,3.806853,20.374603,-9.429846
J208,X  Respiratory,11.00429,3.7923362,20.389423,-9.483174
J209,X  Respiratory,10.978425,3.8656278,20.848316,-8.998089
J21,X  Respiratory,10.857103,3.5901155,15.617564,-12.955437
J210,X  Respiratory,10.822974,3.6065743,15.698709,-12.777486
J218,X  Respiratory,10.8674555,3.5582674,15.508388,-12.579561
J219,X  Respiratory,10.840691,3.580342,15.581622,-12.8931
J22,X  Respiratory,10.758796,4.2482166,27.408472,-7.2753544
J30,X  Respiratory,10.969293,4.354041,26.770311,-8.849504
J300,X  Respiratory,10.927227,4.4096346,26.64708,-9.668067
J301,X  Respiratory,10.927997,4.384216,27.198374,-9.083528
J302,X  Respiratory,10.851343,4.290195,27.795763,-9.713455
J303,X  Respiratory,10.934709,4.4075203,27.102833,-9.377595
J304,X  Respiratory,10.948076,4.393628,26.895285,-9.37963
J3089,X  Respiratory,10.9526,4.4032125,26.91546,-9.534592
J309,X  Respiratory,10.987488,4.4874744,26.870398,-9.460476
J31,X  Respiratory,10.906866,4.363997,25.831018,-10.167338
J310,X  Respiratory,10.943402,4.4108014,26.439085,-9.139825
J311,X  Respiratory,10.866462,4.3915324,25.820354,-10.282182
J312,X  Respiratory,10.902603,4.3942285,25.863194,-10.507264
J32,X  Respiratory,10.874398,4.2378798,24.120129,-9.756047
J320,X  Respiratory,10.900172,4.3823752,25.330807,-10.874594
J321,X  Respiratory,10.904198,4.3583183,25.146433,-10.523475
J322,X  Respiratory,10.905966,4.388381,24.982756,-10.834172
J323,X  Respiratory,10.892207,4.3510466,24.684074,-10.86627
J324,X  Respiratory,10.891478,4.3384967,24.750221,-10.788127
J328,X  Respiratory,10.8918915,4.3797626,25.036203,-11.213756
J329,X  Respiratory,10.883472,4.3572507,24.930222,-10.565257
J33,X  Respiratory,10.946004,4.386099,26.948122,-11.247541
J330,X  Respiratory,10.911817,4.3840637,25.562983,-11.080914
J331,X  Respiratory,10.918211,4.4027967,25.50365,-11.114659
J338,X  Respiratory,10.902176,4.4638467,25.493357,-11.181486
J339,X  Respiratory,10.929915,4.4194674,26.014381,-11.159852
J34,X  Respiratory,10.977041,4.4833465,26.15431,-10.673422
J340,X  Respiratory,10.912533,4.412797,26.144955,-10.64952
J341,X  Respiratory,10.901474,4.4327326,25.752356,-11.317306
J342,X  Respiratory,10.924428,4.450108,26.094929,-10.864828
J343,X  Respiratory,10.9126215,4.438029,26.11087,-10.945681
J348,X  Respiratory,10.934375,4.4516335,26.025938,-10.760209
J35,X  Respiratory,10.6364155,4.196788,24.889845,-12.950204
J350,X  Respiratory,10.643444,4.297162,25.513449,-12.95609
J351,X  Respiratory,10.646218,4.2371287,25.163216,-13.009883
J352,X  Respiratory,10.594379,4.1853333,24.872858,-12.92034
J353,X  Respiratory,10.674479,4.2442627,24.942125,-12.955352
J358,X  Respiratory,10.588597,4.1877475,24.723793,-13.1025095
J359,X  Respiratory,10.542215,4.126743,24.583078,-13.061873
J36,X  Respiratory,10.678985,4.2777376,25.12016,-12.88584
J370,X  Respiratory,10.949735,4.367127,25.626122,-9.7684
J371,X  Respiratory,10.884316,4.303229,25.138573,-10.023846
J38,X  Respiratory,10.462334,3.955967,21.487844,-17.929106
J380,X  Respiratory,10.439323,3.852549,20.824596,-17.65524
J381,X  Respiratory,10.539629,4.0703535,21.66652,-18.026028
J382,X  Respiratory,10.471554,4.1920166,21.841505,-18.509174
J383,X  Respiratory,10.468384,4.047532,21.507723,-17.947256
J384,X  Respiratory,10.4716835,4.067466,21.45915,-18.442173
J385,X  Respiratory,10.443486,4.066172,21.78936,-17.55321
J386,X  Respiratory,10.418771,3.9234269,21.135975,-18.387585
J387,X  Respiratory,10.45362,4.0796595,21.774815,-17.925804
J39,X  Respiratory,10.575515,4.0971727,23.885532,-13.043855
J390,X  Respiratory,10.540149,4.044832,23.955637,-12.986847
J391,X  Respiratory,10.518955,3.990639,24.070276,-13.057673
J392,X  Respiratory,10.539246,4.09503,24.043968,-13.283703
J393,X  Respiratory,10.543248,4.0140705,23.68403,-13.036465
J398,X  Respiratory,10.525919,4.014793,23.670149,-13.410672
J399,X  Respiratory,10.616851,4.0043125,23.21237,-12.472646
J40,X  Respiratory,10.821018,4.188849,27.132036,-7.7419214
J410,X  Respiratory,10.661797,3.6819158,16.341066,-12.910903
J411,X  Respiratory,10.788115,3.6025178,15.828914,-12.623816
J418,X  Respiratory,10.867453,3.5200758,15.275439,-12.226726
J42,X  Respiratory,10.425487,3.9620633,23.80807,-15.691001
J43,X  Respiratory,10.528598,3.898032,22.38794,-14.069957
J430,X  Respiratory,10.398674,3.8935099,22.269499,-15.72771
J431,X  Respiratory,10.424577,3.8859744,22.10684,-15.7318
J432,X  Respiratory,10.393887,3.8457434,22.140879,-15.856026
J438,X  Respiratory,10.429095,3.947771,22.245146,-15.744572
J439,X  Respiratory,10.360693,3.969239,22.583075,-15.802838
J44,X  Respiratory,10.604306,3.9513006,25.84109,-15.401632
J440,X  Respiratory,10.371854,3.7855327,21.498796,-13.94845
J441,X  Respiratory,10.448261,3.8418503,22.06978,-14.1527605
J448,X  Respiratory,10.438218,3.9513633,22.909288,-15.608503
J449,X  Respiratory,10.369794,4.040534,24.399073,-16.895716
J45,X  Respiratory,10.554824,4.050771,25.437517,-15.431613
J450,X  Respiratory,10.510257,4.0366135,24.80635,-15.603439
J451,X  Respiratory,10.54349,4.0369716,24.569258,-15.340721
J458,X  Respiratory,10.559918,4.083682,24.60438,-15.514034
J459,X  Respiratory,10.465108,4.160099,24.709543,-16.789446
J4590,X  Respiratory,10.509874,4.049061,24.594107,-15.493252
J4599,X  Respiratory,10.53693,4.054423,24.59441,-15.493711
J46,X  Respiratory,10.669376,3.8579092,21.183231,-11.007293
J47,X  Respiratory,10.438008,3.9926758,23.650312,-16.30119
J60,X  Respiratory,10.799367,3.6583896,15.477194,-14.209545
J61,X  Respiratory,10.379022,3.8661478,22.279034,-15.132909
J62,X  Respiratory,10.979504,3.486517,14.364571,-12.07074
J628,X  Respiratory,10.986938,3.4372635,14.648158,-12.115689
J634,X  Respiratory,9.694195,-1.4049842,-20.433931,10.596951
J635,X  Respiratory,9.730152,-1.4001927,-20.585945,10.599548
J638,X  Respiratory,9.749814,-1.3231524,-20.514484,10.595727
J64,X  Respiratory,10.706712,3.6319695,16.445133,-14.728394
J660,X  Respiratory,10.066586,-1.3726851,-24.066206,10.92507
J670,X  Respiratory,10.647476,3.709888,18.196667,-12.017747
J672,X  Respiratory,10.646454,3.7057428,18.314993,-11.945244
J676,X  Respiratory,10.679674,3.7183826,18.141775,-11.919349
J677,X  Respiratory,10.727379,3.705757,18.219698,-11.479868
J678,X  Respiratory,10.752919,3.65191,18.187487,-11.420412
J679,X  Respiratory,10.664466,3.6513574,18.293146,-11.752863
J68,X  Respiratory,11.039729,3.4129844,14.070651,-12.142275
J680,X  Respiratory,11.031253,3.4298542,14.0970745,-12.131976
J683,X  Respiratory,11.029719,3.4292195,14.048766,-12.150614
J684,X  Respiratory,11.042151,3.424815,14.064194,-12.143944
J688,X  Respiratory,11.02842,3.4227602,14.07668,-12.137019
J689,X  Respiratory,10.989562,3.478547,14.081857,-12.13452
J690,X  Respiratory,10.420213,3.6999547,18.715132,-14.029543
J698,X  Respiratory,10.551515,3.6918564,18.274216,-13.83224
J70,X  Respiratory,10.761151,3.5531676,16.025812,-15.295362
J700,X  Respiratory,10.76026,3.5466027,16.055643,-15.363623
J701,X  Respiratory,10.786278,3.5482738,16.0066,-15.426418
J702,X  Respiratory,10.771424,3.5430837,15.836882,-15.343459
J703,X  Respiratory,10.776803,3.5296707,16.07306,-15.286262
J704,X  Respiratory,10.769177,3.5390549,16.057827,-15.288234
J708,X  Respiratory,10.772103,3.5258029,16.031797,-15.366488
J709,X  Respiratory,10.759801,3.5411303,15.996641,-15.369399
J80,X  Respiratory,10.459261,3.7439249,19.6729,-14.617347
J81,X  Respiratory,10.489444,3.778056,20.885153,-12.060167
J82,X  Respiratory,10.389743,3.757378,20.041634,-14.747703
J84,X  Respiratory,10.42653,3.980833,22.958548,-16.884953
J840,X  Respiratory,10.428555,3.9944527,22.864939,-16.655554
J841,X  Respiratory,10.360909,3.9916902,22.883638,-16.552296
J848,X  Respiratory,10.435555,4.0055366,22.951656,-16.884104
J849,X  Respiratory,10.4105835,3.965582,22.972595,-16.752693
J85,X  Respiratory,10.60583,3.6979876,17.246471,-13.139237
J850,X  Respiratory,10.492388,3.744374,17.646156,-13.507484
J851,X  Respiratory,10.660911,3.6373343,17.496767,-13.0762
J852,X  Respiratory,10.687837,3.6475809,17.840813,-12.49524
J853,X  Respiratory,10.605159,3.6832893,17.287693,-13.188026
J86,X  Respiratory,10.460701,3.752265,19.011696,-14.6312
J860,X  Respiratory,10.501504,3.7896748,18.76717,-15.082599
J869,X  Respiratory,10.4691725,3.760708,18.884853,-14.711097
J90,X  Respiratory,10.419487,3.8339584,21.674099,-13.653442
J91,X  Respiratory,10.993525,3.742586,19.70422,-9.401457
J918,X  Respiratory,10.90114,3.6555598,16.029093,-12.976959
J92,X  Respiratory,10.379581,3.8614757,21.576311,-15.084607
J920,X  Respiratory,10.346797,3.9726174,22.260464,-15.352952
J929,X  Respiratory,10.367824,3.9041274,21.947203,-15.375038
J93,X  Respiratory,10.433591,3.8256674,19.08193,-17.944036
J930,X  Respiratory,10.476223,3.9326246,19.184523,-17.805538
J931,X  Respiratory,10.46209,3.895881,19.225273,-17.86519
J938,X  Respiratory,10.435868,3.876951,19.143066,-17.809729
J939,X  Respiratory,10.414266,3.9328387,19.22356,-17.776432
J940,X  Respiratory,10.435983,3.836497,20.263044,-15.502473
J941,X  Respiratory,10.4133835,3.801565,20.050364,-15.720727
J942,X  Respiratory,10.406547,3.8128,20.589336,-15.403356
J948,X  Respiratory,10.36645,3.7976797,20.518845,-15.626138
J949,X  Respiratory,10.481874,3.8778954,20.347216,-15.739027
J950,X  Respiratory,10.574736,3.64407,17.78665,-16.962688
J952,X  Respiratory,10.5795,3.5999217,17.512894,-16.770447
J953,X  Respiratory,10.572567,3.618241,17.490862,-16.671661
J954,X  Respiratory,10.577964,3.5968204,17.422035,-16.689924
J955,X  Respiratory,10.5817375,3.5642164,17.316002,-16.500437
J9571,X  Respiratory,10.579202,3.6037714,17.413061,-16.61801
J9572,X  Respiratory,10.633377,3.5275612,17.471514,-16.66616
J958,X  Respiratory,10.56548,3.5947683,17.739891,-16.668869
J959,X  Respiratory,10.52712,3.5846665,17.637327,-16.706436
J96,X  Respiratory,10.547575,3.6905658,19.334019,-12.70494
J960,X  Respiratory,10.397307,3.7246122,19.613314,-13.868511
J9600,X  Respiratory,10.357486,3.679182,19.507574,-13.717502
J9601,X  Respiratory,10.429976,3.7161663,19.432018,-13.779947
J9609,X  Respiratory,10.365162,3.7007766,19.617594,-13.605097
J961,X  Respiratory,10.389615,3.6961432,20.075098,-13.800456
J9610,X  Respiratory,10.3934355,3.6852555,19.536104,-13.644959
J9611,X  Respiratory,10.345981,3.7031074,19.658928,-13.922806
J9619,X  Respiratory,10.3065815,3.639128,19.664202,-13.473277
J969,X  Respiratory,10.334042,3.661537,19.619062,-13.600916
J9690,X  Respiratory,10.3673315,3.6873574,19.616074,-13.398321
J9691,X  Respiratory,10.307161,3.6892037,19.703337,-13.7741785
J9699,X  Respiratory,10.368586,3.697749,19.698685,-13.56477
J98,X  Respiratory,10.458499,3.9556372,23.4577,-14.551186
J980,X  Respiratory,10.369534,3.9115603,21.234295,-16.392996
J981,X  Respiratory,10.333805,3.8324363,21.362196,-14.901275
J9811,X  Respiratory,10.360641,3.897131,21.383743,-15.932781
J9819,X  Respiratory,10.3872795,3.9061828,21.419355,-15.996254
J982,X  Respiratory,10.352048,3.8346379,20.920557,-16.03188
J984,X  Respiratory,10.3648405,3.8716376,21.645979,-16.43559
J985,X  Respiratory,10.364038,3.8960109,21.093725,-16.617395
J986,X  Respiratory,10.39622,3.9368982,21.644386,-15.782539
J988,X  Respiratory,10.498659,4.0459433,23.460646,-13.481856
J989,X  Respiratory,10.450916,4.018474,23.38737,-14.714575
J990,X  Respiratory,10.804976,4.0990057,21.697287,-6.626979
J991,X  Respiratory,10.812306,4.0526905,21.79765,-6.8449116
J998,X  Respiratory,10.901989,4.1626987,22.023937,-7.05225
K00,XI Digestive,12.21383,6.960551,40.177593,-21.582214
K000,XI Digestive,11.848865,6.6489263,34.916817,-22.757187
K001,XI Digestive,11.807278,6.630606,34.354397,-23.588572
K002,XI Digestive,11.754954,6.602781,34.07062,-23.330856
K006,XI Digestive,11.665717,6.4772177,32.265877,-22.153112
K007,XI Digestive,11.795144,6.613802,34.287205,-23.396927
K008,XI Digestive,11.764096,6.6813083,34.498802,-23.584984
K009,XI Digestive,11.894489,6.709105,36.475533,-22.453169
K010,XI Digestive,11.678055,6.4796963,32.30383,-22.020664
K011,XI Digestive,11.598631,6.426206,31.946878,-23.322418
K02,XI Digestive,11.560383,6.4209037,30.085539,-23.640886
K020,XI Digestive,11.533519,6.4293866,30.223852,-23.84357
K021,XI Digestive,11.553453,6.3855624,30.19534,-23.925192
K022,XI Digestive,11.555571,6.4102554,30.592829,-23.97217
K028,XI Digestive,11.50845,6.472301,30.23805,-24.702467
K029,XI Digestive,11.513115,6.483188,30.689232,-24.850367
K03,XI Digestive,11.6928425,6.4754,33.115456,-22.659395
K030,XI Digestive,11.669511,6.4889975,33.051754,-22.672968
K031,XI Digestive,11.713536,6.4760575,33.035034,-22.653944
K032,XI Digestive,11.663942,6.465903,32.783623,-21.750326
K033,XI Digestive,11.620458,6.4596415,32.49813,-22.613415
K035,XI Digestive,11.697552,6.4637995,33.212074,-22.411934
K036,XI Digestive,11.652415,6.474947,32.97648,-23.004517
K038,XI Digestive,11.691952,6.4837885,33.29822,-22.708027
K039,XI Digestive,11.688499,6.4828234,32.950157,-22.191515
K04,XI Digestive,11.590972,6.396186,31.181494,-23.357069
K040,XI Digestive,11.608933,6.4402714,31.570715,-23.338415
K041,XI Digestive,11.629475,6.362793,30.99219,-23.195759
K044,XI Digestive,11.5797,6.404659,30.507702,-23.053335
K045,XI Digestive,11.523926,6.3499236,31.039442,-23.762075
K046,XI Digestive,11.589666,6.4176693,30.797007,-22.574741
K047,XI Digestive,11.573248,6.3802776,30.939476,-23.201439
K048,XI Digestive,11.555894,6.335662,31.219643,-23.681908
K049,XI Digestive,11.580386,6.3977575,30.770441,-23.345
K0490,XI Digestive,11.595951,6.3709216,31.182945,-22.839216
K0499,XI Digestive,11.625175,6.3175883,31.147915,-23.078705
K05,XI Digestive,11.632602,6.4557867,32.390453,-23.726952
K050,XI Digestive,11.730177,6.4435625,31.278957,-22.79081
K051,XI Digestive,11.583555,6.4851003,31.753628,-23.949518
K052,XI Digestive,11.623498,6.446313,31.339533,-23.8372
K053,XI Digestive,11.598824,6.4234138,31.547062,-23.726042
K054,XI Digestive,11.648118,6.5084176,32.0183,-24.271322
K055,XI Digestive,11.560908,6.5201297,31.885206,-24.39587
K056,XI Digestive,11.606215,6.488484,31.765013,-24.401243
K06,XI Digestive,11.507658,6.549847,28.721651,-24.696245
K060,XI Digestive,11.463317,6.571526,30.343853,-25.945887
K061,XI Digestive,11.488437,6.5572963,28.957087,-24.868225
K062,XI Digestive,11.429021,6.522579,29.849844,-25.77381
K063,XI Digestive,11.434855,6.5531254,29.986126,-25.82458
K068,XI Digestive,11.4332905,6.5635333,30.21882,-26.256762
K069,XI Digestive,11.447664,6.5506015,29.77423,-25.949932
K070,XI Digestive,11.706357,6.6473713,33.59047,-25.292742
K071,XI Digestive,11.826218,6.666403,35.06986,-22.446615
K072,XI Digestive,11.76476,6.725605,34.048843,-25.758812
K073,XI Digestive,11.626394,6.4798865,32.175343,-23.01586
K074,XI Digestive,11.838304,6.6964173,34.03505,-24.803228
K075,XI Digestive,11.659374,6.589183,33.47154,-25.287056
K076,XI Digestive,11.507247,6.575309,27.70048,-28.162256
K078,XI Digestive,11.671673,6.5812216,33.475327,-25.277952
K079,XI Digestive,11.657794,6.610607,33.455128,-25.281263
K08,XI Digestive,11.597735,6.4662533,31.523457,-24.723553
K080,XI Digestive,11.597461,6.485909,31.496632,-24.754356
K081,XI Digestive,11.530236,6.5204473,31.835703,-24.733374
K082,XI Digestive,11.583548,6.489355,31.431023,-25.147339
K083,XI Digestive,11.525716,6.522728,30.935461,-25.124407
K088,XI Digestive,11.551139,6.547833,31.192251,-25.091309
K089,XI Digestive,11.583802,6.47485,31.54031,-24.336426
K09,XI Digestive,11.681594,6.5448036,33.206604,-23.978235
K090,XI Digestive,11.727701,6.611383,33.238,-23.882784
K091,XI Digestive,11.703168,6.560248,33.61142,-23.831068
K092,XI Digestive,11.6652,6.502791,32.919613,-23.669413
K098,XI Digestive,11.693022,6.5460544,33.2505,-24.0015
K099,XI Digestive,11.692314,6.537499,33.43331,-23.963829
K10,XI Digestive,11.527456,6.6844783,32.029186,-25.897034
K100,XI Digestive,11.568236,6.6106443,32.206474,-26.160683
K101,XI Digestive,11.552261,6.6219563,31.952011,-26.149372
K102,XI Digestive,11.527154,6.560109,31.89075,-25.929338
K103,XI Digestive,11.550623,6.6678414,31.978304,-26.091541
K108,XI Digestive,11.522694,6.710749,32.008495,-26.742685
K109,XI Digestive,11.584572,6.669738,32.011536,-25.854963
K11,XI Digestive,11.228301,6.686502,29.834545,-28.456043
K110,XI Digestive,11.247854,6.689529,29.977957,-28.358427
K111,XI Digestive,11.203587,6.7248917,30.021221,-28.992155
K112,XI Digestive,11.282495,6.675503,29.810663,-28.219337
K1120,XI Digestive,11.153784,6.723213,30.067368,-28.921623
K113,XI Digestive,11.20616,6.700206,30.118813,-28.809217
K114,XI Digestive,11.201471,6.69962,30.042189,-28.521523
K115,XI Digestive,11.209889,6.6914644,30.045662,-28.203865
K116,XI Digestive,11.224915,6.696563,30.043255,-28.434156
K117,XI Digestive,11.2408285,6.67881,29.690289,-29.025114
K118,XI Digestive,11.207675,6.68895,30.047615,-28.342136
K119,XI Digestive,11.188649,6.7117453,29.949924,-28.418816
K12,XI Digestive,11.598171,6.6663146,28.16387,-24.95068
K120,XI Digestive,11.415478,6.5459223,28.179422,-27.877905
K121,XI Digestive,11.39099,6.597037,28.809374,-25.74639
K122,XI Digestive,11.627699,6.6780777,31.196257,-26.74967
K123,XI Digestive,11.393605,6.6201687,30.843266,-26.960377
K13,XI Digestive,11.427702,6.5704374,30.243296,-26.401104
K130,XI Digestive,11.410089,6.566239,30.215675,-26.814734
K131,XI Digestive,11.3995285,6.5620193,30.118612,-26.592844
K132,XI Digestive,11.418906,6.5644274,30.305044,-26.347214
K133,XI Digestive,11.4341955,6.541675,30.039354,-26.200216
K134,XI Digestive,11.476701,6.5840774,30.854015,-26.9574
K135,XI Digestive,11.424623,6.5725904,30.456543,-26.353167
K136,XI Digestive,11.365152,6.572839,29.83148,-26.988356
K137,XI Digestive,11.458095,6.55447,30.164347,-27.130472
K1370,XI Digestive,11.43779,6.565102,29.890947,-26.025301
K1379,XI Digestive,11.385899,6.5728807,30.003256,-26.579578
K14,XI Digestive,11.306161,6.587717,29.130077,-27.362648
K140,XI Digestive,11.395884,6.55637,29.329123,-26.992716
K141,XI Digestive,11.352184,6.5795455,28.98197,-27.49166
K142,XI Digestive,11.371481,6.5739403,28.956545,-27.323452
K143,XI Digestive,11.348557,6.5876827,28.255165,-27.470951
K144,XI Digestive,11.371946,6.5651526,28.982746,-27.225374
K145,XI Digestive,11.358254,6.5823464,28.893509,-27.462433
K146,XI Digestive,11.371628,6.6166573,28.143152,-27.112207
K148,XI Digestive,11.402997,6.5879273,30.165703,-26.776346
K149,XI Digestive,11.401853,6.5465813,30.000978,-26.651663
K20,XI Digestive,11.6705675,7.606489,39.0851,-36.247448
K208,XI Digestive,11.701515,7.654558,40.20709,-34.59467
K209,XI Digestive,11.665379,7.609944,39.645588,-35.3253
K21,XI Digestive,11.644882,7.6111093,39.5496,-36.195995
K210,XI Digestive,11.621354,7.6026235,39.06007,-36.63564
K219,XI Digestive,12.199635,7.517312,38.51107,-37.714283
K22,XI Digestive,11.615916,7.681876,38.03456,-35.01919
K220,XI Digestive,11.615477,7.6659803,37.833366,-35.083603
K221,XI Digestive,11.618173,7.6500926,38.617905,-35.830532
K222,XI Digestive,11.607901,7.658096,38.47416,-35.71612
K223,XI Digestive,11.600161,7.685277,38.139526,-35.264885
K224,XI Digestive,11.625685,7.6463103,38.240467,-35.32077
K225,XI Digestive,11.609271,7.683556,37.912586,-35.014538
K226,XI Digestive,11.682536,7.6613855,37.835434,-34.383152
K227,XI Digestive,11.610969,7.6527243,38.051903,-36.300697
K228,XI Digestive,11.626552,7.6558905,38.54604,-35.60665
K229,XI Digestive,11.636713,7.644067,38.299927,-34.944607
K230,XI Digestive,11.811043,7.045172,35.390797,-25.652506
K238,XI Digestive,11.695694,7.39515,38.68139,-33.989723
K25,XI Digestive,11.753783,7.563376,38.89827,-32.177116
K250,XI Digestive,11.810203,7.6185603,39.49092,-32.440365
K251,XI Digestive,11.78769,7.5929155,39.14538,-32.500736
K252,XI Digestive,11.851623,7.5758805,39.275616,-32.317345
K253,XI Digestive,11.693912,7.5983973,38.926735,-33.322266
K254,XI Digestive,11.735189,7.57667,38.997383,-33.19935
K255,XI Digestive,11.757098,7.620427,39.211693,-33.382874
K256,XI Digestive,11.730999,7.5939713,39.20465,-33.207336
K257,XI Digestive,11.616217,7.5379214,38.99285,-33.28832
K259,XI Digestive,11.630338,7.637516,39.18578,-35.66941
K26,XI Digestive,11.796661,7.545812,38.213432,-31.599953
K260,XI Digestive,11.873568,7.671191,37.646465,-33.043938
K261,XI Digestive,11.7973795,7.6008453,37.586426,-32.866478
K262,XI Digestive,11.816496,7.6277113,37.617416,-32.94393
K263,XI Digestive,11.772014,7.533222,37.849094,-33.35347
K264,XI Digestive,12.428171,7.844106,45.349743,-31.453152
K265,XI Digestive,12.006811,7.3324485,37.71817,-32.385006
K266,XI Digestive,11.780697,7.6358123,37.736988,-33.063408
K267,XI Digestive,11.790984,7.539824,37.735023,-32.960247
K269,XI Digestive,11.683643,7.5610137,38.8985,-35.5409
K27,XI Digestive,11.893479,7.8720055,35.48927,-33.018013
K270,XI Digestive,11.904153,7.8592834,35.595608,-32.98118
K271,XI Digestive,11.877318,7.8173685,35.49126,-32.91341
K272,XI Digestive,11.907903,7.875528,35.585476,-32.9998
K273,XI Digestive,11.906917,7.8902445,35.431725,-32.99467
K274,XI Digestive,11.908322,7.884441,35.47204,-33.028576
K275,XI Digestive,11.897966,7.861146,35.536686,-32.921738
K276,XI Digestive,11.895504,7.891459,35.54195,-33.00794
K277,XI Digestive,11.906372,7.871519,35.535423,-33.033997
K279,XI Digestive,11.868829,7.718959,35.495678,-32.587067
K28,XI Digestive,12.075855,7.2682953,37.487614,-19.477566
K280,XI Digestive,12.046008,7.283152,37.498405,-19.47876
K283,XI Digestive,12.049216,7.3396015,37.466003,-19.466927
K284,XI Digestive,12.063469,7.22521,37.531578,-19.495974
K289,XI Digestive,11.918813,7.382545,37.61523,-19.549343
K29,XI Digestive,11.659272,7.578115,39.628464,-36.06282
K290,XI Digestive,11.770919,7.446629,40.560116,-35.872158
K291,XI Digestive,11.740627,7.4716353,40.26908,-35.89953
K292,XI Digestive,11.7962265,7.402474,40.90475,-35.75497
K293,XI Digestive,11.815217,7.3413334,40.860485,-35.882572
K294,XI Digestive,11.762993,7.4769397,40.464375,-35.79035
K295,XI Digestive,11.640032,7.6034746,39.53691,-35.767464
K296,XI Digestive,11.655978,7.616269,39.191128,-36.037693
K297,XI Digestive,11.69838,7.5896926,39.002876,-36.504753
K298,XI Digestive,11.634328,7.6082873,39.290085,-35.9928
K299,XI Digestive,11.667059,7.5429645,39.543266,-36.0106
K30,XI Digestive,11.719632,7.564871,38.91249,-37.09827
K31,XI Digestive,11.655616,7.6359754,39.533756,-34.72069
K310,XI Digestive,11.647824,7.6334705,39.70684,-34.641483
K311,XI Digestive,11.69619,7.621299,40.264713,-33.978188
K312,XI Digestive,11.642104,7.6259384,39.324944,-34.59896
K313,XI Digestive,11.679452,7.6323624,39.659473,-34.601036
K314,XI Digestive,11.667664,7.6189437,39.768204,-34.5149
K315,XI Digestive,11.909043,7.592703,40.26459,-33.89239
K316,XI Digestive,11.6895,7.627865,39.894547,-34.49889
K317,XI Digestive,11.636902,7.613239,38.986435,-36.052715
K318,XI Digestive,11.641156,7.6205764,39.355442,-35.323757
K3189,XI Digestive,11.753866,7.706946,39.494663,-34.708237
K319,XI Digestive,11.653287,7.6466455,39.755363,-34.557335
K35,XI Digestive,12.041301,6.900951,40.586933,-23.768309
K350,XI Digestive,12.18062,6.993181,41.42704,-23.962168
K351,XI Digestive,12.245989,7.0129223,41.509205,-23.699934
K352,XI Digestive,12.36769,6.9673114,42.167416,-23.348198
K353,XI Digestive,12.371546,7.0112696,42.171074,-24.304888
K358,XI Digestive,12.411744,7.0644894,42.321526,-24.235989
K3580,XI Digestive,12.247513,6.943299,40.55686,-21.730125
K3589,XI Digestive,12.160346,6.967324,40.539818,-21.695456
K359,XI Digestive,12.009804,6.8544135,40.701275,-23.885485
K36,XI Digestive,12.028218,6.81583,35.53418,-22.388968
K37,XI Digestive,12.188847,7.031444,41.41353,-24.889488
K38,XI Digestive,12.28919,6.960066,41.730534,-22.209915
K380,XI Digestive,12.312388,6.9530926,41.696793,-22.079508
K381,XI Digestive,12.255126,6.958136,41.85663,-22.637672
K382,XI Digestive,12.311001,6.950643,41.780216,-22.18944
K383,XI Digestive,12.282349,6.9346848,41.77367,-22.522709
K388,XI Digestive,12.371523,6.988905,42.365788,-22.668922
K389,XI Digestive,12.301227,6.9844637,41.828346,-22.213337
K40,XI Digestive,11.894753,6.9366617,36.346813,-28.515121
K400,XI Digestive,11.827076,7.007356,35.76908,-28.7768
K401,XI Digestive,11.882605,7.022942,35.94336,-28.714846
K402,XI Digestive,11.885853,7.0034013,35.55268,-28.758507
K403,XI Digestive,11.841524,6.9461355,36.45224,-28.583366
K404,XI Digestive,11.903496,6.9588923,36.72719,-28.462946
K409,XI Digestive,11.896529,6.9572163,35.481785,-28.776878
K41,XI Digestive,12.1828575,6.7660046,37.986626,-25.376108
K410,XI Digestive,12.245335,6.8406224,38.233383,-25.200413
K412,XI Digestive,12.260687,6.7700953,38.21868,-25.203562
K413,XI Digestive,12.243733,6.791577,38.188038,-25.195469
K414,XI Digestive,12.2306385,6.8182583,38.200718,-25.204826
K419,XI Digestive,12.231233,6.7322173,38.15382,-25.21803
K42,XI Digestive,11.971572,6.9005156,34.25115,-29.34426
K420,XI Digestive,11.854668,6.9107885,34.28121,-28.71393
K421,XI Digestive,11.966867,6.9529977,34.431595,-28.694225
K429,XI Digestive,11.929493,6.894388,34.47327,-28.666855
K43,XI Digestive,12.197181,7.0385776,40.779118,-25.53157
K430,XI Digestive,12.250762,7.0365314,40.059444,-26.014442
K431,XI Digestive,12.075322,7.0437336,39.58114,-26.27596
K432,XI Digestive,12.317334,7.048604,41.348434,-25.730219
K433,XI Digestive,12.365748,7.0652466,41.95911,-25.631365
K434,XI Digestive,12.253589,7.1064544,41.17509,-25.686722
K435,XI Digestive,12.460843,7.077545,42.46955,-25.48442
K436,XI Digestive,12.250241,7.042935,41.057896,-25.650753
K437,XI Digestive,12.250224,7.050555,41.29997,-25.697721
K439,XI Digestive,12.231554,6.977702,40.92669,-25.403193
K44,XI Digestive,11.695438,7.559253,40.629093,-36.88495
K440,XI Digestive,11.675661,7.57625,39.535927,-34.613205
K441,XI Digestive,11.630773,7.617498,39.470467,-35.37753
K449,XI Digestive,11.809258,7.620984,38.730156,-37.0682
K45,XI Digestive,11.782813,7.0574546,35.42361,-26.135685
K450,XI Digestive,11.740583,6.9673758,35.583717,-26.289959
K451,XI Digestive,11.876987,7.079579,35.375027,-26.049225
K458,XI Digestive,11.810261,7.0516343,35.60185,-26.356556
K46,XI Digestive,11.855145,6.9939795,36.763397,-28.608759
K460,XI Digestive,12.267161,7.179339,43.02172,-27.396595
K461,XI Digestive,11.844098,7.137418,35.910557,-29.336811
K469,XI Digestive,11.743943,7.119953,35.952427,-29.394691
K50,XI Digestive,12.561919,7.058638,47.504185,-26.10071
K500,XI Digestive,12.602893,6.961245,49.076794,-26.4869
K5000,XI Digestive,12.595377,7.0081506,49.01089,-26.57259
K501,XI Digestive,12.632889,6.984485,49.08829,-26.450207
K5010,XI Digestive,12.601887,7.0315943,49.01354,-26.571856
K508,XI Digestive,12.612553,7.005805,49.09335,-26.461994
K5080,XI Digestive,12.627375,7.061354,49.00551,-26.583988
K509,XI Digestive,12.625179,6.896331,49.182972,-26.224262
K5090,XI Digestive,12.60415,7.001437,49.004982,-26.576448
K51,XI Digestive,12.496296,6.7221065,49.741768,-24.31664
K510,XI Digestive,12.556135,6.723933,49.354927,-24.625517
K511,XI Digestive,12.537135,6.7046494,49.204586,-24.55674
K512,XI Digestive,12.568814,6.66028,49.26558,-24.554132
K513,XI Digestive,12.560975,6.68738,49.281254,-24.508745
K514,XI Digestive,12.534813,6.728852,49.17225,-24.585531
K515,XI Digestive,12.578282,6.679381,49.32274,-24.571474
K518,XI Digestive,12.555464,6.750463,49.27682,-24.507782
K519,XI Digestive,12.579505,6.7439766,49.31325,-24.64331
K5190,XI Digestive,12.364731,6.9147243,41.200947,-21.403395
K52,XI Digestive,12.387182,6.9293447,47.510998,-23.122925
K520,XI Digestive,12.477887,7.0481253,43.941437,-24.248493
K521,XI Digestive,12.486913,7.3226943,44.103085,-25.222433
K522,XI Digestive,12.397306,6.918163,43.853283,-22.855677
K523,XI Digestive,12.447166,6.9183164,44.65068,-23.24667
K528,XI Digestive,12.5882,6.9083214,46.326427,-22.831041
K5289,XI Digestive,12.4003935,7.125489,41.01957,-20.73819
K529,XI Digestive,12.692486,6.8318,47.088787,-21.53046
K55,XI Digestive,12.588099,7.3316255,45.61528,-26.52098
K550,XI Digestive,12.46545,7.243557,44.18141,-26.073612
K5501,XI Digestive,12.6480465,7.349461,46.00904,-26.789413
K5502,XI Digestive,12.614334,7.3558226,46.00676,-26.81654
K5503,XI Digestive,12.653965,7.380635,45.93182,-26.743113
K5504,XI Digestive,12.657012,7.3415337,45.942978,-26.712498
K5505,XI Digestive,12.629589,7.3908978,46.017708,-26.81486
K5506,XI Digestive,10.065768,-1.3111075,-24.457987,10.838781
K551,XI Digestive,12.569281,7.256999,45.237244,-26.042255
K552,XI Digestive,12.616862,6.815191,45.76782,-22.597654
K5530,XI Digestive,12.6679325,7.393462,46.053276,-26.804184
K5531,XI Digestive,12.666002,7.3677387,46.019146,-26.814577
K5532,XI Digestive,12.644758,7.335888,45.998093,-26.808681
K5533,XI Digestive,12.6605425,7.337622,46.025024,-26.825148
K558,XI Digestive,12.63332,7.369556,46.183636,-26.483047
K559,XI Digestive,12.541105,7.123698,45.06325,-25.339924
K56,XI Digestive,12.566511,7.239385,45.45591,-26.139383
K560,XI Digestive,12.487518,7.199031,44.360657,-26.00868
K561,XI Digestive,12.522994,7.083609,45.39551,-25.010483
K562,XI Digestive,12.554711,6.9999804,46.07615,-23.453587
K563,XI Digestive,12.56579,7.276877,44.9141,-25.985592
K564,XI Digestive,12.553166,7.037471,45.426018,-24.771246
K565,XI Digestive,12.43439,7.1468053,44.544903,-25.025707
K566,XI Digestive,12.54366,7.0550566,45.177654,-24.87628
K5660,XI Digestive,12.499947,7.140254,44.494953,-25.508516
K567,XI Digestive,12.514788,7.187226,44.02657,-26.18542
K57,XI Digestive,12.377791,6.985426,46.28981,-24.293827
K570,XI Digestive,12.499326,6.8909407,47.577972,-23.115004
K571,XI Digestive,11.736762,7.555886,40.0722,-34.13512
K572,XI Digestive,12.457111,7.050001,44.70789,-24.246
K573,XI Digestive,12.701429,6.820458,47.339226,-21.31361
K574,XI Digestive,12.521381,6.9426656,45.696182,-23.9355
K575,XI Digestive,12.539259,6.9512787,45.175354,-23.863583
K578,XI Digestive,12.549511,6.9103518,45.20152,-23.603708
K579,XI Digestive,12.553519,7.305913,48.56169,-21.536182
K58,XI Digestive,12.118937,6.9355245,37.802956,-22.506329
K580,XI Digestive,12.193531,6.95321,37.89239,-22.4697
K581,XI Digestive,12.077492,6.91895,37.757206,-22.494179
K582,XI Digestive,12.034829,6.8991694,37.780533,-22.49656
K588,XI Digestive,12.028219,6.913111,37.687447,-22.46978
K589,XI Digestive,12.518129,7.2992663,48.816257,-21.56636
K590,XI Digestive,12.696498,7.183385,48.382057,-21.432074
K5903,XI Digestive,12.429482,7.008547,43.549248,-23.495966
K5904,XI Digestive,12.459487,6.994497,43.861214,-23.419281
K5909,XI Digestive,12.455884,6.9516788,43.546436,-23.479748
K591,XI Digestive,12.433209,7.030569,43.300846,-23.483955
K592,XI Digestive,12.460343,7.084122,43.590004,-23.746593
K593,XI Digestive,12.584704,7.0211005,45.142284,-23.780691
K5931,XI Digestive,12.348166,6.9260864,41.08651,-21.236774
K594,XI Digestive,12.409512,6.980189,43.60525,-23.361961
K598,XI Digestive,12.447599,7.0170393,43.69305,-23.686115
K599,XI Digestive,12.44731,6.965406,43.806366,-23.239754
K60,XI Digestive,12.427624,6.818387,42.909203,-20.613695
K600,XI Digestive,12.260136,6.842414,41.156803,-19.685768
K601,XI Digestive,12.501755,6.74348,44.038383,-20.331385
K602,XI Digestive,12.549156,6.7508297,44.413036,-20.347038
K603,XI Digestive,12.46558,6.727263,43.192814,-20.114796
K604,XI Digestive,12.352836,6.7442045,42.605907,-20.63579
K605,XI Digestive,12.400821,6.7182713,42.7455,-20.462366
K610,XI Digestive,12.468361,6.736353,43.167606,-19.813131
K611,XI Digestive,12.420131,6.787954,42.925358,-20.057138
K612,XI Digestive,12.414606,6.7603865,43.07183,-20.0582
K613,XI Digestive,12.438161,6.7300615,43.04947,-20.033411
K614,XI Digestive,12.365445,6.7110767,43.0187,-20.011766
K62,XI Digestive,12.553834,6.8061204,45.289597,-22.139156
K620,XI Digestive,12.587028,6.76204,45.129158,-21.126528
K621,XI Digestive,12.734265,6.7956624,46.493565,-21.471876
K622,XI Digestive,12.514294,6.821445,44.831505,-22.142916
K623,XI Digestive,12.569444,6.8220587,45.37207,-22.154522
K624,XI Digestive,12.47219,6.8597307,42.986195,-21.649782
K625,XI Digestive,12.689847,6.789141,46.745438,-20.941362
K626,XI Digestive,12.504439,6.898576,44.63123,-22.391918
K627,XI Digestive,12.560985,6.903383,44.42381,-21.972633
K628,XI Digestive,12.6553755,6.763556,46.019028,-21.967896
K629,XI Digestive,12.529987,6.8491683,44.83557,-22.496872
K63,XI Digestive,12.625642,6.8113995,45.6048,-22.838455
K630,XI Digestive,12.595669,6.79198,45.686558,-22.628563
K631,XI Digestive,12.4738455,7.1283727,43.72581,-25.209661
K632,XI Digestive,12.49852,7.0194335,43.15353,-25.039406
K633,XI Digestive,12.659501,6.815542,45.67552,-23.01177
K634,XI Digestive,12.592554,6.8295174,45.676384,-22.711393
K635,XI Digestive,12.717946,6.7617984,46.974384,-21.363363
K638,XI Digestive,12.659464,6.782885,45.92188,-22.45997
K639,XI Digestive,12.556921,6.8882923,45.37044,-23.23862
K64,XI Digestive,12.148144,6.850236,40.84444,-19.344717
K640,XI Digestive,12.674611,6.7841144,46.32128,-21.620071
K641,XI Digestive,12.671449,6.78278,46.122047,-21.598412
K642,XI Digestive,12.619974,6.781914,45.55661,-21.821154
K643,XI Digestive,12.58606,6.7503753,45.224625,-21.801727
K644,XI Digestive,12.653583,6.767784,45.630608,-21.56036
K645,XI Digestive,12.502892,6.8342156,45.0543,-21.948397
K648,XI Digestive,12.651357,6.787828,46.936077,-20.801136
K649,XI Digestive,12.721928,6.7817144,47.23313,-21.126448
K65,XI Digestive,12.408847,7.4289346,44.088882,-27.777018
K650,XI Digestive,12.400288,7.3353777,43.922832,-26.726334
K658,XI Digestive,12.448145,7.2795897,44.35281,-26.61403
K659,XI Digestive,12.402549,7.2550387,44.11202,-26.427603
K660,XI Digestive,12.214282,7.2120996,42.00804,-26.684513
K661,XI Digestive,12.306341,7.1903753,42.064495,-26.43543
K668,XI Digestive,12.236294,7.1529307,41.96494,-26.474325
K669,XI Digestive,12.314617,7.1300597,42.09405,-26.21106
K670,XI Digestive,11.71007,-3.472558,0.60660326,-5.8149805
K671,XI Digestive,11.729481,-3.470183,0.58958924,-5.81197
K672,XI Digestive,11.68709,-3.4496427,0.60405993,-5.816335
K673,XI Digestive,11.7124,-3.45563,0.61955184,-5.822199
K70,XI Digestive,12.464024,7.8393035,46.021717,-32.22688
K700,XI Digestive,12.492213,7.7999463,46.23388,-31.358616
K701,XI Digestive,12.520213,7.8988247,46.143845,-32.170628
K7010,XI Digestive,12.449404,7.6549172,46.902237,-32.017796
K702,XI Digestive,12.468594,7.911179,45.983955,-32.301544
K703,XI Digestive,12.444568,7.8876085,45.69279,-32.463257
K704,XI Digestive,12.458391,7.8993945,45.79945,-32.658
K709,XI Digestive,12.478714,7.9177995,45.88084,-32.168663
K71,XI Digestive,12.06346,8.365645,35.790142,-17.935598
K710,XI Digestive,12.055778,8.368468,35.81949,-17.960287
K711,XI Digestive,12.053256,8.372672,35.795456,-17.938923
K712,XI Digestive,12.0518465,8.375808,35.791172,-17.941732
K715,XI Digestive,12.064043,8.355469,35.792995,-17.94783
K716,XI Digestive,12.060078,8.360587,35.783916,-17.927113
K717,XI Digestive,12.057931,8.365615,35.800728,-17.972874
K718,XI Digestive,12.049965,8.402937,35.793545,-17.948809
K719,XI Digestive,12.063525,8.368204,35.79622,-17.941439
K72,XI Digestive,12.403226,7.6741467,44.076538,-29.75446
K720,XI Digestive,12.294618,7.5991015,43.79369,-29.63421
K721,XI Digestive,12.391371,7.680325,44.108505,-29.784128
K729,XI Digestive,12.447208,7.766055,45.5561,-30.599516
K73,XI Digestive,12.199375,7.921543,41.675148,-31.5849
K730,XI Digestive,12.212085,7.9119186,41.724857,-31.518225
K731,XI Digestive,12.197505,7.923699,41.521957,-31.640972
K732,XI Digestive,12.278708,7.950273,41.797264,-31.53521
K738,XI Digestive,12.246524,7.9123235,41.739765,-31.59242
K739,XI Digestive,12.211196,7.905082,41.542843,-31.69632
K740,XI Digestive,12.381136,7.889692,44.142464,-32.148796
K741,XI Digestive,12.441005,7.8540688,44.444557,-31.628685
K742,XI Digestive,12.419712,7.875794,44.57956,-31.69492
K743,XI Digestive,12.41784,7.7864027,45.06036,-31.28076
K744,XI Digestive,12.4113035,7.8970337,44.48763,-32.162647
K745,XI Digestive,12.41148,7.8894544,44.727283,-32.331642
K746,XI Digestive,12.433874,7.889907,44.91659,-32.228962
K7460,XI Digestive,12.433907,7.8729324,44.543335,-31.727016
K7469,XI Digestive,12.446747,7.871601,44.53506,-31.639894
K75,XI Digestive,12.41541,7.8815374,43.932346,-31.957111
K750,XI Digestive,12.28021,7.669444,43.375565,-31.525417
K751,XI Digestive,12.4067335,7.847239,43.8827,-31.61675
K752,XI Digestive,12.418128,7.831918,43.731003,-31.97746
K753,XI Digestive,12.42323,7.871424,43.750736,-31.71553
K754,XI Digestive,12.48781,7.807565,43.7043,-31.761473
K758,XI Digestive,12.445604,7.858789,44.68784,-32.267868
K759,XI Digestive,12.389061,7.857346,43.615334,-31.879005
K76,XI Digestive,12.453452,7.7687707,44.91116,-30.273367
K760,XI Digestive,12.459911,7.7395964,45.29599,-29.740347
K761,XI Digestive,12.457453,7.777635,45.165665,-30.651285
K762,XI Digestive,12.46535,7.7545147,44.939552,-30.225658
K763,XI Digestive,12.494821,7.7714267,45.204945,-30.685818
K764,XI Digestive,12.442222,7.751841,44.940678,-30.222351
K765,XI Digestive,12.466116,7.758135,44.95473,-30.2606
K766,XI Digestive,12.406211,7.8909187,45.09628,-33.1079
K767,XI Digestive,12.510791,7.753646,46.138233,-30.674557
K768,XI Digestive,12.4271345,7.6896276,44.906006,-29.161875
K7689,XI Digestive,12.45372,7.7509303,44.935417,-30.228125
K769,XI Digestive,12.511915,7.7171187,45.018894,-30.047926
K77,XI Digestive,12.341415,7.593525,42.95155,-29.716002
K770,XI Digestive,12.112584,7.4146824,41.01095,-30.05369
K778,XI Digestive,12.218494,7.777303,41.82099,-31.067759
K80,XI Digestive,12.2116375,7.29255,40.006733,-28.7717
K800,XI Digestive,12.161445,7.2487893,41.05349,-27.837677
K801,XI Digestive,12.121166,7.2648606,40.927357,-28.005669
K802,XI Digestive,12.164953,7.24378,40.91801,-28.189203
K803,XI Digestive,12.160938,7.283865,41.364304,-28.063057
K804,XI Digestive,12.168586,7.244748,41.33811,-27.55327
K805,XI Digestive,12.125192,7.2566843,41.063416,-28.250849
K808,XI Digestive,12.156952,7.2299843,41.508297,-27.797907
K81,XI Digestive,12.159979,7.1308284,39.94662,-27.412178
K810,XI Digestive,12.187982,7.219342,40.573074,-27.958546
K811,XI Digestive,12.171162,7.211646,40.836655,-27.721754
K818,XI Digestive,12.176647,7.1727643,40.54762,-27.58989
K819,XI Digestive,12.167452,7.1875753,40.529,-27.848478
K82,XI Digestive,12.123852,7.219695,39.847507,-27.459608
K820,XI Digestive,12.18598,7.249322,41.19773,-27.49808
K821,XI Digestive,12.211636,7.210755,41.300625,-27.395554
K822,XI Digestive,12.162784,7.217,41.277493,-27.508276
K823,XI Digestive,12.184159,7.18853,41.019104,-27.129416
K824,XI Digestive,12.175208,7.224348,41.367073,-27.262236
K828,XI Digestive,12.1776905,7.2041893,41.055603,-27.638523
K829,XI Digestive,17.9939,6.2731977,53.53142,-12.381744
K83,XI Digestive,18.023136,6.2630725,53.59197,-12.698752
K830,XI Digestive,18.013979,6.2566104,53.821354,-12.615301
K831,XI Digestive,18.020113,6.251669,53.953487,-12.46002
K832,XI Digestive,18.013731,6.2620306,53.584724,-12.628189
K833,XI Digestive,18.016861,6.264011,53.732883,-12.897658
K834,XI Digestive,18.027098,6.242731,53.474537,-12.850498
K835,XI Digestive,18.00161,6.277318,53.969795,-12.735552
K838,XI Digestive,18.009434,6.256813,53.397804,-12.960584
K839,XI Digestive,18.013386,6.230632,53.70756,-13.040881
K85,XI Digestive,18.04703,6.22158,53.09836,-12.076941
K850,XI Digestive,18.028456,6.2326484,53.029755,-12.205649
K851,XI Digestive,18.031479,6.2359605,53.2408,-12.211998
K852,XI Digestive,18.03562,6.215831,53.325768,-12.035072
K853,XI Digestive,18.026016,6.2085137,53.06608,-12.160186
K858,XI Digestive,18.036335,6.2027035,53.084816,-12.09913
K859,XI Digestive,18.067953,6.1965537,53.108105,-12.346055
K8590,XI Digestive,18.04315,6.2217865,53.26891,-11.713028
K8591,XI Digestive,18.04171,6.2229695,53.26864,-11.558429
K8592,XI Digestive,18.042223,6.223558,53.28754,-11.738809
K86,XI Digestive,18.016113,6.2490735,53.284946,-12.648476
K860,XI Digestive,18.025917,6.2425895,53.391766,-12.307061
K861,XI Digestive,18.006088,6.2492747,53.19893,-13.021401
K862,XI Digestive,17.976088,6.288227,53.168182,-12.9440975
K863,XI Digestive,18.02962,6.2422266,53.554688,-12.077019
K868,XI Digestive,18.007685,6.240428,53.409657,-12.677021
K8681,XI Digestive,18.011759,6.251866,53.321182,-12.626786
K8689,XI Digestive,17.997967,6.2611103,53.284595,-12.65447
K869,XI Digestive,18.005423,6.2622232,54.16033,-12.647895
K871,XI Digestive,17.948004,6.370583,53.405563,-15.460011
K90,XI Digestive,17.978598,6.457923,54.418518,-14.671464
K900,XI Digestive,18.04562,6.501216,54.827015,-14.563247
K901,XI Digestive,18.020153,6.4705553,54.52895,-14.319699
K902,XI Digestive,18.038094,6.490307,54.527664,-14.31808
K903,XI Digestive,18.042534,6.4986033,54.503418,-14.306192
K904,XI Digestive,18.049263,6.504371,54.67454,-14.482361
K9041,XI Digestive,18.051025,6.506866,54.52611,-14.315801
K9049,XI Digestive,18.03814,6.4926353,54.52626,-14.316572
K908,XI Digestive,18.03441,6.4899683,54.592777,-14.374257
K9089,XI Digestive,18.04112,6.513801,54.529736,-14.3206415
K909,XI Digestive,18.041653,6.4998674,54.584263,-14.444888
K910,XI Digestive,17.659378,6.3129454,51.20149,-12.733001
K911,XI Digestive,17.672142,6.3156877,51.33168,-12.764713
K912,XI Digestive,17.693716,6.3212676,51.212914,-12.775135
K913,XI Digestive,17.717587,6.324996,51.078384,-12.738403
K914,XI Digestive,17.69675,6.3095183,51.12986,-12.653078
K915,XI Digestive,17.617846,6.3167024,51.097603,-12.696825
K9171,XI Digestive,17.64563,6.316196,51.084015,-12.6843405
K9172,XI Digestive,17.666296,6.317028,51.07825,-12.687226
K918,XI Digestive,17.666142,6.291071,51.122402,-12.687426
K919,XI Digestive,17.629816,6.3536334,51.09075,-12.675015
K92,XI Digestive,17.923594,6.3999386,52.740685,-14.994379
K920,XI Digestive,17.957401,6.2225523,52.825935,-13.848686
K921,XI Digestive,17.928232,6.30984,52.63095,-14.255164
K922,XI Digestive,12.7787,6.7983327,47.932335,-20.554287
K928,XI Digestive,17.927801,6.373888,52.77422,-14.081784
K929,XI Digestive,17.918814,6.3886604,52.882557,-14.458074
K930,XI Digestive,17.95295,6.3431582,52.974934,-15.4549265
K938,XI Digestive,17.894655,6.443177,52.873413,-15.3700905
L00,XII Skin,2.818223,10.537767,-7.195963,36.785137
L010,XII Skin,3.0088575,10.746532,-15.202785,35.387783
L011,XII Skin,3.0034356,10.710474,-15.2031555,35.404705
L02,XII Skin,2.6050146,10.718455,-7.6819034,37.317513
L020,XII Skin,2.4301615,10.681365,-8.810713,38.459908
L021,XII Skin,2.4262266,10.6321,-8.588746,38.75652
L022,XII Skin,2.4325414,10.618799,-8.1320915,39.056686
L023,XII Skin,2.4040308,10.670277,-8.531673,39.00775
L024,XII Skin,2.3528016,10.656545,-8.198908,39.15846
L028,XII Skin,2.4531205,10.651692,-8.691424,38.87338
L029,XII Skin,2.4542513,10.639113,-7.752973,38.193157
L03,XII Skin,2.5498173,10.724154,-7.857198,37.385006
L030,XII Skin,2.4521642,10.586164,-7.452398,38.866665
L031,XII Skin,2.4150107,10.609044,-7.5187607,39.37829
L0311,XII Skin,2.3447843,10.691471,-10.022299,39.176567
L0312,XII Skin,2.3538904,10.708762,-9.967765,39.11778
L032,XII Skin,2.4548662,10.580399,-7.983421,38.8144
L0321,XII Skin,2.3554537,10.691869,-9.485646,39.00098
L0322,XII Skin,2.3101933,10.6574135,-10.079718,39.221413
L033,XII Skin,2.4728749,10.645144,-8.502653,38.97508
L0331,XII Skin,2.3079422,10.714734,-9.807295,39.163605
L0332,XII Skin,2.3369277,10.702138,-9.720964,39.094112
L038,XII Skin,2.4147623,10.665288,-8.853333,38.606342
L0381,XII Skin,2.336505,10.689088,-9.411984,39.024673
L0389,XII Skin,2.2851424,10.721309,-9.392577,39.012356
L039,XII Skin,2.4394479,10.625481,-7.1749187,38.740562
L0390,XII Skin,2.2629414,10.758721,-9.536303,39.00829
L0391,XII Skin,2.2938156,10.730613,-9.499814,38.995323
L04,XII Skin,2.8162885,10.70663,-10.75406,36.76213
L040,XII Skin,2.854554,10.611895,-10.982256,36.97294
L041,XII Skin,2.8516338,10.723855,-10.8591585,36.84647
L042,XII Skin,3.2341635,10.598721,-17.242142,28.6456
L048,XII Skin,2.7111094,10.74882,-10.661039,37.261715
L049,XII Skin,2.7888005,10.790554,-10.505665,36.782387
L05,XII Skin,2.9971876,10.5080595,-8.831593,34.02115
L050,XII Skin,2.909229,10.56116,-8.694383,34.139004
L0501,XII Skin,2.9783573,10.555705,-8.75062,34.183796
L0502,XII Skin,2.9860926,10.57311,-8.764953,34.189934
L059,XII Skin,2.8120039,10.531909,-8.518625,34.094223
L0591,XII Skin,2.9457288,10.59451,-8.834634,34.38689
L0592,XII Skin,2.9107006,10.652562,-8.825582,34.374493
L08,XII Skin,2.7223034,10.590427,-7.3270984,36.863983
L080,XII Skin,2.4368157,10.724452,-8.594267,38.058296
L081,XII Skin,2.617238,10.800085,-8.809417,37.87291
L088,XII Skin,2.4242682,10.641362,-8.26342,38.158955
L0889,XII Skin,2.5319574,10.645791,-8.516646,38.08903
L089,XII Skin,2.4592254,10.576595,-7.3452115,37.995155
L10,XII Skin,3.1780534,10.409983,-14.190289,28.485895
L100,XII Skin,3.1231322,10.391975,-14.040556,28.404032
L101,XII Skin,3.2084267,10.409706,-14.23049,28.48912
L102,XII Skin,3.1617916,10.413747,-14.180298,28.52762
L104,XII Skin,3.3148391,10.340183,-14.373856,28.465765
L108,XII Skin,3.2609372,10.541421,-16.405499,28.39773
L109,XII Skin,2.9603968,10.214958,-13.948534,28.334541
L110,XII Skin,3.20529,10.75402,-13.235554,34.830612
L111,XII Skin,3.2745783,10.634843,-13.217922,34.04927
L118,XII Skin,3.210804,10.6468525,-13.152886,34.23954
L119,XII Skin,3.2416475,10.607985,-13.297351,34.313263
L12,XII Skin,3.2310324,10.533602,-13.45605,30.445747
L120,XII Skin,3.243939,10.556694,-13.568197,30.978264
L121,XII Skin,3.2419872,10.547061,-13.6093,30.50504
L128,XII Skin,3.2554142,10.538716,-13.338752,30.48341
L129,XII Skin,3.227967,10.540136,-12.949447,30.858646
L13,XII Skin,3.2601259,10.59095,-13.947275,31.91478
L130,XII Skin,3.2765577,10.58572,-13.939139,31.938856
L131,XII Skin,3.2814412,10.580341,-14.020806,31.943016
L138,XII Skin,3.2798264,10.594042,-14.007319,31.896658
L139,XII Skin,3.2982998,10.578417,-13.982825,31.871084
L20,XII Skin,2.622788,10.850498,-4.708787,36.81368
L200,XII Skin,2.65115,10.879092,-4.7773113,36.792164
L208,XII Skin,2.63656,10.868085,-4.7035007,36.665028
L2081,XII Skin,2.6239479,10.874549,-4.7724295,36.79639
L2082,XII Skin,2.6419346,10.911676,-4.7756457,36.79891
L2084,XII Skin,2.6135688,10.873355,-4.773431,36.79955
L2089,XII Skin,2.614367,10.875552,-4.773005,36.797306
L209,XII Skin,2.634199,10.833401,-4.2402325,36.861183
L21,XII Skin,2.699416,10.501601,-2.6275666,34.33278
L210,XII Skin,2.578148,10.419706,-3.7196114,32.975502
L218,XII Skin,2.6138167,10.479924,-3.7560573,32.913536
L219,XII Skin,2.6129026,10.413886,-3.2564275,33.100735
L22,XII Skin,3.395251,10.558755,-15.049044,29.707552
L230,XII Skin,2.9217057,10.428205,-6.97629,31.277939
L231,XII Skin,2.812426,10.632126,-10.42885,35.72729
L232,XII Skin,2.8783865,10.72591,-10.410219,35.684704
L233,XII Skin,2.8024504,10.594366,-10.374022,35.61053
L234,XII Skin,2.958887,10.704484,-10.594767,35.29213
L235,XII Skin,3.095399,10.637258,-10.935157,34.971607
L237,XII Skin,3.028199,10.708674,-10.709645,35.251953
L238,XII Skin,2.774624,10.85212,-9.826429,35.658195
L239,XII Skin,2.9231918,10.878965,-9.907514,35.62959
L24,XII Skin,3.085436,10.9915,-13.466084,36.063015
L240,XII Skin,3.064543,11.029369,-13.317653,36.38544
L241,XII Skin,3.0333986,11.04232,-13.324992,36.147667
L242,XII Skin,3.0362554,10.965235,-13.304168,36.405
L243,XII Skin,3.0121865,11.014916,-13.292732,36.410835
L244,XII Skin,3.0391228,11.058536,-13.309722,36.354324
L245,XII Skin,3.0576553,11.080216,-13.230526,36.33236
L247,XII Skin,3.0569792,10.984147,-13.454136,36.050255
L248,XII Skin,3.0046453,11.0836115,-13.667668,37.009453
L249,XII Skin,3.0122447,11.047185,-13.406267,36.144863
L25,XII Skin,2.744504,10.851202,-8.405835,36.445835
L250,XII Skin,2.7350645,10.881199,-9.195177,36.349674
L251,XII Skin,2.7535753,10.881292,-9.323835,36.40351
L252,XII Skin,2.7469654,10.8909855,-9.255726,36.402237
L253,XII Skin,2.7592232,10.901703,-9.223706,36.43995
L255,XII Skin,2.7631059,10.8953705,-9.288318,36.371902
L258,XII Skin,2.7497327,10.88873,-9.295899,36.369915
L259,XII Skin,2.6765969,10.876541,-8.598997,36.50892
L26,XII Skin,3.7352736,10.545273,-18.24422,30.628023
L27,XII Skin,2.8359427,10.687408,-9.089003,31.462252
L270,XII Skin,2.8651798,10.741089,-8.992867,31.56212
L271,XII Skin,2.9471157,10.682538,-9.38901,31.220339
L272,XII Skin,2.9296267,10.798749,-8.9883585,31.486656
L278,XII Skin,2.9692843,10.680145,-9.254654,31.301361
L279,XII Skin,2.8125944,10.771553,-9.094817,31.44936
L280,XII Skin,2.8904603,10.436515,-8.21466,29.780657
L281,XII Skin,2.9944024,10.519269,-9.26528,29.50255
L282,XII Skin,3.0253105,10.453127,-10.449351,28.644648
L29,XII Skin,2.7833107,10.562888,-6.575919,33.715626
L290,XII Skin,2.690856,10.417919,-5.5652895,33.50894
L291,XII Skin,2.7762,10.500893,-6.6804,33.43974
L292,XII Skin,2.8747685,10.408815,-6.9967513,32.99833
L293,XII Skin,2.8405406,10.545394,-6.740396,33.56681
L298,XII Skin,2.7428782,10.504097,-6.290014,33.635784
L299,XII Skin,2.8764744,10.586465,-6.4500346,33.782696
L30,XII Skin,2.6270268,10.482202,-4.6352816,34.1848
L300,XII Skin,2.6145782,10.47016,-4.9918756,33.693806
L301,XII Skin,2.6261191,10.465815,-4.7093377,33.6051
L302,XII Skin,2.6006377,10.450069,-4.8776927,33.655075
L303,XII Skin,2.6358168,10.440775,-5.0760756,33.38645
L304,XII Skin,2.5642786,10.411045,-4.923376,33.672817
L305,XII Skin,2.520718,10.548286,-4.8788333,33.655228
L308,XII Skin,2.6959586,10.494377,-6.180142,32.74787
L309,XII Skin,2.56405,10.361357,-4.094152,33.488125
L40,XII Skin,2.7950027,10.5405655,-10.24327,33.22034
L400,XII Skin,2.9343436,10.56348,-9.576565,32.909782
L401,XII Skin,2.7867148,10.558468,-10.430968,33.23825
L402,XII Skin,2.7671926,10.62311,-10.38327,33.341976
L403,XII Skin,2.8566267,10.594875,-10.528508,33.381958
L404,XII Skin,2.754373,10.56531,-10.542846,33.6625
L405,XII Skin,11.183595,16.512342,10.673661,46.41872
L4054,XII Skin,2.7621875,10.541046,-10.430105,33.32259
L4059,XII Skin,2.812942,10.547134,-10.411588,33.365417
L408,XII Skin,2.8903766,10.620082,-10.33259,33.293594
L409,XII Skin,2.581796,10.456978,-3.8614573,34.00369
L41,XII Skin,3.7989225,10.543324,-18.97566,29.988146
L410,XII Skin,3.8196778,10.542939,-18.950508,30.010693
L411,XII Skin,3.8146467,10.542696,-18.9591,29.99659
L412,XII Skin,3.811718,10.542028,-18.980042,29.982655
L413,XII Skin,3.7999992,10.543258,-18.984304,29.984915
L414,XII Skin,3.8862004,10.5310755,-19.001026,29.987959
L415,XII Skin,3.8433564,10.534173,-19.001574,29.947515
L419,XII Skin,3.8361528,10.542168,-18.963305,29.998901
L42,XII Skin,2.4905758,10.471707,-3.193318,34.39538
L43,XII Skin,3.156353,10.459982,-11.080626,26.826622
L430,XII Skin,3.0960345,10.466694,-9.4354515,27.340723
L431,XII Skin,3.1060863,10.451641,-9.425209,27.427237
L432,XII Skin,3.092469,10.45439,-9.466868,27.3882
L433,XII Skin,3.0830507,10.375613,-9.267091,27.419353
L438,XII Skin,3.1074948,10.446517,-9.457844,27.523127
L439,XII Skin,3.1213198,10.404301,-8.9883995,27.103603
L440,XII Skin,3.6544003,10.550268,-18.03972,30.427908
L441,XII Skin,3.5645816,10.568618,-18.011642,30.382185
L443,XII Skin,3.5447574,10.564921,-17.738771,30.478903
L448,XII Skin,3.6814897,10.5493965,-18.133879,30.396173
L50,XII Skin,2.745236,10.743588,-6.9887886,35.49171
L500,XII Skin,2.7199457,10.705401,-7.968806,32.791348
L501,XII Skin,2.7119462,10.775242,-7.214573,34.710445
L502,XII Skin,2.7919302,10.735796,-7.36798,34.672546
L503,XII Skin,2.6301653,10.846395,-7.2811613,34.691795
L505,XII Skin,2.724857,10.759913,-7.2154684,34.61162
L506,XII Skin,2.7952704,10.788697,-7.230352,34.537327
L508,XII Skin,2.7074533,10.786484,-7.219922,34.793056
L509,XII Skin,2.6988046,10.830651,-6.957583,34.933075
L51,XII Skin,3.1320152,10.560538,-11.167585,29.180613
L510,XII Skin,3.120424,10.58379,-11.201475,29.533232
L511,XII Skin,3.1440659,10.608363,-11.270298,29.422739
L512,XII Skin,3.138358,10.598079,-11.143812,29.41809
L518,XII Skin,3.108764,10.549222,-11.208039,29.52954
L519,XII Skin,3.1085248,10.574762,-11.211228,29.207296
L52,XII Skin,2.8168817,10.565322,-8.517225,30.915352
L53,XII Skin,2.8359795,10.509492,-8.353275,30.684933
L530,XII Skin,2.8178875,10.572448,-7.937206,31.173859
L531,XII Skin,2.8056908,10.469616,-7.7130837,30.881134
L532,XII Skin,2.7933204,10.558799,-7.894488,31.15402
L538,XII Skin,2.78469,10.533687,-8.031536,30.984243
L539,XII Skin,2.7549372,10.545851,-7.767172,31.633356
L540,XII Skin,10.134812,-1.2134913,-22.524164,16.84002
L55,XII Skin,3.1827297,10.660322,-15.471999,31.624014
L550,XII Skin,3.1988714,10.740175,-15.104696,31.953266
L551,XII Skin,3.213711,10.782535,-15.169968,31.991667
L552,XII Skin,3.2042193,10.706079,-15.127685,31.957634
L558,XII Skin,3.2341645,10.738584,-15.139962,31.981474
L559,XII Skin,3.232881,10.705952,-15.144247,31.85599
L56,XII Skin,3.1847584,10.5296755,-12.067143,33.184486
L560,XII Skin,3.306957,10.558763,-12.13806,33.054012
L561,XII Skin,3.2385676,10.594001,-12.115968,33.057987
L562,XII Skin,3.23293,10.634818,-12.184751,33.220448
L563,XII Skin,3.2157528,10.613383,-12.472095,33.37989
L564,XII Skin,3.2329504,10.630424,-12.310295,34.16952
L568,XII Skin,3.17777,10.584452,-12.009541,32.896694
L569,XII Skin,3.2336695,10.547633,-13.137377,31.359344
L570,XII Skin,2.5513763,10.287557,-3.6667132,31.296278
L572,XII Skin,2.8353148,10.245316,-4.0363107,29.356276
L573,XII Skin,2.797222,10.283687,-3.6185532,29.213104
L574,XII Skin,2.8254077,10.219961,-4.047683,29.168219
L575,XII Skin,2.8359807,10.2613125,-3.7840977,29.228737
L578,XII Skin,2.8564913,10.195533,-4.453963,28.990084
L579,XII Skin,2.8260221,10.24311,-4.018447,29.3012
L58,XII Skin,3.8455205,10.545199,-19.291344,29.865692
L581,XII Skin,3.8296454,10.545577,-19.35835,29.844143
L589,XII Skin,3.8117545,10.553016,-19.289145,29.873903
L590,XII Skin,3.2424963,10.690407,-15.079814,30.139353
L598,XII Skin,3.155821,10.590991,-15.180135,30.033184
L599,XII Skin,3.2163057,10.582022,-15.240471,30.032042
L60,XII Skin,2.6043754,10.509069,-2.1428168,33.535645
L600,XII Skin,2.5375628,10.377462,-3.490651,32.9446
L601,XII Skin,2.6029446,10.421376,-2.9342036,32.484524
L602,XII Skin,2.5402744,10.408243,-3.2972908,32.569305
L603,XII Skin,2.5894194,10.359133,-3.3753278,32.289635
L604,XII Skin,2.5704896,10.384912,-3.354797,32.459095
L605,XII Skin,2.5722299,10.415733,-3.4379292,32.480515
L608,XII Skin,2.5680473,10.394121,-3.2373319,32.41094
L609,XII Skin,2.5989676,10.421359,-2.71017,32.93739
L620,XII Skin,2.6057305,10.570074,-2.0089877,33.613396
L63,XII Skin,3.0289724,10.5872135,-10.300725,28.737425
L630,XII Skin,3.041016,10.456845,-9.715252,29.031446
L631,XII Skin,3.073084,10.51731,-9.771851,29.04789
L638,XII Skin,3.1156678,10.51308,-9.820299,29.01578
L639,XII Skin,3.1159205,10.548219,-10.044868,28.883467
L64,XII Skin,3.1350844,10.488265,-12.0197525,27.746489
L640,XII Skin,3.114369,10.45105,-12.197953,27.623192
L648,XII Skin,3.1285458,10.422233,-12.217116,27.684572
L649,XII Skin,3.187687,10.542974,-12.010411,28.14213
L65,XII Skin,3.2462652,10.567502,-11.985961,31.80058
L650,XII Skin,3.258192,10.630838,-12.08028,32.69559
L658,XII Skin,3.3076844,10.589584,-12.324904,31.815954
L659,XII Skin,3.2197945,10.574531,-12.076566,32.27364
L66,XII Skin,3.114156,10.615659,-10.586475,30.601954
L660,XII Skin,3.0825026,10.624774,-10.796922,30.51248
L661,XII Skin,2.992306,10.663672,-9.781607,31.118526
L662,XII Skin,3.0627122,10.594889,-10.615813,30.349306
L663,XII Skin,3.0979435,10.6362915,-10.469492,30.603447
L664,XII Skin,2.976883,10.575975,-10.518046,30.714735
L668,XII Skin,3.0048518,10.687734,-10.083525,30.940329
L669,XII Skin,3.1225865,10.655921,-10.34753,30.665201
L67,XII Skin,3.754175,10.547427,-18.662369,29.97039
L678,XII Skin,3.7540085,10.551117,-18.503897,29.7669
L679,XII Skin,3.7015152,10.550612,-18.722105,29.836994
L68,XII Skin,3.3930235,10.575219,-14.54126,33.43466
L680,XII Skin,3.3938394,10.591851,-14.423893,33.803337
L681,XII Skin,3.3699067,10.589382,-14.369995,33.499493
L682,XII Skin,3.3787193,10.57777,-14.573228,33.333042
L683,XII Skin,3.3897324,10.593175,-14.380881,33.488613
L688,XII Skin,3.3906574,10.598061,-14.566717,33.320763
L689,XII Skin,3.358421,10.597034,-14.57558,33.53681
L70,XII Skin,2.4381812,10.611997,-11.379662,40.600327
L700,XII Skin,2.4424272,10.582596,-11.12962,40.285355
L701,XII Skin,2.3642702,10.6709795,-11.139331,40.316566
L702,XII Skin,2.399399,10.632919,-11.036686,40.24803
L705,XII Skin,2.3941855,10.623349,-11.017277,40.213253
L708,XII Skin,2.3778994,10.632582,-11.147069,40.33088
L709,XII Skin,2.417416,10.61022,-11.264076,40.448833
L71,XII Skin,2.618603,10.348743,-1.7557114,31.653769
L710,XII Skin,2.638107,10.365486,-2.592141,32.27198
L711,XII Skin,2.6059713,10.321185,-2.456855,32.04724
L718,XII Skin,2.9032943,10.511921,-1.4101405,30.673119
L719,XII Skin,2.6428149,10.355529,-1.8411807,31.752096
L72,XII Skin,2.6725647,10.414884,-5.5867767,31.649164
L720,XII Skin,2.5769274,10.434129,-5.216271,31.773369
L721,XII Skin,2.4979093,10.488327,-4.980325,32.031433
L722,XII Skin,2.628245,10.410788,-5.4803705,31.664862
L723,XII Skin,2.4928954,10.536792,-9.571916,40.319588
L728,XII Skin,2.6411254,10.369828,-5.6990414,31.510582
L729,XII Skin,2.6071327,10.367734,-5.3758774,31.788998
L73,XII Skin,2.7273407,10.519355,-3.7987401,35.677444
L730,XII Skin,2.741831,10.559121,-4.7115655,35.543633
L731,XII Skin,2.7540827,10.598774,-4.732746,35.589596
L732,XII Skin,2.6792789,10.503432,-4.872062,35.60317
L738,XII Skin,2.6875057,10.568512,-4.7798,35.297157
L739,XII Skin,2.6907802,10.555595,-4.6326103,35.57842
L74,XII Skin,3.296241,10.635563,-13.047038,32.949795
L740,XII Skin,3.258123,10.620599,-12.895084,32.94754
L741,XII Skin,3.3363426,10.657088,-13.135652,32.98982
L742,XII Skin,3.2969575,10.616748,-13.133617,33.003212
L743,XII Skin,3.2958088,10.624109,-13.08813,32.995983
L744,XII Skin,3.278336,10.628459,-13.065642,33.00126
L748,XII Skin,3.285579,10.626712,-13.044801,32.928684
L749,XII Skin,3.3376963,10.63021,-13.002937,33.200474
L75,XII Skin,9.088541,-1.4941809,-16.932379,9.969027
L750,XII Skin,9.094405,-1.4901096,-16.893341,9.941594
L751,XII Skin,9.096877,-1.4964806,-16.959364,10.047984
L752,XII Skin,9.111649,-1.4772118,-16.875116,9.899644
L759,XII Skin,9.114622,-1.4743634,-16.959042,10.009891
L7611,XII Skin,3.2013297,10.5054,-22.424911,17.16726
L7612,XII Skin,3.1993248,10.474608,-22.432037,17.146723
L80,XII Skin,2.7024164,10.554808,-7.585322,32.12681
L81,XII Skin,2.8251512,10.228352,-4.935845,27.309689
L810,XII Skin,2.8685453,10.111139,-5.113981,28.088314
L811,XII Skin,2.8368495,10.088972,-5.316153,28.38112
L812,XII Skin,2.858857,10.125584,-5.1219425,27.866955
L813,XII Skin,2.8467004,10.073869,-5.2990522,28.309532
L814,XII Skin,2.7653527,10.217027,-5.0778055,28.741547
L815,XII Skin,2.8925028,10.09654,-5.2947593,28.300888
L816,XII Skin,2.8529356,10.122581,-5.3017673,28.304947
L817,XII Skin,2.8972695,10.165978,-5.745841,28.37311
L818,XII Skin,2.8496745,10.100221,-5.0114503,27.998346
L819,XII Skin,2.8296053,10.111292,-4.8791533,28.37781
L82,XII Skin,2.6368217,10.230593,-3.8667192,31.239359
L83,XII Skin,2.7925038,10.291968,-5.341217,29.836134
L84,XII Skin,2.5513077,10.415613,-3.445139,34.1564
L850,XII Skin,2.768158,10.411032,-6.889684,30.718603
L851,XII Skin,2.8068144,10.350239,-7.2223063,30.411842
L852,XII Skin,2.913958,10.411701,-7.235338,30.760056
L853,XII Skin,2.864197,10.382865,-6.703781,30.219984
L858,XII Skin,2.6400104,10.436649,-4.880146,30.810251
L859,XII Skin,2.676427,10.384551,-6.7804513,30.792519
L86,XII Skin,2.8869572,10.560449,-2.2496004,29.866982
L870,XII Skin,3.2646127,10.632539,-16.603863,29.108356
L871,XII Skin,3.2647831,10.680482,-16.60518,29.2096
L872,XII Skin,3.1858077,10.653347,-16.497416,29.19231
L88,XII Skin,3.1642463,10.4004135,-12.390862,27.514616
L89,XII Skin,2.9574814,11.024357,-14.135121,37.797802
L890,XII Skin,2.9730687,11.0566435,-14.048948,37.587143
L891,XII Skin,2.9701004,11.020495,-14.12228,37.729637
L892,XII Skin,2.9831061,11.03034,-14.097691,37.730377
L893,XII Skin,2.9844494,11.077334,-14.058359,37.630524
L899,XII Skin,2.9586856,11.027341,-14.100332,37.711082
L90,XII Skin,2.951544,10.242071,-8.003663,28.680042
L900,XII Skin,2.7048247,10.131206,-6.8112636,29.401701
L901,XII Skin,2.7822886,10.032229,-6.808531,28.92589
L902,XII Skin,2.7875223,10.038631,-6.814338,28.92221
L903,XII Skin,2.7395399,10.012827,-6.766994,28.977953
L904,XII Skin,2.7748349,10.008881,-6.8401766,28.999487
L905,XII Skin,2.7543943,10.02227,-6.4811006,29.070526
L906,XII Skin,2.7741058,10.003417,-6.8091927,28.900715
L908,XII Skin,2.777654,10.02063,-6.7339497,28.884678
L909,XII Skin,2.808606,10.034075,-6.857516,28.794815
L910,XII Skin,2.7439907,10.252552,-5.6224613,29.548334
L918,XII Skin,2.60924,10.288756,-4.1423187,32.0548
L919,XII Skin,2.7333987,10.270757,-5.3847847,28.926905
L92,XII Skin,2.6913345,10.322788,-6.504225,30.608198
L920,XII Skin,2.5822384,10.376341,-6.4046726,31.334606
L921,XII Skin,2.7013855,10.33574,-6.5272474,30.553352
L922,XII Skin,2.9197092,10.47803,-8.242841,28.98421
L923,XII Skin,2.6553073,10.3834,-6.197659,31.07257
L928,XII Skin,2.6625774,10.363655,-6.6245666,30.789476
L929,XII Skin,2.6760392,10.345254,-6.3472304,31.136045
L93,XII Skin,3.1466963,10.4249525,-9.676392,27.610527
L930,XII Skin,3.2092686,10.4849415,-9.803501,27.494074
L931,XII Skin,3.1385512,10.387634,-9.8492155,27.14079
L932,XII Skin,3.1434069,10.464162,-10.010459,27.726625
L940,XII Skin,3.2090425,10.518947,-12.766572,30.368666
L942,XII Skin,3.307718,10.386857,-12.800539,29.32878
L943,XII Skin,3.2854812,10.43869,-12.977661,29.730324
L944,XII Skin,3.2599754,10.460071,-13.035059,29.794022
L946,XII Skin,3.2561615,10.460201,-13.03629,29.815691
L948,XII Skin,3.2660944,10.400168,-12.976136,29.431915
L949,XII Skin,3.296619,10.446525,-12.926867,29.818048
L950,XII Skin,3.3343024,10.384379,-13.651286,30.157362
L958,XII Skin,3.2315636,10.577959,-13.8606205,30.590076
L959,XII Skin,3.2661605,10.527912,-13.723784,30.685707
L97,XII Skin,2.4516962,10.663269,-7.254357,39.52912
L98,XII Skin,2.868729,10.3356695,-2.3111677,29.19198
L980,XII Skin,2.5688975,10.408908,-5.205791,30.774033
L981,XII Skin,2.7507224,10.237208,-4.608299,29.65931
L982,XII Skin,2.8080635,10.326021,-4.6412797,29.655102
L983,XII Skin,2.8360348,10.250918,-4.6805325,29.653734
L984,XII Skin,2.8045344,10.395645,-4.7322836,29.95791
L985,XII Skin,2.6906796,10.252508,-4.7124705,29.715334
L986,XII Skin,2.9335864,10.393674,-12.00983,26.48225
L987,XII Skin,2.737207,10.243649,-5.1363864,29.784084
L988,XII Skin,2.62033,10.256159,-3.7292485,31.513746
L989,XII Skin,2.6088865,10.247167,-3.6951036,31.124195
L990,XII Skin,3.252152,10.634769,-13.381833,32.458736
L998,XII Skin,3.3319716,10.676654,-13.51148,32.53509
M00,XIII Musculoskeletal,13.136538,16.108538,11.472542,39.446354
M000,XIII Musculoskeletal,13.136774,16.041723,11.393367,37.86013
M0000,XIII Musculoskeletal,13.173155,16.04259,11.0074835,38.037766
M0001,XIII Musculoskeletal,12.580084,18.909964,26.081001,54.76136
M0002,XIII Musculoskeletal,13.154808,16.056253,11.775267,37.897316
M0003,XIII Musculoskeletal,13.16547,16.074291,10.628181,37.800144
M0005,XIII Musculoskeletal,13.148378,16.042719,11.292462,37.565987
M0006,XIII Musculoskeletal,13.16676,16.05877,11.018918,38.245537
M0007,XIII Musculoskeletal,13.135552,16.04195,11.409753,37.854824
M001,XIII Musculoskeletal,13.134546,16.04845,11.594439,37.812584
M0012,XIII Musculoskeletal,13.141959,16.03361,11.377287,37.80874
M0016,XIII Musculoskeletal,13.047127,16.142797,12.988365,38.077938
M0020,XIII Musculoskeletal,13.116535,16.053442,12.039042,37.845963
M0021,XIII Musculoskeletal,13.122681,16.046448,11.601695,37.942417
M0022,XIII Musculoskeletal,13.138244,16.038424,11.519383,37.816597
M0023,XIII Musculoskeletal,13.130843,16.037344,11.59205,37.775642
M0025,XIII Musculoskeletal,13.164291,16.040552,10.794362,37.412243
M0026,XIII Musculoskeletal,13.131536,16.070904,11.39119,38.539898
M0027,XIII Musculoskeletal,13.114613,16.016592,11.625525,37.782333
M0029,XIII Musculoskeletal,13.144261,16.038061,11.307284,37.779385
M008,XIII Musculoskeletal,13.143475,16.035276,11.156078,37.354645
M0081,XIII Musculoskeletal,13.125637,16.02573,11.416889,37.80152
M0082,XIII Musculoskeletal,13.113337,16.059116,12.500375,37.985928
M0085,XIII Musculoskeletal,13.153583,16.036045,11.13375,37.76233
M0086,XIII Musculoskeletal,13.1730385,16.050047,11.077786,37.705303
M0087,XIII Musculoskeletal,13.12469,16.043995,11.692491,38.029728
M009,XIII Musculoskeletal,13.121818,16.115002,11.439685,39.59029
M0090,XIII Musculoskeletal,13.195945,16.055279,10.666809,38.06501
M0091,XIII Musculoskeletal,13.118702,16.056278,12.408904,38.480827
M0092,XIII Musculoskeletal,13.136901,16.03566,11.513577,37.98015
M0093,XIII Musculoskeletal,13.12383,16.042343,11.828089,37.77207
M0094,XIII Musculoskeletal,12.532862,18.888115,25.689177,55.191666
M0095,XIII Musculoskeletal,13.156969,16.055254,11.250264,38.539543
M0096,XIII Musculoskeletal,13.201788,16.052267,10.133369,38.178753
M0097,XIII Musculoskeletal,13.110755,16.067076,12.54762,37.61644
M0098,XIII Musculoskeletal,13.1896305,16.088007,10.86338,38.386227
M0099,XIII Musculoskeletal,13.133161,16.035694,11.872097,38.097576
M01,XIII Musculoskeletal,10.633631,16.120909,31.767475,23.302137
M011,XIII Musculoskeletal,10.9306555,16.42845,31.037762,25.121183
M013,XIII Musculoskeletal,10.619613,16.11409,31.576283,22.959686
M015,XIII Musculoskeletal,10.628592,16.124596,31.57291,22.977757
M018,XIII Musculoskeletal,10.6334505,16.118124,31.716503,23.436287
M02,XIII Musculoskeletal,8.692106,15.095279,25.772528,22.153683
M021,XIII Musculoskeletal,8.688275,15.09691,25.289843,22.119417
M023,XIII Musculoskeletal,8.69332,15.09392,25.812698,22.368711
M0230,XIII Musculoskeletal,8.687134,15.099965,25.349873,22.090193
M0239,XIII Musculoskeletal,8.691963,15.094995,25.423645,22.162775
M028,XIII Musculoskeletal,8.691484,15.093803,25.210323,21.991888
M0281,XIII Musculoskeletal,8.688676,15.096572,25.320892,22.127323
M0284,XIII Musculoskeletal,8.669747,15.1012745,25.340979,22.136427
M0286,XIII Musculoskeletal,8.732955,15.061533,25.314404,22.117739
M0287,XIII Musculoskeletal,8.689869,15.095259,25.301718,22.107042
M029,XIII Musculoskeletal,8.69217,15.0918665,25.812937,22.17106
M0290,XIII Musculoskeletal,8.67006,15.100269,25.252256,22.014479
M0296,XIII Musculoskeletal,8.686582,15.100863,25.239126,22.058987
M0297,XIII Musculoskeletal,8.68883,15.0954685,25.18791,22.178143
M0299,XIII Musculoskeletal,8.691405,15.092313,25.333801,22.09683
M03,XIII Musculoskeletal,8.11433,15.272657,21.325092,24.234287
M0320,XIII Musculoskeletal,8.097942,15.267202,21.192457,24.265003
M0326,XIII Musculoskeletal,8.113649,15.287226,21.303827,24.227274
M036,XIII Musculoskeletal,8.139615,15.258158,21.903528,23.552761
M0369,XIII Musculoskeletal,8.109239,15.275069,21.294374,24.17014
M05,XIII Musculoskeletal,12.846834,20.918903,30.337046,38.3589
M050,XIII Musculoskeletal,12.896844,21.008102,30.9166,40.178246
M0500,XIII Musculoskeletal,12.885017,21.001055,30.970509,40.173214
M0504,XIII Musculoskeletal,12.885917,21.003742,30.752565,39.94493
M0509,XIII Musculoskeletal,12.905272,20.995235,31.333925,40.369133
M051,XIII Musculoskeletal,12.747423,20.70344,30.287846,37.902584
M0510,XIII Musculoskeletal,12.899049,20.988539,31.37053,39.783684
M0518,XIII Musculoskeletal,12.898428,20.991022,30.912376,40.189384
M0519,XIII Musculoskeletal,12.893837,20.99402,30.391853,39.74551
M052,XIII Musculoskeletal,12.900039,21.005693,30.584187,40.38597
M0520,XIII Musculoskeletal,12.89757,21.010565,30.97904,39.846123
M0524,XIII Musculoskeletal,12.89444,21.011635,30.749,40.061348
M0526,XIII Musculoskeletal,12.915733,20.99774,30.92967,40.177364
M0528,XIII Musculoskeletal,12.949207,21.077738,30.966866,40.223583
M0529,XIII Musculoskeletal,12.895479,20.999426,30.848024,40.11976
M053,XIII Musculoskeletal,12.888134,20.994476,30.79409,39.306805
M058,XIII Musculoskeletal,12.871908,20.912102,30.05411,39.139988
M0580,XIII Musculoskeletal,12.959523,20.895601,31.161455,39.506077
M0584,XIII Musculoskeletal,12.894302,21.034761,30.992014,40.220512
M0586,XIII Musculoskeletal,12.899528,21.006104,30.968987,39.9985
M0589,XIII Musculoskeletal,12.87632,20.989553,30.856232,39.22544
M059,XIII Musculoskeletal,12.896924,20.971497,31.579315,38.958557
M0590,XIII Musculoskeletal,12.958736,20.91526,31.721542,39.595253
M0591,XIII Musculoskeletal,12.889578,21.006151,30.839205,40.113777
M0592,XIII Musculoskeletal,12.890151,21.015703,31.109428,40.222347
M0593,XIII Musculoskeletal,12.907353,21.013365,30.915754,40.436363
M0594,XIII Musculoskeletal,12.899188,21.007847,29.76159,39.87708
M0595,XIII Musculoskeletal,12.8808,20.99258,30.196552,39.857323
M0596,XIII Musculoskeletal,12.895152,21.01387,30.857433,39.578644
M0597,XIII Musculoskeletal,12.91624,20.964611,31.495104,39.99167
M0599,XIII Musculoskeletal,12.891217,21.008442,30.756342,39.03138
M06,XIII Musculoskeletal,12.595416,20.45525,30.22199,37.684376
M060,XIII Musculoskeletal,13.068096,20.490896,32.996964,42.367626
M0600,XIII Musculoskeletal,13.076986,20.464443,30.04796,41.642784
M0601,XIII Musculoskeletal,12.3170185,18.43705,24.77565,44.382347
M0602,XIII Musculoskeletal,13.086287,20.490175,32.069576,42.80096
M0603,XIII Musculoskeletal,13.052107,20.473238,32.835583,43.152283
M0604,XIII Musculoskeletal,13.130229,20.520384,31.814259,42.681732
M0605,XIII Musculoskeletal,13.098176,20.47342,31.938633,42.66538
M0606,XIII Musculoskeletal,13.124182,20.462263,31.964205,43.072216
M0607,XIII Musculoskeletal,13.039144,20.503283,31.061157,43.268192
M0609,XIII Musculoskeletal,13.072705,20.577614,31.775236,41.554214
M061,XIII Musculoskeletal,12.907881,20.387434,29.048063,42.18824
M0610,XIII Musculoskeletal,13.099608,20.471937,32.018524,42.89222
M0611,XIII Musculoskeletal,13.076216,20.479918,32.091957,42.773346
M0619,XIII Musculoskeletal,13.103597,20.496796,32.2471,43.125645
M062,XIII Musculoskeletal,13.105437,20.489626,32.0883,42.783855
M0622,XIII Musculoskeletal,13.103316,20.48101,32.118786,42.783325
M063,XIII Musculoskeletal,13.052456,20.539967,30.705532,43.293037
M0630,XIII Musculoskeletal,13.095086,20.481916,31.885752,42.256912
M0632,XIII Musculoskeletal,13.097388,20.527472,31.667051,41.86174
M0633,XIII Musculoskeletal,13.089102,20.481646,32.040882,42.800602
M0634,XIII Musculoskeletal,13.112642,20.497263,31.900133,43.308487
M0636,XIII Musculoskeletal,13.109224,20.474213,32.08302,42.822735
M0637,XIII Musculoskeletal,13.0502205,20.448996,32.55251,42.786915
M0639,XIII Musculoskeletal,13.088924,20.5107,30.575495,43.333267
M064,XIII Musculoskeletal,13.092932,20.4339,30.209267,42.411015
M0640,XIII Musculoskeletal,13.118921,20.47244,32.083714,42.441227
M0644,XIII Musculoskeletal,13.07943,20.504313,32.213974,42.78655
M0645,XIII Musculoskeletal,13.088926,20.497257,32.06714,42.797966
M0646,XIII Musculoskeletal,13.107259,20.492434,32.104275,42.78467
M0649,XIII Musculoskeletal,13.13072,20.42732,32.376514,43.792896
M068,XIII Musculoskeletal,13.072269,20.469337,30.464962,42.628414
M0680,XIII Musculoskeletal,13.099674,20.52875,31.872812,42.116825
M0687,XIII Musculoskeletal,13.11986,20.475002,31.836771,43.16408
M0688,XIII Musculoskeletal,13.101563,20.490229,32.085136,42.853554
M0689,XIII Musculoskeletal,13.076002,20.490856,32.37844,42.700855
M069,XIII Musculoskeletal,12.966697,20.392012,34.31633,43.456753
M0690,XIII Musculoskeletal,13.059132,20.46455,33.28303,42.986706
M0691,XIII Musculoskeletal,13.105365,20.484705,31.156057,43.004692
M0692,XIII Musculoskeletal,13.093242,20.50354,32.193665,43.13513
M0693,XIII Musculoskeletal,13.083207,20.43531,30.313757,42.578793
M0694,XIII Musculoskeletal,13.106473,20.488127,32.23265,41.89384
M0695,XIII Musculoskeletal,13.10058,20.50146,31.262768,42.777256
M0696,XIII Musculoskeletal,13.035715,20.489637,30.499409,42.35459
M0697,XIII Musculoskeletal,13.1211,20.469635,31.319798,43.54845
M0698,XIII Musculoskeletal,13.078593,20.481022,32.465897,42.91264
M0699,XIII Musculoskeletal,11.577534,19.43611,40.471127,46.551304
M070,XIII Musculoskeletal,11.256627,16.613878,11.958086,44.931507
M0709,XIII Musculoskeletal,11.209829,16.534046,11.876636,46.485085
M071,XIII Musculoskeletal,11.236105,16.591593,11.963162,45.041424
M072,XIII Musculoskeletal,11.255109,16.637169,12.030816,44.88016
M0720,XIII Musculoskeletal,11.213851,16.542522,11.889708,46.47649
M0726,XIII Musculoskeletal,11.21677,16.545864,11.892053,46.47961
M0728,XIII Musculoskeletal,11.213876,16.533344,11.875428,46.48862
M0729,XIII Musculoskeletal,11.21133,16.538727,11.877304,46.484867
M073,XIII Musculoskeletal,11.208738,16.540796,11.394089,46.29073
M0730,XIII Musculoskeletal,11.2267,16.557932,12.033587,46.296234
M0731,XIII Musculoskeletal,11.203873,16.56816,12.0245285,46.290565
M0733,XIII Musculoskeletal,11.209396,16.53656,11.882828,46.478874
M0734,XIII Musculoskeletal,11.218276,16.573118,12.017817,46.02697
M0735,XIII Musculoskeletal,11.282699,16.624296,12.748159,45.863552
M0736,XIII Musculoskeletal,11.243401,16.579632,12.196876,45.888256
M0737,XIII Musculoskeletal,11.268805,16.603786,12.657423,45.99329
M0738,XIII Musculoskeletal,11.212101,16.543789,11.893505,46.474274
M0739,XIII Musculoskeletal,11.21321,16.546177,11.433761,46.150394
M074,XIII Musculoskeletal,11.219798,16.549175,11.995119,46.295635
M0740,XIII Musculoskeletal,11.213104,16.561596,11.91027,46.396484
M0741,XIII Musculoskeletal,11.245135,16.553877,11.882362,46.475372
M0749,XIII Musculoskeletal,11.2287655,16.546902,11.8889675,46.4742
M075,XIII Musculoskeletal,11.234637,16.57389,12.30595,46.176006
M076,XIII Musculoskeletal,11.203295,16.51993,11.783359,46.58628
M08,XIII Musculoskeletal,18.103586,10.570822,24.024595,20.823935
M080,XIII Musculoskeletal,18.086693,10.582041,24.016184,20.768812
M0800,XIII Musculoskeletal,18.093256,10.577117,24.208284,20.927954
M0804,XIII Musculoskeletal,18.08289,10.581949,23.90762,20.814829
M0805,XIII Musculoskeletal,18.083824,10.581675,23.871397,20.795717
M0806,XIII Musculoskeletal,18.085545,10.583565,23.767086,20.74716
M0808,XIII Musculoskeletal,18.085548,10.579643,24.118454,20.934824
M0809,XIII Musculoskeletal,18.077126,10.581462,23.913488,20.80232
M0810,XIII Musculoskeletal,18.083183,10.58195,23.916506,20.824787
M082,XIII Musculoskeletal,18.097452,10.562972,24.313065,21.066328
M0820,XIII Musculoskeletal,18.083332,10.578588,24.091248,20.97737
M0822,XIII Musculoskeletal,18.086172,10.579639,23.986387,20.878786
M0826,XIII Musculoskeletal,18.081896,10.580812,23.882881,20.773567
M0829,XIII Musculoskeletal,18.087154,10.578977,24.049683,20.90279
M0844,XIII Musculoskeletal,18.086248,10.579573,23.947163,20.86258
M089,XIII Musculoskeletal,18.08524,10.582902,24.52827,21.130882
M0890,XIII Musculoskeletal,18.086554,10.58142,23.899752,20.805239
M0899,XIII Musculoskeletal,18.103783,10.605791,23.835217,20.768087
M090,XIII Musculoskeletal,8.07598,15.260617,20.1565,23.950216
M0909,XIII Musculoskeletal,8.075331,15.265016,20.147682,23.79814
M092,XIII Musculoskeletal,8.079107,15.259467,20.143335,23.811325
M10,XIII Musculoskeletal,11.935243,18.68039,29.252045,53.73523
M100,XIII Musculoskeletal,11.63938,18.593605,29.388494,50.1748
M1000,XIII Musculoskeletal,11.609589,18.649904,29.064539,51.450016
M1001,XIII Musculoskeletal,11.618675,18.640636,28.836054,51.668987
M1002,XIII Musculoskeletal,11.605805,18.663801,29.317118,51.4936
M1003,XIII Musculoskeletal,11.619751,18.648731,28.808859,51.753986
M1004,XIII Musculoskeletal,11.6215725,18.676723,30.23799,51.171635
M1006,XIII Musculoskeletal,11.612936,18.6535,28.817339,51.92049
M1007,XIII Musculoskeletal,11.635659,18.621513,29.100794,50.845707
M1009,XIII Musculoskeletal,11.605358,18.655457,28.911211,51.75609
M101,XIII Musculoskeletal,11.607752,18.642202,28.83472,51.67296
M102,XIII Musculoskeletal,11.606212,18.645012,28.822819,51.515472
M1029,XIII Musculoskeletal,11.605831,18.655102,28.836058,51.66458
M103,XIII Musculoskeletal,11.606678,18.67041,28.840717,51.666157
M1039,XIII Musculoskeletal,11.605577,18.6447,28.83419,51.66258
M104,XIII Musculoskeletal,11.6095495,18.643757,28.954489,51.510677
M1040,XIII Musculoskeletal,11.635931,18.698063,28.835978,51.66806
M1045,XIII Musculoskeletal,11.617852,18.654333,28.858643,51.577114
M109,XIII Musculoskeletal,11.59099,18.911018,29.767025,53.132324
M1090,XIII Musculoskeletal,11.592102,18.688505,30.30668,51.127945
M1091,XIII Musculoskeletal,11.610023,18.651842,28.840534,51.659206
M1092,XIII Musculoskeletal,11.580386,18.679245,28.747324,51.909462
M1093,XIII Musculoskeletal,11.585653,18.656229,28.933332,51.410343
M1094,XIII Musculoskeletal,11.6227865,18.668728,28.811106,51.809505
M1095,XIII Musculoskeletal,11.60839,18.65454,28.848654,51.64892
M1096,XIII Musculoskeletal,11.6001,18.652851,29.737764,51.3289
M1097,XIII Musculoskeletal,11.737344,18.69913,28.126064,52.356857
M1099,XIII Musculoskeletal,11.49197,19.397604,42.356995,49.21398
M11,XIII Musculoskeletal,9.296217,18.221582,57.550858,32.19847
M1107,XIII Musculoskeletal,9.2989,18.22898,57.574448,32.188892
M111,XIII Musculoskeletal,9.489493,18.18774,56.57261,30.831312
M1116,XIII Musculoskeletal,9.294395,18.221174,57.462612,32.057343
M112,XIII Musculoskeletal,9.354519,18.216467,56.54642,30.858883
M1120,XIII Musculoskeletal,9.310757,18.235443,57.02999,32.15402
M1121,XIII Musculoskeletal,9.299906,18.223816,57.409504,32.00899
M1123,XIII Musculoskeletal,9.309078,18.248713,57.19754,32.70921
M1124,XIII Musculoskeletal,9.290608,18.216524,57.665283,32.12148
M1125,XIII Musculoskeletal,9.298536,18.232168,57.99052,32.479042
M1126,XIII Musculoskeletal,9.474886,18.178946,-2.1686337,66.255615
M1127,XIII Musculoskeletal,9.343669,18.272474,56.822136,32.109272
M1128,XIII Musculoskeletal,9.297746,18.225712,57.310627,32.12128
M1129,XIII Musculoskeletal,9.302172,18.222572,57.208157,31.786755
M118,XIII Musculoskeletal,9.342313,18.280071,57.303024,33.250088
M1180,XIII Musculoskeletal,9.319565,18.219221,57.098793,31.678381
M1182,XIII Musculoskeletal,9.302949,18.233625,57.12877,31.944992
M1183,XIII Musculoskeletal,9.423362,18.399054,55.85351,32.320217
M1184,XIII Musculoskeletal,9.357633,18.214094,56.86871,30.44729
M1185,XIII Musculoskeletal,9.312683,18.241354,57.045776,32.14197
M1186,XIII Musculoskeletal,9.3107,18.216183,56.53753,31.989687
M1187,XIII Musculoskeletal,9.299676,18.23303,57.513214,32.703163
M1189,XIII Musculoskeletal,9.286058,18.218002,57.682606,32.33164
M119,XIII Musculoskeletal,9.2854,18.217445,57.740337,32.438084
M1190,XIII Musculoskeletal,9.292018,18.22661,57.7076,32.233147
M1191,XIII Musculoskeletal,9.293921,18.219448,57.57256,32.200733
M1193,XIII Musculoskeletal,9.292335,18.226492,57.597664,32.30322
M1196,XIII Musculoskeletal,9.293864,18.212868,57.691772,32.52235
M1197,XIII Musculoskeletal,9.292121,18.218641,57.647015,32.243603
M1199,XIII Musculoskeletal,9.346641,18.276726,57.01083,31.967491
M120,XIII Musculoskeletal,12.262999,17.794275,23.190706,36.78068
M1204,XIII Musculoskeletal,12.236225,17.777079,23.208841,36.759777
M1207,XIII Musculoskeletal,12.249085,17.802588,23.20048,36.764782
M1209,XIII Musculoskeletal,12.237541,17.814684,23.193977,36.7399
M122,XIII Musculoskeletal,12.285091,17.989975,23.172466,42.076187
M1223,XIII Musculoskeletal,12.279221,17.813002,23.155876,37.01199
M1224,XIII Musculoskeletal,12.410673,18.310545,23.51921,43.45205
M1226,XIII Musculoskeletal,12.196952,17.826355,22.712612,37.898052
M1227,XIII Musculoskeletal,12.248988,17.791084,23.412354,36.497307
M123,XIII Musculoskeletal,12.330591,17.83596,23.562984,36.548332
M1230,XIII Musculoskeletal,12.277813,17.801172,23.124537,37.030495
M1231,XIII Musculoskeletal,12.262707,17.81815,23.197107,36.7838
M1239,XIII Musculoskeletal,12.247151,17.765993,23.271532,36.851242
M125,XIII Musculoskeletal,12.2573805,18.035904,22.502054,39.024994
M1253,XIII Musculoskeletal,12.241038,17.937384,22.656897,38.45827
M1255,XIII Musculoskeletal,12.302125,18.155384,23.269478,42.57834
M1256,XIII Musculoskeletal,12.235904,17.895958,22.496332,38.58146
M1257,XIII Musculoskeletal,12.356437,18.103992,22.433836,39.403893
M128,XIII Musculoskeletal,12.20427,18.034384,22.536915,39.0374
M1280,XIII Musculoskeletal,12.249748,17.804934,23.011517,37.348377
M1288,XIII Musculoskeletal,12.336021,17.847479,23.153963,37.234398
M1289,XIII Musculoskeletal,12.254259,17.809853,23.19104,36.82229
M129,XIII Musculoskeletal,12.238774,17.8781,22.852451,37.795795
M13,XIII Musculoskeletal,12.312321,18.705225,34.909946,49.92604
M130,XIII Musculoskeletal,11.453065,19.415749,40.937744,49.54687
M1300,XIII Musculoskeletal,11.502747,19.359951,39.56031,47.9981
M1304,XIII Musculoskeletal,11.46417,19.35939,40.34588,48.306824
M1305,XIII Musculoskeletal,11.436067,19.33015,40.59424,48.27323
M1306,XIII Musculoskeletal,11.4282875,19.377773,40.488857,48.06285
M1307,XIII Musculoskeletal,11.431469,19.353159,40.591427,48.26572
M1309,XIII Musculoskeletal,11.461185,19.369432,40.26392,47.78224
M131,XIII Musculoskeletal,11.740481,19.126543,36.490097,49.05141
M1310,XIII Musculoskeletal,11.455679,19.35064,40.19357,48.231953
M1311,XIII Musculoskeletal,11.432097,19.358562,40.549503,48.203087
M1312,XIII Musculoskeletal,11.450015,19.36055,40.58407,48.27087
M1313,XIII Musculoskeletal,11.501716,19.36749,38.7902,47.997974
M1314,XIII Musculoskeletal,11.458281,19.3569,40.74738,48.138836
M1315,XIII Musculoskeletal,11.48089,19.322412,40.383987,48.195305
M1316,XIII Musculoskeletal,11.465167,19.342155,40.4031,48.576054
M1317,XIII Musculoskeletal,11.440864,19.339603,40.372345,48.53175
M1319,XIII Musculoskeletal,11.390465,19.327612,40.60085,48.21521
M138,XIII Musculoskeletal,11.503686,19.39751,38.64469,47.523388
M1380,XIII Musculoskeletal,11.893402,19.091085,36.548153,49.091133
M1381,XIII Musculoskeletal,11.424432,19.354609,40.496925,48.21677
M1382,XIII Musculoskeletal,11.43228,19.342207,40.59612,48.282322
M1383,XIII Musculoskeletal,11.456889,19.343466,40.342636,48.458477
M1384,XIII Musculoskeletal,11.424335,19.338018,40.41187,47.93602
M1385,XIII Musculoskeletal,11.483946,19.347918,39.182686,48.069145
M1386,XIII Musculoskeletal,11.451276,19.356579,40.80639,48.26701
M1387,XIII Musculoskeletal,11.448347,19.3091,39.734398,48.552967
M1389,XIII Musculoskeletal,11.450185,19.314493,39.569977,49.12984
M139,XIII Musculoskeletal,11.51047,19.397219,43.117817,50.435097
M1390,XIII Musculoskeletal,11.4646635,19.426466,41.611126,48.724186
M1391,XIII Musculoskeletal,11.475966,19.315964,40.237484,48.860775
M1392,XIII Musculoskeletal,11.46668,19.32506,40.276787,48.439976
M1393,XIII Musculoskeletal,11.52704,19.355307,39.610405,48.79995
M1394,XIII Musculoskeletal,11.507652,19.40547,41.120007,48.89069
M1395,XIII Musculoskeletal,11.462851,19.37063,40.776485,48.654457
M1396,XIII Musculoskeletal,11.484658,19.38502,41.244175,48.581997
M1397,XIII Musculoskeletal,13.647454,18.429384,17.33929,65.36715
M1398,XIII Musculoskeletal,11.386434,19.40935,39.942924,49.74374
M1399,XIII Musculoskeletal,11.491356,19.38511,41.964775,48.927616
M14,XIII Musculoskeletal,11.5918,18.40937,28.69611,48.30326
M142,XIII Musculoskeletal,11.5891075,18.38202,28.694487,48.27803
M144,XIII Musculoskeletal,11.58168,18.371357,28.697008,48.307896
M145,XIII Musculoskeletal,11.586302,18.402597,28.723267,48.324387
M146,XIII Musculoskeletal,11.593167,18.396067,28.762726,48.302063
M148,XIII Musculoskeletal,11.603312,18.423222,28.714796,48.34011
M15,XIII Musculoskeletal,12.301242,18.546576,34.62899,50.034595
M150,XIII Musculoskeletal,13.724815,18.735786,14.061789,63.552578
M1500,XIII Musculoskeletal,13.727381,18.781897,14.113693,63.231354
M151,XIII Musculoskeletal,13.597183,18.388914,14.32563,65.43472
M152,XIII Musculoskeletal,13.80066,18.762726,14.0884285,63.477627
M153,XIII Musculoskeletal,13.796971,18.75063,10.833896,62.95608
M154,XIII Musculoskeletal,13.550339,18.88301,14.496178,63.006523
M158,XIII Musculoskeletal,13.590445,18.915169,14.1535015,63.089516
M159,XIII Musculoskeletal,11.789178,19.436764,42.907093,51.8942
M1599,XIII Musculoskeletal,13.6538105,18.868526,14.193158,63.03607
M16,XIII Musculoskeletal,12.196672,17.493458,34.45425,51.83746
M160,XIII Musculoskeletal,12.366594,19.399202,30.340363,64.31626
M161,XIII Musculoskeletal,12.3212385,19.429897,30.527727,64.34808
M162,XIII Musculoskeletal,12.415535,19.418194,30.402765,64.35846
M163,XIII Musculoskeletal,12.480525,19.328228,30.057177,64.35122
M164,XIII Musculoskeletal,12.417658,19.370222,30.359938,64.35134
M165,XIII Musculoskeletal,12.394088,19.341911,30.291346,64.3299
M166,XIII Musculoskeletal,12.463407,19.351246,30.339165,64.34794
M167,XIII Musculoskeletal,12.219865,19.424948,30.414352,64.2741
M169,XIII Musculoskeletal,12.070879,19.455912,42.770065,52.90611
M17,XIII Musculoskeletal,13.820083,16.73152,-2.9707055,65.14099
M170,XIII Musculoskeletal,13.786745,17.298964,-0.54222745,64.729126
M171,XIII Musculoskeletal,13.840553,17.08761,-1.1307718,64.52164
M1710,XIII Musculoskeletal,13.772285,17.264719,-0.83256215,64.74281
M172,XIII Musculoskeletal,13.769042,17.191008,-1.0289613,64.765396
M173,XIII Musculoskeletal,13.853792,17.302488,-0.369358,64.81032
M174,XIII Musculoskeletal,13.806674,17.126719,-1.1467223,64.76146
M175,XIII Musculoskeletal,13.797043,17.251062,-0.6756747,64.71394
M179,XIII Musculoskeletal,11.999189,19.416754,42.722015,52.699596
M18,XIII Musculoskeletal,13.58417,18.764313,11.840661,58.061638
M180,XIII Musculoskeletal,13.721246,18.852901,11.692645,58.89715
M181,XIII Musculoskeletal,13.761772,18.857052,11.717424,58.92277
M182,XIII Musculoskeletal,13.745155,18.859419,11.719452,58.919586
M183,XIII Musculoskeletal,13.793008,18.820084,11.731107,58.949272
M185,XIII Musculoskeletal,13.777735,18.829542,11.720193,58.90759
M189,XIII Musculoskeletal,13.707561,18.84105,11.735824,58.810158
M19,XIII Musculoskeletal,12.423289,18.637117,34.65156,49.77796
M190,XIII Musculoskeletal,13.642914,18.902117,13.655507,61.67204
M1900,XIII Musculoskeletal,13.703705,18.855436,12.392057,61.65259
M1901,XIII Musculoskeletal,13.447173,18.590017,14.306082,72.36251
M1902,XIII Musculoskeletal,13.611978,19.194946,31.239456,44.8171
M1903,XIII Musculoskeletal,12.440181,18.40816,24.211966,45.743553
M1904,XIII Musculoskeletal,13.740385,18.893124,11.741657,59.658398
M1905,XIII Musculoskeletal,13.710414,18.85874,12.394432,62.19975
M1906,XIII Musculoskeletal,13.690248,18.867647,12.327567,62.237534
M1907,XIII Musculoskeletal,13.804247,18.613693,9.349856,62.27344
M1908,XIII Musculoskeletal,13.669082,18.846914,12.969009,62.173347
M1909,XIII Musculoskeletal,13.663713,18.802387,12.937928,62.41739
M191,XIII Musculoskeletal,13.715688,18.800398,11.63341,61.79186
M1910,XIII Musculoskeletal,13.718187,18.840446,11.914435,61.905636
M1911,XIII Musculoskeletal,13.689103,18.84473,13.105556,62.49306
M1912,XIII Musculoskeletal,13.599303,18.806911,10.654825,61.5189
M1913,XIII Musculoskeletal,13.724874,18.821117,11.865901,62.80406
M1914,XIII Musculoskeletal,13.726054,18.82,11.92234,62.65186
M1915,XIII Musculoskeletal,13.717328,18.904139,12.379671,62.20777
M1916,XIII Musculoskeletal,13.734706,18.830341,12.324918,62.25159
M1917,XIII Musculoskeletal,13.923851,18.391975,9.594446,64.44948
M1918,XIII Musculoskeletal,13.712376,18.889084,11.672841,62.369686
M1919,XIII Musculoskeletal,13.68841,18.91796,12.40124,62.170197
M192,XIII Musculoskeletal,13.632865,18.922922,13.063405,61.48954
M1920,XIII Musculoskeletal,13.726861,18.879126,12.442771,62.421413
M1921,XIII Musculoskeletal,13.78961,18.78208,12.856601,63.12032
M1922,XIII Musculoskeletal,13.710322,18.836103,12.568854,62.28489
M1923,XIII Musculoskeletal,13.746438,18.814062,12.243227,62.703495
M1924,XIII Musculoskeletal,13.719399,18.874575,12.385638,62.206135
M1925,XIII Musculoskeletal,13.656929,18.8954,13.282718,62.28592
M1927,XIII Musculoskeletal,13.663662,18.544527,13.419921,65.32415
M1929,XIII Musculoskeletal,13.3218775,18.86173,10.938227,61.011936
M198,XIII Musculoskeletal,13.526651,18.78352,10.992179,61.233284
M1980,XIII Musculoskeletal,13.706092,18.895658,12.401027,62.181786
M1981,XIII Musculoskeletal,13.694368,18.849895,11.86519,62.00142
M1983,XIII Musculoskeletal,13.719574,18.888792,12.168243,61.88969
M1984,XIII Musculoskeletal,13.6967535,18.933907,12.637799,61.67667
M1985,XIII Musculoskeletal,13.598158,18.938509,13.810812,62.124065
M1986,XIII Musculoskeletal,13.70781,18.870018,12.2618065,62.02082
M1987,XIII Musculoskeletal,13.354706,19.967087,31.392141,44.55781
M1988,XIII Musculoskeletal,13.706298,18.859552,12.412976,62.17626
M1989,XIII Musculoskeletal,13.731159,18.878403,11.910178,61.756634
M199,XIII Musculoskeletal,11.486212,19.430593,43.640915,50.94047
M1990,XIII Musculoskeletal,13.496618,18.989346,41.29941,50.03992
M1991,XIII Musculoskeletal,13.455621,18.539213,14.860841,72.37019
M1992,XIII Musculoskeletal,13.7160015,19.009708,11.104808,60.048424
M1993,XIII Musculoskeletal,13.753774,18.842094,12.85045,63.130646
M1994,XIII Musculoskeletal,13.4338875,19.023659,41.359238,50.349056
M1995,XIII Musculoskeletal,13.624247,18.95083,12.52295,60.9089
M1996,XIII Musculoskeletal,13.702735,18.839977,11.16282,62.22581
M1997,XIII Musculoskeletal,13.5541935,18.374088,17.327183,65.97602
M1998,XIII Musculoskeletal,13.749985,18.517492,12.793018,64.420494
M1999,XIII Musculoskeletal,11.458562,19.477623,42.455368,49.345867
M20,XIII Musculoskeletal,13.393396,18.213356,17.934067,66.95447
M200,XIII Musculoskeletal,13.2372265,18.385746,17.732141,69.068275
M2001,XIII Musculoskeletal,13.339825,18.262985,18.082272,67.079575
M201,XIII Musculoskeletal,13.355388,18.238205,17.624279,66.880875
M2010,XIII Musculoskeletal,13.366444,18.250248,18.788994,66.96103
M202,XIII Musculoskeletal,13.389352,18.229197,17.741129,66.929985
M2020,XIII Musculoskeletal,13.385801,18.21735,17.989515,66.95483
M203,XIII Musculoskeletal,13.368889,18.22157,18.30526,66.80132
M204,XIII Musculoskeletal,13.312135,18.280327,17.79322,66.79312
M2040,XIII Musculoskeletal,13.381288,18.28226,17.937086,66.94342
M205,XIII Musculoskeletal,13.368082,18.222357,17.788155,66.746475
M206,XIII Musculoskeletal,13.377434,18.234959,18.047039,66.807976
M2060,XIII Musculoskeletal,13.43257,18.219812,18.258286,67.03921
M21,XIII Musculoskeletal,13.284792,17.47326,19.81144,60.49592
M210,XIII Musculoskeletal,13.097727,17.731607,19.55644,63.353382
M2102,XIII Musculoskeletal,13.288036,17.483185,19.621521,60.299305
M2105,XIII Musculoskeletal,12.950062,17.545292,20.965101,61.668144
M2106,XIII Musculoskeletal,13.677547,17.110872,-2.1552658,65.413216
M2107,XIII Musculoskeletal,13.533201,18.189964,17.502619,64.961945
M2109,XIII Musculoskeletal,13.209039,17.58945,19.654081,60.990005
M211,XIII Musculoskeletal,12.978518,17.812904,19.969563,63.468185
M2111,XIII Musculoskeletal,13.329475,17.462854,19.938374,59.686653
M2112,XIII Musculoskeletal,13.321162,17.461721,19.904112,60.071205
M2114,XIII Musculoskeletal,13.300989,17.48897,19.701393,59.988495
M2115,XIII Musculoskeletal,13.35741,17.435583,19.176752,59.721905
M2116,XIII Musculoskeletal,13.694547,17.125193,-1.9859942,65.37476
M2117,XIII Musculoskeletal,13.215078,17.656403,18.992481,62.626522
M2119,XIII Musculoskeletal,13.359143,17.434732,19.759235,59.907146
M212,XIII Musculoskeletal,13.287623,17.674572,19.173285,62.274582
M2120,XIII Musculoskeletal,13.319751,17.469416,19.845736,59.97556
M2121,XIII Musculoskeletal,13.306161,17.468405,19.718472,60.04649
M2122,XIII Musculoskeletal,13.25256,17.550419,20.437347,61.62817
M2123,XIII Musculoskeletal,13.270305,17.502972,19.885944,60.07571
M2124,XIII Musculoskeletal,13.204027,17.683537,18.690346,62.487835
M2125,XIII Musculoskeletal,13.324096,17.432924,18.35704,60.102287
M2126,XIII Musculoskeletal,13.855833,17.296318,-0.33182126,65.24708
M2127,XIII Musculoskeletal,13.149366,17.74446,18.887896,63.324554
M2128,XIII Musculoskeletal,13.324699,17.485968,19.793745,60.060734
M2129,XIII Musculoskeletal,13.360414,17.4293,19.747692,60.016895
M213,XIII Musculoskeletal,12.37808,19.612923,34.104527,64.49309
M2133,XIII Musculoskeletal,13.3562355,17.462027,18.577961,60.300323
M2134,XIII Musculoskeletal,13.320527,17.479464,19.968948,60.15962
M2136,XIII Musculoskeletal,13.329591,17.47139,19.729599,60.001778
M2137,XIII Musculoskeletal,10.647062,18.19556,46.640125,39.24289
M214,XIII Musculoskeletal,13.088211,17.84405,19.216717,64.108765
M2147,XIII Musculoskeletal,13.312035,17.893538,18.320263,63.976753
M215,XIII Musculoskeletal,13.31979,17.47041,19.823477,60.126743
M2154,XIII Musculoskeletal,13.206124,17.543095,20.257584,61.65993
M2157,XIII Musculoskeletal,13.135185,17.93718,20.3292,63.58079
M216,XIII Musculoskeletal,13.215631,17.918144,18.831812,63.97095
M2161,XIII Musculoskeletal,13.281198,17.48728,19.68201,60.400246
M2162,XIII Musculoskeletal,13.275951,17.521263,19.722967,60.531204
M2167,XIII Musculoskeletal,13.294715,17.495943,19.397156,60.53773
M217,XIII Musculoskeletal,13.190649,17.617104,19.102453,62.105152
M2173,XIII Musculoskeletal,12.730989,17.736837,21.49496,42.78701
M2175,XIII Musculoskeletal,13.197436,17.5871,19.224577,61.757347
M2176,XIII Musculoskeletal,13.437735,17.493237,19.235174,59.190575
M218,XIII Musculoskeletal,13.029149,17.613434,20.91867,61.75298
M2180,XIII Musculoskeletal,13.3406925,17.454319,19.80553,59.80657
M2182,XIII Musculoskeletal,13.216414,17.497705,20.040226,60.77212
M2183,XIII Musculoskeletal,13.164102,17.588179,20.900217,61.5282
M2184,XIII Musculoskeletal,13.365476,17.458136,19.84707,59.741856
M2185,XIII Musculoskeletal,13.403168,17.421452,18.748377,60.215664
M2186,XIII Musculoskeletal,13.364869,17.4633,18.86746,59.629364
M2187,XIII Musculoskeletal,13.398219,17.427176,19.412321,59.122765
M219,XIII Musculoskeletal,13.196729,17.605688,18.477276,61.66493
M2191,XIII Musculoskeletal,13.324777,17.46865,19.583744,60.125324
M2192,XIII Musculoskeletal,13.318101,17.475142,19.843035,60.26143
M2194,XIII Musculoskeletal,13.3648205,17.48568,19.682358,59.836006
M2195,XIII Musculoskeletal,13.403522,17.489676,19.381563,59.199924
M2196,XIII Musculoskeletal,13.183727,17.563335,20.002327,61.076977
M2197,XIII Musculoskeletal,13.145005,17.674992,19.370882,63.017838
M2199,XIII Musculoskeletal,13.1770315,17.543205,19.915154,61.816456
M22,XIII Musculoskeletal,13.519086,16.12437,9.612263,40.23906
M220,XIII Musculoskeletal,13.700757,16.122314,9.624477,40.00309
M221,XIII Musculoskeletal,13.915522,16.118807,-4.0776176,61.792526
M2210,XIII Musculoskeletal,14.204963,16.047335,-4.642076,61.83445
M222,XIII Musculoskeletal,14.095378,16.232742,-4.0413213,62.050743
M223,XIII Musculoskeletal,14.139912,15.993817,-6.2041006,60.44477
M224,XIII Musculoskeletal,14.133141,16.140676,-4.2937913,62.340008
M2240,XIII Musculoskeletal,13.415965,16.083048,10.024981,39.27726
M228,XIII Musculoskeletal,14.143491,16.128014,-5.302475,62.09125
M229,XIII Musculoskeletal,13.395085,16.210772,9.602615,40.30639
M23,XIII Musculoskeletal,14.288498,16.02385,-6.794343,63.772366
M230,XIII Musculoskeletal,14.136081,15.961929,-5.6472974,60.955494
M2300,XIII Musculoskeletal,14.132489,15.874897,-7.423549,60.07951
M2301,XIII Musculoskeletal,14.160721,15.8885,-7.8340125,61.39544
M2302,XIII Musculoskeletal,14.278971,16.017708,-6.400642,63.34523
M2303,XIII Musculoskeletal,14.1456785,15.902597,-8.643932,61.87211
M2304,XIII Musculoskeletal,14.266702,16.03647,-5.96242,63.15547
M2306,XIII Musculoskeletal,14.16523,15.904373,-7.144417,60.89266
M2309,XIII Musculoskeletal,14.135317,15.862615,-7.898678,60.033916
M231,XIII Musculoskeletal,14.231191,15.981396,-5.725641,60.862972
M2310,XIII Musculoskeletal,14.318471,16.01571,-6.4711804,63.580036
M2314,XIII Musculoskeletal,14.270007,15.980143,-6.6562567,62.949596
M2316,XIII Musculoskeletal,14.151642,15.846135,-7.8314157,60.357273
M232,XIII Musculoskeletal,14.161042,16.144045,-4.486112,62.681667
M2320,XIII Musculoskeletal,14.145531,16.21081,-4.941662,63.784485
M2321,XIII Musculoskeletal,14.283487,16.04657,-5.4001446,62.829197
M2322,XIII Musculoskeletal,14.155509,16.181503,-4.7707334,63.470818
M2323,XIII Musculoskeletal,14.203424,16.125074,-4.382806,63.365032
M2324,XIII Musculoskeletal,14.282754,16.036722,-6.226692,63.83382
M2325,XIII Musculoskeletal,14.290928,16.015074,-5.684945,62.790363
M2326,XIII Musculoskeletal,14.165921,16.156828,-4.900806,63.46796
M2327,XIII Musculoskeletal,14.287925,16.004538,-6.3746724,63.19102
M2329,XIII Musculoskeletal,14.218454,15.942787,-6.6836376,61.687714
M233,XIII Musculoskeletal,14.1895275,16.106417,-4.159898,62.59941
M2330,XIII Musculoskeletal,14.250165,16.06419,-5.4079266,64.23212
M2331,XIII Musculoskeletal,14.161622,15.919154,-7.0147715,61.34256
M2332,XIII Musculoskeletal,14.17081,16.14265,-5.3019266,63.645134
M2333,XIII Musculoskeletal,14.174986,16.164076,-4.8750925,63.24523
M2334,XIII Musculoskeletal,14.155501,15.930306,-6.602626,61.211082
M2335,XIII Musculoskeletal,14.176647,15.900001,-7.8081207,61.331963
M2336,XIII Musculoskeletal,14.1936455,16.078915,-5.7219825,63.98071
M2337,XIII Musculoskeletal,14.303433,16.01362,-6.133264,63.174564
M2339,XIII Musculoskeletal,14.1364155,15.903405,-7.3609414,60.42153
M234,XIII Musculoskeletal,14.164585,16.17779,-4.591265,63.10246
M2340,XIII Musculoskeletal,14.133901,15.86579,-7.734024,59.92565
M2341,XIII Musculoskeletal,14.318098,16.012266,-6.216818,63.254433
M2342,XIII Musculoskeletal,14.129557,15.855571,-8.282111,60.086487
M2343,XIII Musculoskeletal,14.1393795,15.824479,-8.096039,59.735283
M2344,XIII Musculoskeletal,14.292743,16.002188,-6.192503,63.21446
M2346,XIII Musculoskeletal,14.195999,15.927223,-6.5440035,62.086205
M2347,XIII Musculoskeletal,14.307491,15.991691,-6.2692027,63.197678
M2349,XIII Musculoskeletal,14.207586,15.953997,-7.8008413,62.353176
M235,XIII Musculoskeletal,14.265928,16.007393,-6.020657,61.945885
M2350,XIII Musculoskeletal,14.227557,15.971799,-6.2834144,61.681793
M2351,XIII Musculoskeletal,14.192384,15.922183,-6.984182,61.760777
M2352,XIII Musculoskeletal,14.232738,15.952621,-6.4002,62.742943
M2353,XIII Musculoskeletal,14.103919,15.820686,-8.023263,60.136112
M2354,XIII Musculoskeletal,14.290228,16.004797,-6.406546,63.156513
M2355,XIII Musculoskeletal,14.325967,16.014578,-6.1386642,63.177322
M2356,XIII Musculoskeletal,14.110039,15.825923,-7.991351,60.34089
M2357,XIII Musculoskeletal,14.292826,16.006344,-6.410677,63.207478
M2359,XIII Musculoskeletal,14.251506,15.970843,-6.9570837,62.750122
M236,XIII Musculoskeletal,14.184659,15.916153,-6.7697926,60.970398
M2360,XIII Musculoskeletal,14.295638,16.008907,-6.567285,63.12681
M2361,XIII Musculoskeletal,14.1552515,15.88354,-7.6763654,60.764202
M2362,XIII Musculoskeletal,14.140405,15.865444,-7.6758003,60.716553
M2367,XIII Musculoskeletal,14.2814245,16.002258,-6.5071726,63.20427
M2369,XIII Musculoskeletal,14.29862,16.00731,-6.1804,63.17997
M238,XIII Musculoskeletal,14.158215,16.175251,-4.965917,63.075798
M2380,XIII Musculoskeletal,14.128133,15.847777,-7.9149885,61.90918
M2381,XIII Musculoskeletal,14.267969,16.049042,-5.800214,63.563232
M2382,XIII Musculoskeletal,14.337481,16.029161,-6.2672987,63.480522
M2383,XIII Musculoskeletal,14.227828,15.97416,-6.720011,62.617893
M2384,XIII Musculoskeletal,14.321491,16.035334,-6.410076,62.854263
M2385,XIII Musculoskeletal,14.320829,15.989299,-6.0610204,63.380116
M2386,XIII Musculoskeletal,14.136025,15.832819,-7.8816576,60.743683
M2387,XIII Musculoskeletal,14.237373,15.955872,-6.767497,62.478325
M2389,XIII Musculoskeletal,14.214333,15.963436,-6.2434154,62.40631
M239,XIII Musculoskeletal,14.295001,16.034962,-7.965707,62.795956
M2390,XIII Musculoskeletal,14.190246,15.919798,-6.712327,60.985516
M2391,XIII Musculoskeletal,14.301518,16.012926,-6.5273743,63.650917
M2392,XIII Musculoskeletal,14.335979,16.038464,-6.171143,63.139393
M2393,XIII Musculoskeletal,14.178034,15.894594,-7.4396133,61.64445
M2394,XIII Musculoskeletal,14.067038,15.823589,-7.908249,59.589012
M2397,XIII Musculoskeletal,14.400268,15.941018,-6.2387533,63.183205
M2399,XIII Musculoskeletal,14.163285,15.888155,-6.9272494,62.06342
M240,XIII Musculoskeletal,13.608413,18.347569,11.993563,69.14377
M2401,XIII Musculoskeletal,14.061222,18.354162,10.043509,68.959015
M2402,XIII Musculoskeletal,14.124804,18.394009,7.491802,64.633514
M2403,XIII Musculoskeletal,14.481687,18.262487,3.9864464,67.871025
M2404,XIII Musculoskeletal,14.412173,18.30998,6.3490634,67.7923
M2405,XIII Musculoskeletal,14.427063,18.24987,6.039542,68.64355
M2406,XIII Musculoskeletal,14.540229,18.25306,5.2657366,68.13898
M2407,XIII Musculoskeletal,14.287852,18.262108,7.142505,65.56226
M241,XIII Musculoskeletal,13.816579,18.295803,10.420508,69.101456
M2410,XIII Musculoskeletal,14.375971,18.310352,6.538449,68.47703
M2411,XIII Musculoskeletal,13.554626,18.426973,14.553912,71.29975
M2413,XIII Musculoskeletal,13.852074,18.41141,10.587199,66.80082
M2414,XIII Musculoskeletal,14.510637,18.27068,5.3925476,68.3143
M2415,XIII Musculoskeletal,14.28511,18.310146,7.2215405,68.71151
M2416,XIII Musculoskeletal,14.150127,16.202396,-4.905174,64.02249
M2417,XIII Musculoskeletal,13.6989565,18.293175,12.722739,66.97233
M242,XIII Musculoskeletal,12.810618,18.34619,24.639235,74.83597
M2420,XIII Musculoskeletal,14.499672,18.267584,5.5576177,67.85381
M2421,XIII Musculoskeletal,14.227699,18.347324,8.440632,68.09472
M2422,XIII Musculoskeletal,14.464489,18.283552,5.7748,68.08467
M2423,XIII Musculoskeletal,14.288076,18.36518,7.181644,67.658356
M2424,XIII Musculoskeletal,14.370286,18.300486,6.211264,66.429
M2425,XIII Musculoskeletal,14.431528,18.301039,6.2560387,67.740776
M2426,XIII Musculoskeletal,14.427966,18.314774,6.0822506,67.00218
M2427,XIII Musculoskeletal,14.196511,18.415613,8.594511,67.0859
M2428,XIII Musculoskeletal,14.514038,18.274458,3.9743536,68.19491
M2429,XIII Musculoskeletal,14.458752,18.286314,5.9860377,68.21369
M243,XIII Musculoskeletal,14.488632,18.261143,5.4561734,68.250244
M2431,XIII Musculoskeletal,14.162458,18.364594,8.297375,68.35857
M2433,XIII Musculoskeletal,14.520223,18.246628,4.8866806,68.57226
M2434,XIII Musculoskeletal,14.349282,18.306974,6.73947,67.27653
M2435,XIII Musculoskeletal,14.4653015,18.284433,5.987491,68.1769
M2437,XIII Musculoskeletal,14.086572,18.007906,6.5257688,63.5819
M244,XIII Musculoskeletal,12.890317,18.871517,21.171785,49.328686
M2441,XIII Musculoskeletal,14.21319,18.365633,7.916858,68.8219
M2442,XIII Musculoskeletal,14.499595,18.257416,5.259374,68.26792
M2443,XIII Musculoskeletal,14.355512,18.323786,7.2839146,66.72892
M2444,XIII Musculoskeletal,14.089338,18.511042,8.969225,68.31279
M2445,XIII Musculoskeletal,14.458771,18.322147,5.5418468,67.7917
M2446,XIII Musculoskeletal,14.55421,18.266056,5.0657473,68.320984
M2447,XIII Musculoskeletal,14.042198,18.363178,8.889273,67.21597
M245,XIII Musculoskeletal,12.835454,18.809717,21.311462,49.08729
M2450,XIII Musculoskeletal,14.516888,18.255884,5.4857125,68.31225
M2451,XIII Musculoskeletal,12.460647,18.459635,24.226887,45.410942
M2452,XIII Musculoskeletal,14.467521,18.30587,6.140968,67.71377
M2453,XIII Musculoskeletal,14.537084,18.235645,5.477014,68.74034
M2454,XIII Musculoskeletal,13.331173,18.5975,17.123413,69.92262
M2455,XIII Musculoskeletal,14.3680105,18.320068,6.9046593,68.00274
M2456,XIII Musculoskeletal,14.578172,18.219639,4.454116,68.36378
M2457,XIII Musculoskeletal,14.19967,18.35272,8.267903,68.395035
M2459,XIII Musculoskeletal,14.514428,18.335903,5.6659927,68.05573
M246,XIII Musculoskeletal,12.640496,18.505058,23.094383,46.06478
M2460,XIII Musculoskeletal,14.432951,18.272444,5.904306,67.575226
M2461,XIII Musculoskeletal,14.516019,18.258963,4.886672,67.94907
M2464,XIII Musculoskeletal,14.5524645,18.243534,5.011783,68.45116
M2465,XIII Musculoskeletal,14.311408,18.27604,7.1523547,67.5031
M2466,XIII Musculoskeletal,14.432384,18.181736,0.94463104,66.14726
M2467,XIII Musculoskeletal,14.3167,18.32918,7.124069,67.566696
M247,XIII Musculoskeletal,14.183242,17.99386,6.3203425,63.199562
M2475,XIII Musculoskeletal,14.035188,17.784645,17.198551,52.221706
M2478,XIII Musculoskeletal,14.5055,18.28501,5.5020595,68.08509
M2479,XIII Musculoskeletal,14.509371,18.279085,5.5639567,68.3474
M248,XIII Musculoskeletal,13.377127,18.230667,12.732988,69.144104
M2480,XIII Musculoskeletal,14.551724,18.238401,5.093513,68.370186
M2481,XIII Musculoskeletal,14.181308,18.36833,8.303353,67.82318
M2482,XIII Musculoskeletal,14.310332,18.317436,7.230993,67.987686
M2483,XIII Musculoskeletal,14.402734,18.324982,6.487166,66.67454
M2484,XIII Musculoskeletal,14.086771,18.041883,6.9569874,63.456993
M2485,XIII Musculoskeletal,13.971095,18.420374,10.02768,69.28513
M2486,XIII Musculoskeletal,14.170599,18.342327,8.28274,66.51784
M2487,XIII Musculoskeletal,14.084732,18.381046,8.971119,67.53542
M2488,XIII Musculoskeletal,14.05339,18.011215,6.3936543,62.855034
M2489,XIII Musculoskeletal,14.510957,18.272135,5.2829432,68.11166
M249,XIII Musculoskeletal,14.024732,18.00266,17.53823,52.62464
M2491,XIII Musculoskeletal,14.540051,18.276031,5.3719277,68.09271
M2493,XIII Musculoskeletal,14.520444,18.264923,5.4932175,68.064705
M2494,XIII Musculoskeletal,14.516884,18.272875,5.6317854,67.85378
M2496,XIII Musculoskeletal,14.502918,18.300943,5.501974,68.33987
M2497,XIII Musculoskeletal,14.557815,18.272327,5.26909,68.27816
M25,XIII Musculoskeletal,13.13053,18.238169,22.077507,69.09138
M250,XIII Musculoskeletal,11.846831,17.88438,18.021694,40.68416
M2501,XIII Musculoskeletal,12.893554,19.286114,25.27832,62.94143
M2502,XIII Musculoskeletal,12.8330965,19.319511,24.963432,62.50468
M2504,XIII Musculoskeletal,12.93143,19.296385,25.261917,63.37473
M2505,XIII Musculoskeletal,12.928475,19.34297,25.120487,64.35827
M2506,XIII Musculoskeletal,12.923831,19.265818,24.178308,62.279236
M2507,XIII Musculoskeletal,12.862301,19.224613,25.6559,63.433384
M2508,XIII Musculoskeletal,12.893726,19.331944,25.187914,63.178165
M2511,XIII Musculoskeletal,12.921631,19.30696,25.227797,63.15904
M2512,XIII Musculoskeletal,12.89126,19.285326,25.04862,63.92852
M2516,XIII Musculoskeletal,12.730049,18.75184,22.09786,48.507694
M2517,XIII Musculoskeletal,12.903696,19.315258,25.182129,63.21022
M252,XIII Musculoskeletal,12.86244,19.268208,25.190414,63.237625
M2521,XIII Musculoskeletal,12.884666,19.327505,25.904089,63.0408
M2526,XIII Musculoskeletal,12.97573,19.347708,25.169928,63.13993
M2527,XIII Musculoskeletal,12.9206,19.31019,25.189764,63.22529
M253,XIII Musculoskeletal,12.76344,18.054806,24.654556,75.03734
M2531,XIII Musculoskeletal,13.014884,19.120705,23.529276,64.276344
M2532,XIII Musculoskeletal,12.931332,19.315975,25.321394,63.6547
M2533,XIII Musculoskeletal,12.911929,19.303696,25.898548,63.22563
M2534,XIII Musculoskeletal,13.04148,19.123602,23.923864,64.94048
M2535,XIII Musculoskeletal,12.916464,19.326462,25.21188,63.17274
M2536,XIII Musculoskeletal,12.918872,19.32094,25.161665,63.45455
M2537,XIII Musculoskeletal,13.459454,18.212194,13.930739,67.711784
M2539,XIII Musculoskeletal,12.889011,19.334223,25.208683,63.189507
M254,XIII Musculoskeletal,12.797623,18.192953,22.18755,73.88365
M2540,XIII Musculoskeletal,12.896554,19.299385,24.202446,63.164314
M2541,XIII Musculoskeletal,12.542406,19.58388,27.868908,64.180084
M2542,XIII Musculoskeletal,13.026075,19.266916,24.32592,64.20363
M2543,XIII Musculoskeletal,12.885913,19.320166,25.660452,62.726505
M2544,XIII Musculoskeletal,12.9877825,19.27492,24.507883,64.44853
M2545,XIII Musculoskeletal,12.930126,19.281376,26.727434,63.59522
M2546,XIII Musculoskeletal,12.871987,19.27548,26.105574,61.05651
M2547,XIII Musculoskeletal,12.3868885,19.528513,33.394577,64.17461
M2548,XIII Musculoskeletal,12.916011,19.33596,25.182804,63.195236
M2549,XIII Musculoskeletal,12.879121,19.342234,25.157452,63.213135
M255,XIII Musculoskeletal,12.331284,18.813065,24.701622,71.8111
M2550,XIII Musculoskeletal,12.285489,19.664867,33.593716,64.44286
M2551,XIII Musculoskeletal,12.228416,19.778093,33.625374,65.17626
M2552,XIII Musculoskeletal,13.059779,18.812256,22.484917,67.32145
M2553,XIII Musculoskeletal,13.597097,18.486837,14.295268,66.44539
M2554,XIII Musculoskeletal,12.868236,18.808979,23.206789,66.93534
M2555,XIII Musculoskeletal,12.117631,19.608938,32.59863,64.3634
M2556,XIII Musculoskeletal,12.808198,19.372108,26.170212,61.021496
M2557,XIII Musculoskeletal,12.930577,19.27851,27.01715,65.95433
M2558,XIII Musculoskeletal,12.448392,19.627527,33.26695,68.28461
M2559,XIII Musculoskeletal,12.44891,19.425451,33.697235,63.01902
M256,XIII Musculoskeletal,12.589828,18.564117,23.139942,73.70554
M2560,XIII Musculoskeletal,12.894879,19.323072,24.665642,63.17235
M2561,XIII Musculoskeletal,13.332886,18.540026,18.237827,69.93988
M2562,XIII Musculoskeletal,12.778146,18.655748,21.654526,48.005604
M2563,XIII Musculoskeletal,12.72715,18.53474,22.250313,47.59561
M2564,XIII Musculoskeletal,12.653915,18.633327,23.15809,47.98451
M2565,XIII Musculoskeletal,12.6364565,19.11736,33.210087,63.044815
M2566,XIII Musculoskeletal,14.184573,17.79184,0.77211946,66.0397
M2567,XIII Musculoskeletal,14.380078,18.275547,4.677955,69.31764
M2568,XIII Musculoskeletal,12.810634,19.301483,25.742188,65.17964
M2569,XIII Musculoskeletal,12.888009,19.269808,24.828838,63.819313
M257,XIII Musculoskeletal,12.861613,18.464205,22.29687,73.29727
M2570,XIII Musculoskeletal,12.862139,19.363241,26.25199,62.79078
M2571,XIII Musculoskeletal,13.40024,18.545586,16.937618,71.397224
M2572,XIII Musculoskeletal,12.794909,18.987856,24.596577,57.61435
M2573,XIII Musculoskeletal,12.938172,19.336544,25.473503,64.001625
M2574,XIII Musculoskeletal,13.350769,18.270922,15.193063,68.459404
M2575,XIII Musculoskeletal,12.616483,17.505484,34.463108,52.02354
M2576,XIII Musculoskeletal,13.807575,16.911686,-2.5466657,65.24801
M2577,XIII Musculoskeletal,13.395188,18.15731,17.148844,66.595215
M2578,XIII Musculoskeletal,12.028779,19.757559,40.314587,62.288105
M2579,XIII Musculoskeletal,12.895695,19.32672,25.325802,63.292805
M258,XIII Musculoskeletal,12.811748,18.23231,22.145111,74.03096
M2580,XIII Musculoskeletal,12.903455,19.357288,25.597721,63.230904
M2581,XIII Musculoskeletal,12.925561,19.219883,24.074137,64.15812
M2582,XIII Musculoskeletal,12.896683,19.206757,26.489687,63.732624
M2583,XIII Musculoskeletal,13.019557,18.954056,23.321537,65.860855
M2584,XIII Musculoskeletal,13.658261,18.242275,14.654251,66.28154
M2585,XIII Musculoskeletal,12.752715,19.421524,28.344858,62.535835
M2586,XIII Musculoskeletal,12.972671,19.25785,24.171309,62.332508
M2587,XIII Musculoskeletal,13.697002,18.374798,14.266335,66.44955
M2588,XIII Musculoskeletal,12.913083,19.310108,26.065289,62.255505
M259,XIII Musculoskeletal,13.122901,18.48161,21.655422,69.26115
M2590,XIII Musculoskeletal,12.919866,19.291002,24.32313,62.80691
M2591,XIII Musculoskeletal,12.7410755,18.948133,25.081406,57.400314
M2592,XIII Musculoskeletal,12.901883,19.30967,24.989626,63.3479
M2593,XIII Musculoskeletal,12.952713,19.275833,24.66415,63.124485
M2594,XIII Musculoskeletal,12.874352,19.060112,24.201168,65.04269
M2595,XIII Musculoskeletal,12.666968,19.092848,22.086308,48.775253
M2596,XIII Musculoskeletal,12.98485,19.290071,24.305237,60.620758
M2597,XIII Musculoskeletal,12.658117,18.602343,23.870434,47.286743
M2598,XIII Musculoskeletal,12.902719,19.328123,25.152493,63.230064
M2599,XIII Musculoskeletal,12.926217,19.056103,24.692911,61.776672
M269,XIII Musculoskeletal,8.069064,15.262955,19.654675,25.066935
M272,XIII Musculoskeletal,9.905533,-1.3045983,-22.214521,11.4535885
M2749,XIII Musculoskeletal,9.8987665,-1.3132715,-22.204115,11.441702
M30,XIII Musculoskeletal,11.57287,18.17933,26.676872,41.050392
M300,XIII Musculoskeletal,11.691603,18.064032,26.34816,41.139057
M301,XIII Musculoskeletal,11.621181,18.088812,26.47669,41.03876
M302,XIII Musculoskeletal,11.620917,18.156034,26.724459,41.04086
M303,XIII Musculoskeletal,11.622638,18.123014,26.711775,41.039566
M308,XIII Musculoskeletal,11.575592,18.215487,26.675432,41.064182
M310,XIII Musculoskeletal,11.431649,18.318136,37.300358,41.000175
M311,XIII Musculoskeletal,11.437627,18.328121,37.3337,41.275963
M312,XIII Musculoskeletal,11.420087,18.305216,37.267967,41.17382
M313,XIII Musculoskeletal,11.405847,18.256844,37.207474,40.50899
M3130,XIII Musculoskeletal,11.434478,18.31445,37.271873,41.165977
M314,XIII Musculoskeletal,11.407314,18.36444,37.298676,41.173424
M315,XIII Musculoskeletal,11.451852,18.357847,37.188614,41.45122
M316,XIII Musculoskeletal,11.425836,18.502834,37.537354,41.668137
M317,XIII Musculoskeletal,11.422688,18.317102,37.02374,41.182194
M318,XIII Musculoskeletal,11.393148,18.371616,37.26871,41.23612
M319,XIII Musculoskeletal,11.626919,18.127771,36.57139,41.60458
M32,XIII Musculoskeletal,11.765495,20.02044,38.38739,44.305794
M320,XIII Musculoskeletal,11.656887,19.903236,39.09429,44.38273
M321,XIII Musculoskeletal,11.666644,19.778875,38.10416,44.30227
M3210,XIII Musculoskeletal,11.73202,20.025772,38.993702,44.383583
M328,XIII Musculoskeletal,11.634499,19.864492,39.0941,44.3461
M329,XIII Musculoskeletal,11.648594,19.811256,39.128414,44.38487
M3303,XIII Musculoskeletal,9.422845,19.428349,60.16551,39.499825
M331,XIII Musculoskeletal,9.499648,19.412546,60.151886,39.64432
M3313,XIII Musculoskeletal,9.42802,19.416422,60.138878,39.47445
M332,XIII Musculoskeletal,9.447343,19.43406,60.11238,39.569206
M339,XIII Musculoskeletal,9.433019,19.434135,60.205536,39.594288
M3390,XIII Musculoskeletal,9.41926,19.421541,60.141335,39.48057
M3393,XIII Musculoskeletal,9.373184,19.470568,60.142307,39.4767
M34,XIII Musculoskeletal,13.010561,20.613348,33.748734,40.457535
M340,XIII Musculoskeletal,13.003741,20.639618,33.74857,40.423508
M341,XIII Musculoskeletal,13.008574,20.616615,33.83125,40.39361
M342,XIII Musculoskeletal,12.959077,20.680952,33.748627,40.447556
M348,XIII Musculoskeletal,13.000343,20.649248,33.708378,40.415157
M349,XIII Musculoskeletal,12.9460535,20.717037,33.793488,40.3254
M35,XIII Musculoskeletal,11.271917,19.05957,40.94121,43.462517
M350,XIII Musculoskeletal,11.4383745,19.24734,40.648556,44.653305
M3500,XIII Musculoskeletal,11.359425,19.173025,40.783554,44.34466
M3501,XIII Musculoskeletal,11.345063,19.157911,40.783535,44.357136
M351,XIII Musculoskeletal,11.370903,19.173517,40.705017,44.455006
M352,XIII Musculoskeletal,11.331151,19.164558,40.795246,44.790154
M353,XIII Musculoskeletal,11.432678,19.376896,43.79823,50.764046
M354,XIII Musculoskeletal,10.734236,18.084711,40.815266,41.914474
M355,XIII Musculoskeletal,11.357986,19.18521,40.780605,44.41056
M357,XIII Musculoskeletal,11.410013,19.30199,41.540432,46.50149
M358,XIII Musculoskeletal,11.352831,19.155666,40.799843,44.290615
M359,XIII Musculoskeletal,10.909057,18.747673,41.303623,42.833492
M3599,XIII Musculoskeletal,11.341705,19.173986,40.785343,44.342358
M360,XIII Musculoskeletal,11.624519,18.521587,29.765713,49.179462
M362,XIII Musculoskeletal,11.658089,18.593966,29.727694,49.19629
M363,XIII Musculoskeletal,11.651446,18.59575,29.728615,49.195107
M364,XIII Musculoskeletal,11.674165,18.615498,29.72727,49.193
M368,XIII Musculoskeletal,11.5016365,17.80322,33.814926,49.572285
M40,XIII Musculoskeletal,9.617292,18.882893,55.743786,35.568726
M400,XIII Musculoskeletal,9.815532,18.899637,53.47084,35.28678
M4004,XIII Musculoskeletal,9.647034,18.828436,56.386402,35.421185
M4005,XIII Musculoskeletal,9.618764,18.871563,56.21696,35.67065
M401,XIII Musculoskeletal,9.829906,18.918724,53.466217,35.277267
M4010,XIII Musculoskeletal,9.608165,18.85582,55.90582,35.464436
M4014,XIII Musculoskeletal,9.617356,18.910158,55.405743,35.666256
M4015,XIII Musculoskeletal,9.635561,18.889566,56.250603,35.451057
M4019,XIII Musculoskeletal,9.624002,18.865784,56.053276,35.58533
M402,XIII Musculoskeletal,9.902672,18.934162,53.32261,35.252792
M4020,XIII Musculoskeletal,9.639989,18.836557,55.96978,35.975708
M4022,XIII Musculoskeletal,9.60459,18.972662,56.28735,36.495846
M4024,XIII Musculoskeletal,10.079737,18.610563,53.89094,36.734806
M4025,XIII Musculoskeletal,9.5948305,18.958395,57.164482,36.123478
M4026,XIII Musculoskeletal,9.736563,18.997265,54.42699,36.412003
M4027,XIII Musculoskeletal,9.669673,18.964926,54.570854,35.661674
M4028,XIII Musculoskeletal,9.614064,18.850033,55.927666,35.51529
M4029,XIII Musculoskeletal,9.702152,18.90776,54.682007,36.544727
M403,XIII Musculoskeletal,9.610359,18.845993,55.88806,35.50271
M404,XIII Musculoskeletal,9.633685,18.817627,55.976093,35.56188
M4042,XIII Musculoskeletal,9.6279335,18.880018,55.848988,35.409992
M4046,XIII Musculoskeletal,9.616393,18.858974,55.940674,35.52353
M405,XIII Musculoskeletal,9.595256,18.910086,57.19718,35.863255
M4052,XIII Musculoskeletal,9.614961,18.855404,56.74859,35.16145
M4054,XIII Musculoskeletal,9.629273,18.856369,55.85964,35.59892
M4056,XIII Musculoskeletal,10.039962,19.37621,54.27784,36.601475
M4057,XIII Musculoskeletal,9.614813,18.884699,56.17794,35.65558
M4058,XIII Musculoskeletal,9.61305,18.849443,55.943962,35.521748
M4059,XIII Musculoskeletal,9.618986,18.850565,55.97358,35.541393
M41,XIII Musculoskeletal,10.439373,19.639067,52.911823,45.058067
M411,XIII Musculoskeletal,9.771277,19.544846,60.52254,40.229877
M4110,XIII Musculoskeletal,10.246498,19.462545,54.142933,43.422436
M4115,XIII Musculoskeletal,10.239989,19.44343,54.109398,43.430073
M4116,XIII Musculoskeletal,10.251067,19.455896,53.686123,43.04259
M4119,XIII Musculoskeletal,10.247666,19.465073,54.132133,43.47494
M412,XIII Musculoskeletal,10.239665,19.392532,52.643253,42.285038
M4120,XIII Musculoskeletal,10.276058,19.503637,54.31542,43.929794
M4124,XIII Musculoskeletal,10.242495,19.452263,53.91872,43.606434
M4125,XIII Musculoskeletal,10.654323,19.339445,36.684,37.37433
M4126,XIII Musculoskeletal,10.22701,19.420311,54.331272,43.02818
M4127,XIII Musculoskeletal,10.245669,19.453156,54.10276,43.22692
M4129,XIII Musculoskeletal,10.231619,19.491257,54.177723,43.512756
M413,XIII Musculoskeletal,10.421413,19.619013,54.67366,44.785892
M4134,XIII Musculoskeletal,10.305743,19.578854,53.870743,45.051834
M4135,XIII Musculoskeletal,10.258372,19.48814,53.795677,43.33465
M4139,XIII Musculoskeletal,10.244149,19.452354,54.10785,43.446968
M414,XIII Musculoskeletal,10.255699,19.470598,54.11358,43.47057
M4149,XIII Musculoskeletal,10.255224,19.455978,53.84991,43.302532
M415,XIII Musculoskeletal,12.266682,18.115034,21.834585,44.171482
M4154,XIII Musculoskeletal,10.245212,19.469713,54.04498,43.421124
M4155,XIII Musculoskeletal,10.247316,19.47485,54.106617,43.423088
M4156,XIII Musculoskeletal,10.263895,19.47291,53.480553,42.59772
M4159,XIII Musculoskeletal,10.228572,19.451612,54.115944,43.50618
M418,XIII Musculoskeletal,10.315621,19.564903,53.060883,44.15017
M4180,XIII Musculoskeletal,10.258191,19.440224,53.582058,43.598286
M4184,XIII Musculoskeletal,10.246541,19.517107,53.882717,43.999943
M4185,XIII Musculoskeletal,10.267642,19.480806,53.977833,43.52175
M4186,XIII Musculoskeletal,10.433165,19.857342,53.464855,46.54026
M4187,XIII Musculoskeletal,12.17744,18.37533,22.849827,43.998104
M4189,XIII Musculoskeletal,10.174043,19.506792,54.72104,43.45738
M419,XIII Musculoskeletal,11.255076,19.69147,45.91436,51.767094
M4190,XIII Musculoskeletal,10.335205,19.933332,54.36666,47.019753
M4192,XIII Musculoskeletal,10.257801,19.468805,53.720627,43.46504
M4193,XIII Musculoskeletal,10.257233,19.446884,54.039112,43.404114
M4194,XIII Musculoskeletal,10.325594,19.637629,52.381992,45.2246
M4195,XIII Musculoskeletal,10.178553,19.417982,53.535263,42.228146
M4196,XIII Musculoskeletal,10.377667,19.669819,52.633793,45.863186
M4197,XIII Musculoskeletal,10.210713,19.488285,54.76417,43.809814
M4198,XIII Musculoskeletal,10.210929,19.418398,54.110466,43.490963
M4199,XIII Musculoskeletal,10.295886,19.463408,52.974926,44.64181
M420,XIII Musculoskeletal,8.492327,15.52678,23.15677,25.631296
M4204,XIII Musculoskeletal,8.484598,15.529671,22.743889,25.679682
M4209,XIII Musculoskeletal,8.462256,15.49457,23.0037,25.53769
M421,XIII Musculoskeletal,8.472768,15.520907,22.813446,25.633698
M429,XIII Musculoskeletal,8.443415,15.499535,22.75102,25.66477
M4290,XIII Musculoskeletal,11.314924,0.50154346,21.39331,27.16558
M4292,XIII Musculoskeletal,8.477336,15.530655,23.007513,25.513468
M4296,XIII Musculoskeletal,8.496831,15.541251,22.864029,25.655207
M4299,XIII Musculoskeletal,8.49369,15.556524,22.815174,25.622246
M430,XIII Musculoskeletal,11.035312,19.978472,47.500004,55.618893
M4300,XIII Musculoskeletal,10.430456,20.506023,54.665756,53.236397
M4302,XIII Musculoskeletal,10.9473915,19.919003,48.00014,50.947643
M4303,XIII Musculoskeletal,10.449993,20.490564,54.491734,52.228027
M4304,XIII Musculoskeletal,10.433409,20.52868,54.7515,52.797455
M4305,XIII Musculoskeletal,10.427764,20.48908,53.974205,52.75135
M4306,XIII Musculoskeletal,10.45337,20.375637,56.522823,52.274506
M4307,XIII Musculoskeletal,10.437105,20.446815,55.465084,51.977676
M4308,XIII Musculoskeletal,10.421502,20.519844,54.718407,52.829967
M4309,XIII Musculoskeletal,10.449646,20.501823,55.34467,53.814674
M431,XIII Musculoskeletal,10.8761635,19.955757,47.104248,52.50327
M4310,XIII Musculoskeletal,10.846849,20.083755,48.31546,55.71296
M4312,XIII Musculoskeletal,10.484744,19.955196,53.758274,47.22033
M4313,XIII Musculoskeletal,10.446548,20.506224,54.759502,53.13924
M4314,XIII Musculoskeletal,10.435345,20.501392,55.771683,53.047092
M4315,XIII Musculoskeletal,10.471374,20.451918,53.61149,52.984566
M4316,XIII Musculoskeletal,10.739243,19.97671,48.01298,52.810894
M4317,XIII Musculoskeletal,10.817595,20.2271,48.45112,55.952602
M4318,XIII Musculoskeletal,10.40308,20.45223,53.732468,52.532986
M4319,XIII Musculoskeletal,10.30387,20.261038,55.30871,50.81293
M432,XIII Musculoskeletal,12.379146,18.453976,24.127464,45.391582
M4320,XIII Musculoskeletal,10.42561,20.494537,54.173367,53.17322
M4322,XIII Musculoskeletal,10.419813,20.496414,55.004227,52.70589
M4324,XIII Musculoskeletal,10.427891,20.446424,54.657906,51.653893
M4326,XIII Musculoskeletal,13.656457,18.933577,14.48748,62.603024
M4327,XIII Musculoskeletal,10.4821415,20.447329,53.94438,53.26856
M4328,XIII Musculoskeletal,10.446552,20.457348,55.22183,52.149582
M4329,XIII Musculoskeletal,10.415445,20.521193,54.434254,52.70545
M4332,XIII Musculoskeletal,10.418566,20.51134,54.862194,52.83302
M434,XIII Musculoskeletal,10.442206,20.498434,54.549587,52.97631
M4341,XIII Musculoskeletal,10.422956,20.533712,54.589153,52.765514
M435,XIII Musculoskeletal,10.416197,20.515646,54.99514,52.826794
M436,XIII Musculoskeletal,12.291196,18.86097,25.043,72.38418
M4362,XIII Musculoskeletal,10.444828,20.534636,53.786522,52.790207
M4369,XIII Musculoskeletal,10.4005,20.484568,53.75051,52.238987
M438,XIII Musculoskeletal,10.415262,20.52678,54.44418,52.859055
M4380,XIII Musculoskeletal,10.423437,20.521835,54.462826,53.15681
M4382,XIII Musculoskeletal,10.554999,20.376974,53.27908,53.47172
M4386,XIII Musculoskeletal,10.42051,20.468039,55.32485,52.222225
M4387,XIII Musculoskeletal,10.426328,20.565466,54.743176,52.78261
M4389,XIII Musculoskeletal,10.439922,20.533524,54.582077,53.527096
M439,XIII Musculoskeletal,10.425983,20.52207,54.450207,54.15638
M4390,XIII Musculoskeletal,10.445136,20.53851,54.208374,53.27698
M4392,XIII Musculoskeletal,10.439207,20.491732,54.88873,52.6644
M4393,XIII Musculoskeletal,10.464792,20.507193,54.038418,52.97574
M4394,XIII Musculoskeletal,10.439151,20.51518,54.645615,52.767002
M4395,XIII Musculoskeletal,10.42449,20.548555,54.50759,52.72234
M4396,XIII Musculoskeletal,10.441336,20.491798,54.850224,53.021343
M4399,XIII Musculoskeletal,10.4121685,20.538229,54.65808,52.778187
M45,XIII Musculoskeletal,11.632873,19.339252,36.904488,44.738815
M459,XIII Musculoskeletal,11.814434,19.390291,36.80309,44.713894
M46,XIII Musculoskeletal,9.448474,19.375002,57.41469,38.676987
M460,XIII Musculoskeletal,9.469682,19.354465,57.67468,38.70197
M4600,XIII Musculoskeletal,9.449556,19.377607,57.49765,38.04883
M4602,XIII Musculoskeletal,9.450493,19.382444,57.2994,38.51371
M4606,XIII Musculoskeletal,9.525621,19.331194,57.986084,37.263714
M461,XIII Musculoskeletal,9.96424,19.41167,55.189182,40.86398
M4617,XIII Musculoskeletal,9.430108,19.406189,56.911118,38.072403
M4618,XIII Musculoskeletal,9.449747,19.378908,57.46795,38.68869
M4619,XIII Musculoskeletal,9.434764,19.405746,57.46891,38.676243
M462,XIII Musculoskeletal,12.380565,18.467098,24.231462,45.009693
M4620,XIII Musculoskeletal,9.489741,19.357443,56.835796,37.679195
M4622,XIII Musculoskeletal,9.426944,19.404787,57.496307,38.582596
M4624,XIII Musculoskeletal,10.100776,19.244413,52.98796,40.71059
M4625,XIII Musculoskeletal,9.455436,19.387005,57.51156,38.732376
M4626,XIII Musculoskeletal,9.587303,19.300684,56.87447,38.95011
M4627,XIII Musculoskeletal,9.429626,19.34117,58.958553,37.171436
M4628,XIII Musculoskeletal,9.523704,19.440279,57.395966,39.090176
M4629,XIII Musculoskeletal,9.457745,19.39347,57.508766,38.616116
M463,XIII Musculoskeletal,9.459068,19.384716,57.484978,38.75309
M4630,XIII Musculoskeletal,9.460427,19.39188,57.420006,38.80738
M4632,XIII Musculoskeletal,9.406917,19.385994,58.09459,39.148155
M4634,XIII Musculoskeletal,9.39907,19.35987,58.145718,38.0191
M4636,XIII Musculoskeletal,9.466599,19.369457,58.095215,38.672607
M4637,XIII Musculoskeletal,9.443972,19.383001,57.637665,38.591484
M464,XIII Musculoskeletal,9.627653,19.382883,55.870617,39.786644
M4640,XIII Musculoskeletal,9.465735,19.401012,57.78009,38.900917
M4642,XIII Musculoskeletal,9.476124,19.410725,57.289677,39.151455
M4644,XIII Musculoskeletal,9.481892,19.372559,57.066635,38.99766
M4645,XIII Musculoskeletal,9.459087,19.369667,57.16004,38.83535
M4646,XIII Musculoskeletal,9.848284,19.394922,55.38436,40.07855
M4647,XIII Musculoskeletal,9.398687,19.424828,58.82569,37.29524
M4649,XIII Musculoskeletal,9.657991,19.339848,55.449528,37.89531
M465,XIII Musculoskeletal,9.474494,19.380472,57.467033,39.157143
M4652,XIII Musculoskeletal,9.4396925,19.379555,57.51885,38.136833
M4656,XIII Musculoskeletal,9.455382,19.38216,57.49879,37.8253
M468,XIII Musculoskeletal,9.541892,19.340603,57.62983,37.90969
M4680,XIII Musculoskeletal,9.445371,19.392021,57.405174,38.479733
M4682,XIII Musculoskeletal,9.453603,19.386887,57.798016,39.444588
M4686,XIII Musculoskeletal,9.465781,19.378765,56.635063,38.47798
M4689,XIII Musculoskeletal,9.527422,19.317818,57.13476,38.678627
M469,XIII Musculoskeletal,11.240055,19.417711,42.581787,48.04831
M4690,XIII Musculoskeletal,10.071424,19.39642,54.089336,40.75595
M4691,XIII Musculoskeletal,9.462322,19.39427,57.527004,38.767822
M4692,XIII Musculoskeletal,10.607985,19.618763,45.703728,48.29765
M4693,XIII Musculoskeletal,9.449581,19.388613,57.473763,38.688156
M4694,XIII Musculoskeletal,9.410088,19.399284,58.627846,38.45732
M4696,XIII Musculoskeletal,9.909477,19.404184,55.339523,40.22909
M4697,XIII Musculoskeletal,9.533513,19.368994,57.30713,39.62224
M4698,XIII Musculoskeletal,9.491927,19.411106,57.758835,39.33476
M4699,XIII Musculoskeletal,10.031015,19.383318,54.203533,40.59351
M47,XIII Musculoskeletal,10.9074335,19.856312,48.581173,48.018112
M470,XIII Musculoskeletal,10.343288,19.944353,52.554733,47.641632
M4702,XIII Musculoskeletal,10.7709255,19.88662,49.85423,51.173386
M4706,XIII Musculoskeletal,10.74027,19.88991,50.109947,51.235226
M471,XIII Musculoskeletal,10.662733,19.947117,49.17092,47.94704
M4710,XIII Musculoskeletal,10.735208,19.86897,50.250824,51.111065
M4712,XIII Musculoskeletal,10.605767,19.865267,49.568825,47.959904
M4713,XIII Musculoskeletal,10.742202,19.904472,50.09204,51.228523
M4714,XIII Musculoskeletal,10.807373,19.871677,49.802036,51.257145
M4715,XIII Musculoskeletal,10.6922,19.922556,50.172516,51.290073
M4716,XIII Musculoskeletal,10.611391,20.022776,51.302586,51.8306
M4717,XIII Musculoskeletal,10.900177,19.855097,48.655605,50.999947
M472,XIII Musculoskeletal,10.992406,19.984678,47.45192,55.239185
M4720,XIII Musculoskeletal,10.667325,19.899977,50.4813,51.890015
M4722,XIII Musculoskeletal,10.695332,19.927574,50.72996,53.092503
M4723,XIII Musculoskeletal,10.715968,19.90832,50.12961,51.227818
M4724,XIII Musculoskeletal,10.783208,19.893175,50.121956,51.227333
M4725,XIII Musculoskeletal,10.7303505,19.887056,50.085793,51.132412
M4726,XIII Musculoskeletal,10.680733,19.959146,50.80336,53.217274
M4727,XIII Musculoskeletal,10.673162,19.995907,50.87383,53.00216
M4729,XIII Musculoskeletal,10.763703,19.897877,50.146553,51.276333
M478,XIII Musculoskeletal,11.372052,19.766626,45.4271,52.45673
M4780,XIII Musculoskeletal,10.533681,19.834673,50.260975,50.269463
M4781,XIII Musculoskeletal,10.625628,20.089798,51.851818,52.543884
M4782,XIII Musculoskeletal,11.366585,19.617947,42.876648,50.042027
M4783,XIII Musculoskeletal,10.756418,20.035828,47.829628,48.883694
M4784,XIII Musculoskeletal,11.855115,19.772125,35.727776,64.90717
M4785,XIII Musculoskeletal,10.819805,19.90745,48.937767,51.17773
M4786,XIII Musculoskeletal,10.7875,19.929115,47.921654,52.73721
M4787,XIII Musculoskeletal,10.316827,20.075068,53.241108,51.35917
M4788,XIII Musculoskeletal,10.683889,19.952936,50.70926,51.908146
M4789,XIII Musculoskeletal,10.975979,19.828196,48.711777,50.960667
M479,XIII Musculoskeletal,11.232532,19.734509,45.64394,51.788486
M4790,XIII Musculoskeletal,10.95337,19.858305,48.902935,51.005123
M4791,XIII Musculoskeletal,10.724431,19.926313,50.19382,51.059143
M4792,XIII Musculoskeletal,11.28129,19.62617,42.699467,49.538765
M4793,XIII Musculoskeletal,10.706736,19.888708,50.01905,51.359985
M4794,XIII Musculoskeletal,10.870236,19.831964,49.36615,51.030014
M4795,XIII Musculoskeletal,10.318505,19.878136,51.21959,50.182133
M4796,XIII Musculoskeletal,10.646435,19.882639,48.618523,52.547813
M4797,XIII Musculoskeletal,10.459276,19.732908,52.186237,44.278736
M4798,XIII Musculoskeletal,10.938304,19.862219,48.79694,51.038067
M4799,XIII Musculoskeletal,11.009566,19.874043,47.24989,50.887703
M48,XIII Musculoskeletal,10.270959,20.039698,53.580494,49.318237
M480,XIII Musculoskeletal,11.137842,19.837393,46.37838,52.53419
M4800,XIII Musculoskeletal,10.41237,19.927744,53.58837,47.716488
M4801,XIII Musculoskeletal,10.235065,20.08873,53.51506,49.916424
M4802,XIII Musculoskeletal,10.562119,19.992966,49.517303,52.625256
M4803,XIII Musculoskeletal,10.403502,19.998787,53.9254,47.76149
M4804,XIII Musculoskeletal,10.24819,20.043692,51.888218,48.349953
M4805,XIII Musculoskeletal,10.302551,20.106596,54.097607,50.765003
M4806,XIII Musculoskeletal,10.922798,19.977478,47.615818,53.01836
M4807,XIII Musculoskeletal,11.425368,20.309315,38.877056,66.06816
M4808,XIII Musculoskeletal,10.287224,20.056866,52.36478,49.096905
M4809,XIII Musculoskeletal,10.215649,19.70654,55.662125,45.114014
M481,XIII Musculoskeletal,10.938244,20.060862,47.778976,48.83869
M4812,XIII Musculoskeletal,10.318379,20.015877,52.255505,50.249184
M4814,XIII Musculoskeletal,10.241852,19.99909,51.987186,50.01294
M4816,XIII Musculoskeletal,10.284489,20.02264,54.401337,49.635967
M4817,XIII Musculoskeletal,10.234874,20.077217,53.090992,49.747375
M4819,XIII Musculoskeletal,10.246954,20.12054,53.624916,50.576767
M482,XIII Musculoskeletal,10.224328,20.086266,53.702686,49.95237
M4826,XIII Musculoskeletal,10.229052,20.113167,53.763897,50.199005
M483,XIII Musculoskeletal,10.218887,20.01764,53.28232,48.961937
M4835,XIII Musculoskeletal,10.277382,20.063969,53.56455,49.897224
M4836,XIII Musculoskeletal,10.232272,20.055346,53.01335,49.646057
M484,XIII Musculoskeletal,10.220152,20.071138,53.5224,49.91144
M4840,XIII Musculoskeletal,10.315305,20.00375,51.846615,49.686943
M4841,XIII Musculoskeletal,10.245907,20.073717,53.800594,49.6824
M4842,XIII Musculoskeletal,10.165535,20.202374,54.426476,49.74653
M4843,XIII Musculoskeletal,10.253613,20.079004,53.717564,49.72557
M4844,XIII Musculoskeletal,10.247551,20.105621,54.63149,49.651005
M4845,XIII Musculoskeletal,10.324336,20.053724,53.6527,49.990337
M4846,XIII Musculoskeletal,10.174549,20.043524,52.77824,50.00876
M4847,XIII Musculoskeletal,10.247036,20.08684,53.368477,50.251484
M4848,XIII Musculoskeletal,10.349715,19.999657,53.96139,48.497887
M4849,XIII Musculoskeletal,10.241123,20.103485,53.828663,50.050083
M485,XIII Musculoskeletal,10.470385,19.899933,53.22327,46.90443
M4850,XIII Musculoskeletal,10.380698,20.070158,52.654854,51.526432
M4852,XIII Musculoskeletal,10.244456,20.113487,53.397297,50.731495
M4854,XIII Musculoskeletal,10.338916,19.927668,51.66666,47.841496
M4855,XIII Musculoskeletal,10.383236,19.996223,51.184784,49.493843
M4856,XIII Musculoskeletal,10.296058,20.014496,51.407566,48.47052
M4857,XIII Musculoskeletal,10.194981,20.05458,54.47949,50.427425
M4858,XIII Musculoskeletal,10.171807,20.060976,53.296253,49.95694
M4859,XIII Musculoskeletal,10.277326,20.083263,52.941383,50.075348
M488,XIII Musculoskeletal,10.268773,20.07886,52.289112,50.48043
M4880,XIII Musculoskeletal,10.226231,20.099155,53.314774,50.220726
M4882,XIII Musculoskeletal,10.17745,19.941214,52.559277,49.300438
M4884,XIII Musculoskeletal,10.299304,20.077923,53.72473,49.5416
M4886,XIII Musculoskeletal,10.45563,20.012596,54.125862,47.66526
M4887,XIII Musculoskeletal,10.242438,20.063715,53.245995,49.464622
M4888,XIII Musculoskeletal,10.295986,20.065966,54.306103,49.386803
M4889,XIII Musculoskeletal,10.577282,19.868652,52.820683,46.822365
M489,XIII Musculoskeletal,10.322079,20.031044,51.428196,49.511448
M4890,XIII Musculoskeletal,10.273817,20.062525,52.6761,49.593124
M4892,XIII Musculoskeletal,10.235606,19.978699,52.75535,48.193172
M4893,XIII Musculoskeletal,10.225402,20.066483,53.12117,49.591236
M4894,XIII Musculoskeletal,10.2248125,20.090849,53.47782,49.86447
M4896,XIII Musculoskeletal,10.318559,20.096325,54.336006,48.866974
M4897,XIII Musculoskeletal,10.238611,20.07529,53.542217,49.87386
M4899,XIII Musculoskeletal,10.316966,20.077238,54.218197,50.22451
M49,XIII Musculoskeletal,16.904104,19.667774,49.226624,27.318493
M490,XIII Musculoskeletal,16.903065,19.665346,49.615723,27.573347
M4902,XIII Musculoskeletal,16.898455,19.668625,49.313366,27.381424
M4906,XIII Musculoskeletal,16.901455,19.668772,49.216923,27.315187
M493,XIII Musculoskeletal,16.904129,19.66791,49.42702,27.451082
M494,XIII Musculoskeletal,16.906157,19.667713,49.191254,27.27946
M4949,XIII Musculoskeletal,16.905998,19.667793,49.210392,27.30849
M495,XIII Musculoskeletal,16.899397,19.665308,48.662716,27.009106
M4950,XIII Musculoskeletal,16.90576,19.667385,49.526592,27.455828
M4951,XIII Musculoskeletal,16.901367,19.668064,49.30515,27.370445
M4952,XIII Musculoskeletal,16.93423,19.66026,49.10053,27.252708
M4953,XIII Musculoskeletal,16.901258,19.668531,49.271797,27.338655
M4954,XIII Musculoskeletal,16.90429,19.668833,49.056976,26.954178
M4955,XIII Musculoskeletal,16.898476,19.669617,49.19516,27.29397
M4956,XIII Musculoskeletal,16.9072,19.66709,48.96942,27.186537
M4957,XIII Musculoskeletal,16.905695,19.668282,49.23168,27.312958
M4958,XIII Musculoskeletal,16.907074,19.668343,49.16171,27.283752
M498,XIII Musculoskeletal,16.900602,19.66476,49.499424,27.515532
M4986,XIII Musculoskeletal,16.928698,19.655907,49.351242,27.373894
M50,XIII Musculoskeletal,10.834346,19.978287,47.88971,54.58524
M500,XIII Musculoskeletal,10.630235,20.037725,51.339394,55.539253
M501,XIII Musculoskeletal,10.767718,20.07012,49.92408,56.482517
M502,XIII Musculoskeletal,10.783362,20.070906,48.236126,54.97577
M5020,XIII Musculoskeletal,10.746269,20.186985,49.027752,55.117077
M503,XIII Musculoskeletal,11.057086,20.088703,47.772026,55.03477
M508,XIII Musculoskeletal,10.738874,20.306473,48.94542,55.246048
M509,XIII Musculoskeletal,10.596653,20.38744,52.745327,54.396866
M51,XIII Musculoskeletal,10.580656,20.157133,50.05975,54.81287
M510,XIII Musculoskeletal,10.575722,20.016554,51.311684,55.488174
M511,XIII Musculoskeletal,10.821229,20.144749,49.90497,56.484943
M5116,XIII Musculoskeletal,10.6456375,20.128578,49.880966,54.690434
M512,XIII Musculoskeletal,10.843058,19.993534,47.127453,53.333225
M513,XIII Musculoskeletal,11.044186,19.868923,46.586006,53.093094
M5137,XIII Musculoskeletal,10.668201,20.102226,49.879063,54.686543
M514,XIII Musculoskeletal,10.58248,20.16434,50.101307,54.85801
M518,XIII Musculoskeletal,10.577019,20.228628,50.20819,54.8424
M519,XIII Musculoskeletal,10.61749,20.23668,50.15735,55.057125
M53,XIII Musculoskeletal,11.865927,20.310709,42.802704,58.89604
M530,XIII Musculoskeletal,11.868512,20.31136,42.7873,58.953903
M531,XIII Musculoskeletal,11.864956,20.315744,42.628475,58.710396
M532,XIII Musculoskeletal,11.907045,20.34844,41.893852,57.75952
M5322,XIII Musculoskeletal,11.860613,20.29172,42.752506,58.77997
M5326,XIII Musculoskeletal,11.869584,20.32851,42.868973,58.932865
M5327,XIII Musculoskeletal,11.883291,20.313702,42.822094,58.894566
M5328,XIII Musculoskeletal,11.874689,20.307917,42.82872,58.88801
M5329,XIII Musculoskeletal,11.89119,20.313963,42.81747,58.87841
M533,XIII Musculoskeletal,11.698379,20.166796,43.98747,57.479023
M5335,XIII Musculoskeletal,11.876419,20.313362,43.054382,58.95645
M5338,XIII Musculoskeletal,11.923914,20.28099,41.51103,58.686317
M5339,XIII Musculoskeletal,11.880086,20.31615,42.82124,58.895115
M538,XIII Musculoskeletal,11.787888,20.20303,43.63119,57.712227
M5380,XIII Musculoskeletal,11.884222,20.30021,42.935257,58.90162
M5382,XIII Musculoskeletal,11.875878,20.314564,41.93159,57.98094
M5386,XIII Musculoskeletal,11.878776,20.321623,42.872444,59.007587
M5387,XIII Musculoskeletal,11.858943,20.326267,42.823097,58.89871
M5388,XIII Musculoskeletal,11.877263,20.320246,42.8194,58.903873
M539,XIII Musculoskeletal,11.651397,20.236197,44.00427,57.47095
M5392,XIII Musculoskeletal,11.845036,20.356466,42.74752,58.856514
M5394,XIII Musculoskeletal,11.862103,20.325788,42.79096,58.8741
M5396,XIII Musculoskeletal,11.888191,20.298904,41.61209,57.849186
M5399,XIII Musculoskeletal,11.879771,20.317364,42.765205,58.931877
M54,XIII Musculoskeletal,11.4167185,19.827785,34.872868,47.151585
M540,XIII Musculoskeletal,11.292394,20.544937,45.172188,62.198364
M5404,XIII Musculoskeletal,11.285396,20.534418,44.985313,62.428875
M5406,XIII Musculoskeletal,11.280859,20.556295,45.216545,62.298237
M5408,XIII Musculoskeletal,11.25993,20.50316,45.19536,62.197468
M541,XIII Musculoskeletal,11.288517,20.320505,45.884056,59.84207
M5410,XIII Musculoskeletal,11.307467,20.551903,44.5916,62.635708
M5411,XIII Musculoskeletal,11.289154,20.541496,44.90369,62.21568
M5412,XIII Musculoskeletal,11.308022,20.549067,44.073284,62.65093
M5413,XIII Musculoskeletal,11.285951,20.549637,45.605076,62.6098
M5414,XIII Musculoskeletal,11.248385,20.467138,45.341034,61.682655
M5415,XIII Musculoskeletal,11.283502,20.540335,46.5018,62.566174
M5416,XIII Musculoskeletal,11.262552,20.38805,45.830498,60.240917
M5417,XIII Musculoskeletal,11.245793,20.375645,47.548145,61.150036
M5418,XIII Musculoskeletal,11.234492,20.427485,45.251156,61.24476
M5419,XIII Musculoskeletal,11.100699,20.333233,48.528473,61.070217
M542,XIII Musculoskeletal,12.262357,18.923407,24.931675,71.994644
M5421,XIII Musculoskeletal,11.266757,20.488401,45.665226,62.200455
M5422,XIII Musculoskeletal,11.323146,20.416159,43.415787,61.847393
M5423,XIII Musculoskeletal,11.267782,20.518873,45.618053,62.58986
M5428,XIII Musculoskeletal,11.279022,20.550117,45.21466,62.22788
M5429,XIII Musculoskeletal,11.275989,20.50414,45.689877,61.92387
M543,XIII Musculoskeletal,11.363354,19.835047,45.072372,53.601665
M5430,XIII Musculoskeletal,11.308737,20.536734,44.467545,62.242474
M5435,XIII Musculoskeletal,11.284769,20.580948,45.22409,62.201527
M5436,XIII Musculoskeletal,11.276277,20.382174,45.94182,60.60995
M5437,XIII Musculoskeletal,11.32171,20.587969,44.002712,62.64655
M5438,XIII Musculoskeletal,11.154779,20.434683,47.724262,61.296448
M5439,XIII Musculoskeletal,11.2878275,20.347507,45.79344,60.019375
M544,XIII Musculoskeletal,11.145092,20.126352,46.68772,56.34162
M5440,XIII Musculoskeletal,11.281445,20.547548,45.15737,62.20792
M5446,XIII Musculoskeletal,11.214128,20.471954,46.947716,59.700054
M5447,XIII Musculoskeletal,11.220638,20.440634,47.64774,61.302788
M5449,XIII Musculoskeletal,11.28012,20.47587,45.28485,61.241966
M545,XIII Musculoskeletal,11.355416,19.922684,44.963512,53.807076
M5450,XIII Musculoskeletal,11.289959,20.52114,44.32656,62.00554
M5452,XIII Musculoskeletal,11.267224,20.546001,45.208866,62.277733
M5453,XIII Musculoskeletal,11.263215,20.551802,45.26361,62.237873
M5454,XIII Musculoskeletal,11.314253,20.588762,45.198982,62.266464
M5455,XIII Musculoskeletal,11.285735,20.593855,45.270557,62.84132
M5456,XIII Musculoskeletal,11.254934,20.33285,45.47038,60.160046
M5457,XIII Musculoskeletal,11.297607,20.400846,45.77315,60.19132
M5458,XIII Musculoskeletal,11.215866,20.414913,46.92821,60.36137
M5459,XIII Musculoskeletal,11.342265,20.287842,45.199654,59.96541
M546,XIII Musculoskeletal,11.252077,20.41385,47.055367,62.88501
M5463,XIII Musculoskeletal,11.256841,20.437487,45.562485,61.810204
M5464,XIII Musculoskeletal,11.297528,20.521902,45.81226,63.23639
M5465,XIII Musculoskeletal,11.295535,20.565044,44.952858,62.49169
M5466,XIII Musculoskeletal,11.259623,20.49143,45.60956,62.463554
M548,XIII Musculoskeletal,11.513093,19.752176,34.85069,47.106853
M5480,XIII Musculoskeletal,11.115764,20.409433,48.166798,61.209145
M5481,XIII Musculoskeletal,11.275133,20.546,44.7831,62.04085
M5482,XIII Musculoskeletal,11.322788,20.590584,44.94358,62.64725
M5484,XIII Musculoskeletal,11.324716,20.5803,44.901943,62.48056
M5486,XIII Musculoskeletal,11.090371,20.287197,48.167408,60.568886
M5487,XIII Musculoskeletal,11.284424,20.548859,45.090946,62.18224
M5488,XIII Musculoskeletal,11.296202,20.527319,45.310135,62.143955
M5489,XIII Musculoskeletal,11.409788,19.809244,34.870193,47.128277
M549,XIII Musculoskeletal,11.374214,19.776062,44.77454,53.516434
M5490,XIII Musculoskeletal,11.264904,20.491146,46.01214,61.833237
M5491,XIII Musculoskeletal,11.304197,20.545115,44.69287,62.481773
M5492,XIII Musculoskeletal,11.307065,20.606339,45.30569,62.701187
M5493,XIII Musculoskeletal,11.2974205,20.550837,45.096527,62.449524
M5494,XIII Musculoskeletal,11.243416,20.498558,46.95255,62.10979
M5495,XIII Musculoskeletal,11.119661,20.43117,48.029713,61.177803
M5496,XIII Musculoskeletal,11.286282,20.340006,46.2642,60.424183
M5497,XIII Musculoskeletal,11.371363,20.638498,44.802776,63.309227
M5498,XIII Musculoskeletal,11.29153,20.555243,46.227505,61.88238
M5499,XIII Musculoskeletal,11.400789,20.417698,43.16814,62.289993
M60,XIII Musculoskeletal,7.3423986,19.902063,29.4541,30.545918
M600,XIII Musculoskeletal,7.309996,19.92107,29.944561,30.222277
M6000,XIII Musculoskeletal,7.3096914,19.923449,28.99247,30.345137
M6001,XIII Musculoskeletal,7.2982793,19.926664,29.571964,30.600496
M6004,XIII Musculoskeletal,7.3000636,19.928877,29.076687,30.23758
M6005,XIII Musculoskeletal,7.3049994,19.926025,29.3437,29.91336
M6006,XIII Musculoskeletal,7.331261,19.908384,29.377005,30.554272
M6008,XIII Musculoskeletal,7.3128967,19.920687,28.683186,30.083584
M6018,XIII Musculoskeletal,7.316503,19.918856,29.393318,30.117128
M602,XIII Musculoskeletal,7.310526,19.921572,29.510975,30.597013
M6021,XIII Musculoskeletal,7.3117895,19.920809,29.585108,30.559858
M6023,XIII Musculoskeletal,7.334737,19.900143,29.311546,30.42617
M6024,XIII Musculoskeletal,7.304714,19.924114,29.660429,29.951277
M6026,XIII Musculoskeletal,7.306813,19.9232,29.668818,30.61196
M6028,XIII Musculoskeletal,7.2948084,19.942663,29.38302,28.865864
M608,XIII Musculoskeletal,7.3101864,19.922283,29.51994,29.760658
M6080,XIII Musculoskeletal,7.314863,19.91816,29.42576,30.466585
M6082,XIII Musculoskeletal,7.323193,19.912756,29.370811,30.021114
M6085,XIII Musculoskeletal,7.3245106,19.911867,29.392233,30.434319
M6088,XIII Musculoskeletal,7.31503,19.917742,29.406626,30.45575
M6089,XIII Musculoskeletal,7.29503,19.93738,29.048513,30.021593
M609,XIII Musculoskeletal,7.312322,19.920078,30.611406,30.600582
M6090,XIII Musculoskeletal,7.303399,19.928211,29.34389,29.32483
M6091,XIII Musculoskeletal,7.3024507,19.929258,29.386673,30.516226
M6092,XIII Musculoskeletal,7.311816,19.920143,29.446512,30.039211
M6094,XIII Musculoskeletal,7.3115454,19.920177,29.463596,30.292902
M6095,XIII Musculoskeletal,7.3396177,19.901937,29.073627,30.531376
M6096,XIII Musculoskeletal,7.364775,19.874884,29.110878,30.311562
M6098,XIII Musculoskeletal,7.3350825,19.903791,29.011263,30.464806
M6099,XIII Musculoskeletal,7.318635,19.9174,29.062263,30.321297
M61,XIII Musculoskeletal,8.0602665,15.270175,20.859077,25.145323
M610,XIII Musculoskeletal,8.066646,15.26615,20.768862,25.267633
M611,XIII Musculoskeletal,8.0711355,15.272586,21.062958,25.114214
M6114,XIII Musculoskeletal,8.075466,15.272394,20.81318,25.270975
M6115,XIII Musculoskeletal,8.067408,15.270556,20.901587,25.16086
M612,XIII Musculoskeletal,8.06558,15.268041,20.766834,25.22839
M613,XIII Musculoskeletal,8.090558,15.243946,20.853273,25.173252
M614,XIII Musculoskeletal,8.060611,15.266177,20.804789,24.908056
M6140,XIII Musculoskeletal,8.065688,15.269963,20.800955,25.244545
M6145,XIII Musculoskeletal,8.0678215,15.266577,20.883917,25.163315
M615,XIII Musculoskeletal,8.06907,15.270569,20.836401,25.218086
M6155,XIII Musculoskeletal,8.068856,15.271105,21.17843,25.32004
M6159,XIII Musculoskeletal,8.073362,15.244628,20.832352,25.211374
M619,XIII Musculoskeletal,8.069544,15.267941,21.208035,25.36096
M6191,XIII Musculoskeletal,8.069683,15.265838,20.89211,25.211205
M6195,XIII Musculoskeletal,8.064068,15.263621,20.943642,25.574251
M62,XIII Musculoskeletal,6.9852624,17.119574,31.566378,82.39615
M620,XIII Musculoskeletal,12.725998,18.28772,23.66528,74.50941
M6200,XIII Musculoskeletal,6.96967,17.104408,31.828547,82.62886
M6205,XIII Musculoskeletal,6.9760876,17.111488,31.494877,82.46623
M6206,XIII Musculoskeletal,6.97992,17.113556,31.186163,82.39734
M6208,XIII Musculoskeletal,6.9914145,17.122816,32.04366,81.40711
M621,XIII Musculoskeletal,6.967434,17.10123,30.531025,82.6257
M6211,XIII Musculoskeletal,6.983058,17.118673,31.889872,82.67962
M6212,XIII Musculoskeletal,6.9745064,17.108711,31.42254,83.08091
M6214,XIII Musculoskeletal,6.9706306,17.103489,31.170704,83.10082
M6215,XIII Musculoskeletal,6.9696045,17.10504,31.041416,83.043724
M6216,XIII Musculoskeletal,6.9424725,17.07811,31.371918,82.42511
M6217,XIII Musculoskeletal,6.97632,17.111658,31.218967,82.907326
M6218,XIII Musculoskeletal,6.972067,17.106987,31.676966,82.910286
M622,XIII Musculoskeletal,6.9556894,17.092852,30.334194,83.19202
M6222,XIII Musculoskeletal,6.9747295,17.107344,31.82142,82.9974
M6223,XIII Musculoskeletal,7.014267,17.147768,32.19329,82.41894
M6225,XIII Musculoskeletal,6.978493,17.114302,31.97216,82.76163
M6226,XIII Musculoskeletal,7.0223145,17.09614,33.79997,81.87016
M6229,XIII Musculoskeletal,6.9795675,17.114706,31.470604,83.44509
M623,XIII Musculoskeletal,12.400404,18.404144,23.880184,44.20966
M624,XIII Musculoskeletal,6.935241,17.07347,32.224663,82.60069
M6240,XIII Musculoskeletal,6.9793468,17.113903,32.185158,82.44012
M6241,XIII Musculoskeletal,6.9772024,17.112558,31.600447,82.4236
M6244,XIII Musculoskeletal,6.981572,17.116835,31.89462,82.55148
M6245,XIII Musculoskeletal,6.975666,17.109886,31.34589,82.97883
M6246,XIII Musculoskeletal,7.0044026,17.130856,31.934956,81.7478
M6247,XIII Musculoskeletal,6.9805636,17.110514,31.085352,82.98416
M6248,XIII Musculoskeletal,7.010751,17.13209,31.376427,82.51408
M625,XIII Musculoskeletal,7.0109196,17.146187,32.343124,83.63123
M6250,XIII Musculoskeletal,6.9958005,17.118528,33.493557,82.17338
M6251,XIII Musculoskeletal,6.971332,17.104572,30.394062,82.6244
M6254,XIII Musculoskeletal,6.980441,17.11422,30.162937,82.31852
M6255,XIII Musculoskeletal,7.0150476,17.150215,32.54023,83.39883
M6256,XIII Musculoskeletal,6.977303,17.110647,31.875618,83.07824
M6258,XIII Musculoskeletal,6.97615,17.11059,31.724072,82.919495
M6259,XIII Musculoskeletal,6.991797,17.125555,33.190735,83.09092
M626,XIII Musculoskeletal,12.359799,18.796045,24.63637,72.21963
M6260,XIII Musculoskeletal,6.9739265,17.10902,31.724726,82.9247
M6265,XIII Musculoskeletal,6.9912314,17.122065,31.819748,82.977844
M6266,XIII Musculoskeletal,6.979188,17.115316,31.108572,81.74819
M6268,XIII Musculoskeletal,6.96533,17.09991,30.721704,83.48251
M628,XIII Musculoskeletal,7.0019207,17.133139,32.307434,80.96839
M6280,XIII Musculoskeletal,6.996028,17.118542,33.641197,81.90979
M6281,XIII Musculoskeletal,6.9868016,17.109472,29.518284,82.780945
M6282,XIII Musculoskeletal,6.97559,17.109531,31.722761,83.741295
M6283,XIII Musculoskeletal,6.9837165,17.117744,32.12307,82.74239
M6284,XIII Musculoskeletal,6.977929,17.111662,31.656734,83.03383
M6285,XIII Musculoskeletal,7.0054407,17.139328,30.769373,83.89394
M6286,XIII Musculoskeletal,6.9976687,17.126272,32.44599,81.93507
M6287,XIII Musculoskeletal,6.906024,17.042034,31.506931,82.49125
M6288,XIII Musculoskeletal,6.950075,17.088623,29.857548,82.952515
M6289,XIII Musculoskeletal,7.030199,17.137043,33.955334,81.800514
M629,XIII Musculoskeletal,6.949711,17.08371,30.34223,82.030716
M6291,XIII Musculoskeletal,6.975585,17.11091,31.709993,82.061134
M6293,XIII Musculoskeletal,6.980072,17.115372,31.804695,82.47592
M6294,XIII Musculoskeletal,12.399005,18.336945,23.702581,44.217052
M6295,XIII Musculoskeletal,6.94599,17.082735,31.46562,82.47967
M6296,XIII Musculoskeletal,6.992959,17.127213,31.44802,82.471596
M6297,XIII Musculoskeletal,6.9811068,17.1176,31.383574,82.32828
M6298,XIII Musculoskeletal,7.0060573,17.139109,32.004128,81.94969
M6299,XIII Musculoskeletal,6.9762325,17.11061,31.510105,82.41542
M632,XIII Musculoskeletal,8.090914,15.243495,20.030754,24.328943
M633,XIII Musculoskeletal,8.073757,15.257374,19.999529,24.166193
M638,XIII Musculoskeletal,8.075083,15.257613,20.085932,24.346079
M65,XIII Musculoskeletal,13.151874,18.277893,20.149727,73.6316
M650,XIII Musculoskeletal,13.758826,18.329071,11.48749,66.42254
M6500,XIII Musculoskeletal,13.932425,18.346498,10.994668,65.56361
M6501,XIII Musculoskeletal,13.918332,18.371347,11.025842,65.606705
M6504,XIII Musculoskeletal,14.483059,18.288008,4.805186,67.292625
M651,XIII Musculoskeletal,13.669409,18.304081,11.569053,67.17678
M6511,XIII Musculoskeletal,13.916308,18.37092,10.964391,65.70094
M6514,XIII Musculoskeletal,12.846719,18.90054,24.531504,58.894615
M6515,XIII Musculoskeletal,13.868725,18.384094,10.962516,65.98137
M6516,XIII Musculoskeletal,13.9323015,18.373116,10.909497,65.53958
M6517,XIII Musculoskeletal,13.930409,18.363575,10.473094,65.41065
M6519,XIII Musculoskeletal,13.966111,18.343348,10.705489,65.585594
M652,XIII Musculoskeletal,12.886107,18.194405,20.624168,73.51845
M6521,XIII Musculoskeletal,13.870875,18.373295,11.2702055,65.8645
M6526,XIII Musculoskeletal,13.943903,18.397596,10.920413,65.61514
M6527,XIII Musculoskeletal,13.952629,18.36935,10.814055,65.62803
M6529,XIII Musculoskeletal,13.923185,18.383896,11.034563,65.51498
M653,XIII Musculoskeletal,13.432395,18.54109,15.705553,70.2179
M6530,XIII Musculoskeletal,13.988775,18.371233,10.94231,65.42747
M6532,XIII Musculoskeletal,13.976722,18.356688,10.978832,65.56857
M6533,XIII Musculoskeletal,13.947997,18.364225,11.062737,65.588844
M6534,XIII Musculoskeletal,13.475523,18.365664,12.791764,67.58536
M6538,XIII Musculoskeletal,13.941051,18.347504,10.960886,65.63058
M6539,XIII Musculoskeletal,13.793268,18.448866,11.685159,64.34781
M654,XIII Musculoskeletal,13.633677,18.326962,8.174867,59.918858
M6540,XIII Musculoskeletal,13.968915,18.36732,10.948351,65.54969
M6543,XIII Musculoskeletal,13.584538,18.27405,12.699926,67.36443
M6544,XIII Musculoskeletal,13.175662,18.432398,10.332164,61.160244
M658,XIII Musculoskeletal,12.831582,18.196644,21.842564,74.09087
M6580,XIII Musculoskeletal,12.461825,18.45751,23.576023,45.272774
M6581,XIII Musculoskeletal,13.888225,18.356485,11.177353,66.14854
M6582,XIII Musculoskeletal,13.958111,18.368626,10.7361355,65.58299
M6583,XIII Musculoskeletal,13.932238,18.35788,10.314689,64.10543
M6584,XIII Musculoskeletal,13.850115,18.480068,12.127234,64.98612
M6585,XIII Musculoskeletal,13.910039,18.35372,11.341558,66.25472
M6586,XIII Musculoskeletal,13.739569,18.578098,12.030632,64.38944
M6587,XIII Musculoskeletal,13.81591,18.307999,11.908953,66.10487
M6588,XIII Musculoskeletal,13.941452,18.362759,11.004453,65.55196
M6589,XIII Musculoskeletal,14.009835,18.3959,10.348378,65.73151
M659,XIII Musculoskeletal,12.969868,18.215956,20.313717,73.64462
M6590,XIII Musculoskeletal,13.952817,18.366573,10.849084,65.35847
M6591,XIII Musculoskeletal,13.483696,18.52044,14.593964,72.309715
M6592,XIII Musculoskeletal,13.048097,18.598122,17.013714,71.82529
M6593,XIII Musculoskeletal,13.854796,18.695312,10.321529,62.86379
M6594,XIII Musculoskeletal,13.613498,18.760143,13.205776,63.878204
M6595,XIII Musculoskeletal,13.4799385,17.449797,17.679432,59.803055
M6596,XIII Musculoskeletal,14.085287,16.376574,-4.4803753,64.37664
M6597,XIII Musculoskeletal,13.797001,18.34231,9.794215,65.94693
M6598,XIII Musculoskeletal,13.896518,18.347971,11.157666,66.04749
M6599,XIII Musculoskeletal,14.003748,18.344803,11.303397,65.683075
M660,XIII Musculoskeletal,13.008466,16.89163,21.024721,79.74753
M6606,XIII Musculoskeletal,13.008688,16.848162,19.538897,79.49388
M6609,XIII Musculoskeletal,13.011153,16.895931,20.478487,79.15749
M662,XIII Musculoskeletal,13.009702,16.950865,20.948038,77.95796
M6622,XIII Musculoskeletal,13.001873,16.918222,20.566673,78.83144
M6623,XIII Musculoskeletal,13.005972,16.886122,20.498384,79.45589
M6624,XIII Musculoskeletal,13.016493,17.044403,20.217379,77.499
M6625,XIII Musculoskeletal,13.0053835,16.888142,20.418465,79.562584
M6626,XIII Musculoskeletal,13.010934,16.888401,20.510424,79.14589
M6627,XIII Musculoskeletal,13.005915,16.887922,20.55037,79.88157
M663,XIII Musculoskeletal,13.0127,16.897448,20.550192,78.93637
M6631,XIII Musculoskeletal,13.005044,16.916193,20.438251,78.243805
M6632,XIII Musculoskeletal,13.012622,16.935125,19.705492,77.82527
M6633,XIII Musculoskeletal,13.008145,16.91798,19.95748,79.358055
M6634,XIII Musculoskeletal,12.995491,16.905312,20.346964,79.13825
M6636,XIII Musculoskeletal,13.016234,16.903173,20.38827,79.04831
M6637,XIII Musculoskeletal,13.015694,16.892632,20.451628,78.86143
M664,XIII Musculoskeletal,13.021185,16.929708,20.537159,78.6802
M6641,XIII Musculoskeletal,13.011479,16.894648,20.165998,79.107376
M6642,XIII Musculoskeletal,13.004771,16.890108,20.518435,79.21654
M6643,XIII Musculoskeletal,12.986105,16.870619,20.49504,79.106674
M6645,XIII Musculoskeletal,13.020868,16.910517,20.430246,78.53124
M6646,XIII Musculoskeletal,12.520181,18.323242,23.350645,44.88221
M6647,XIII Musculoskeletal,12.979481,16.95391,21.611475,78.936165
M665,XIII Musculoskeletal,12.998724,16.880396,20.493345,79.29952
M6651,XIII Musculoskeletal,13.008179,16.877008,20.622026,79.27419
M6653,XIII Musculoskeletal,13.014572,16.852413,20.48808,79.188156
M6654,XIII Musculoskeletal,13.082079,17.10412,19.236664,78.078835
M6655,XIII Musculoskeletal,12.993963,16.870623,20.534695,79.009995
M6656,XIII Musculoskeletal,12.993033,16.92076,20.169352,79.152824
M6657,XIII Musculoskeletal,13.010874,16.905825,20.395443,78.670364
M67,XIII Musculoskeletal,13.400021,18.195618,14.172119,68.59722
M670,XIII Musculoskeletal,13.384744,18.205036,14.131968,68.672264
M671,XIII Musculoskeletal,13.389595,18.172995,14.442605,68.5207
M672,XIII Musculoskeletal,13.377994,18.219654,13.525339,68.86751
M673,XIII Musculoskeletal,13.415168,18.18986,14.136098,68.59481
M674,XIII Musculoskeletal,13.294194,18.323322,15.361262,69.932
M6740,XIII Musculoskeletal,13.368297,18.138638,13.236642,69.00036
M6743,XIII Musculoskeletal,13.381576,18.186043,14.126007,68.70007
M6747,XIII Musculoskeletal,13.455419,18.16748,14.17474,68.60525
M678,XIII Musculoskeletal,13.394842,18.184175,14.320381,69.07256
M6780,XIII Musculoskeletal,13.4258175,18.167809,14.175406,68.606064
M6788,XIII Musculoskeletal,13.415609,18.182365,14.17076,68.60471
M679,XIII Musculoskeletal,13.417304,18.209599,14.136068,68.70955
M6790,XIII Musculoskeletal,13.408988,18.185566,14.114674,68.64335
M680,XIII Musculoskeletal,12.99734,17.761951,14.7232895,43.82211
M688,XIII Musculoskeletal,12.739965,17.54754,14.780949,43.737534
M70,XIII Musculoskeletal,12.552505,18.866362,25.897705,56.100246
M700,XIII Musculoskeletal,12.526052,18.862125,26.262384,56.023495
M7006,XIII Musculoskeletal,12.565202,18.884447,25.880014,56.09189
M701,XIII Musculoskeletal,12.586661,18.898886,26.091583,55.914524
M702,XIII Musculoskeletal,12.476361,18.802475,27.803057,55.80439
M7021,XIII Musculoskeletal,12.545037,18.863459,25.889208,56.08279
M7022,XIII Musculoskeletal,12.562809,18.846682,25.13339,56.486977
M7023,XIII Musculoskeletal,12.550396,18.877932,25.88599,56.092953
M7029,XIII Musculoskeletal,12.556853,18.876236,25.886312,56.076706
M703,XIII Musculoskeletal,12.513943,18.920729,26.721441,56.41666
M7032,XIII Musculoskeletal,12.519983,18.812067,25.745335,56.687775
M704,XIII Musculoskeletal,12.5423975,18.860264,27.313955,55.978077
M7046,XIII Musculoskeletal,12.6016,18.88198,25.88932,56.728413
M705,XIII Musculoskeletal,12.5441675,18.842909,27.036545,56.237328
M7056,XIII Musculoskeletal,12.550659,18.846792,25.941486,56.11081
M706,XIII Musculoskeletal,12.382215,18.880188,25.14527,71.42281
M7061,XIII Musculoskeletal,12.557101,18.859816,25.912119,56.077778
M7062,XIII Musculoskeletal,12.557528,18.897509,25.897648,55.893917
M7065,XIII Musculoskeletal,12.635141,18.860897,24.824492,56.260586
M7066,XIII Musculoskeletal,12.509549,18.820946,25.92726,56.058117
M7069,XIII Musculoskeletal,12.541338,18.846178,25.080622,56.318233
M707,XIII Musculoskeletal,12.508243,18.812202,27.197216,56.757854
M7075,XIII Musculoskeletal,12.537586,18.86252,25.996105,56.09302
M708,XIII Musculoskeletal,12.572656,18.840221,26.084545,57.547318
M7081,XIII Musculoskeletal,12.612109,18.898191,25.641237,55.911068
M7084,XIII Musculoskeletal,12.550543,18.897673,25.910868,56.0558
M7089,XIII Musculoskeletal,12.539341,18.921463,26.143421,55.644733
M709,XIII Musculoskeletal,12.572354,18.87505,25.92091,56.065514
M7092,XIII Musculoskeletal,12.5132265,18.899927,25.897055,56.075916
M7093,XIII Musculoskeletal,12.546931,18.884365,25.907988,56.070396
M7095,XIII Musculoskeletal,12.566611,18.956444,25.76718,55.716293
M7096,XIII Musculoskeletal,12.5684,18.959425,25.865206,55.815422
M71,XIII Musculoskeletal,12.605757,18.523672,23.361238,46.866444
M710,XIII Musculoskeletal,13.379601,19.65501,22.609642,53.113873
M7100,XIII Musculoskeletal,13.357932,19.632948,22.720928,53.077908
M7101,XIII Musculoskeletal,13.359946,19.63186,22.655458,53.331234
M7102,XIII Musculoskeletal,12.724811,19.0487,25.135387,55.011753
M7106,XIII Musculoskeletal,13.368335,19.65199,22.44293,52.91879
M7107,XIII Musculoskeletal,13.362558,19.636183,22.581179,53.042404
M711,XIII Musculoskeletal,13.36859,19.643158,22.68075,53.193764
M7112,XIII Musculoskeletal,12.733693,19.073563,24.826504,54.93271
M7113,XIII Musculoskeletal,13.284123,19.565506,23.315037,53.64905
M7116,XIII Musculoskeletal,13.31577,19.623432,22.834476,52.611034
M7117,XIII Musculoskeletal,13.360171,19.646034,22.635012,53.027546
M712,XIII Musculoskeletal,13.104491,19.529629,24.195206,52.47932
M7126,XIII Musculoskeletal,13.317625,19.432854,21.854546,51.249264
M7128,XIII Musculoskeletal,13.290029,19.578096,23.062214,53.26511
M713,XIII Musculoskeletal,13.137668,18.323965,15.522421,68.75921
M7130,XIII Musculoskeletal,13.3309765,19.619802,22.990128,53.166584
M7132,XIII Musculoskeletal,13.374019,19.632097,22.583223,53.64838
M7133,XIII Musculoskeletal,13.369621,19.631731,22.475046,53.487446
M7134,XIII Musculoskeletal,13.255621,19.503107,22.268124,54.89575
M7135,XIII Musculoskeletal,13.407466,19.676302,22.955692,53.606834
M7136,XIII Musculoskeletal,12.7155,18.71978,22.492964,48.591675
M7137,XIII Musculoskeletal,13.385959,19.660809,22.031189,52.841656
M7138,XIII Musculoskeletal,12.067433,19.589512,40.37897,61.811047
M714,XIII Musculoskeletal,13.356697,19.621368,22.849812,53.037766
M7141,XIII Musculoskeletal,13.364113,19.650093,22.611908,52.92658
M7148,XIII Musculoskeletal,13.325101,19.637558,23.073654,53.29587
M715,XIII Musculoskeletal,12.694122,18.587088,22.322243,48.307877
M7151,XIII Musculoskeletal,13.379005,19.639538,22.240473,53.75073
M7152,XIII Musculoskeletal,13.412829,19.576946,22.294931,51.88813
M7155,XIII Musculoskeletal,13.292922,19.561958,23.322594,52.843056
M7156,XIII Musculoskeletal,12.566076,18.509806,22.630167,47.77573
M7157,XIII Musculoskeletal,12.647299,18.520727,22.61668,47.747936
M7159,XIII Musculoskeletal,13.349799,19.638054,22.785511,53.1241
M718,XIII Musculoskeletal,13.366522,19.645685,23.054295,53.467793
M7180,XIII Musculoskeletal,13.370633,19.647917,22.59054,53.194283
M7181,XIII Musculoskeletal,13.386967,19.636488,22.536873,53.833435
M7185,XIII Musculoskeletal,13.414016,19.6971,22.115253,52.918606
M7186,XIII Musculoskeletal,13.374667,19.622839,22.360641,52.119835
M7187,XIII Musculoskeletal,13.376448,19.636316,22.397827,53.532623
M719,XIII Musculoskeletal,12.728737,18.60777,23.607126,48.523296
M7191,XIII Musculoskeletal,12.661554,18.536537,22.988028,48.045483
M7192,XIII Musculoskeletal,13.365574,19.65493,22.68429,53.12179
M7193,XIII Musculoskeletal,13.415654,19.67797,22.532864,53.24125
M7195,XIII Musculoskeletal,13.364154,19.653395,22.627817,52.78196
M7196,XIII Musculoskeletal,13.361673,19.622253,23.088491,53.25317
M7197,XIII Musculoskeletal,13.32173,19.564495,22.913317,53.801632
M7198,XIII Musculoskeletal,12.609863,18.605993,22.408094,48.28157
M7199,XIII Musculoskeletal,13.376451,19.637167,22.504688,53.548744
M72,XIII Musculoskeletal,12.912412,14.577699,13.295896,81.91304
M720,XIII Musculoskeletal,12.932956,14.5583725,15.894563,82.771866
M7200,XIII Musculoskeletal,12.950216,14.533924,14.683117,82.56546
M7202,XIII Musculoskeletal,12.954715,14.541088,14.995889,82.438805
M7204,XIII Musculoskeletal,13.035421,14.456434,15.074342,83.49273
M7207,XIII Musculoskeletal,12.9462,14.530862,14.440655,82.29996
M7209,XIII Musculoskeletal,12.996723,14.584345,15.107194,82.183365
M721,XIII Musculoskeletal,12.952928,14.542794,15.199344,82.27656
M7210,XIII Musculoskeletal,12.946469,14.535017,14.450339,82.14875
M7214,XIII Musculoskeletal,12.931284,14.563012,13.240636,82.06634
M722,XIII Musculoskeletal,12.411445,18.739296,24.284658,71.96707
M7226,XIII Musculoskeletal,12.956541,14.527176,14.753411,83.46401
M7227,XIII Musculoskeletal,12.95436,14.526714,14.565847,83.406265
M7229,XIII Musculoskeletal,12.97726,14.558524,14.901753,82.85969
M723,XIII Musculoskeletal,12.949689,14.536348,14.522532,82.661446
M7238,XIII Musculoskeletal,12.947113,14.537062,14.478473,82.480545
M724,XIII Musculoskeletal,12.946704,14.536133,13.890916,82.819824
M725,XIII Musculoskeletal,12.977891,14.5256605,14.517511,82.51417
M7250,XIII Musculoskeletal,12.951676,14.532278,14.605581,82.62975
M7252,XIII Musculoskeletal,12.950406,14.533402,14.42796,82.640816
M7253,XIII Musculoskeletal,12.951799,14.534172,14.641844,82.62143
M7254,XIII Musculoskeletal,12.952531,14.534951,14.855778,82.12494
M7255,XIII Musculoskeletal,12.9490385,14.534245,14.392963,82.62138
M7256,XIII Musculoskeletal,12.950027,14.5346365,14.461457,82.633606
M7259,XIII Musculoskeletal,12.952044,14.532666,14.553442,82.62337
M726,XIII Musculoskeletal,12.929136,14.586859,12.973785,81.89416
M7260,XIII Musculoskeletal,12.96093,14.52302,14.75309,83.65438
M7263,XIII Musculoskeletal,12.955544,14.540386,14.884978,82.37117
M7265,XIII Musculoskeletal,12.9521055,14.534484,14.641933,82.54162
M7266,XIII Musculoskeletal,12.939618,14.541465,14.129516,82.688156
M7267,XIII Musculoskeletal,12.9509735,14.530692,14.312408,82.33661
M7268,XIII Musculoskeletal,12.951091,14.53033,14.029629,83.0702
M728,XIII Musculoskeletal,12.946584,14.53779,14.330812,82.05002
M7284,XIII Musculoskeletal,12.941279,14.5456,13.038008,82.42601
M7287,XIII Musculoskeletal,12.952782,14.531637,14.519262,83.11583
M7288,XIII Musculoskeletal,12.949231,14.531387,14.406251,82.643684
M729,XIII Musculoskeletal,12.941276,14.540873,14.016377,82.06006
M7294,XIII Musculoskeletal,12.914677,14.571379,14.32012,82.57756
M7295,XIII Musculoskeletal,12.951438,14.533282,14.550018,82.678795
M7296,XIII Musculoskeletal,12.949464,14.536813,14.467768,82.66766
M7297,XIII Musculoskeletal,12.966501,14.510887,14.739845,83.58312
M7298,XIII Musculoskeletal,12.946587,14.53736,14.578414,82.03017
M731,XIII Musculoskeletal,18.082684,10.5837145,23.67696,20.347803
M75,XIII Musculoskeletal,13.464903,18.515606,15.161738,72.13064
M750,XIII Musculoskeletal,13.450403,18.502789,15.356165,72.20143
M7500,XIII Musculoskeletal,13.452961,18.510319,15.3255205,71.92046
M751,XIII Musculoskeletal,13.465287,18.502163,15.261662,72.29136
M752,XIII Musculoskeletal,13.438781,18.586384,15.32609,72.35967
M753,XIII Musculoskeletal,13.426054,18.53461,15.118761,72.314735
M754,XIII Musculoskeletal,13.472111,18.521194,15.150357,72.24766
M755,XIII Musculoskeletal,13.442906,18.5208,15.235201,72.3283
M758,XIII Musculoskeletal,13.486303,18.507061,15.368207,72.26143
M7581,XIII Musculoskeletal,13.46849,18.50753,15.163424,72.13402
M759,XIII Musculoskeletal,13.465938,18.521587,15.141745,72.05585
M760,XIII Musculoskeletal,12.714946,18.157568,21.942692,75.70932
M7605,XIII Musculoskeletal,12.707629,18.175121,22.268547,75.886566
M761,XIII Musculoskeletal,12.742413,18.048367,23.530716,77.430786
M7615,XIII Musculoskeletal,12.695454,18.168434,22.193428,76.05498
M762,XIII Musculoskeletal,12.704456,18.134514,22.263453,76.231995
M763,XIII Musculoskeletal,12.74326,18.114082,23.467293,77.14893
M7635,XIII Musculoskeletal,12.698289,18.12678,22.377888,76.33028
M7636,XIII Musculoskeletal,12.70234,18.170628,22.16109,75.91652
M764,XIII Musculoskeletal,12.698793,18.190193,22.227499,75.732994
M765,XIII Musculoskeletal,12.711561,18.161043,22.676022,76.10612
M7656,XIII Musculoskeletal,12.7032795,18.165195,22.14005,75.854385
M7659,XIII Musculoskeletal,12.733571,18.153345,22.183508,75.870766
M766,XIII Musculoskeletal,12.614437,18.368223,22.894203,75.03214
M7664,XIII Musculoskeletal,12.707789,18.16959,22.164486,75.92197
M7666,XIII Musculoskeletal,12.719713,18.185574,22.183935,75.96193
M7667,XIII Musculoskeletal,12.7027855,18.155275,23.413584,77.094025
M767,XIII Musculoskeletal,12.718064,18.242508,22.36109,75.51625
M7677,XIII Musculoskeletal,12.733872,18.16462,22.117876,75.912834
M768,XIII Musculoskeletal,12.744703,18.210938,21.404165,75.91842
M7685,XIII Musculoskeletal,12.707281,18.101152,23.43823,77.14272
M7686,XIII Musculoskeletal,12.696231,18.099598,23.174295,77.0754
M7687,XIII Musculoskeletal,12.716282,18.156076,22.646051,75.50879
M769,XIII Musculoskeletal,12.736387,18.12657,21.985186,75.90519
M7695,XIII Musculoskeletal,12.698187,18.161863,22.137661,75.98529
M7696,XIII Musculoskeletal,12.72038,18.141386,22.162043,75.92812
M7697,XIII Musculoskeletal,12.684171,18.163397,22.159842,75.917854
M77,XIII Musculoskeletal,12.924318,18.495811,20.510778,71.529434
M770,XIII Musculoskeletal,12.76078,18.54025,23.016949,71.95992
M7702,XIII Musculoskeletal,13.16841,18.658638,19.741777,68.85938
M771,XIII Musculoskeletal,12.545825,18.69671,23.796246,72.06415
M7710,XIII Musculoskeletal,13.176453,18.617704,19.294453,69.56146
M7711,XIII Musculoskeletal,13.180731,18.629473,19.27858,69.556274
M7712,XIII Musculoskeletal,13.031253,18.628946,19.901117,70.26397
M7713,XIII Musculoskeletal,13.169711,18.620535,19.226885,69.62821
M7717,XIII Musculoskeletal,13.1829815,18.59363,19.286173,69.59458
M772,XIII Musculoskeletal,13.216542,18.62222,19.367643,69.37284
M773,XIII Musculoskeletal,12.760078,18.247927,22.397814,74.61196
M7731,XIII Musculoskeletal,13.149693,18.645258,19.266624,69.51956
M7737,XIII Musculoskeletal,13.174967,18.659918,19.280855,69.55992
M774,XIII Musculoskeletal,13.060939,18.527227,21.151598,70.93578
M7746,XIII Musculoskeletal,13.189044,18.604193,19.326342,69.58233
M7747,XIII Musculoskeletal,12.958127,18.548162,20.27042,71.13345
M7749,XIII Musculoskeletal,13.047301,18.538263,19.770811,70.30707
M775,XIII Musculoskeletal,13.1728525,18.5959,19.136229,68.92438
M7754,XIII Musculoskeletal,13.203145,18.66279,19.281614,69.56663
M7757,XIII Musculoskeletal,13.172672,18.594896,19.19311,69.63823
M778,XIII Musculoskeletal,13.064156,18.66706,19.622673,69.772545
M7781,XIII Musculoskeletal,13.194418,18.608747,19.517094,69.59143
M7782,XIII Musculoskeletal,13.168446,18.581429,19.390417,69.43548
M7784,XIII Musculoskeletal,13.168604,18.627964,19.282804,69.54662
M779,XIII Musculoskeletal,12.903002,18.553268,22.31517,71.647255
M7790,XIII Musculoskeletal,13.199575,18.632826,19.238256,69.6885
M7791,XIII Musculoskeletal,13.278578,18.557251,16.440344,72.064606
M7792,XIII Musculoskeletal,13.101506,18.597517,19.617695,70.06815
M7793,XIII Musculoskeletal,12.97194,18.444134,19.91491,71.55016
M7794,XIII Musculoskeletal,12.744003,18.254131,22.36733,74.4639
M7795,XIII Musculoskeletal,13.07946,18.600395,20.028671,69.919136
M7796,XIII Musculoskeletal,13.142477,18.642925,19.50467,69.54069
M7797,XIII Musculoskeletal,13.15514,18.690334,19.571358,69.82695
M7798,XIII Musculoskeletal,13.155679,18.645067,19.481323,69.38455
M7799,XIII Musculoskeletal,13.196985,18.599007,19.213507,69.47589
M79,XIII Musculoskeletal,12.348501,19.43139,36.473106,62.588123
M790,XIII Musculoskeletal,12.3364525,19.787685,34.03759,68.745804
M7900,XIII Musculoskeletal,12.3778105,19.84626,34.5071,67.12809
M7901,XIII Musculoskeletal,12.334876,19.826529,35.76558,67.12691
M7902,XIII Musculoskeletal,12.342143,19.821732,35.492664,66.855545
M7904,XIII Musculoskeletal,12.314099,19.822262,35.494976,66.83935
M7905,XIII Musculoskeletal,12.338823,19.825397,35.52698,66.814415
M7906,XIII Musculoskeletal,12.342248,19.781391,35.265743,66.40223
M7907,XIII Musculoskeletal,12.355387,19.827675,35.454655,66.854385
M7908,XIII Musculoskeletal,12.306449,19.864332,35.548294,66.74599
M7909,XIII Musculoskeletal,12.160233,19.732794,37.610867,64.473785
M791,XIII Musculoskeletal,12.210594,19.049826,25.23099,72.13467
M7910,XIII Musculoskeletal,12.334571,19.781689,34.53975,65.65163
M7911,XIII Musculoskeletal,12.307264,19.88673,36.309338,65.59225
M7912,XIII Musculoskeletal,12.341495,19.837194,35.207226,68.15838
M7915,XIII Musculoskeletal,12.39887,19.454493,34.272522,62.72742
M7916,XIII Musculoskeletal,12.339035,19.871128,34.899048,67.5949
M7917,XIII Musculoskeletal,12.351298,19.830513,35.134094,66.50705
M7918,XIII Musculoskeletal,12.396848,19.842209,35.15358,68.829094
M7919,XIII Musculoskeletal,12.287492,19.751411,34.587032,65.45666
M792,XIII Musculoskeletal,12.252357,19.077068,25.197395,72.22817
M7920,XIII Musculoskeletal,12.347078,19.821165,36.817806,65.94346
M7921,XIII Musculoskeletal,12.346299,19.851711,34.47029,67.00667
M7922,XIII Musculoskeletal,12.308267,19.839268,36.56963,66.37998
M7923,XIII Musculoskeletal,12.292685,19.827826,35.13587,66.98222
M7925,XIII Musculoskeletal,12.752777,19.36502,29.653778,67.11512
M7926,XIII Musculoskeletal,12.329237,19.865381,36.532166,68.25906
M7927,XIII Musculoskeletal,12.344931,19.760498,35.215397,66.172165
M7928,XIII Musculoskeletal,12.281346,19.465033,34.30611,62.555576
M7929,XIII Musculoskeletal,14.583754,19.59917,33.64326,58.918118
M793,XIII Musculoskeletal,12.345941,19.839838,34.92859,66.752464
M7932,XIII Musculoskeletal,12.310662,19.843458,35.58881,66.50922
M7933,XIII Musculoskeletal,12.336098,19.85827,35.749912,66.62945
M7935,XIII Musculoskeletal,12.425936,19.449944,34.71613,62.82072
M7936,XIII Musculoskeletal,12.31503,19.848684,35.859222,66.84911
M7938,XIII Musculoskeletal,12.333871,19.84938,35.681454,67.52342
M7939,XIII Musculoskeletal,12.30829,19.874817,35.452564,66.82121
M794,XIII Musculoskeletal,12.37441,19.864151,35.730286,66.25854
M7940,XIII Musculoskeletal,12.304842,19.812435,35.48874,66.80393
M7946,XIII Musculoskeletal,13.998101,16.555868,-3.4504452,64.47793
M795,XIII Musculoskeletal,12.794657,18.91522,24.602638,58.855537
M7952,XIII Musculoskeletal,12.352277,19.816332,35.52072,66.84498
M7953,XIII Musculoskeletal,12.328125,19.83311,35.59272,66.389694
M7954,XIII Musculoskeletal,12.7181,19.357489,29.67713,67.29243
M7955,XIII Musculoskeletal,12.3435955,19.813063,35.214455,66.6961
M7956,XIII Musculoskeletal,12.395272,18.469389,24.306637,45.109932
M7957,XIII Musculoskeletal,12.409035,19.817,33.557095,67.048386
M7958,XIII Musculoskeletal,12.434288,19.77927,34.160732,66.89076
M796,XIII Musculoskeletal,12.280667,18.853683,24.753819,71.827255
M7960,XIII Musculoskeletal,12.213146,19.96032,37.82101,66.686844
M7961,XIII Musculoskeletal,12.345497,19.818342,33.97449,68.537285
M7962,XIII Musculoskeletal,12.354962,19.871485,35.649475,68.88978
M7963,XIII Musculoskeletal,12.311751,19.888039,35.015064,67.82768
M7964,XIII Musculoskeletal,13.01114,18.917957,20.654991,68.82277
M7965,XIII Musculoskeletal,11.556877,20.291502,40.072464,65.530594
M7966,XIII Musculoskeletal,12.34163,19.860638,37.13854,67.45946
M7967,XIII Musculoskeletal,12.61269,19.592402,27.21413,66.00385
M7968,XIII Musculoskeletal,12.358993,19.840786,35.64659,67.1706
M7969,XIII Musculoskeletal,12.369645,19.581612,36.245434,63.287594
M797,XIII Musculoskeletal,11.494068,19.56863,42.812027,50.77274
M7970,XIII Musculoskeletal,12.325699,19.821165,36.589817,65.1971
M7971,XIII Musculoskeletal,12.497996,19.31115,34.543198,62.698242
M7974,XIII Musculoskeletal,12.300938,19.85775,35.200104,66.853455
M7975,XIII Musculoskeletal,12.335976,19.841702,35.94231,66.76004
M7976,XIII Musculoskeletal,12.385648,19.923357,36.186504,66.86703
M7978,XIII Musculoskeletal,12.299184,19.793877,34.92377,66.90551
M7979,XIII Musculoskeletal,11.927052,19.723845,42.553886,51.145096
M798,XIII Musculoskeletal,12.20237,19.570639,33.783737,65.93409
M7980,XIII Musculoskeletal,12.111077,20.035591,38.070896,66.403046
M7981,XIII Musculoskeletal,12.341214,19.83342,35.46844,67.56717
M7982,XIII Musculoskeletal,12.353897,19.652706,35.668102,63.315014
M7983,XIII Musculoskeletal,12.680999,19.761915,33.244534,60.055508
M7984,XIII Musculoskeletal,12.321837,19.77622,34.240116,66.237946
M7985,XIII Musculoskeletal,12.284529,19.91176,37.4533,66.728386
M7986,XIII Musculoskeletal,12.325799,19.858013,37.182896,67.45881
M7987,XIII Musculoskeletal,12.292668,19.925278,37.21803,66.61174
M7988,XIII Musculoskeletal,12.405824,19.501549,35.049084,63.16558
M7989,XIII Musculoskeletal,12.390782,19.549938,36.20356,63.021645
M799,XIII Musculoskeletal,12.3353405,19.515348,36.32491,62.761646
M7990,XIII Musculoskeletal,12.322494,19.860014,35.50233,66.8207
M7991,XIII Musculoskeletal,12.301439,19.905699,35.78125,67.236046
M7994,XIII Musculoskeletal,12.298388,19.870144,34.744728,68.16412
M7995,XIII Musculoskeletal,12.344635,19.892002,35.496334,67.58495
M7996,XIII Musculoskeletal,12.338096,19.80297,35.07314,65.15151
M7997,XIII Musculoskeletal,12.321789,19.811129,34.75315,68.404495
M7998,XIII Musculoskeletal,12.333398,19.807995,35.57053,67.225784
M7999,XIII Musculoskeletal,12.306542,19.884985,35.21584,66.71404
M80,XIII Musculoskeletal,10.838433,17.335722,39.839077,31.844818
M800,XIII Musculoskeletal,10.795537,17.282858,41.955772,31.896255
M8000,XIII Musculoskeletal,10.856912,17.312428,40.16276,31.856668
M8001,XIII Musculoskeletal,10.772841,17.280006,42.129696,32.024487
M8005,XIII Musculoskeletal,10.787708,17.29296,42.175476,32.24178
M8007,XIII Musculoskeletal,11.792579,17.426132,37.963856,32.227314
M8008,XIII Musculoskeletal,10.759256,17.298763,40.998123,32.819084
M8009,XIII Musculoskeletal,10.768801,17.27329,42.13727,32.078014
M801,XIII Musculoskeletal,10.796421,17.284718,42.055855,31.93919
M8010,XIII Musculoskeletal,10.843877,17.289387,40.984863,31.83342
M802,XIII Musculoskeletal,10.803105,17.27874,41.48134,31.829277
M8025,XIII Musculoskeletal,10.777317,17.283625,42.03144,32.099377
M8028,XIII Musculoskeletal,10.775574,17.266949,41.956966,32.07781
M803,XIII Musculoskeletal,10.785475,17.291105,41.92463,31.926392
M804,XIII Musculoskeletal,10.787554,17.288288,42.03236,31.915266
M8048,XIII Musculoskeletal,10.793307,17.281391,41.816006,32.017944
M805,XIII Musculoskeletal,10.792938,17.2797,41.99795,31.96651
M8050,XIII Musculoskeletal,10.814006,17.267797,41.965122,32.18151
M8052,XIII Musculoskeletal,10.834392,17.326687,41.615932,31.178335
M8053,XIII Musculoskeletal,10.775284,17.27967,42.110474,32.114655
M8058,XIII Musculoskeletal,10.796265,17.295565,41.59036,32.08395
M808,XIII Musculoskeletal,10.800469,17.280882,41.912388,31.967047
M8080,XIII Musculoskeletal,10.759083,17.286526,41.9654,32.133457
M8081,XIII Musculoskeletal,11.688596,17.452131,37.92942,32.220135
M8085,XIII Musculoskeletal,10.773287,17.263445,42.027576,32.07702
M8087,XIII Musculoskeletal,10.774785,17.275345,41.986206,32.105827
M8088,XIII Musculoskeletal,10.806077,17.330175,41.4837,32.29006
M809,XIII Musculoskeletal,10.823695,17.335232,39.933033,31.891506
M8090,XIII Musculoskeletal,10.763631,17.316084,41.016678,32.88595
M8091,XIII Musculoskeletal,10.762712,17.290873,42.21572,32.04128
M8093,XIII Musculoskeletal,10.804355,17.309536,40.44155,32.236076
M8095,XIII Musculoskeletal,10.783313,17.381105,40.52626,32.52633
M8096,XIII Musculoskeletal,10.758957,17.27507,42.092907,31.991302
M8097,XIII Musculoskeletal,10.979084,17.290953,39.71054,31.867596
M8098,XIII Musculoskeletal,10.373713,17.759434,41.645,36.1669
M8099,XIII Musculoskeletal,10.83559,17.304607,40.85612,31.945608
M81,XIII Musculoskeletal,11.364891,17.664768,35.515316,33.50293
M810,XIII Musculoskeletal,10.332008,17.834145,42.00333,40.64503
M8100,XIII Musculoskeletal,10.286534,17.764158,42.85879,38.958286
M8102,XIII Musculoskeletal,10.298199,17.782043,42.524513,38.91054
M8105,XIII Musculoskeletal,10.283678,17.760462,42.278633,38.925774
M8108,XIII Musculoskeletal,10.288851,17.769373,42.51411,38.89772
M8109,XIII Musculoskeletal,10.292362,17.769884,42.026596,37.848106
M811,XIII Musculoskeletal,10.308681,17.772652,42.532036,39.291416
M8110,XIII Musculoskeletal,10.2763405,17.768505,42.84118,38.95301
M8119,XIII Musculoskeletal,10.29428,17.77504,42.511402,38.88145
M812,XIII Musculoskeletal,10.323714,17.801764,42.531696,38.89793
M8120,XIII Musculoskeletal,10.296998,17.775593,42.399456,39.037193
M8129,XIII Musculoskeletal,10.586174,19.190811,37.243332,38.006332
M8130,XIII Musculoskeletal,10.303401,17.796413,42.468887,39.025085
M8138,XIII Musculoskeletal,10.279871,17.750652,42.586308,38.901524
M814,XIII Musculoskeletal,10.735126,17.941818,39.6282,38.691803
M8140,XIII Musculoskeletal,10.281214,17.753939,42.026253,38.480057
M8144,XIII Musculoskeletal,10.291701,17.776037,42.522797,38.890175
M8148,XIII Musculoskeletal,10.306908,17.798206,42.327873,39.318375
M8149,XIII Musculoskeletal,10.264677,17.741913,41.88098,38.474735
M815,XIII Musculoskeletal,10.801674,17.392189,42.406483,33.29462
M8150,XIII Musculoskeletal,10.296851,17.78015,42.54323,38.899796
M8158,XIII Musculoskeletal,10.32877,17.803293,42.251278,39.273132
M8159,XIII Musculoskeletal,10.284492,17.764267,42.22402,38.26636
M816,XIII Musculoskeletal,10.272804,17.754845,42.5412,38.902092
M8169,XIII Musculoskeletal,10.285236,17.776484,42.984535,38.568928
M818,XIII Musculoskeletal,10.691615,18.671162,41.723957,41.795773
M8180,XIII Musculoskeletal,10.271681,17.793327,42.68273,38.659138
M8185,XIII Musculoskeletal,10.298804,17.769625,42.745464,38.878498
M8188,XIII Musculoskeletal,10.319284,17.811033,42.728592,38.860756
M8189,XIII Musculoskeletal,10.290677,17.766306,42.306957,38.902157
M819,XIII Musculoskeletal,11.411538,19.284344,41.90484,44.698463
M8190,XIII Musculoskeletal,10.275899,17.750383,41.337406,39.59352
M8191,XIII Musculoskeletal,10.277367,17.736607,41.836037,38.939747
M8192,XIII Musculoskeletal,12.07207,18.542734,37.10933,38.091984
M8193,XIII Musculoskeletal,10.284637,17.778452,42.921345,38.58072
M8194,XIII Musculoskeletal,10.329892,17.811058,42.423615,39.470818
M8195,XIII Musculoskeletal,10.279,17.77957,43.547523,38.31706
M8196,XIII Musculoskeletal,10.241078,17.71927,42.52206,38.46733
M8197,XIII Musculoskeletal,10.306333,17.762823,41.70533,39.649754
M8198,XIII Musculoskeletal,10.308941,17.788767,42.497654,39.723423
M8199,XIII Musculoskeletal,11.412217,19.286299,41.116257,45.168365
M820,XIII Musculoskeletal,11.262974,17.654335,35.459705,33.72155
M8200,XIII Musculoskeletal,11.206089,17.810936,35.53661,34.550728
M821,XIII Musculoskeletal,11.321896,17.646982,35.419586,33.52336
M8210,XIII Musculoskeletal,11.116011,17.795166,35.553635,34.600838
M8211,XIII Musculoskeletal,11.146236,17.754894,35.534615,34.53597
M8218,XIII Musculoskeletal,11.114857,17.814518,35.53639,34.547455
M828,XIII Musculoskeletal,11.300074,17.645233,35.427876,33.547203
M83,XIII Musculoskeletal,11.319083,0.5050609,20.613907,27.517508
M831,XIII Musculoskeletal,11.31548,0.50246084,20.668514,27.08449
M8310,XIII Musculoskeletal,11.314108,0.5012619,20.677933,27.097527
M8312,XIII Musculoskeletal,11.314399,0.5011119,20.636543,27.115488
M832,XIII Musculoskeletal,11.317183,0.50379235,20.667646,27.146643
M8330,XIII Musculoskeletal,11.318159,0.50431156,20.68004,27.090649
M8340,XIII Musculoskeletal,11.314214,0.5008792,20.655703,27.13207
M838,XIII Musculoskeletal,11.318057,0.5047109,20.66583,27.169073
M8380,XIII Musculoskeletal,11.315107,0.50204307,20.632244,27.317629
M8385,XIII Musculoskeletal,11.318094,0.5046694,20.64537,27.378363
M8388,XIII Musculoskeletal,11.317002,0.503703,20.667137,27.173256
M8389,XIII Musculoskeletal,11.32005,0.5062557,20.661951,27.371382
M839,XIII Musculoskeletal,11.344061,0.5289771,20.62738,27.600525
M8395,XIII Musculoskeletal,11.314659,0.5027488,20.77658,27.11195
M8396,XIII Musculoskeletal,11.315275,0.5018811,20.642355,27.120747
M8398,XIII Musculoskeletal,11.319063,0.5046787,20.676584,27.177189
M8399,XIII Musculoskeletal,11.317537,0.5040961,20.705957,27.107826
M84,XIII Musculoskeletal,14.387389,17.630835,4.7933507,58.878513
M840,XIII Musculoskeletal,13.854546,18.008862,7.482317,59.77682
M8400,XIII Musculoskeletal,14.452678,17.598974,3.8612525,59.56263
M8401,XIII Musculoskeletal,14.391048,17.647518,3.2690554,59.759697
M8402,XIII Musculoskeletal,14.437786,17.586298,3.2752774,58.33793
M8403,XIII Musculoskeletal,14.303255,17.690262,5.3501225,60.976936
M8404,XIII Musculoskeletal,12.848033,18.075819,18.147598,49.02583
M8405,XIII Musculoskeletal,14.357975,17.666683,4.8602753,59.806755
M8406,XIII Musculoskeletal,14.386337,17.599604,2.9162877,58.739017
M8407,XIII Musculoskeletal,13.907162,18.058243,7.266145,61.396973
M8408,XIII Musculoskeletal,14.445784,17.5875,4.1221514,59.418602
M841,XIII Musculoskeletal,14.261202,17.716627,6.4213743,59.507595
M8411,XIII Musculoskeletal,14.375174,17.630644,5.3594213,59.990784
M8412,XIII Musculoskeletal,12.91734,18.2046,21.553244,40.93233
M8413,XIII Musculoskeletal,14.180355,17.94321,5.959236,60.516315
M8414,XIII Musculoskeletal,12.35044,18.017397,21.538715,40.963898
M8415,XIII Musculoskeletal,14.186952,17.542349,5.8690414,57.875214
M8416,XIII Musculoskeletal,14.423248,17.600513,4.9153614,59.960785
M8417,XIII Musculoskeletal,14.301572,17.693636,5.0951223,61.452705
M8418,XIII Musculoskeletal,14.423631,17.60991,3.8003068,59.46588
M842,XIII Musculoskeletal,14.392343,17.61995,3.5876253,59.878036
M8421,XIII Musculoskeletal,14.400964,17.631945,3.2594008,59.481262
M8422,XIII Musculoskeletal,14.378271,17.681755,3.0563788,59.909126
M8423,XIII Musculoskeletal,14.442232,17.596167,3.7546701,59.23842
M8425,XIII Musculoskeletal,14.371193,17.665154,2.6215942,60.00767
M8426,XIII Musculoskeletal,14.352348,17.676058,2.8178856,60.07149
M8427,XIII Musculoskeletal,14.453083,17.600706,3.7783988,59.203796
M843,XIII Musculoskeletal,13.714364,18.10182,7.682219,59.665085
M8430,XIII Musculoskeletal,14.447598,17.582317,4.231467,59.147457
M8431,XIII Musculoskeletal,14.435592,17.601189,4.128845,59.17165
M8432,XIII Musculoskeletal,14.4189205,17.613092,4.522786,59.04808
M8433,XIII Musculoskeletal,14.429954,17.601116,4.211217,59.182716
M8434,XIII Musculoskeletal,14.479985,17.552105,4.179419,59.223476
M8435,XIII Musculoskeletal,12.736458,17.92523,22.12584,41.53973
M8436,XIII Musculoskeletal,14.318462,17.627165,5.309143,59.788097
M8437,XIII Musculoskeletal,14.2421255,17.73623,2.3254464,60.79173
M8438,XIII Musculoskeletal,14.437087,17.595129,3.3294387,58.727886
M844,XIII Musculoskeletal,13.872684,17.86702,7.4783773,59.415413
M8440,XIII Musculoskeletal,14.460286,17.57052,3.9679658,59.08021
M8441,XIII Musculoskeletal,12.423458,18.05992,22.348465,41.78419
M8442,XIII Musculoskeletal,14.440346,17.623415,4.2831655,60.0854
M8443,XIII Musculoskeletal,14.375791,17.64504,5.2597327,59.498528
M8444,XIII Musculoskeletal,14.464795,17.566862,3.3901577,59.133728
M8445,XIII Musculoskeletal,12.640709,18.00151,21.981152,40.59628
M8446,XIII Musculoskeletal,14.356088,17.664976,2.9949613,59.576668
M8447,XIII Musculoskeletal,14.420507,17.618992,3.663308,60.19715
M8448,XIII Musculoskeletal,14.414991,17.60672,3.0889935,58.011494
M8475,XIII Musculoskeletal,14.369897,17.662718,2.916877,59.87921
M848,XIII Musculoskeletal,14.442878,17.615755,3.4734719,59.457912
M8480,XIII Musculoskeletal,14.456522,17.579311,3.8445885,59.204506
M8482,XIII Musculoskeletal,14.470333,17.57062,3.837475,59.23008
M8483,XIII Musculoskeletal,12.334495,18.200146,22.994942,42.894142
M8484,XIII Musculoskeletal,14.3987665,17.64291,4.0750136,59.818798
M8485,XIII Musculoskeletal,12.33982,18.034061,21.69428,40.989937
M8487,XIII Musculoskeletal,14.476376,17.735834,3.8185349,61.053936
M8488,XIII Musculoskeletal,14.416447,17.604792,4.647774,59.212273
M8489,XIII Musculoskeletal,14.472271,17.570442,3.8279853,59.23506
M849,XIII Musculoskeletal,14.299946,17.739824,2.677074,60.096394
M8491,XIII Musculoskeletal,14.457494,17.595217,3.941232,59.074547
M8494,XIII Musculoskeletal,12.353739,18.305756,23.322197,43.37507
M8495,XIII Musculoskeletal,14.449711,17.608904,3.752569,59.45955
M8498,XIII Musculoskeletal,14.468547,17.584616,3.5909715,58.960785
M850,XIII Musculoskeletal,10.50614,18.236673,46.115185,36.83656
M8500,XIII Musculoskeletal,10.523822,18.285303,47.203403,37.485046
M8503,XIII Musculoskeletal,10.485194,18.229528,45.602577,37.208126
M8505,XIII Musculoskeletal,10.481546,18.227419,45.68254,37.05951
M8508,XIII Musculoskeletal,10.4764595,18.237167,45.67012,37.065193
M8509,XIII Musculoskeletal,10.464346,18.199873,45.083794,37.222546
M852,XIII Musculoskeletal,10.557046,18.185905,46.001095,36.26257
M8520,XIII Musculoskeletal,10.499291,18.22208,45.707817,37.03083
M8521,XIII Musculoskeletal,10.483029,18.223986,45.702023,37.084118
M8522,XIII Musculoskeletal,10.480717,18.236347,45.655746,37.08218
M853,XIII Musculoskeletal,10.489499,18.231121,45.968052,37.17414
M854,XIII Musculoskeletal,10.526711,18.176607,45.321632,36.640705
M8541,XIII Musculoskeletal,10.595334,18.163086,45.435123,36.165684
M8542,XIII Musculoskeletal,10.480364,18.238804,45.677765,37.13253
M8544,XIII Musculoskeletal,10.483183,18.21716,45.559902,37.032135
M8545,XIII Musculoskeletal,11.484958,17.798153,39.181026,35.336975
M8546,XIII Musculoskeletal,10.535522,18.25833,46.62202,37.317142
M8547,XIII Musculoskeletal,10.503015,18.301828,46.361,36.880215
M855,XIII Musculoskeletal,10.4605875,18.178595,45.075882,37.144985
M8550,XIII Musculoskeletal,10.482942,18.230436,45.681416,37.11148
M8559,XIII Musculoskeletal,10.482658,18.253986,45.63903,37.09032
M856,XIII Musculoskeletal,10.444205,18.237001,45.10279,36.885498
M8560,XIII Musculoskeletal,11.333476,17.925478,39.133762,35.467754
M8561,XIII Musculoskeletal,10.481572,18.227985,45.67851,37.12141
M8563,XIII Musculoskeletal,10.483275,18.221388,45.66101,37.10128
M8564,XIII Musculoskeletal,10.529558,18.204071,45.90793,37.49835
M8565,XIII Musculoskeletal,10.653843,18.231098,47.826405,37.65071
M8566,XIII Musculoskeletal,10.531941,18.26972,46.695053,37.450226
M8567,XIII Musculoskeletal,10.547097,18.253317,46.82849,37.5327
M8568,XIII Musculoskeletal,10.513015,18.231089,45.608406,37.540356
M858,XIII Musculoskeletal,11.45737,19.557085,43.774338,50.75326
M8580,XIII Musculoskeletal,10.469327,18.07112,43.991558,36.410503
M8581,XIII Musculoskeletal,11.372356,17.889982,39.392998,35.825344
M8582,XIII Musculoskeletal,9.309285,18.233118,57.755768,30.904602
M8583,XIII Musculoskeletal,10.526964,18.242172,46.967846,37.572495
M8584,XIII Musculoskeletal,10.501099,18.222967,45.99005,37.572914
M8585,XIII Musculoskeletal,10.344571,17.905472,43.798588,37.871887
M8586,XIII Musculoskeletal,10.542674,18.28988,47.14646,37.468285
M8587,XIII Musculoskeletal,10.438151,18.239801,45.844368,37.439278
M8588,XIII Musculoskeletal,10.604041,18.147322,44.47802,36.431118
M8589,XIII Musculoskeletal,11.266183,19.211075,42.327633,48.0754
M859,XIII Musculoskeletal,13.110895,17.678528,17.561255,62.084183
M8592,XIII Musculoskeletal,10.476277,18.242474,45.705566,37.059334
M8595,XIII Musculoskeletal,10.479487,18.210472,45.41795,36.986763
M8597,XIII Musculoskeletal,10.420351,18.211864,45.721554,36.658016
M8598,XIII Musculoskeletal,10.920107,18.054619,39.36994,35.377026
M8599,XIII Musculoskeletal,11.811206,17.797739,20.166622,42.07544
M86,XIII Musculoskeletal,11.772543,17.65728,17.161646,39.105938
M860,XIII Musculoskeletal,12.739612,18.072033,30.982784,25.314886
M861,XIII Musculoskeletal,11.830803,17.629196,17.99145,38.416924
M8611,XIII Musculoskeletal,11.700787,17.636978,16.224749,37.968338
M8614,XIII Musculoskeletal,11.720581,17.641315,16.201374,38.39955
M8615,XIII Musculoskeletal,11.712933,17.65237,15.462221,38.737774
M8617,XIII Musculoskeletal,11.911824,17.71707,18.455276,39.16808
M8618,XIII Musculoskeletal,11.697218,17.642199,15.650307,38.483658
M8620,XIII Musculoskeletal,11.706808,17.652098,15.629197,38.536087
M8630,XIII Musculoskeletal,11.923855,17.703325,19.29172,39.32803
M864,XIII Musculoskeletal,11.707439,17.641117,15.796847,38.45882
M8642,XIII Musculoskeletal,11.679285,17.613754,15.901753,38.302174
M8645,XIII Musculoskeletal,11.706012,17.641006,15.360497,38.524837
M8646,XIII Musculoskeletal,11.746349,17.670773,16.248312,38.852024
M8647,XIII Musculoskeletal,11.703726,17.661602,16.12668,39.561115
M8648,XIII Musculoskeletal,11.715521,17.648565,16.221716,38.75507
M8650,XIII Musculoskeletal,11.732308,17.641695,16.159737,38.45731
M866,XIII Musculoskeletal,11.67801,17.619616,15.90901,38.267693
M8660,XIII Musculoskeletal,11.700467,17.637657,15.328553,39.34428
M8661,XIII Musculoskeletal,11.708145,17.639519,15.819564,38.482647
M8662,XIII Musculoskeletal,11.695021,17.616833,15.664656,38.181362
M8664,XIII Musculoskeletal,12.334934,18.358133,23.54337,44.035656
M8665,XIII Musculoskeletal,11.678081,17.660078,14.825739,39.781254
M8666,XIII Musculoskeletal,11.688725,17.60716,16.924505,38.326405
M8667,XIII Musculoskeletal,11.775875,17.69132,16.974268,37.994167
M8668,XIII Musculoskeletal,11.704412,17.620361,16.36907,38.205875
M8669,XIII Musculoskeletal,11.719013,17.634825,16.300493,38.601727
M868,XIII Musculoskeletal,11.694051,17.65321,15.832061,38.588943
M8680,XIII Musculoskeletal,11.726425,17.621857,16.298601,38.382515
M8681,XIII Musculoskeletal,11.743752,17.69633,16.185736,38.427345
M8684,XIII Musculoskeletal,11.700536,17.621204,15.955138,38.507874
M8685,XIII Musculoskeletal,11.690902,17.637726,15.722723,38.59166
M8686,XIII Musculoskeletal,11.722291,17.630604,15.055061,38.756866
M8687,XIII Musculoskeletal,11.692048,17.637787,14.827925,39.874874
M8688,XIII Musculoskeletal,12.009574,17.810722,15.722016,40.823566
M8689,XIII Musculoskeletal,11.717772,17.651516,15.52982,39.106564
M869,XIII Musculoskeletal,11.74622,17.668333,17.333101,39.366024
M8690,XIII Musculoskeletal,11.706422,17.607798,16.936188,38.347
M8691,XIII Musculoskeletal,11.648828,17.665056,15.417925,38.61439
M8692,XIII Musculoskeletal,11.699813,17.624523,16.066252,38.0664
M8693,XIII Musculoskeletal,11.72746,17.603395,16.135027,38.534855
M8694,XIII Musculoskeletal,11.925468,17.712645,19.121124,39.648853
M8695,XIII Musculoskeletal,11.7916355,17.711323,17.281235,38.924534
M8696,XIII Musculoskeletal,11.858421,17.668385,16.013659,39.646893
M8697,XIII Musculoskeletal,11.687133,17.664984,16.226221,40.02483
M8698,XIII Musculoskeletal,11.690073,17.643396,16.347168,39.567093
M8699,XIII Musculoskeletal,11.698381,17.641665,14.9514065,39.614407
M87,XIII Musculoskeletal,11.974906,17.056175,16.025673,35.825268
M8708,XIII Musculoskeletal,12.008589,17.027882,16.279013,35.568302
M871,XIII Musculoskeletal,12.02978,16.999027,15.857881,35.48031
M8712,XIII Musculoskeletal,12.009476,16.99629,15.902274,35.5108
M8715,XIII Musculoskeletal,12.019104,17.003351,15.831554,35.57988
M8718,XIII Musculoskeletal,12.036822,16.982874,15.858306,35.264034
M8719,XIII Musculoskeletal,12.012498,16.98549,15.659408,35.516994
M872,XIII Musculoskeletal,12.032079,17.005108,15.970525,35.52601
M8720,XIII Musculoskeletal,11.84249,17.3151,18.348276,36.08317
M8721,XIII Musculoskeletal,11.9623995,17.26014,18.217985,36.216076
M8725,XIII Musculoskeletal,12.053126,17.033031,15.77891,34.636414
M8726,XIII Musculoskeletal,12.038975,16.965994,15.8175955,35.300777
M8727,XIII Musculoskeletal,12.057692,17.022917,15.918162,34.628334
M8735,XIII Musculoskeletal,12.022775,16.982948,15.714961,35.39079
M878,XIII Musculoskeletal,11.944332,17.324987,18.236992,36.16677
M8780,XIII Musculoskeletal,12.023187,16.991972,15.75646,35.434586
M8781,XIII Musculoskeletal,12.026658,16.984423,15.724753,35.40661
M8783,XIII Musculoskeletal,12.02607,16.970074,15.777542,35.344646
M8784,XIII Musculoskeletal,11.928599,17.182035,17.806227,36.012405
M8785,XIII Musculoskeletal,12.013771,17.06096,16.730503,35.14301
M8786,XIII Musculoskeletal,12.020933,16.987879,15.819218,35.487133
M8787,XIII Musculoskeletal,12.006269,17.03659,16.271362,35.66291
M8788,XIII Musculoskeletal,12.037174,16.99181,15.689009,35.023182
M879,XIII Musculoskeletal,11.866389,17.354591,17.976984,36.390556
M8791,XIII Musculoskeletal,13.817822,18.158968,9.094101,64.14117
M8792,XIII Musculoskeletal,12.042153,17.000845,15.768924,35.17903
M8793,XIII Musculoskeletal,11.997979,17.05404,16.47727,35.440075
M8794,XIII Musculoskeletal,12.163395,17.670685,20.076624,42.570374
M8795,XIII Musculoskeletal,12.007535,17.177395,17.067451,34.461956
M8796,XIII Musculoskeletal,12.116927,18.102665,22.315472,57.269306
M8797,XIII Musculoskeletal,12.157765,17.050943,15.103624,34.95
M8798,XIII Musculoskeletal,12.044006,16.984337,15.7556095,35.340603
M8799,XIII Musculoskeletal,11.995253,16.959259,15.748219,35.516354
M88,XIII Musculoskeletal,12.213034,17.713049,19.933819,43.01081
M880,XIII Musculoskeletal,12.465161,17.415035,18.669401,44.78376
M8800,XIII Musculoskeletal,12.456297,17.419235,18.63273,44.73494
M888,XIII Musculoskeletal,12.454994,17.433899,18.525429,44.948822
M8880,XIII Musculoskeletal,12.452216,17.414145,18.703316,44.693775
M8881,XIII Musculoskeletal,12.160675,17.704756,19.8689,42.95356
M8883,XIII Musculoskeletal,12.442409,17.408869,18.681927,44.63591
M8885,XIII Musculoskeletal,12.462936,17.41605,19.405151,44.622726
M8886,XIII Musculoskeletal,12.471328,17.410915,18.679789,44.79181
M8888,XIII Musculoskeletal,12.466954,17.41926,18.549871,44.698673
M889,XIII Musculoskeletal,12.285188,17.708902,19.812496,43.104954
M8890,XIII Musculoskeletal,12.510189,17.378262,19.497547,45.482666
M8891,XIII Musculoskeletal,12.448295,17.431194,18.888073,44.481647
M8892,XIII Musculoskeletal,12.384893,17.444775,18.82796,44.59521
M8894,XIII Musculoskeletal,12.469315,17.406172,18.628517,44.74047
M8895,XIII Musculoskeletal,12.121114,17.682087,19.975307,42.80977
M8896,XIII Musculoskeletal,12.447472,17.43278,18.733974,44.632217
M8898,XIII Musculoskeletal,12.453693,17.411991,18.61484,44.75616
M8899,XIII Musculoskeletal,12.408618,17.438456,18.824661,44.576374
M890,XIII Musculoskeletal,14.426158,19.446083,35.96875,58.613995
M8900,XIII Musculoskeletal,14.564658,19.542889,32.821255,57.51715
M8901,XIII Musculoskeletal,14.618961,19.597702,33.7421,57.267864
M8902,XIII Musculoskeletal,14.607991,19.561079,33.16193,57.35765
M8903,XIII Musculoskeletal,14.638876,19.611284,33.91785,57.19541
M8904,XIII Musculoskeletal,14.544124,19.460142,36.480354,55.906174
M8905,XIII Musculoskeletal,14.621019,19.590406,34.094574,57.13798
M8906,XIII Musculoskeletal,14.5943365,19.536423,32.93919,57.746452
M8907,XIII Musculoskeletal,14.646378,19.606434,34.057755,57.039913
M8908,XIII Musculoskeletal,14.618594,19.59835,33.84143,57.285122
M8909,XIII Musculoskeletal,12.365064,18.438051,23.621294,45.237747
M8913,XIII Musculoskeletal,14.616587,19.59803,33.753246,57.220253
M8921,XIII Musculoskeletal,12.412517,18.40269,23.74815,45.133564
M8924,XIII Musculoskeletal,14.603309,19.594616,33.95176,57.467457
M8927,XIII Musculoskeletal,14.623264,19.591705,33.7212,56.588882
M893,XIII Musculoskeletal,14.588643,19.543325,32.565826,58.325344
M8931,XIII Musculoskeletal,14.614435,19.589954,33.72477,57.30201
M8932,XIII Musculoskeletal,14.593248,19.574917,33.494736,57.981693
M8934,XIII Musculoskeletal,14.611584,19.57219,34.754833,57.11864
M8935,XIII Musculoskeletal,14.619857,19.58933,33.8019,57.338917
M8936,XIII Musculoskeletal,14.621749,19.597178,33.74944,57.312496
M8937,XIII Musculoskeletal,14.358916,18.809944,36.569164,55.858585
M8938,XIII Musculoskeletal,14.61661,19.618803,33.682087,57.571556
M8939,XIII Musculoskeletal,14.62412,19.593592,33.820946,57.2541
M894,XIII Musculoskeletal,12.713069,18.591156,22.409199,46.32187
M8940,XIII Musculoskeletal,14.5928335,19.561333,34.441284,56.749855
M8941,XIII Musculoskeletal,14.627933,19.597502,33.77432,57.21355
M8944,XIII Musculoskeletal,14.653591,19.56148,33.774265,57.21847
M895,XIII Musculoskeletal,14.614713,19.613947,33.771133,56.794296
M8951,XIII Musculoskeletal,14.632805,19.600925,33.35472,57.21142
M8952,XIII Musculoskeletal,14.629386,19.58304,34.20513,56.874084
M8955,XIII Musculoskeletal,14.581637,19.599974,34.144726,58.32318
M8956,XIII Musculoskeletal,14.600335,19.584267,33.611965,58.041348
M8957,XIII Musculoskeletal,14.600988,19.60431,33.71999,57.588196
M8958,XIII Musculoskeletal,14.613943,19.582792,33.98874,57.530422
M896,XIII Musculoskeletal,14.619551,19.58987,33.75347,57.322174
M8960,XIII Musculoskeletal,14.599833,19.567225,33.17379,57.4962
M898,XIII Musculoskeletal,12.065876,19.923704,37.308598,59.120285
M8980,XIII Musculoskeletal,14.605727,19.591976,33.749725,57.817585
M8981,XIII Musculoskeletal,14.571935,19.548079,35.031044,56.356503
M8982,XIII Musculoskeletal,14.653527,19.55728,34.39125,56.413795
M8983,XIII Musculoskeletal,12.817423,18.582296,21.615677,47.39783
M8984,XIII Musculoskeletal,14.571329,19.58461,32.731308,56.902813
M8985,XIII Musculoskeletal,14.617627,19.6326,34.263535,58.150795
M8986,XIII Musculoskeletal,13.599796,18.07471,15.122252,66.05194
M8987,XIII Musculoskeletal,14.4057255,19.306227,17.337416,65.0094
M8988,XIII Musculoskeletal,14.555948,19.595617,35.602867,57.46404
M8989,XIII Musculoskeletal,14.625519,19.59556,34.092358,56.27105
M899,XIII Musculoskeletal,12.70858,19.393633,37.01375,59.119286
M8990,XIII Musculoskeletal,14.522041,19.466057,32.698997,57.79771
M8991,XIII Musculoskeletal,14.556558,19.55329,34.075634,58.010548
M8992,XIII Musculoskeletal,14.630299,19.591911,33.990868,56.79596
M8993,XIII Musculoskeletal,14.588338,19.546358,32.97477,57.871696
M8994,XIII Musculoskeletal,14.62964,19.585775,34.97121,55.913734
M8995,XIII Musculoskeletal,14.561656,19.505583,32.50577,57.961697
M8996,XIII Musculoskeletal,14.551928,19.44663,31.713001,58.28332
M8997,XIII Musculoskeletal,14.454006,19.358139,31.454828,58.08216
M8998,XIII Musculoskeletal,14.456767,19.626074,34.99416,59.42202
M8999,XIII Musculoskeletal,14.590279,19.61401,34.3295,57.388348
M900,XIII Musculoskeletal,8.344157,13.869949,46.862885,26.283155
M9000,XIII Musculoskeletal,8.344256,13.869241,47.03817,26.277273
M9007,XIII Musculoskeletal,8.344208,13.869031,46.77025,26.186176
M901,XIII Musculoskeletal,8.3437195,13.867758,46.998814,26.275826
M9010,XIII Musculoskeletal,8.343683,13.86934,46.994343,26.27112
M9013,XIII Musculoskeletal,8.347059,13.891487,46.409954,26.211857
M9014,XIII Musculoskeletal,8.346346,13.873327,46.95217,26.275806
M902,XIII Musculoskeletal,8.343062,13.869396,46.909702,26.246204
M9020,XIII Musculoskeletal,8.345165,13.870644,46.973873,26.263176
M903,XIII Musculoskeletal,8.3461685,13.877858,46.56593,26.18564
M907,XIII Musculoskeletal,8.345743,13.872929,46.47491,26.020784
M9070,XIII Musculoskeletal,8.346535,13.874948,46.5401,26.093857
M9071,XIII Musculoskeletal,8.3446455,13.869447,47.07327,26.133205
M9072,XIII Musculoskeletal,8.346843,13.874615,46.327824,25.960966
M9075,XIII Musculoskeletal,8.3445425,13.869767,47.364613,25.890537
M9076,XIII Musculoskeletal,8.345969,13.875164,46.606354,26.172184
M9078,XIII Musculoskeletal,8.346733,13.871288,47.251904,25.762064
M9079,XIII Musculoskeletal,8.344002,13.868888,47.249607,26.335718
M908,XIII Musculoskeletal,8.348128,13.878922,46.34852,26.175955
M9080,XIII Musculoskeletal,8.345384,13.865982,46.871056,26.264149
M9084,XIII Musculoskeletal,8.343719,13.866569,46.856823,26.240196
M91,XIII Musculoskeletal,8.751953,15.764703,23.769066,34.86483
M910,XIII Musculoskeletal,8.75316,15.765192,23.719254,35.01033
M911,XIII Musculoskeletal,8.769063,15.777522,23.895777,34.69215
M9115,XIII Musculoskeletal,8.769907,15.782761,23.669327,35.072678
M9119,XIII Musculoskeletal,8.74972,15.762955,23.699814,35.045673
M912,XIII Musculoskeletal,8.75517,15.767451,23.734667,34.95704
M9120,XIII Musculoskeletal,8.758818,15.771123,23.777985,34.94551
M9121,XIII Musculoskeletal,8.748246,15.761563,23.72795,35.00258
M9129,XIII Musculoskeletal,8.754237,15.766612,23.72511,35.001835
M9131,XIII Musculoskeletal,8.753709,15.766199,23.683323,35.035107
M919,XIII Musculoskeletal,8.759526,15.770921,23.687815,35.055573
M9191,XIII Musculoskeletal,8.756313,15.76948,23.768288,34.845444
M922,XIII Musculoskeletal,7.4788084,19.81592,28.93212,31.643808
M923,XIII Musculoskeletal,7.5027943,19.801386,28.973324,31.728422
M9240,XIII Musculoskeletal,7.4841413,19.813227,28.953957,31.836214
M925,XIII Musculoskeletal,7.59777,19.754768,28.714537,32.994785
M9250,XIII Musculoskeletal,7.508836,19.798145,28.973694,31.680119
M9251,XIII Musculoskeletal,7.5066285,19.800898,28.955503,31.641264
M926,XIII Musculoskeletal,7.5566473,19.774216,28.70652,32.41561
M927,XIII Musculoskeletal,7.576446,19.765928,28.523527,32.581596
M928,XIII Musculoskeletal,7.527604,19.78857,28.79312,31.99415
M929,XIII Musculoskeletal,7.4998035,19.802618,28.948847,31.619154
M93,XIII Musculoskeletal,12.706444,17.561249,16.310041,46.219097
M930,XIII Musculoskeletal,12.755676,17.559677,16.345106,46.2494
M931,XIII Musculoskeletal,12.55294,17.595644,16.503399,46.085777
M932,XIII Musculoskeletal,14.635557,16.962587,16.431578,57.24665
M938,XIII Musculoskeletal,12.660692,17.73449,17.399147,46.60056
M9386,XIII Musculoskeletal,12.689367,17.530542,16.356476,46.214806
M939,XIII Musculoskeletal,13.036594,17.70796,18.850279,63.515015
M94,XIII Musculoskeletal,14.674587,16.921583,16.863382,55.993736
M940,XIII Musculoskeletal,11.866458,19.460932,40.95785,51.917545
M9408,XIII Musculoskeletal,14.673384,16.92489,16.884096,56.084583
M9409,XIII Musculoskeletal,14.66039,16.937464,16.87856,56.02259
M941,XIII Musculoskeletal,14.6663065,16.935217,17.270908,54.960842
M9410,XIII Musculoskeletal,14.639914,16.899868,17.201916,55.7895
M9418,XIII Musculoskeletal,14.67147,16.920702,16.850737,56.02413
M942,XIII Musculoskeletal,14.67491,16.920582,16.086823,55.849777
M9421,XIII Musculoskeletal,14.672487,16.930075,16.434801,56.36357
M9422,XIII Musculoskeletal,14.66786,16.908249,16.740469,56.08551
M9423,XIII Musculoskeletal,14.675011,16.934591,16.834017,55.28819
M9424,XIII Musculoskeletal,14.670016,16.923004,16.852741,55.915188
M9425,XIII Musculoskeletal,14.675035,16.914156,16.844782,55.99037
M9426,XIII Musculoskeletal,14.585869,16.77227,15.184731,55.997932
M9427,XIII Musculoskeletal,14.580487,16.99261,15.656353,57.545998
M9428,XIII Musculoskeletal,12.463992,18.422998,23.43041,45.096844
M943,XIII Musculoskeletal,14.667494,16.927671,16.534555,55.951744
M9435,XIII Musculoskeletal,14.66385,16.92005,16.258278,56.034496
M9436,XIII Musculoskeletal,14.661486,16.907522,17.103197,56.41267
M948,XIII Musculoskeletal,14.6367855,16.948656,17.297447,56.636715
M9480,XIII Musculoskeletal,14.690435,16.94783,16.874725,56.055347
M9481,XIII Musculoskeletal,14.673751,16.936445,16.77528,55.894512
M9485,XIII Musculoskeletal,14.676761,16.93354,16.880816,55.896538
M9486,XIII Musculoskeletal,14.330458,16.124208,-7.8367567,63.896877
M9487,XIII Musculoskeletal,14.647176,16.948822,16.549252,56.730797
M9488,XIII Musculoskeletal,14.533155,17.171974,17.481207,52.940907
M9489,XIII Musculoskeletal,14.678992,16.923151,16.733932,55.65621
M949,XIII Musculoskeletal,14.675088,16.92243,16.877934,56.045387
M9491,XIII Musculoskeletal,14.67484,16.918049,16.870808,56.068966
M9494,XIII Musculoskeletal,14.676699,16.91935,16.848473,56.006027
M9495,XIII Musculoskeletal,14.713971,16.865746,16.848234,55.926598
M9496,XIII Musculoskeletal,14.658745,16.899467,16.017918,55.908653
M9497,XIII Musculoskeletal,14.73774,16.992624,16.687046,55.798378
M95,XIII Musculoskeletal,12.854154,17.819216,16.707043,49.485462
M950,XIII Musculoskeletal,12.899106,17.86016,16.650873,49.53258
M951,XIII Musculoskeletal,12.884412,17.855186,16.703444,49.486877
M952,XIII Musculoskeletal,12.861203,17.843771,16.767782,49.46813
M953,XIII Musculoskeletal,12.8784075,17.821953,16.708405,49.48463
M954,XIII Musculoskeletal,12.867782,17.86811,16.85323,49.419323
M958,XIII Musculoskeletal,12.875937,17.817818,16.712656,49.486588
M959,XIII Musculoskeletal,12.874373,17.851791,16.694641,49.530243
M960,XIII Musculoskeletal,14.061761,17.773802,5.2109904,62.230804
M961,XIII Musculoskeletal,9.8903265,19.735416,58.781723,44.181133
M962,XIII Musculoskeletal,9.855294,19.725637,58.643208,44.226707
M963,XIII Musculoskeletal,9.902647,19.747152,58.62347,44.197685
M965,XIII Musculoskeletal,9.921252,19.738768,58.64438,44.224934
M966,XIII Musculoskeletal,10.11231,19.678219,49.015625,44.470448
M968,XIII Musculoskeletal,9.83023,19.68483,58.737957,44.043694
M9682,XIII Musculoskeletal,9.884577,19.730274,58.64281,44.212616
M969,XIII Musculoskeletal,9.898422,19.726702,58.643845,44.19666
M99,XIII Musculoskeletal,10.625497,16.101498,32.60708,23.500582
M990,XIII Musculoskeletal,10.61799,16.105223,31.972523,22.1479
M9911,XIII Musculoskeletal,10.616009,16.103638,32.00611,22.328312
M993,XIII Musculoskeletal,10.617969,16.104883,32.09484,22.288092
M9933,XIII Musculoskeletal,10.619439,16.108694,32.135513,22.213997
M9943,XIII Musculoskeletal,10.614777,16.101347,32.005505,22.24759
M995,XIII Musculoskeletal,10.614785,16.105865,32.648685,22.776472
M9950,XIII Musculoskeletal,10.617336,16.106686,32.021347,22.28562
M9951,XIII Musculoskeletal,10.618315,16.105335,32.000843,22.254564
M9953,XIII Musculoskeletal,10.6182375,16.103783,32.05851,22.284117
M9956,XIII Musculoskeletal,10.612725,16.121115,32.01063,22.260067
M996,XIII Musculoskeletal,10.620197,16.106556,32.40303,22.254833
M9963,XIII Musculoskeletal,10.616564,16.103514,32.232994,22.231998
M997,XIII Musculoskeletal,10.604906,16.093636,32.584934,22.619982
M9971,XIII Musculoskeletal,10.619016,16.119534,32.044483,22.223251
M9972,XIII Musculoskeletal,10.624807,16.112263,31.918623,22.200508
M9973,XIII Musculoskeletal,10.610263,16.098385,32.243443,22.297157
M998,XIII Musculoskeletal,10.615752,16.100666,32.05064,22.022024
M9980,XIII Musculoskeletal,10.580403,16.071636,31.998947,22.246058
M9981,XIII Musculoskeletal,10.60854,16.097773,32.18081,21.844788
M9982,XIII Musculoskeletal,10.607135,16.098753,32.012054,22.255909
M9983,XIII Musculoskeletal,10.57942,16.06709,32.221848,21.952715
M999,XIII Musculoskeletal,10.626318,16.108397,32.253086,23.426937
N00,XIV Genitourinary,15.699714,6.3685265,43.365456,7.914106
N001,XIV Genitourinary,15.677317,6.4870925,43.026806,8.13504
N002,XIV Genitourinary,15.649447,6.525987,43.00067,8.126162
N003,XIV Genitourinary,15.629182,6.5155687,43.015965,8.138796
N005,XIV Genitourinary,15.643649,6.513507,42.99999,8.129217
N007,XIV Genitourinary,15.640019,6.5444813,42.992867,8.1266985
N009,XIV Genitourinary,15.708793,6.5248427,43.050446,8.142672
N013,XIV Genitourinary,10.141171,-1.3497669,-22.83263,15.500473
N019,XIV Genitourinary,10.014298,-1.2920252,-22.783974,15.468783
N02,XIV Genitourinary,15.953455,6.795312,43.534477,11.645164
N020,XIV Genitourinary,15.969713,6.806011,43.03727,11.335963
N021,XIV Genitourinary,15.92029,6.936905,42.946915,11.423319
N022,XIV Genitourinary,16.012852,6.826722,43.01561,11.345246
N023,XIV Genitourinary,15.947877,6.766298,42.970367,11.230224
N027,XIV Genitourinary,15.944541,6.822832,42.976334,11.270847
N028,XIV Genitourinary,15.958832,6.8854146,42.987022,11.363026
N029,XIV Genitourinary,15.971546,6.6791363,43.264194,11.321519
N03,XIV Genitourinary,16.018534,7.007225,39.26277,10.313299
N030,XIV Genitourinary,16.018564,7.0241137,39.33252,10.270728
N031,XIV Genitourinary,16.00448,7.0135036,39.06427,10.307249
N032,XIV Genitourinary,16.03768,7.042497,39.136482,10.23511
N033,XIV Genitourinary,16.000978,7.0126467,39.239254,10.2746725
N035,XIV Genitourinary,16.027477,6.9879284,39.281822,10.281582
N037,XIV Genitourinary,16.010075,7.0495553,39.270462,10.29638
N038,XIV Genitourinary,16.052183,6.951445,39.28382,10.31031
N039,XIV Genitourinary,15.965376,7.058765,39.623417,10.3532
N04,XIV Genitourinary,15.978451,7.115367,41.669487,12.467209
N040,XIV Genitourinary,15.974421,7.1096387,41.651398,12.747706
N041,XIV Genitourinary,15.974072,7.1147995,40.619427,12.138811
N042,XIV Genitourinary,15.96562,7.144499,41.4062,12.26449
N043,XIV Genitourinary,15.970238,7.1305265,41.10214,12.50606
N044,XIV Genitourinary,15.974531,7.1289735,41.17417,12.486628
N045,XIV Genitourinary,15.984768,7.138257,41.104877,12.437479
N046,XIV Genitourinary,15.981341,7.120437,41.18634,12.452301
N047,XIV Genitourinary,15.98427,7.1628957,41.27008,12.552728
N048,XIV Genitourinary,15.963886,7.1446705,40.973648,12.098086
N049,XIV Genitourinary,15.947327,7.1178946,41.4156,12.63043
N05,XIV Genitourinary,15.879384,7.024399,40.647957,10.424123
N050,XIV Genitourinary,15.922857,7.115188,40.707245,10.255914
N051,XIV Genitourinary,15.897923,7.0810723,40.92689,9.983262
N052,XIV Genitourinary,15.886696,7.1146145,40.697475,10.311721
N053,XIV Genitourinary,15.938712,7.1478767,40.769344,10.411539
N054,XIV Genitourinary,15.899079,7.1003504,40.678642,10.356333
N055,XIV Genitourinary,15.919958,7.123703,40.652527,10.471764
N057,XIV Genitourinary,15.901364,7.1225333,40.714825,10.2937155
N058,XIV Genitourinary,15.913335,7.142877,40.694607,10.358598
N059,XIV Genitourinary,15.930186,7.1200423,40.476982,10.605901
N061,XIV Genitourinary,16.182884,6.331241,42.653557,-1.4343479
N062,XIV Genitourinary,16.22355,6.2446437,42.624557,-1.349584
N078,XIV Genitourinary,10.062363,-1.2709625,-22.787079,15.540369
N080,XIV Genitourinary,15.950564,7.190944,40.188435,13.860535
N081,XIV Genitourinary,15.951084,7.164838,40.178543,13.769884
N082,XIV Genitourinary,15.96242,7.188631,40.251373,13.8594265
N083,XIV Genitourinary,15.985388,7.16606,40.113945,13.970877
N084,XIV Genitourinary,15.987805,7.253601,40.2746,13.786269
N085,XIV Genitourinary,16.002867,7.2208266,40.28803,13.864776
N088,XIV Genitourinary,15.982398,7.210211,40.185596,13.860305
N10,XIV Genitourinary,15.810579,6.3076634,43.75876,6.326873
N11,XIV Genitourinary,16.18593,6.7110825,47.2932,-0.427117
N110,XIV Genitourinary,16.209288,6.7004533,47.323257,-0.40907922
N111,XIV Genitourinary,16.169882,6.7197723,47.362854,-0.45077127
N118,XIV Genitourinary,16.21186,6.713707,47.323833,-0.4016239
N119,XIV Genitourinary,16.17285,6.6706944,47.294918,-0.31971878
N12,XIV Genitourinary,15.909731,6.3867693,44.24277,5.3508306
N13,XIV Genitourinary,16.138561,6.517243,47.1032,2.781288
N130,XIV Genitourinary,16.168644,6.5331883,47.30594,2.4700387
N131,XIV Genitourinary,16.17428,6.519184,47.391983,2.3204162
N132,XIV Genitourinary,16.11996,6.5534005,46.679012,2.6567008
N133,XIV Genitourinary,16.205833,6.6077185,47.03514,2.0660274
N134,XIV Genitourinary,16.189287,6.5618114,47.188084,2.3446736
N135,XIV Genitourinary,16.162172,6.5353136,47.307266,2.5191233
N136,XIV Genitourinary,16.179049,6.5513587,47.338535,2.428055
N137,XIV Genitourinary,16.146288,6.5281186,47.29519,2.8650723
N138,XIV Genitourinary,16.117062,6.55987,47.17486,2.7608395
N139,XIV Genitourinary,16.175566,6.5055304,47.595547,3.1084175
N140,XIV Genitourinary,15.934161,7.0190825,42.04745,9.789218
N141,XIV Genitourinary,15.9499,7.0291543,41.919544,9.79165
N142,XIV Genitourinary,15.939951,7.0329366,42.05325,9.803847
N144,XIV Genitourinary,15.951258,7.0198812,42.044197,9.702632
N151,XIV Genitourinary,16.435766,6.290063,46.057785,-1.8940475
N158,XIV Genitourinary,16.487518,6.2926297,45.646507,-1.9653786
N159,XIV Genitourinary,16.398766,6.2802353,45.804073,-1.818497
N160,XIV Genitourinary,16.075981,6.270967,42.606174,0.21435006
N161,XIV Genitourinary,16.049513,6.282545,42.57149,0.111070976
N162,XIV Genitourinary,15.897082,6.466453,41.525764,2.8927329
N164,XIV Genitourinary,16.068926,6.25291,42.381916,0.579751
N165,XIV Genitourinary,16.091415,6.346505,42.45501,0.3684042
N168,XIV Genitourinary,16.12746,6.2722783,42.593193,0.01832878
N17,XIV Genitourinary,15.951355,6.692089,44.450024,2.1216424
N170,XIV Genitourinary,15.931426,6.635453,44.221565,3.002456
N171,XIV Genitourinary,15.980512,6.669146,44.239147,2.9581785
N172,XIV Genitourinary,15.940348,6.6658845,44.216476,3.0084906
N178,XIV Genitourinary,15.907667,6.644477,44.2336,3.0008712
N179,XIV Genitourinary,15.842682,6.713208,43.918888,2.8297496
N18,XIV Genitourinary,15.93951,7.0990877,39.628716,11.468052
N180,XIV Genitourinary,15.924253,7.155513,39.503956,12.127383
N181,XIV Genitourinary,15.897905,7.149967,39.222492,11.451915
N182,XIV Genitourinary,15.794958,7.0357037,37.581257,12.215124
N183,XIV Genitourinary,15.723844,6.936229,37.449013,12.247752
N184,XIV Genitourinary,15.898005,7.1369753,39.194233,12.350873
N185,XIV Genitourinary,15.924334,7.219348,39.468258,12.694166
N188,XIV Genitourinary,15.835754,7.119019,38.34452,12.112144
N189,XIV Genitourinary,15.778455,7.0016336,37.673218,12.199921
N19,XIV Genitourinary,15.895396,6.614548,43.65508,4.150685
N20,XIV Genitourinary,16.074064,6.585371,46.345936,2.7897608
N200,XIV Genitourinary,16.067574,6.554002,45.974144,2.5628192
N201,XIV Genitourinary,16.101742,6.553617,46.245037,2.671571
N202,XIV Genitourinary,16.092913,6.5616007,46.10357,2.4831307
N209,XIV Genitourinary,16.105223,6.5160637,46.3821,2.875258
N21,XIV Genitourinary,16.009192,6.545249,46.292465,3.7417605
N210,XIV Genitourinary,15.762974,6.5709586,44.73052,4.4080706
N211,XIV Genitourinary,16.097271,6.542301,46.843853,3.2404528
N218,XIV Genitourinary,16.099682,6.549034,46.830727,3.1795182
N219,XIV Genitourinary,15.945281,6.5700755,46.294205,3.7474766
N23,XIV Genitourinary,15.942017,6.6040406,45.69867,3.1476781
N25,XIV Genitourinary,15.996503,7.0779324,41.08736,11.56018
N250,XIV Genitourinary,15.985004,7.103464,40.976368,11.438425
N251,XIV Genitourinary,15.966392,7.157065,40.771294,12.039852
N258,XIV Genitourinary,15.953418,7.1200147,40.48646,11.144107
N259,XIV Genitourinary,16.06346,6.9491863,41.29769,11.625136
N26,XIV Genitourinary,15.961695,6.5961246,44.310738,4.437334
N27,XIV Genitourinary,16.36538,6.230124,44.743668,-1.6939968
N270,XIV Genitourinary,16.223177,6.2612357,44.55652,-1.5108299
N271,XIV Genitourinary,16.359266,6.2291274,44.761658,-1.6321751
N279,XIV Genitourinary,16.377304,6.2187543,44.757854,-1.7137237
N28,XIV Genitourinary,15.948975,6.6311584,44.13936,3.8118389
N280,XIV Genitourinary,15.931956,6.6596766,44.122616,3.9876585
N281,XIV Genitourinary,15.882697,6.7018785,43.944374,3.9135933
N288,XIV Genitourinary,15.99866,6.6316943,44.726685,3.9375248
N289,XIV Genitourinary,15.978306,6.6421704,44.345284,3.8503387
N291,XIV Genitourinary,15.736076,6.216986,46.434963,9.828472
N298,XIV Genitourinary,15.755126,6.281175,44.516315,8.506767
N30,XIV Genitourinary,15.671244,6.1033163,47.004726,9.140089
N300,XIV Genitourinary,15.773492,5.943813,48.01336,9.553116
N3000,XIV Genitourinary,15.6823635,6.201914,46.48396,7.8281584
N3001,XIV Genitourinary,15.697988,6.208719,46.439655,7.8109875
N301,XIV Genitourinary,15.706819,6.181539,46.43403,9.008441
N3010,XIV Genitourinary,15.651109,6.207161,46.423286,7.7987137
N3011,XIV Genitourinary,15.676749,6.208956,46.482094,7.844326
N302,XIV Genitourinary,15.712771,6.263084,46.154377,7.742308
N3020,XIV Genitourinary,15.643019,6.114682,46.831234,8.08521
N3021,XIV Genitourinary,15.67981,6.1690025,46.779446,8.1320505
N303,XIV Genitourinary,15.724977,6.18088,46.437035,7.2187963
N3030,XIV Genitourinary,15.666588,6.111607,47.19692,8.091687
N3031,XIV Genitourinary,15.661954,6.158153,47.02303,8.123636
N304,XIV Genitourinary,15.768003,6.236358,47.12679,7.144558
N308,XIV Genitourinary,15.721286,6.269438,45.875954,7.3583937
N3080,XIV Genitourinary,15.713267,6.1673255,46.461086,7.8164196
N3081,XIV Genitourinary,15.688627,6.153651,46.48382,7.8474207
N309,XIV Genitourinary,15.739304,6.2032633,46.21476,8.57019
N3090,XIV Genitourinary,15.658939,5.8894863,47.528114,8.321814
N3091,XIV Genitourinary,15.889273,5.7779274,47.76529,8.316985
N31,XIV Genitourinary,15.752251,6.3265796,44.390392,6.8691382
N310,XIV Genitourinary,15.773882,6.3391333,44.399906,6.82054
N311,XIV Genitourinary,15.816448,6.3319273,44.58947,6.7379403
N312,XIV Genitourinary,15.692545,6.3362694,45.332912,7.854686
N318,XIV Genitourinary,15.763455,6.377697,44.105274,6.5111203
N319,XIV Genitourinary,15.805501,6.304961,44.181164,6.891337
N32,XIV Genitourinary,15.686016,6.466657,44.89776,6.1606236
N320,XIV Genitourinary,15.586753,6.5501065,42.355724,5.0121355
N321,XIV Genitourinary,16.260458,6.3696046,48.851097,2.867933
N322,XIV Genitourinary,15.797997,6.3939285,45.34145,5.6249313
N323,XIV Genitourinary,15.682249,6.394778,44.88608,5.654749
N324,XIV Genitourinary,15.70552,6.472993,44.94603,6.12168
N328,XIV Genitourinary,15.725374,6.4593153,44.192036,5.74701
N329,XIV Genitourinary,15.725223,6.366328,45.580326,7.1091275
N330,XIV Genitourinary,15.681351,6.0853066,47.133945,9.018254
N338,XIV Genitourinary,15.624644,6.0757685,47.045467,8.895006
N340,XIV Genitourinary,15.879912,6.5242352,42.007435,3.2570832
N341,XIV Genitourinary,15.947993,6.790798,39.012142,8.03213
N342,XIV Genitourinary,15.866533,6.553423,41.794323,3.2526333
N343,XIV Genitourinary,15.876867,6.415372,42.082897,3.2160747
N35,XIV Genitourinary,15.773359,6.372551,46.77209,6.240509
N350,XIV Genitourinary,15.845852,6.4134555,46.61368,5.993068
N351,XIV Genitourinary,15.836178,6.3917036,46.554043,6.166777
N358,XIV Genitourinary,15.908292,6.439719,46.69038,6.0539093
N359,XIV Genitourinary,15.695187,6.425893,46.014896,5.9587297
N36,XIV Genitourinary,15.883179,6.2874956,45.625008,6.353467
N360,XIV Genitourinary,15.866129,6.2969584,45.51656,6.2934327
N361,XIV Genitourinary,16.190569,6.330636,48.322056,3.8263416
N362,XIV Genitourinary,15.871591,6.2379565,45.60181,6.015233
N363,XIV Genitourinary,15.936618,6.285452,46.05813,5.259689
N368,XIV Genitourinary,15.7443495,6.381919,45.376873,6.435718
N369,XIV Genitourinary,15.881995,6.25094,45.604992,6.296468
N370,XIV Genitourinary,15.774134,6.041166,48.995785,7.8182387
N378,XIV Genitourinary,15.773353,6.3008695,47.133728,6.472729
N39,XIV Genitourinary,15.745444,6.3308077,44.91685,7.433798
N390,XIV Genitourinary,15.770113,6.495858,43.72953,5.537119
N391,XIV Genitourinary,15.753373,6.2886686,45.08292,7.023948
N392,XIV Genitourinary,15.783034,6.2807016,45.07463,7.0603538
N393,XIV Genitourinary,15.903223,6.029103,49.627483,11.333942
N394,XIV Genitourinary,15.784246,6.2590303,44.8608,6.6564045
N398,XIV Genitourinary,15.682634,6.434674,44.81311,6.8612103
N399,XIV Genitourinary,15.657942,6.4087763,44.920856,7.2404885
N40,XIV Genitourinary,15.629722,6.641687,42.949932,4.7677
N41,XIV Genitourinary,15.408875,6.618751,40.98491,4.758478
N410,XIV Genitourinary,15.450802,6.659614,40.85512,4.834234
N411,XIV Genitourinary,15.459886,6.6306334,41.14815,4.8808703
N412,XIV Genitourinary,15.449091,6.645279,41.06905,4.843939
N413,XIV Genitourinary,15.487293,6.6295953,40.98199,4.7806835
N418,XIV Genitourinary,15.462002,6.6243534,41.246983,5.46605
N419,XIV Genitourinary,15.4400425,6.648901,40.955856,4.7590857
N42,XIV Genitourinary,15.499285,6.5740924,41.641457,5.0421915
N420,XIV Genitourinary,15.605071,6.5178003,42.861847,5.4486513
N421,XIV Genitourinary,15.475334,6.5717874,41.987858,5.306934
N422,XIV Genitourinary,15.466259,6.6152287,41.58317,5.0520973
N423,XIV Genitourinary,15.467177,6.5845265,41.879253,5.134352
N428,XIV Genitourinary,15.555196,6.543356,41.997322,5.10944
N429,XIV Genitourinary,15.507926,6.593262,41.64685,4.924993
N430,XIV Genitourinary,15.726178,6.7433534,38.37372,2.8906512
N431,XIV Genitourinary,15.699504,6.7575674,38.373234,2.8888345
N432,XIV Genitourinary,15.699303,6.7104707,38.35212,2.8786829
N433,XIV Genitourinary,15.590134,6.790479,39.372074,3.4496899
N434,XIV Genitourinary,15.57781,6.7260175,39.111534,3.2264652
N4340,XIV Genitourinary,15.665234,6.8045244,39.11448,3.2179234
N44,XIV Genitourinary,10.072026,-1.2744951,-22.815613,15.549859
N45,XIV Genitourinary,15.772276,6.3746195,41.34375,1.6617295
N450,XIV Genitourinary,15.787178,6.3899875,41.24073,1.6583251
N459,XIV Genitourinary,15.742169,6.4483438,41.22725,1.8055614
N46,XIV Genitourinary,16.126541,6.287604,42.488567,-0.6886113
N469,XIV Genitourinary,16.188944,6.264406,42.48187,-0.7250256
N47,XIV Genitourinary,15.478044,6.684567,39.853245,4.495078
N476,XIV Genitourinary,15.50816,6.6925697,39.999573,4.515156
N48,XIV Genitourinary,15.511223,6.649646,39.462894,5.740339
N480,XIV Genitourinary,15.472571,6.6752763,39.81576,5.015513
N481,XIV Genitourinary,15.44878,6.670027,40.186455,4.770361
N482,XIV Genitourinary,15.477753,6.7049956,40.020393,4.7790756
N4829,XIV Genitourinary,15.527215,6.678555,40.06915,5.0092387
N483,XIV Genitourinary,15.472759,6.675613,40.182728,5.004052
N484,XIV Genitourinary,15.454764,6.656576,40.301044,4.846844
N485,XIV Genitourinary,15.517957,6.6537266,39.72312,6.3551545
N486,XIV Genitourinary,15.430536,6.732193,39.98775,4.720152
N488,XIV Genitourinary,15.446133,6.673284,40.56355,4.9194927
N489,XIV Genitourinary,15.440789,6.681698,39.755413,5.4420424
N49,XIV Genitourinary,15.732509,6.74105,41.086063,8.075168
N490,XIV Genitourinary,15.732964,6.776632,41.041885,8.1902685
N491,XIV Genitourinary,15.719453,6.7355933,41.08941,8.071624
N492,XIV Genitourinary,15.7701025,6.637792,41.025936,8.145776
N498,XIV Genitourinary,15.685086,6.7448688,40.927532,7.4728336
N499,XIV Genitourinary,15.713865,6.772282,41.1093,8.075457
N50,XIV Genitourinary,15.625651,6.615213,40.42652,3.4807675
N500,XIV Genitourinary,15.629186,6.673584,40.5691,3.542526
N501,XIV Genitourinary,15.627245,6.58594,40.976967,3.6627915
N508,XIV Genitourinary,15.505361,6.7160287,40.133587,3.736578
N509,XIV Genitourinary,15.61147,6.678455,40.251926,3.1646347
N51,XIV Genitourinary,15.843771,6.192245,41.925133,1.5335593
N510,XIV Genitourinary,15.808196,6.208959,41.827095,1.7780182
N511,XIV Genitourinary,15.810375,6.3522406,41.231083,1.5247481
N512,XIV Genitourinary,15.792794,6.0428686,49.094246,7.6654506
N518,XIV Genitourinary,15.836228,6.074023,41.86081,1.4106245
N60,XIV Genitourinary,15.745449,5.4050016,57.41213,12.003554
N600,XIV Genitourinary,15.759234,5.400842,57.04028,11.024228
N6009,XIV Genitourinary,15.777936,5.4901114,58.941624,10.418049
N601,XIV Genitourinary,15.715841,5.385935,57.545185,11.037824
N6019,XIV Genitourinary,15.72913,5.412297,58.503487,10.657379
N602,XIV Genitourinary,15.738478,5.394258,57.27388,11.1006975
N6029,XIV Genitourinary,15.720616,5.3927684,57.961456,10.816474
N603,XIV Genitourinary,15.732698,5.386566,57.63316,11.040588
N6039,XIV Genitourinary,15.743671,5.4171033,58.505135,10.5999
N604,XIV Genitourinary,15.711866,5.3680058,57.173027,10.914372
N6049,XIV Genitourinary,15.685304,5.351909,57.562325,10.886658
N608,XIV Genitourinary,15.768268,5.3903484,57.245697,10.987742
N6089,XIV Genitourinary,15.701234,5.3617845,57.762306,10.832468
N609,XIV Genitourinary,15.724388,5.3950734,58.100864,10.705851
N6099,XIV Genitourinary,15.673025,5.33998,57.64092,10.890281
N61,XIV Genitourinary,15.782814,5.4246435,56.263035,10.765332
N610,XIV Genitourinary,15.876299,5.460246,59.31686,9.698383
N611,XIV Genitourinary,15.862928,5.4903893,59.354637,9.699136
N62,XIV Genitourinary,15.761339,5.397576,56.543312,10.272332
N63,XIV Genitourinary,15.818945,5.430808,56.14329,11.157857
N64,XIV Genitourinary,15.837543,5.470663,57.29451,12.132389
N640,XIV Genitourinary,15.787919,5.442174,56.31594,11.34112
N641,XIV Genitourinary,15.718545,5.379751,56.780518,10.734376
N642,XIV Genitourinary,15.739351,5.3866696,56.737232,11.04872
N643,XIV Genitourinary,15.733573,5.3985214,56.910633,11.438534
N644,XIV Genitourinary,15.8195095,5.449377,55.735943,11.474469
N645,XIV Genitourinary,15.754678,5.4199066,56.19126,11.086836
N648,XIV Genitourinary,15.700185,5.361156,56.624855,10.823476
N649,XIV Genitourinary,15.775253,5.3773675,56.630127,11.494791
N70,XIV Genitourinary,16.523563,5.944718,52.90697,1.4776976
N700,XIV Genitourinary,16.529644,5.9043097,53.244778,1.6832179
N701,XIV Genitourinary,16.50706,5.8713803,53.17381,1.951138
N7011,XIV Genitourinary,16.53959,5.8878217,53.417545,0.9158166
N7012,XIV Genitourinary,16.56296,5.8926773,53.60143,1.2289325
N7013,XIV Genitourinary,16.554174,5.8627877,53.690792,0.98586076
N709,XIV Genitourinary,16.256742,5.726932,52.85799,5.643668
N7091,XIV Genitourinary,16.545208,5.9199004,53.085506,1.1279529
N7092,XIV Genitourinary,16.550583,5.891659,53.15596,1.0628148
N7093,XIV Genitourinary,16.523851,5.892587,53.13991,1.0029846
N71,XIV Genitourinary,16.340605,6.0783005,51.014343,3.1501997
N710,XIV Genitourinary,16.337463,6.035742,51.16642,3.1528304
N711,XIV Genitourinary,16.383461,6.0133786,51.250504,2.8272727
N719,XIV Genitourinary,16.335428,5.8894725,51.508186,3.4222355
N72,XIV Genitourinary,16.23282,5.5272017,54.56366,6.74469
N73,XIV Genitourinary,16.495434,5.791163,53.948627,3.1272235
N730,XIV Genitourinary,16.369751,5.6685643,54.197895,3.1394055
N731,XIV Genitourinary,16.46136,5.7994714,54.02772,3.3006952
N732,XIV Genitourinary,16.49148,5.865047,53.80907,3.0094554
N733,XIV Genitourinary,16.436264,5.773076,54.079056,3.3140578
N735,XIV Genitourinary,16.479622,5.788479,53.788925,3.2185388
N736,XIV Genitourinary,16.420567,5.627528,54.203773,3.5416503
N738,XIV Genitourinary,16.458605,5.766996,53.837666,3.3149443
N739,XIV Genitourinary,16.479597,5.7646966,53.753242,3.4483137
N740,XIV Genitourinary,15.686782,0.22915776,22.45173,14.794001
N741,XIV Genitourinary,15.702788,0.25911918,22.460253,14.780604
N742,XIV Genitourinary,15.688117,0.25159144,22.462168,14.789028
N743,XIV Genitourinary,15.683526,0.23849109,22.444712,14.776416
N744,XIV Genitourinary,15.695546,0.26280898,22.44664,14.782307
N748,XIV Genitourinary,15.718283,0.2184096,22.466753,14.78969
N75,XIV Genitourinary,15.897707,5.9642334,50.39029,8.759328
N750,XIV Genitourinary,15.964728,5.7560678,51.078247,8.847713
N751,XIV Genitourinary,15.93355,5.598305,55.238487,9.761398
N758,XIV Genitourinary,15.88897,5.823339,50.5091,8.764329
N759,XIV Genitourinary,15.876399,5.873054,50.561134,8.801449
N760,XIV Genitourinary,15.891553,5.819015,51.168076,9.420247
N761,XIV Genitourinary,15.9257,5.7490454,50.918568,9.595965
N762,XIV Genitourinary,15.955353,5.7647285,51.771347,9.51874
N763,XIV Genitourinary,15.981119,5.7405434,51.572647,9.616961
N764,XIV Genitourinary,16.015919,5.7131267,52.27641,9.55348
N765,XIV Genitourinary,15.992338,5.7201,52.170025,9.627106
N766,XIV Genitourinary,15.952334,5.8263617,51.705723,9.553475
N768,XIV Genitourinary,15.97476,5.751987,52.229267,9.843944
N770,XIV Genitourinary,15.944848,5.8653684,49.575237,7.6007376
N771,XIV Genitourinary,15.828318,5.9226575,49.471333,7.5910096
N778,XIV Genitourinary,15.914592,5.843333,49.637424,7.5785036
N80,XIV Genitourinary,16.38112,5.576167,54.277073,4.2625704
N800,XIV Genitourinary,16.359667,5.510267,54.9933,4.628887
N801,XIV Genitourinary,16.41881,5.5720634,54.90096,3.695881
N802,XIV Genitourinary,16.446646,5.5887036,54.679848,3.4026682
N803,XIV Genitourinary,16.480848,5.6302624,54.7493,3.7395158
N804,XIV Genitourinary,16.438951,5.5658836,54.787632,3.7344382
N805,XIV Genitourinary,16.485188,5.662965,54.371613,3.4662092
N806,XIV Genitourinary,16.443415,5.593473,54.738014,3.9166226
N808,XIV Genitourinary,16.429111,5.528881,54.745163,4.2684526
N809,XIV Genitourinary,16.299248,5.518576,54.740116,5.169635
N81,XIV Genitourinary,15.91976,5.9247437,50.42016,12.3905115
N810,XIV Genitourinary,15.929261,5.9855347,50.026566,11.847656
N811,XIV Genitourinary,15.916085,5.982034,49.9261,11.753061
N812,XIV Genitourinary,15.88223,5.9524474,50.1082,11.771841
N813,XIV Genitourinary,15.903912,5.981109,50.150555,12.006323
N814,XIV Genitourinary,15.897636,5.9501257,50.106617,11.8754
N815,XIV Genitourinary,15.919532,5.9654975,50.028904,11.978379
N816,XIV Genitourinary,15.898881,5.9885755,49.9731,11.824936
N818,XIV Genitourinary,15.89201,5.997813,50.041664,11.880553
N819,XIV Genitourinary,15.952933,5.993823,50.258358,12.19212
N82,XIV Genitourinary,16.398848,6.240484,49.90229,2.491717
N820,XIV Genitourinary,16.420645,6.2232013,49.92499,2.2054858
N821,XIV Genitourinary,16.368254,6.297678,49.086517,2.4922056
N822,XIV Genitourinary,16.355476,6.2895775,49.39965,2.5980759
N823,XIV Genitourinary,16.402096,6.2789087,49.55972,2.3284175
N824,XIV Genitourinary,16.334791,6.3121147,49.499546,2.6052618
N825,XIV Genitourinary,16.404667,6.2454376,49.53522,2.4947445
N828,XIV Genitourinary,16.425777,6.2473927,49.717873,2.484871
N829,XIV Genitourinary,16.473171,6.2068896,49.679398,2.3552
N83,XIV Genitourinary,15.986026,5.8002467,49.62469,9.225623
N830,XIV Genitourinary,16.328424,5.5450797,57.081287,2.4318514
N8300,XIV Genitourinary,16.385874,5.595341,55.718895,2.7543597
N8301,XIV Genitourinary,16.361788,5.5801888,55.704956,2.7834423
N8302,XIV Genitourinary,16.37599,5.5715966,55.71867,2.773179
N831,XIV Genitourinary,16.3563,5.56421,56.895355,2.4982293
N8310,XIV Genitourinary,16.280426,5.483701,56.245438,3.0004013
N8311,XIV Genitourinary,16.301447,5.5085797,56.242443,2.7319632
N8312,XIV Genitourinary,16.286545,5.5709143,56.257584,2.880717
N832,XIV Genitourinary,16.26529,5.5252867,55.198166,5.162574
N8320,XIV Genitourinary,16.441032,5.5884366,56.52207,2.006412
N8329,XIV Genitourinary,16.439259,5.525218,56.37328,2.172642
N833,XIV Genitourinary,15.925149,6.042248,48.679626,10.458682
N8333,XIV Genitourinary,16.451635,5.5589337,55.71473,2.7870753
N834,XIV Genitourinary,16.419878,5.608867,55.712147,2.7931628
N835,XIV Genitourinary,16.299265,5.569803,55.921173,2.9738407
N8353,XIV Genitourinary,16.442173,5.570943,55.68976,2.7832892
N836,XIV Genitourinary,16.45152,5.614066,55.706284,2.7822375
N837,XIV Genitourinary,16.434605,5.582016,55.695694,2.7750528
N838,XIV Genitourinary,16.434507,5.5712223,55.2948,3.5343513
N839,XIV Genitourinary,16.351912,5.974586,53.06487,2.9804363
N840,XIV Genitourinary,16.133242,5.472256,54.93934,7.929154
N841,XIV Genitourinary,16.145685,5.456367,54.992218,7.7342086
N842,XIV Genitourinary,16.118961,5.481618,55.01847,8.325335
N843,XIV Genitourinary,16.010902,5.556008,55.406937,8.53613
N848,XIV Genitourinary,16.098473,5.4825263,54.828827,7.868566
N849,XIV Genitourinary,16.0874,5.484994,54.767784,8.081899
N85,XIV Genitourinary,16.18936,5.5108156,54.030422,6.4165344
N850,XIV Genitourinary,16.209642,5.5079284,54.42387,6.7988014
N851,XIV Genitourinary,16.235893,5.523565,54.18848,6.0101895
N852,XIV Genitourinary,16.20853,5.4482155,54.760036,6.177222
N854,XIV Genitourinary,16.176138,5.466353,54.563713,6.2797127
N855,XIV Genitourinary,16.311394,5.663196,53.833378,4.2991815
N856,XIV Genitourinary,16.203852,5.5047483,54.47465,8.908903
N857,XIV Genitourinary,16.259665,5.576925,53.934208,6.2220483
N858,XIV Genitourinary,16.200365,5.477536,54.28372,6.914031
N859,XIV Genitourinary,16.324024,5.66369,53.309692,4.933497
N86,XIV Genitourinary,16.249538,5.418745,55.231102,6.7651644
N87,XIV Genitourinary,16.274902,5.6931124,51.809345,5.1599703
N870,XIV Genitourinary,16.251219,5.624729,51.923763,5.255625
N871,XIV Genitourinary,16.274616,5.72244,51.634804,5.0655236
N872,XIV Genitourinary,16.258135,5.8531065,51.554195,5.0959167
N879,XIV Genitourinary,16.256325,5.635653,51.909195,5.275369
N88,XIV Genitourinary,16.209126,5.610609,53.496555,6.324881
N880,XIV Genitourinary,16.242748,5.5991206,53.47431,6.3154154
N881,XIV Genitourinary,16.26107,5.656073,53.317863,5.8952227
N882,XIV Genitourinary,16.268442,5.5462074,53.923252,6.6364374
N883,XIV Genitourinary,16.37372,5.7241397,53.0027,4.548012
N884,XIV Genitourinary,16.234526,5.672812,53.360474,6.2030864
N888,XIV Genitourinary,16.290905,5.5241637,54.20613,6.517256
N889,XIV Genitourinary,16.309092,5.5981603,53.79397,5.31634
N89,XIV Genitourinary,16.034954,5.8526545,51.48105,6.88132
N890,XIV Genitourinary,16.178762,5.7108517,52.6742,6.8812084
N891,XIV Genitourinary,16.166384,5.6363573,52.974648,6.9951725
N892,XIV Genitourinary,16.153105,5.6739826,52.750008,6.9156036
N893,XIV Genitourinary,16.162262,5.7124386,52.737698,6.8945827
N894,XIV Genitourinary,16.22021,5.6773214,52.861103,6.483102
N895,XIV Genitourinary,16.026777,5.8237114,52.01603,7.7206435
N896,XIV Genitourinary,16.1799,5.6438384,53.065228,6.9966207
N897,XIV Genitourinary,16.158195,5.737747,52.44815,6.7965145
N898,XIV Genitourinary,16.188852,5.6012874,53.82581,7.0317535
N899,XIV Genitourinary,16.058012,5.7704825,51.64426,7.017167
N90,XIV Genitourinary,16.079973,5.607228,53.267803,10.231828
N900,XIV Genitourinary,16.01663,5.689629,53.11256,8.828274
N901,XIV Genitourinary,15.996323,5.833726,52.37533,8.565736
N902,XIV Genitourinary,16.044456,5.644147,53.260845,8.726368
N903,XIV Genitourinary,16.047768,5.655546,53.216244,8.8592205
N904,XIV Genitourinary,16.030636,5.6467648,52.79693,9.096468
N905,XIV Genitourinary,16.06071,5.641772,53.240005,9.368569
N906,XIV Genitourinary,16.097795,5.6095567,54.20989,9.055691
N907,XIV Genitourinary,16.050283,5.617198,53.565136,8.728843
N908,XIV Genitourinary,16.076939,5.6290464,53.332306,8.756661
N9089,XIV Genitourinary,16.062265,5.593613,53.429718,8.754845
N909,XIV Genitourinary,15.991082,5.655771,53.120277,9.15085
N91,XIV Genitourinary,16.100597,5.4027567,58.44249,7.069321
N910,XIV Genitourinary,16.024584,5.4783196,59.45313,8.375373
N911,XIV Genitourinary,15.851548,5.4780297,59.04448,9.121952
N912,XIV Genitourinary,15.905513,5.5053887,58.988712,9.127838
N913,XIV Genitourinary,15.784076,5.428927,58.825573,9.308517
N914,XIV Genitourinary,15.779648,5.417828,58.77767,9.370826
N915,XIV Genitourinary,15.8207035,5.423031,58.790535,9.404397
N92,XIV Genitourinary,16.1077,5.375416,58.402424,6.8635654
N920,XIV Genitourinary,16.156395,5.351293,56.030552,7.0175595
N921,XIV Genitourinary,16.195276,5.397495,55.834038,7.207546
N922,XIV Genitourinary,16.101217,5.3189163,59.14821,6.1422777
N923,XIV Genitourinary,16.112751,5.3388815,54.97879,7.1584353
N924,XIV Genitourinary,16.142979,5.3423977,59.082733,6.145248
N925,XIV Genitourinary,16.163773,5.3424277,56.538166,7.15586
N926,XIV Genitourinary,16.099651,5.41315,55.862804,7.222805
N93,XIV Genitourinary,16.304083,5.54641,57.78539,2.9144242
N930,XIV Genitourinary,16.106804,5.510267,54.90039,7.6182404
N931,XIV Genitourinary,16.222363,5.3920183,56.00836,6.5644484
N938,XIV Genitourinary,16.100826,5.3954005,55.513012,7.1085434
N939,XIV Genitourinary,16.277887,5.52964,54.67114,5.7297935
N94,XIV Genitourinary,16.189053,5.395698,56.79695,5.665617
N940,XIV Genitourinary,16.192142,5.4226904,56.584972,5.525924
N941,XIV Genitourinary,16.131983,5.703425,53.89273,8.252511
N9410,XIV Genitourinary,16.137924,5.38978,57.317993,5.370038
N9411,XIV Genitourinary,16.198757,5.3227744,57.234447,5.2318344
N9412,XIV Genitourinary,16.189861,5.3918004,57.523933,4.891371
N9419,XIV Genitourinary,16.104683,5.371158,57.325104,5.2731047
N942,XIV Genitourinary,16.126398,5.6472282,52.563522,10.418051
N943,XIV Genitourinary,16.17663,5.4229493,57.636105,6.242141
N944,XIV Genitourinary,16.133791,5.3551,58.060055,5.301417
N945,XIV Genitourinary,16.181246,5.389701,58.03209,5.182335
N946,XIV Genitourinary,16.188381,5.385755,56.493973,6.2287564
N948,XIV Genitourinary,16.19673,5.5924478,54.72338,6.11101
N9489,XIV Genitourinary,16.178976,5.3472776,56.76031,5.6804805
N949,XIV Genitourinary,16.138344,5.4946136,56.463787,5.797383
N95,XIV Genitourinary,16.077326,5.599257,53.7654,11.029705
N950,XIV Genitourinary,16.129345,5.507127,54.663055,8.351006
N951,XIV Genitourinary,16.057035,5.6054387,54.11228,10.317086
N952,XIV Genitourinary,16.045841,5.611972,53.836697,10.18402
N953,XIV Genitourinary,16.042566,5.6078353,53.611427,11.118262
N958,XIV Genitourinary,16.160057,5.566279,53.7623,7.8560524
N959,XIV Genitourinary,16.04032,5.5674863,53.759823,10.759343
N96,XIV Genitourinary,16.199383,6.314006,42.57854,-0.8100485
N97,XIV Genitourinary,16.531786,5.846625,54.33527,0.36620668
N970,XIV Genitourinary,16.565899,5.866715,53.72115,0.8757884
N971,XIV Genitourinary,16.550474,5.83597,53.997574,1.1375198
N972,XIV Genitourinary,16.543505,5.811183,53.993652,1.0019687
N974,XIV Genitourinary,16.57494,5.856581,53.996826,0.99050367
N978,XIV Genitourinary,16.625303,5.7915883,53.98398,1.00835
N979,XIV Genitourinary,16.549671,5.8065677,54.47671,0.7416318
N981,XIV Genitourinary,16.502827,5.954633,53.00378,0.31562015
N990,XIV Genitourinary,16.202238,6.3820863,47.614742,4.510561
N991,XIV Genitourinary,16.135038,6.4161835,47.708916,4.796184
N9911,XIV Genitourinary,16.072313,6.415345,47.361965,5.1712856
N992,XIV Genitourinary,16.136648,6.3027277,48.819336,5.1133223
N993,XIV Genitourinary,15.932178,6.1053653,49.58873,11.51817
N994,XIV Genitourinary,16.321068,6.1350517,50.03144,3.6968112
N995,XIV Genitourinary,16.21265,6.403463,47.595417,4.1915445
N9971,XIV Genitourinary,16.131292,6.424885,47.65625,4.7822704
N9972,XIV Genitourinary,16.157923,6.382919,47.649586,4.78959
N998,XIV Genitourinary,16.153658,6.387611,48.22981,4.692464
N9983,XIV Genitourinary,16.182499,6.4025435,47.687553,4.708836
N9989,XIV Genitourinary,16.13112,6.312459,43.37796,0.19773339
N999,XIV Genitourinary,16.157663,6.43444,47.645664,4.7476125
O00,XV Pregnancy,21.15539,1.3486261,-57.192276,-52.057175
O001,XV Pregnancy,21.163137,1.4644012,-57.035683,-52.393528
O002,XV Pregnancy,21.21905,1.4665097,-57.219997,-51.982883
O008,XV Pregnancy,21.213013,1.3990476,-57.222687,-52.000813
O009,XV Pregnancy,21.26723,1.3821319,-57.200603,-52.1119
O01,XV Pregnancy,21.653038,0.757219,-61.27681,-49.06684
O010,XV Pregnancy,21.6046,0.79258084,-61.226288,-49.02128
O011,XV Pregnancy,21.55511,0.8339196,-61.01893,-49.208153
O019,XV Pregnancy,21.539425,0.79789394,-61.245174,-49.06926
O020,XV Pregnancy,21.35935,1.5749425,-56.78058,-53.993347
O021,XV Pregnancy,21.257153,1.5609819,-56.619785,-53.84953
O028,XV Pregnancy,21.343475,1.574321,-56.854774,-53.958717
O029,XV Pregnancy,21.306814,1.5657603,-56.84545,-53.793777
O03,XV Pregnancy,21.169592,1.5078523,-55.638348,-53.392685
O030,XV Pregnancy,21.113157,1.4321268,-55.541107,-52.16677
O031,XV Pregnancy,21.118439,1.5012896,-55.747746,-52.46607
O032,XV Pregnancy,21.122845,1.5013748,-55.746872,-52.475353
O033,XV Pregnancy,21.090734,1.4896201,-55.721703,-52.46842
O034,XV Pregnancy,21.152426,1.5506439,-55.952583,-53.213043
O035,XV Pregnancy,21.047152,1.4691528,-55.586857,-52.290493
O036,XV Pregnancy,21.063322,1.4935049,-55.63414,-52.46444
O037,XV Pregnancy,21.088228,1.4736955,-55.547997,-52.31437
O038,XV Pregnancy,21.057283,1.437327,-55.52099,-52.32812
O039,XV Pregnancy,21.153992,1.5216981,-55.8257,-53.131798
O04,XV Pregnancy,21.097065,1.1036727,-57.4428,-50.521027
O040,XV Pregnancy,21.069326,1.2054291,-57.570927,-50.70017
O041,XV Pregnancy,21.091967,1.1786339,-57.571426,-50.6991
O043,XV Pregnancy,21.100842,1.1771504,-57.573822,-50.698425
O044,XV Pregnancy,21.096863,1.169155,-57.74731,-50.473755
O046,XV Pregnancy,21.082388,1.1719459,-57.574635,-50.698524
O048,XV Pregnancy,21.09192,1.1386063,-57.570744,-50.701492
O049,XV Pregnancy,21.067446,1.170041,-57.359367,-50.7093
O059,XV Pregnancy,10.244735,-1.1937829,-23.45391,12.972957
O06,XV Pregnancy,21.93452,0.5749858,-66.13062,-47.982845
O064,XV Pregnancy,21.943481,0.58782506,-66.21317,-48.062614
O069,XV Pregnancy,21.91299,0.5911038,-66.04469,-48.084293
O07,XV Pregnancy,22.003006,0.35258117,-65.92216,-46.29214
O0735,XV Pregnancy,22.008978,0.3379468,-65.88284,-46.34066
O0736,XV Pregnancy,22.003769,0.34829113,-65.94494,-46.27592
O0738,XV Pregnancy,22.019258,0.31870317,-65.86274,-46.35274
O0739,XV Pregnancy,22.004452,0.34435228,-65.891914,-46.33309
O076,XV Pregnancy,22.010965,0.3339188,-65.93271,-46.286476
O078,XV Pregnancy,22.010653,0.33077437,-65.884735,-46.315536
O079,XV Pregnancy,21.982193,0.38842013,-65.67824,-46.346783
O08,XV Pregnancy,21.930353,0.6494062,-65.1602,-49.412277
O080,XV Pregnancy,21.913975,0.7173703,-64.81827,-50.010242
O081,XV Pregnancy,21.95211,0.66197723,-65.161736,-49.700466
O085,XV Pregnancy,21.967405,0.6977538,-64.9335,-49.626663
O088,XV Pregnancy,21.919413,0.64700943,-64.80696,-50.08543
O0882,XV Pregnancy,21.970688,0.675377,-64.66753,-50.279293
O089,XV Pregnancy,21.941097,0.682233,-64.71316,-50.14164
O0929,XV Pregnancy,10.244389,-1.1842699,-23.442137,12.979156
O10,XV Pregnancy,22.248611,1.2514896,-67.3346,-54.72291
O100,XV Pregnancy,22.250525,1.2472183,-67.29732,-54.822903
O109,XV Pregnancy,22.282234,1.2463934,-67.17584,-54.764553
O11,XV Pregnancy,21.96537,0.6102209,-66.15523,-48.021862
O120,XV Pregnancy,21.980183,0.7434461,-65.347046,-50.149277
O121,XV Pregnancy,21.988161,0.8140554,-65.1852,-50.966816
O122,XV Pregnancy,21.97568,0.80698997,-65.12682,-51.179996
O13,XV Pregnancy,21.721966,1.5651066,-60.300495,-54.984585
O14,XV Pregnancy,22.23843,1.2615122,-67.06923,-55.10003
O140,XV Pregnancy,22.180742,1.3241749,-67.09794,-55.11976
O141,XV Pregnancy,22.240168,1.3691224,-66.8142,-55.238857
O149,XV Pregnancy,22.228483,1.3446119,-67.14773,-55.210556
O15,XV Pregnancy,21.993187,0.35982323,-66.00153,-46.097435
O150,XV Pregnancy,21.986738,0.35467577,-66.02093,-46.077126
O152,XV Pregnancy,21.990376,0.36086726,-65.96446,-46.081203
O159,XV Pregnancy,21.968155,0.40384957,-65.95125,-46.12624
O16,XV Pregnancy,21.743925,1.498394,-60.33148,-55.68743
O20,XV Pregnancy,21.409824,1.5936795,-57.315285,-54.66142
O200,XV Pregnancy,21.36772,1.5886604,-56.897343,-54.30903
O208,XV Pregnancy,21.390467,1.561938,-57.5897,-54.55728
O209,XV Pregnancy,21.353052,1.6048207,-57.213787,-54.625584
O21,XV Pregnancy,21.570652,1.1079451,-56.744232,-60.483154
O210,XV Pregnancy,21.603434,1.1233133,-56.757416,-60.482864
O211,XV Pregnancy,21.58668,1.1826651,-56.735107,-60.47199
O212,XV Pregnancy,21.705978,0.9811612,-67.65391,-51.772705
O218,XV Pregnancy,21.63025,1.1358032,-56.73173,-60.460773
O219,XV Pregnancy,21.582218,1.1706034,-56.736782,-60.46101
O220,XV Pregnancy,21.389801,0.8802598,-59.694168,-49.535507
O221,XV Pregnancy,21.425087,0.877166,-59.694275,-49.53631
O222,XV Pregnancy,21.390324,0.86440545,-59.50787,-49.65784
O223,XV Pregnancy,21.36356,0.87652683,-59.632828,-49.60117
O224,XV Pregnancy,21.434849,0.85848826,-59.63319,-49.55515
O228,XV Pregnancy,21.35561,0.905174,-59.50508,-49.657578
O23,XV Pregnancy,21.653196,0.90279526,-67.20722,-60.059578
O230,XV Pregnancy,21.642313,0.9076817,-67.332275,-59.985607
O231,XV Pregnancy,21.671047,0.8316157,-67.398155,-59.920235
O232,XV Pregnancy,21.659477,0.9075933,-67.2058,-60.0628
O233,XV Pregnancy,21.66682,0.89607286,-67.15567,-60.103386
O234,XV Pregnancy,21.650898,0.9352377,-67.246765,-60.195065
O235,XV Pregnancy,21.65836,0.902618,-67.2405,-60.15116
O239,XV Pregnancy,21.668467,0.8771803,-67.27804,-60.062626
O24,XV Pregnancy,21.826067,1.2366831,-65.172775,-59.918285
O240,XV Pregnancy,21.799927,1.2774038,-65.195656,-59.897617
O241,XV Pregnancy,21.803165,1.2488934,-65.16994,-59.915333
O243,XV Pregnancy,21.778454,1.2206758,-65.14459,-59.92045
O244,XV Pregnancy,21.788631,1.1965435,-65.189835,-59.987473
O249,XV Pregnancy,21.834034,1.2408124,-65.104004,-59.945248
O26,XV Pregnancy,21.164566,1.8690187,-56.088726,-57.78829
O260,XV Pregnancy,21.158012,1.8783602,-56.06264,-57.76777
O262,XV Pregnancy,21.15449,1.882564,-56.204407,-57.951927
O263,XV Pregnancy,21.15764,1.8801571,-56.193672,-57.83147
O264,XV Pregnancy,21.14141,1.8865001,-56.09478,-57.789795
O265,XV Pregnancy,21.139917,1.8996994,-56.08432,-57.789825
O266,XV Pregnancy,21.15828,1.8763644,-56.197376,-58.15613
O267,XV Pregnancy,21.140028,1.9218916,-56.121494,-57.90817
O268,XV Pregnancy,21.22317,1.813488,-55.686176,-57.282333
O269,XV Pregnancy,21.219702,1.8238995,-56.077995,-57.256947
O280,XV Pregnancy,21.685507,1.5248569,-60.323856,-53.15713
O281,XV Pregnancy,21.643436,1.5867734,-60.157562,-53.3373
O283,XV Pregnancy,21.65797,1.5885972,-60.161846,-53.358913
O285,XV Pregnancy,21.638958,1.5803345,-60.157383,-53.359383
O288,XV Pregnancy,21.641256,1.6007812,-60.141895,-53.333992
O289,XV Pregnancy,21.706394,1.6003894,-60.183193,-53.351635
O300,XV Pregnancy,21.533941,1.5985098,-58.90818,-54.48388
O301,XV Pregnancy,21.629189,1.5256765,-59.02206,-54.562115
O302,XV Pregnancy,21.643646,1.5453403,-59.033417,-54.555153
O308,XV Pregnancy,21.59531,1.5252388,-59.02965,-54.55888
O310,XV Pregnancy,10.258534,-1.1881042,-23.495512,12.995317
O311,XV Pregnancy,10.256139,-1.1839184,-23.476347,12.969712
O312,XV Pregnancy,10.252292,-1.1933527,-23.470001,12.955486
O318,XV Pregnancy,10.27013,-1.174095,-23.468185,12.961988
O320,XV Pregnancy,21.748089,1.6988775,-61.24251,-54.63059
O321,XV Pregnancy,21.756628,1.7154413,-61.480648,-54.727394
O322,XV Pregnancy,21.802767,1.729184,-61.594807,-54.647747
O323,XV Pregnancy,21.726845,1.7187043,-61.53046,-54.6533
O324,XV Pregnancy,21.755993,1.7289019,-61.49246,-54.643433
O325,XV Pregnancy,21.787527,1.7016298,-61.37717,-54.624977
O326,XV Pregnancy,21.748032,1.7059251,-61.45709,-54.712875
O328,XV Pregnancy,21.76079,1.7365465,-61.57687,-54.639297
O329,XV Pregnancy,21.804813,1.7343795,-61.520943,-54.736694
O33,XV Pregnancy,21.994608,0.70324343,-66.86652,-50.69812
O330,XV Pregnancy,22.010456,0.66900015,-66.864105,-50.437523
O331,XV Pregnancy,22.006556,0.6842821,-66.790565,-50.259605
O333,XV Pregnancy,22.018925,0.73280835,-66.83948,-50.625587
O334,XV Pregnancy,22.01245,0.7236772,-66.78353,-50.3008
O335,XV Pregnancy,22.006258,0.6989883,-66.77796,-50.23166
O337,XV Pregnancy,22.026114,0.74274516,-66.80556,-50.41439
O339,XV Pregnancy,22.019682,0.6967036,-66.787346,-50.526222
O34,XV Pregnancy,21.498346,1.3380657,-58.87148,-57.271122
O340,XV Pregnancy,21.450003,1.3621945,-58.811634,-57.15841
O341,XV Pregnancy,21.463137,1.3656148,-58.510895,-57.30061
O342,XV Pregnancy,21.74124,1.5682279,-59.61387,-58.66942
O343,XV Pregnancy,21.416704,1.2982506,-58.981323,-57.268597
O344,XV Pregnancy,21.487892,1.3497063,-58.744415,-57.280827
O345,XV Pregnancy,21.461073,1.3261892,-58.87031,-57.316193
O346,XV Pregnancy,21.4591,1.2923099,-58.853714,-57.29286
O347,XV Pregnancy,21.449774,1.3574449,-58.935097,-57.53799
O348,XV Pregnancy,21.474648,1.3692375,-58.863956,-57.228127
O349,XV Pregnancy,21.474255,1.3533815,-58.871254,-57.265575
O35,XV Pregnancy,21.242521,0.9920555,-58.96984,-49.989223
O350,XV Pregnancy,21.231707,1.054743,-58.294735,-50.310413
O351,XV Pregnancy,21.137955,1.0243425,-58.28923,-50.21548
O352,XV Pregnancy,21.17551,1.0691196,-58.225475,-50.35398
O353,XV Pregnancy,21.164433,1.0309138,-58.30865,-50.305553
O358,XV Pregnancy,21.20621,1.0068312,-58.60023,-50.081635
O359,XV Pregnancy,21.172573,1.0296749,-58.44816,-50.226772
O360,XV Pregnancy,21.528145,1.6105384,-58.040207,-56.22148
O361,XV Pregnancy,21.515047,1.5969254,-57.99681,-56.075573
O362,XV Pregnancy,21.478106,1.6131334,-58.043236,-55.97123
O363,XV Pregnancy,21.518145,1.6095047,-58.016407,-56.25428
O364,XV Pregnancy,21.51941,1.6061825,-58.00098,-55.976795
O365,XV Pregnancy,21.58207,1.5739872,-58.25569,-56.28701
O366,XV Pregnancy,21.538439,1.5851719,-58.03246,-56.46399
O367,XV Pregnancy,21.493103,1.5987171,-58.021698,-55.983486
O368,XV Pregnancy,21.445086,1.6352699,-56.901367,-55.43748
O369,XV Pregnancy,21.58968,1.5776181,-57.992325,-55.554108
O40,XV Pregnancy,21.793104,0.83442175,-62.752285,-51.75213
O410,XV Pregnancy,22.111557,1.1573939,-65.233734,-53.61989
O411,XV Pregnancy,22.138266,1.187125,-65.29517,-53.741848
O418,XV Pregnancy,22.120956,1.2084193,-65.22898,-53.674706
O419,XV Pregnancy,22.134745,1.2198328,-65.21674,-53.748695
O42,XV Pregnancy,21.73535,1.5289098,-60.140587,-56.162865
O420,XV Pregnancy,21.76404,1.5322884,-60.139767,-56.262684
O421,XV Pregnancy,21.842247,1.4845572,-60.85413,-56.402256
O422,XV Pregnancy,21.727106,1.5535085,-60.185852,-56.179024
O429,XV Pregnancy,21.643967,1.5860533,-59.97424,-55.90352
O430,XV Pregnancy,22.03743,0.9183559,-66.55536,-51.701336
O431,XV Pregnancy,22.027563,1.0291413,-66.36605,-52.38067
O432,XV Pregnancy,22.009089,0.8105476,-66.608795,-51.511993
O438,XV Pregnancy,22.04981,1.0587978,-66.48097,-52.276897
O439,XV Pregnancy,21.989325,0.7503746,-66.63338,-50.89368
O44,XV Pregnancy,21.60666,1.5766853,-59.60187,-53.51016
O440,XV Pregnancy,21.601261,1.6484499,-59.351467,-53.720573
O441,XV Pregnancy,21.590883,1.6504964,-59.235706,-53.804825
O45,XV Pregnancy,21.940775,0.6266499,-66.20486,-49.52031
O450,XV Pregnancy,21.940598,0.6414175,-66.20513,-49.571274
O458,XV Pregnancy,21.893925,0.63569003,-66.15302,-49.30445
O459,XV Pregnancy,21.920408,0.65851367,-66.199585,-49.45422
O46,XV Pregnancy,21.538536,1.5372212,-58.779774,-56.230526
O468,XV Pregnancy,21.558243,1.5781535,-58.768295,-56.191486
O469,XV Pregnancy,21.509604,1.5640557,-58.556427,-56.029285
O47,XV Pregnancy,21.461939,1.6014234,-57.487984,-55.86853
O470,XV Pregnancy,21.466352,1.6121951,-57.47479,-55.797653
O471,XV Pregnancy,21.453703,1.618977,-57.15079,-55.86182
O479,XV Pregnancy,21.522951,1.5853748,-57.375732,-56.146416
O48,XV Pregnancy,21.715261,1.5548338,-59.79099,-56.378105
O60,XV Pregnancy,22.210712,1.2796865,-64.98387,-54.769073
O600,XV Pregnancy,22.252892,1.2579134,-65.54833,-54.866753
O601,XV Pregnancy,22.266266,1.2530544,-66.19244,-54.655853
O602,XV Pregnancy,22.215948,1.2496908,-65.523125,-54.88335
O603,XV Pregnancy,22.261261,1.2768093,-65.536865,-54.89279
O610,XV Pregnancy,21.947735,0.77772826,-66.48019,-51.057617
O611,XV Pregnancy,21.866686,0.73972905,-66.26172,-51.099094
O618,XV Pregnancy,22.024809,0.88294065,-66.5506,-51.425182
O619,XV Pregnancy,21.934015,0.7166479,-66.478386,-50.516605
O620,XV Pregnancy,21.94987,1.3014771,-63.803024,-58.995186
O621,XV Pregnancy,21.95475,1.2880598,-63.99261,-58.757484
O622,XV Pregnancy,21.966127,1.3593268,-63.582806,-58.666553
O623,XV Pregnancy,22.008617,1.3165169,-63.430275,-58.43088
O624,XV Pregnancy,21.951904,1.3196143,-63.58524,-58.687065
O628,XV Pregnancy,21.888624,1.2972105,-63.652775,-58.91812
O629,XV Pregnancy,21.991648,1.3208044,-63.50194,-58.63471
O63,XV Pregnancy,21.801302,1.541092,-60.54936,-57.881317
O630,XV Pregnancy,21.859531,1.5182096,-60.69202,-57.8155
O631,XV Pregnancy,21.862545,1.5632306,-60.20354,-58.51725
O639,XV Pregnancy,21.663067,1.5528563,-59.910618,-57.57062
O640,XV Pregnancy,22.017942,1.269791,-62.118446,-56.771786
O641,XV Pregnancy,22.07575,1.144088,-64.0042,-53.95382
O642,XV Pregnancy,22.032911,1.159095,-63.797504,-54.303764
O643,XV Pregnancy,22.003412,1.224977,-63.736607,-54.520832
O644,XV Pregnancy,22.034136,1.1465617,-63.75277,-54.37037
O645,XV Pregnancy,22.047407,1.1511695,-63.801174,-54.282528
O648,XV Pregnancy,22.03278,1.0047622,-63.893826,-53.69651
O649,XV Pregnancy,22.071037,1.1773373,-63.771736,-54.459854
O654,XV Pregnancy,21.811844,0.59248173,-64.38843,-47.50651
O655,XV Pregnancy,21.805456,0.61368924,-64.109474,-47.55441
O659,XV Pregnancy,21.810646,0.61728954,-64.326836,-47.5678
O660,XV Pregnancy,21.978477,1.3051968,-62.746212,-57.13165
O661,XV Pregnancy,21.978403,1.2521914,-63.101143,-57.081577
O662,XV Pregnancy,21.985151,1.2981712,-62.972897,-57.370487
O664,XV Pregnancy,21.987486,1.2737955,-62.920776,-57.3746
O665,XV Pregnancy,21.997688,1.2825475,-62.779266,-57.148533
O668,XV Pregnancy,21.931252,1.3158456,-62.900173,-57.467102
O669,XV Pregnancy,21.972425,1.2820896,-62.939213,-57.433395
O678,XV Pregnancy,21.515846,0.9839042,-60.55139,-50.17312
O679,XV Pregnancy,21.389803,1.0538313,-60.30362,-50.283924
O680,XV Pregnancy,21.83558,1.5973047,-60.21634,-58.410316
O681,XV Pregnancy,21.88853,1.5489225,-60.429596,-58.71496
O682,XV Pregnancy,21.96383,1.5439566,-60.690353,-58.65916
O683,XV Pregnancy,22.01898,1.4913641,-61.361847,-58.55878
O688,XV Pregnancy,21.916485,1.5565099,-60.743557,-58.46891
O689,XV Pregnancy,21.99816,1.5397061,-61.331913,-58.64948
O690,XV Pregnancy,22.052767,1.4335643,-63.242954,-59.34991
O691,XV Pregnancy,22.051474,1.4081908,-63.029182,-59.731728
O692,XV Pregnancy,22.090374,1.4185047,-62.632526,-59.053635
O693,XV Pregnancy,22.061266,1.455297,-62.739693,-59.135834
O694,XV Pregnancy,22.078999,1.4192355,-62.993782,-59.2314
O698,XV Pregnancy,22.061874,1.4228863,-63.081673,-59.278576
O699,XV Pregnancy,22.05834,1.4823906,-63.00636,-59.50059
O70,XV Pregnancy,22.028252,1.5103606,-61.359505,-58.485767
O700,XV Pregnancy,21.92408,1.5667386,-60.14339,-59.08284
O701,XV Pregnancy,21.921782,1.5576348,-60.160168,-58.995842
O702,XV Pregnancy,22.055231,1.506276,-61.656616,-58.39239
O703,XV Pregnancy,22.119736,1.5334458,-61.309433,-58.721504
O709,XV Pregnancy,22.052101,1.4945399,-61.675026,-58.67894
O711,XV Pregnancy,22.038122,1.0067687,-63.75119,-52.572693
O712,XV Pregnancy,22.029587,0.9963063,-63.7484,-52.97906
O713,XV Pregnancy,22.033298,0.9999919,-63.710545,-52.80661
O714,XV Pregnancy,22.034706,0.9851684,-63.63982,-52.924152
O715,XV Pregnancy,22.051903,1.0249718,-63.70805,-52.931572
O716,XV Pregnancy,22.045305,1.0019722,-63.716938,-52.655148
O717,XV Pregnancy,22.02076,0.99617463,-63.53692,-52.74305
O718,XV Pregnancy,21.992771,0.95763624,-63.679035,-52.704197
O719,XV Pregnancy,22.020918,0.9671599,-63.775475,-52.57757
O72,XV Pregnancy,21.580196,1.5922014,-58.421803,-58.464314
O720,XV Pregnancy,21.534,1.6339288,-58.266396,-58.68892
O721,XV Pregnancy,21.616785,1.6586665,-58.797455,-58.750706
O722,XV Pregnancy,21.577745,1.5585518,-58.303955,-58.72647
O730,XV Pregnancy,22.035124,1.3200952,-64.23719,-58.49698
O731,XV Pregnancy,22.128014,1.3131572,-64.52157,-58.182495
O745,XV Pregnancy,21.876822,0.6312419,-64.816246,-48.495354
O746,XV Pregnancy,21.85737,0.77902526,-63.607788,-50.69344
O747,XV Pregnancy,21.862637,0.58826435,-64.8517,-48.4692
O748,XV Pregnancy,21.840584,0.7327578,-63.801414,-50.276146
O75,XV Pregnancy,22.113962,1.4794695,-62.01962,-59.315228
O750,XV Pregnancy,22.098757,1.5385716,-61.633404,-59.533405
O752,XV Pregnancy,22.102503,1.5143927,-61.693184,-59.535175
O753,XV Pregnancy,22.05999,1.4743378,-61.998554,-59.334892
O754,XV Pregnancy,22.063675,1.5300624,-62.022182,-59.333683
O755,XV Pregnancy,22.09143,1.5040075,-62.03664,-59.34515
O756,XV Pregnancy,22.075047,1.4904389,-62.016968,-59.223667
O757,XV Pregnancy,22.08449,1.5061443,-61.604324,-59.2817
O758,XV Pregnancy,22.086075,1.5021827,-62.193913,-59.512794
O759,XV Pregnancy,22.093174,1.5158229,-61.923225,-59.505577
O80,XV Pregnancy,22.203413,1.4652783,-65.60369,-56.86605
O800,XV Pregnancy,21.964283,1.5752635,-60.221107,-59.39571
O801,XV Pregnancy,22.153751,1.4948964,-65.36681,-56.58135
O808,XV Pregnancy,22.12438,1.4422807,-65.26392,-56.68436
O809,XV Pregnancy,22.204634,1.4698253,-65.5905,-56.716106
O810,XV Pregnancy,22.256208,1.3567984,-65.91198,-55.99131
O811,XV Pregnancy,22.26682,1.3758252,-66.03536,-55.994225
O813,XV Pregnancy,22.205221,1.4178413,-65.9881,-56.399612
O814,XV Pregnancy,22.241451,1.3945366,-66.13691,-56.308044
O815,XV Pregnancy,22.215528,1.4133835,-65.87075,-56.00823
O82,XV Pregnancy,22.279587,1.4102957,-66.18105,-56.07313
O820,XV Pregnancy,22.30856,1.3959625,-65.979774,-55.83313
O821,XV Pregnancy,22.312609,1.4060088,-65.93048,-55.919334
O822,XV Pregnancy,22.34576,1.3768313,-65.90858,-55.805977
O828,XV Pregnancy,22.320368,1.338017,-65.88857,-55.68913
O829,XV Pregnancy,22.291157,1.4101485,-66.09357,-56.100285
O830,XV Pregnancy,10.243526,-1.1323434,-23.484549,13.01378
O831,XV Pregnancy,10.254983,-1.1825161,-23.486538,13.009015
O84,XV Pregnancy,21.954845,0.6307128,-66.94532,-47.816822
O840,XV Pregnancy,21.956419,0.6485952,-67.15832,-48.083836
O842,XV Pregnancy,21.946379,0.54549134,-66.684265,-47.501938
O848,XV Pregnancy,21.9397,0.66403806,-67.10171,-48.016407
O849,XV Pregnancy,21.975443,0.5562839,-66.947716,-47.721203
O85,XV Pregnancy,21.79816,0.65447533,-63.772274,-48.153812
O860,XV Pregnancy,21.742779,0.7960637,-62.866966,-51.097748
O861,XV Pregnancy,21.803993,0.77876306,-63.526836,-50.903698
O862,XV Pregnancy,21.899738,0.8474744,-63.24981,-51.19088
O863,XV Pregnancy,21.826674,0.7890631,-63.375256,-51.012913
O864,XV Pregnancy,21.844673,0.95727813,-62.80355,-52.169342
O868,XV Pregnancy,21.784172,0.7616076,-63.031105,-50.817818
O870,XV Pregnancy,21.780815,0.71176565,-63.18217,-49.40774
O871,XV Pregnancy,21.772776,0.66912943,-63.35899,-49.385387
O872,XV Pregnancy,21.793911,0.68121314,-63.06184,-49.263985
O878,XV Pregnancy,21.776844,0.7161868,-63.131325,-49.413364
O879,XV Pregnancy,21.7921,0.7045713,-63.145203,-49.47103
O88,XV Pregnancy,21.939833,0.5798394,-65.69891,-48.762623
O882,XV Pregnancy,21.926533,0.62256575,-65.705444,-48.691803
O894,XV Pregnancy,10.252601,-1.1809155,-23.573183,13.052068
O900,XV Pregnancy,21.75393,1.0920247,-66.238686,-60.258183
O901,XV Pregnancy,21.754007,1.0943518,-66.194954,-60.257435
O902,XV Pregnancy,21.71927,1.0614681,-66.30417,-60.218662
O904,XV Pregnancy,21.756422,1.1498749,-66.146095,-60.185223
O908,XV Pregnancy,21.751472,1.0883297,-66.2216,-60.319736
O909,XV Pregnancy,21.742249,1.1020035,-66.45693,-60.32847
O910,XV Pregnancy,21.76394,0.89169174,-67.66488,-58.959053
O911,XV Pregnancy,21.760841,0.89854264,-67.53424,-58.970016
O912,XV Pregnancy,21.76978,0.8840931,-67.77988,-59.067783
O92,XV Pregnancy,21.766926,0.7213701,-63.10022,-50.025906
O920,XV Pregnancy,21.710138,0.76694554,-63.010246,-50.060974
O921,XV Pregnancy,21.78072,0.71380055,-63.27022,-49.88838
O922,XV Pregnancy,21.735754,0.7210774,-62.60414,-49.904793
O923,XV Pregnancy,21.744131,0.6943403,-63.062016,-50.043148
O924,XV Pregnancy,21.755648,0.7236515,-63.16204,-50.012558
O925,XV Pregnancy,21.782408,0.7109871,-63.247047,-49.950867
O926,XV Pregnancy,21.787096,0.6897306,-63.863,-49.331974
O927,XV Pregnancy,21.75329,0.7454285,-63.36121,-49.780724
O94,XV Pregnancy,21.884869,0.57989967,-65.63376,-47.245342
O983,XV Pregnancy,21.87429,0.5412466,-65.016914,-47.22619
O985,XV Pregnancy,21.825989,0.610574,-64.723465,-47.24918
O988,XV Pregnancy,21.884981,0.51853573,-65.08479,-47.164326
O990,XV Pregnancy,21.354116,1.6954145,-57.238674,-58.10669
O991,XV Pregnancy,21.355068,1.6562701,-57.01384,-57.724735
O992,XV Pregnancy,21.38308,1.6696581,-57.242207,-57.73814
O993,XV Pregnancy,21.341959,1.650098,-57.175694,-57.609264
O994,XV Pregnancy,21.348446,1.6916553,-57.035686,-57.800007
O995,XV Pregnancy,21.366646,1.6382618,-57.176254,-57.686996
O996,XV Pregnancy,21.365063,1.642364,-57.03636,-57.892868
O997,XV Pregnancy,21.309797,1.6291969,-57.071815,-57.645264
O998,XV Pregnancy,21.35917,1.67674,-56.589085,-56.877583
P00,XVI Perinatal,9.548802,-0.9602305,-18.068335,12.134664
P000,XVI Perinatal,9.587365,-1.0031266,-17.981564,11.91493
P020,XVI Perinatal,9.585712,-1.00265,-18.199354,12.425604
P021,XVI Perinatal,9.625149,-1.0280849,-18.218266,12.4127035
P032,XVI Perinatal,9.590894,-1.020624,-18.155256,12.287023
P033,XVI Perinatal,9.586799,-1.0024339,-18.137749,12.202023
P034,XVI Perinatal,9.593687,-0.9988001,-18.120998,12.223418
P038,XVI Perinatal,9.559452,-0.9968474,-18.14793,12.268179
P059,XVI Perinatal,4.781901,1.2385986,-33.125866,-12.184532
P07,XVI Perinatal,4.7451806,1.2209584,-34.011517,-12.147097
P070,XVI Perinatal,4.7342954,1.2101084,-33.99316,-12.184797
P071,XVI Perinatal,4.7524843,1.2264178,-34.058807,-12.146402
P073,XVI Perinatal,4.758208,1.232101,-34.07009,-12.178694
P080,XVI Perinatal,9.571278,-0.9577254,-18.383715,12.466872
P081,XVI Perinatal,9.557687,-0.9739698,-18.332369,12.53649
P101,XVI Perinatal,9.586039,-1.0130758,-18.617199,12.465033
P115,XVI Perinatal,9.606992,-1.0178417,-18.2608,12.100074
P140,XVI Perinatal,4.742666,1.2231414,-34.26021,-11.729717
P143,XVI Perinatal,4.712593,1.2284869,-34.300232,-11.727099
P15,XVI Perinatal,4.820557,1.2563231,-32.917194,-12.250236
P159,XVI Perinatal,4.797642,1.2511591,-32.949055,-12.226386
P20,XVI Perinatal,9.567792,-1.0035263,-18.28141,12.91864
P209,XVI Perinatal,9.599954,-0.9979178,-18.30859,12.923234
P219,XVI Perinatal,9.638723,-1.0332875,-19.460472,12.808127
P231,XVI Perinatal,4.738244,1.2171547,-34.457096,-11.557796
P236,XVI Perinatal,4.7198625,1.2078419,-34.44473,-11.579038
P278,XVI Perinatal,9.599577,-0.9876339,-18.632185,12.742317
P283,XVI Perinatal,9.534935,-0.9731963,-18.333424,12.9920435
P290,XVI Perinatal,9.595342,-0.99737805,-18.806984,12.5889225
P350,XVI Perinatal,9.585246,-0.9965107,-18.35584,12.684761
P36,XVI Perinatal,4.7982492,1.2417318,-33.34782,-12.148778
P360,XVI Perinatal,4.78299,1.2335038,-33.345905,-12.148812
P369,XVI Perinatal,4.777794,1.2374747,-33.531956,-12.105001
P371,XVI Perinatal,15.758151,5.8727565,50.193016,-1.844487
P375,XVI Perinatal,15.769762,5.8681107,50.19407,-1.8031584
P378,XVI Perinatal,15.736771,5.859554,50.1937,-1.844042
P38,XVI Perinatal,9.34772,-1.039422,-17.233093,13.132596
P391,XVI Perinatal,9.30502,-1.0397265,-17.071272,13.303366
P392,XVI Perinatal,9.34621,-1.0306389,-17.077286,13.297613
P393,XVI Perinatal,9.307674,-1.0311382,-17.0867,13.28883
P399,XVI Perinatal,9.299894,-0.99967057,-17.092667,13.288407
P51,XVI Perinatal,9.601239,-1.0033212,-18.052147,11.888752
P519,XVI Perinatal,9.619271,-0.97090626,-18.045712,11.832144
P546,XVI Perinatal,9.59888,-1.0041636,-18.379982,12.286962
P559,XVI Perinatal,9.558429,-0.9991492,-18.095829,12.689089
P598,XVI Perinatal,9.558979,-0.9831647,-18.38421,12.815796
P599,XVI Perinatal,9.584289,-1.0043812,-18.386553,12.941333
P700,XVI Perinatal,4.72921,1.227105,-34.267956,-11.901924
P701,XVI Perinatal,4.7491918,1.2249871,-34.23492,-11.917155
P702,XVI Perinatal,4.744267,1.2247082,-34.229187,-11.916491
P75,XVI Perinatal,4.899979,1.3330094,-32.438484,-12.350399
P832,XVI Perinatal,9.587419,-0.99298704,-18.490545,13.017758
P90,XVI Perinatal,9.609671,-1.0050626,-18.225695,12.146523
P95,XVI Perinatal,4.7523823,1.2294331,-33.968334,-11.828472
P968,XVI Perinatal,4.752205,1.2328544,-34.329605,-11.671044
P969,XVI Perinatal,4.7566347,1.2574564,-34.28879,-11.696651
Q000,XVII Congenital,7.6340857,-2.100489,-38.1117,-2.7189136
Q02,XVII Congenital,15.5651245,-0.3333225,-2.31906,10.555992
Q03,XVII Congenital,8.535824,-0.7170227,-9.187756,9.351912
Q030,XVII Congenital,8.544758,-0.7364118,-9.144991,9.30428
Q039,XVII Congenital,8.534269,-0.71240145,-9.19437,9.350413
Q043,XVII Congenital,16.209198,-0.31359696,8.257338,10.322957
Q046,XVII Congenital,16.203266,-0.42024437,8.106082,10.857096
Q048,XVII Congenital,16.236145,-0.31996098,8.298129,10.077877
Q049,XVII Congenital,16.055382,-0.30654946,7.9310083,10.261973
Q05,XVII Congenital,16.183973,-0.95992833,8.233788,16.232521
Q050,XVII Congenital,15.676355,-0.28402102,-0.8802085,10.495163
Q051,XVII Congenital,16.205824,-0.91877013,8.164171,16.147465
Q052,XVII Congenital,16.175934,-0.9532878,8.170553,16.153843
Q054,XVII Congenital,16.198597,-0.99740386,7.7775545,16.560297
Q056,XVII Congenital,16.234327,-0.91756594,8.135957,16.122175
Q057,XVII Congenital,16.227423,-0.78294015,9.185624,14.356382
Q058,XVII Congenital,16.206423,-0.9388751,8.16043,16.154236
Q059,XVII Congenital,16.195225,-0.85017157,8.611141,14.753778
Q062,XVII Congenital,15.43958,0.025645366,-0.7363393,6.7827234
Q064,XVII Congenital,15.397152,0.02988581,-1.0226846,6.9632115
Q068,XVII Congenital,15.468277,0.0039834674,-0.76784784,6.7788363
Q069,XVII Congenital,15.416035,0.033045225,-0.6959507,6.730411
Q070,XVII Congenital,15.993151,-0.5228298,6.2708807,12.614137
Q078,XVII Congenital,15.985898,-0.47552845,5.522348,12.162897
Q079,XVII Congenital,16.031904,-0.49462533,6.4298515,12.43782
Q100,XVII Congenital,16.066805,-0.8046698,5.8416643,14.258806
Q106,XVII Congenital,16.105099,-0.780208,6.000088,14.279015
Q111,XVII Congenital,8.925905,-1.1395681,-14.125952,10.223009
Q112,XVII Congenital,8.902723,-1.1598732,-14.166082,10.210516
Q120,XVII Congenital,16.262966,-0.60748625,12.743661,12.718649
Q121,XVII Congenital,16.32682,-0.6443616,12.865025,13.11757
Q128,XVII Congenital,16.304235,-0.61405843,12.880331,13.156718
Q129,XVII Congenital,16.295502,-0.61041856,12.592305,13.625317
Q130,XVII Congenital,8.567351,-0.798355,-9.211844,9.893254
Q131,XVII Congenital,8.561982,-0.7848683,-9.270464,9.89351
Q132,XVII Congenital,8.553425,-0.7798406,-9.227301,9.894202
Q133,XVII Congenital,8.562442,-0.788631,-9.222944,9.8947935
Q134,XVII Congenital,8.557371,-0.78414005,-9.246965,9.892189
Q138,XVII Congenital,8.562413,-0.7852805,-9.316619,9.917189
Q139,XVII Congenital,8.59553,-0.7401062,-9.223426,9.901224
Q140,XVII Congenital,16.190065,-0.6637831,13.31256,12.472713
Q141,XVII Congenital,16.16645,-0.705459,13.373442,12.383789
Q142,XVII Congenital,16.194695,-0.6674434,13.385866,12.405438
Q143,XVII Congenital,16.208635,-0.63756263,13.297032,12.532405
Q148,XVII Congenital,16.246492,-0.65093344,13.302699,12.585876
Q150,XVII Congenital,16.135744,-0.72906685,6.422039,14.03887
Q158,XVII Congenital,16.095627,-0.75441056,6.283363,13.981258
Q159,XVII Congenital,16.092909,-0.74584585,6.301333,13.977191
Q161,XVII Congenital,15.604219,-0.27723664,-0.32883996,10.10254
Q163,XVII Congenital,15.8658695,-0.6562466,3.5990715,15.6739645
Q164,XVII Congenital,15.537997,-0.16581339,-0.14943461,9.879605
Q169,XVII Congenital,15.488791,-0.45479703,0.42784742,12.884007
Q170,XVII Congenital,15.625874,-0.11404464,1.0059237,9.047584
Q171,XVII Congenital,15.6279,-0.09194458,1.2293191,8.990521
Q172,XVII Congenital,15.609632,-0.117449895,1.0544436,9.183575
Q173,XVII Congenital,15.63157,-0.08356868,1.1894534,9.00803
Q175,XVII Congenital,15.610242,-0.11947499,0.5502165,9.419566
Q178,XVII Congenital,15.814809,-0.1437145,3.1334906,9.130955
Q179,XVII Congenital,15.864581,-0.24101844,4.478614,9.37298
Q180,XVII Congenital,16.340822,-0.6026713,10.420374,13.80766
Q181,XVII Congenital,16.166405,-0.5518987,9.992915,13.854773
Q184,XVII Congenital,16.380278,-0.7239175,12.383358,15.178091
Q185,XVII Congenital,16.501026,-0.5968792,12.397905,14.991885
Q188,XVII Congenital,16.081903,-0.5110473,9.604688,13.429752
Q189,XVII Congenital,16.413631,-0.73865277,12.38235,15.171669
Q201,XVII Congenital,15.687465,-0.15874013,1.9442253,9.997822
Q203,XVII Congenital,15.809376,-0.23924676,2.3409019,10.183056
Q208,XVII Congenital,15.657651,-0.14938685,0.8300688,9.800658
Q210,XVII Congenital,16.506609,-0.64554036,13.349038,14.987513
Q211,XVII Congenital,16.552835,-0.6885209,13.540631,14.952561
Q212,XVII Congenital,16.479013,-0.68086284,13.17044,15.178805
Q213,XVII Congenital,16.524574,-0.6366151,13.23015,15.277947
Q218,XVII Congenital,16.51611,-0.6614081,13.143129,15.308509
Q219,XVII Congenital,16.56277,-0.66995966,13.246327,15.19884
Q221,XVII Congenital,16.283516,-0.32821906,8.527203,10.560154
Q223,XVII Congenital,16.25239,-0.32658616,8.851021,10.903271
Q225,XVII Congenital,16.51693,-0.56780523,13.356669,14.185276
Q228,XVII Congenital,15.692246,-0.26406974,-0.18282676,10.606066
Q230,XVII Congenital,16.523703,-0.62764406,13.718309,15.032487
Q231,XVII Congenital,16.510513,-0.6293552,13.99551,14.804287
Q232,XVII Congenital,16.528807,-0.6377363,13.791211,14.92461
Q233,XVII Congenital,16.545301,-0.66906714,13.716666,15.113968
Q234,XVII Congenital,16.480904,-0.6303121,13.600983,15.109281
Q238,XVII Congenital,16.568193,-0.64747757,13.791254,14.92638
Q239,XVII Congenital,16.545446,-0.6513853,13.776179,14.927708
Q240,XVII Congenital,16.3248,-0.7583815,9.283665,14.073467
Q241,XVII Congenital,16.498411,-0.7043994,12.810601,16.530113
Q242,XVII Congenital,16.50245,-0.72681344,12.811164,16.544947
Q243,XVII Congenital,16.511068,-0.73176813,12.80925,16.531248
Q244,XVII Congenital,16.515835,-0.6910834,12.829033,16.52967
Q245,XVII Congenital,16.559713,-0.7351322,12.854781,16.746443
Q246,XVII Congenital,16.511929,-0.6866974,12.918956,16.663721
Q248,XVII Congenital,16.525867,-0.7389973,12.754484,16.629261
Q249,XVII Congenital,16.45731,-0.88876015,12.045312,17.402851
Q250,XVII Congenital,15.727644,-0.21704532,0.20185794,10.49275
Q251,XVII Congenital,16.287842,-0.24917296,9.202774,10.496704
Q252,XVII Congenital,16.34138,-0.27040926,9.093526,10.3804455
Q253,XVII Congenital,16.29676,-0.26934534,9.154507,10.40392
Q254,XVII Congenital,16.354803,-0.27652124,9.377799,10.473554
Q2541,XVII Congenital,16.323536,-0.275775,9.26389,10.642214
Q2542,XVII Congenital,16.322233,-0.2633895,9.222473,10.595914
Q2543,XVII Congenital,16.323954,-0.26835394,9.271464,10.648129
Q2544,XVII Congenital,16.325897,-0.2677599,9.283389,10.649055
Q2548,XVII Congenital,16.340164,-0.27227747,9.304807,10.669849
Q2549,XVII Congenital,16.322681,-0.26568124,9.278243,10.646891
Q255,XVII Congenital,16.303722,-0.2632291,9.195176,10.577067
Q256,XVII Congenital,15.739349,-0.23251356,0.013555334,10.570063
Q257,XVII Congenital,15.7142935,-0.25272664,0.008174297,10.606103
Q258,XVII Congenital,16.316309,-0.2623713,9.211152,10.599802
Q259,XVII Congenital,16.348627,-0.2239469,9.265954,10.631609
Q261,XVII Congenital,15.8023205,-0.016084468,4.408151,8.101022
Q263,XVII Congenital,15.786201,0.0175061,4.3818197,8.000291
Q264,XVII Congenital,15.809774,-0.02131885,4.4228997,7.9825325
Q265,XVII Congenital,15.824509,-0.017100954,4.3964562,8.11107
Q266,XVII Congenital,15.813625,-0.026442414,4.6205273,8.280653
Q268,XVII Congenital,15.797051,-0.00068389095,4.338103,8.439313
Q269,XVII Congenital,15.851067,-0.06731943,4.7026606,8.290785
Q27,XVII Congenital,16.220793,-0.83299625,8.860719,16.046736
Q271,XVII Congenital,16.21981,-0.8280839,8.98256,16.07221
Q272,XVII Congenital,16.279325,-0.82533765,9.016092,16.03565
Q273,XVII Congenital,16.222134,-0.86765087,8.894252,14.465646
Q274,XVII Congenital,16.214209,-0.83366054,8.868956,16.042898
Q278,XVII Congenital,16.229431,-0.62549955,9.744714,13.665007
Q279,XVII Congenital,16.284615,-0.64095324,9.678379,13.6627655
Q28,XVII Congenital,16.419462,-0.581391,10.462297,12.285967
Q280,XVII Congenital,16.43813,-0.5715015,10.594517,12.320701
Q281,XVII Congenital,16.48593,-0.6007797,10.635517,12.457096
Q282,XVII Congenital,16.497225,-0.6129483,10.9756975,12.855927
Q283,XVII Congenital,16.414228,-0.64116687,10.404188,12.256959
Q288,XVII Congenital,16.42445,-0.58709234,10.465624,12.291408
Q289,XVII Congenital,16.273102,-0.56510186,10.00457,12.634595
Q300,XVII Congenital,8.732141,-0.98431087,-11.138161,9.902396
Q303,XVII Congenital,8.702533,-0.95594656,-10.59685,9.84806
Q308,XVII Congenital,8.663861,-0.9100313,-10.256291,9.80462
Q309,XVII Congenital,8.65706,-0.90213066,-10.074829,9.794431
Q31,XVII Congenital,16.003227,-0.2680872,5.3565392,10.236359
Q310,XVII Congenital,16.004354,-0.3111283,5.536989,10.507446
Q311,XVII Congenital,15.9809065,-0.31565595,5.444678,10.493639
Q313,XVII Congenital,15.973786,-0.33362064,5.572018,10.483762
Q315,XVII Congenital,15.945345,-0.2713031,5.0755424,10.671322
Q318,XVII Congenital,15.920323,-0.28704774,5.3403378,10.560431
Q319,XVII Congenital,15.942515,-0.30584133,5.6326656,10.371961
Q330,XVII Congenital,15.414884,0.02289994,-0.9120545,6.818379
Q332,XVII Congenital,15.411675,0.0236537,-1.0209503,6.804202
Q333,XVII Congenital,15.423993,0.009042068,-1.1651865,6.8124814
Q336,XVII Congenital,15.41525,0.03136996,-0.86719376,6.6959443
Q338,XVII Congenital,15.379873,0.036422,-1.0235428,6.8057995
Q339,XVII Congenital,15.419704,0.019398173,-0.9641349,6.80853
Q341,XVII Congenital,16.321554,-0.47681656,13.046965,17.620028
Q35,XVII Congenital,15.849352,-0.18707544,5.0932665,8.734898
Q357,XVII Congenital,15.755922,-0.039105587,4.716503,8.489025
Q359,XVII Congenital,15.624571,-0.09788163,0.77205217,9.163649
Q36,XVII Congenital,15.6155205,-0.15028836,0.24793263,9.523204
Q369,XVII Congenital,15.631423,-0.1690504,0.3024858,9.515745
Q37,XVII Congenital,16.065239,-0.3745333,6.4625063,9.911609
Q373,XVII Congenital,15.593094,-0.09934043,0.47299406,9.746823
Q378,XVII Congenital,15.693226,-0.15850429,0.8711818,9.570114
Q379,XVII Congenital,15.897116,-0.26035404,2.8089542,10.790204
Q380,XVII Congenital,16.600235,-0.58061963,11.207089,15.187167
Q381,XVII Congenital,16.592289,-0.65367675,11.2428465,15.455554
Q382,XVII Congenital,16.620571,-0.5734194,11.208694,15.182692
Q383,XVII Congenital,16.527685,-0.5982982,11.11309,13.95693
Q384,XVII Congenital,16.608402,-0.6042577,11.206963,15.18378
Q385,XVII Congenital,16.636177,-0.57216793,11.209948,15.190756
Q386,XVII Congenital,16.657784,-0.6047079,11.209544,15.1825905
Q387,XVII Congenital,16.586468,-0.6123288,11.267128,14.668718
Q388,XVII Congenital,16.451595,-0.63197625,10.839709,13.653203
Q390,XVII Congenital,16.458225,-0.93912125,10.500187,18.77366
Q393,XVII Congenital,16.436525,-0.9901793,10.440529,19.000765
Q394,XVII Congenital,16.469528,-0.97822756,10.566802,19.082262
Q396,XVII Congenital,16.394804,-1.0054898,10.24451,19.144526
Q398,XVII Congenital,16.448528,-0.9670504,10.47964,19.25854
Q399,XVII Congenital,16.453737,-0.9837228,10.615605,18.998728
Q400,XVII Congenital,16.380692,-0.96316165,10.586418,17.891975
Q401,XVII Congenital,16.43321,-0.9685309,10.633226,17.839891
Q402,XVII Congenital,16.446278,-0.97499067,10.741084,18.362993
Q403,XVII Congenital,16.425291,-0.93128926,10.656231,18.067818
Q408,XVII Congenital,16.451033,-0.93712753,10.639702,17.861446
Q409,XVII Congenital,15.780128,-0.6682118,1.3193877,14.608102
Q419,XVII Congenital,8.683288,-0.9607839,-11.356142,10.744719
Q421,XVII Congenital,8.666266,-0.9464164,-10.99976,10.124788
Q422,XVII Congenital,8.658357,-0.93132085,-10.39883,10.014596
Q423,XVII Congenital,8.698336,-0.9525013,-10.423303,10.032283
Q430,XVII Congenital,16.22042,-0.987559,8.086551,19.516817
Q431,XVII Congenital,16.414606,-0.98102313,9.563163,18.82627
Q432,XVII Congenital,16.30646,-1.0094848,8.544323,18.428595
Q433,XVII Congenital,16.263958,-1.0127438,8.330605,19.424334
Q435,XVII Congenital,16.278894,-0.99884456,8.548337,18.410053
Q438,XVII Congenital,16.258001,-0.9954665,8.321251,19.563154
Q439,XVII Congenital,16.360128,-0.9853344,9.635013,19.012205
Q441,XVII Congenital,15.8937435,-0.46954548,4.4577456,11.99247
Q442,XVII Congenital,15.9944515,-0.5261913,4.866688,12.147779
Q443,XVII Congenital,15.951517,-0.45419276,4.498156,12.005534
Q444,XVII Congenital,15.950671,-0.4792223,4.5705194,12.039156
Q445,XVII Congenital,15.897241,-0.4468017,4.3731484,11.935657
Q446,XVII Congenital,15.981058,-0.50643885,4.663864,12.240572
Q447,XVII Congenital,15.915252,-0.46972817,4.4071894,12.309757
Q451,XVII Congenital,16.27657,-0.96698904,8.778514,18.404982
Q453,XVII Congenital,16.312376,-0.9669483,8.735575,19.202888
Q458,XVII Congenital,16.341736,-0.9972402,8.7956295,18.861364
Q459,XVII Congenital,16.20813,-0.9177762,8.768877,18.435747
Q500,XVII Congenital,15.605198,-0.6126991,2.182047,15.243446
Q501,XVII Congenital,15.615101,-0.6217661,1.7793903,14.93262
Q503,XVII Congenital,15.622858,-0.61148345,2.1866462,15.2584505
Q504,XVII Congenital,15.61761,-0.57943356,0.89922905,14.918784
Q505,XVII Congenital,15.59239,-0.55584526,1.5971766,14.619122
Q506,XVII Congenital,15.6312895,-0.600817,2.1953533,15.257744
Q51,XVII Congenital,15.600276,-0.6721053,2.360609,15.83584
Q510,XVII Congenital,15.592162,-0.6711914,2.3301115,15.846063
Q511,XVII Congenital,15.603441,-0.66156626,1.1976317,15.5830555
Q5110,XVII Congenital,15.595111,-0.6685794,2.3158734,15.821857
Q512,XVII Congenital,15.606088,-0.6018651,0.76653874,15.572683
Q513,XVII Congenital,15.599639,-0.6503098,1.1710796,15.684835
Q514,XVII Congenital,15.597079,-0.5905019,0.75916237,15.087736
Q515,XVII Congenital,15.591198,-0.7169959,2.3433075,15.851808
Q518,XVII Congenital,15.620155,-0.67561764,2.5932407,16.026823
Q5181,XVII Congenital,15.5991955,-0.66869754,2.2622476,15.809828
Q5182,XVII Congenital,15.572732,-0.6980079,2.3671882,15.861728
Q519,XVII Congenital,15.593038,-0.6795291,2.381678,15.842224
Q520,XVII Congenital,15.908627,-0.22420268,4.247156,10.684955
Q521,XVII Congenital,15.810209,-0.14478011,3.5768373,10.231004
Q5210,XVII Congenital,15.917737,-0.20382288,4.0540895,10.383975
Q522,XVII Congenital,15.897822,-0.19137734,4.21761,10.392581
Q524,XVII Congenital,15.924536,-0.24452715,4.0650477,10.7921715
Q525,XVII Congenital,15.933588,-0.31281525,4.536072,11.003615
Q526,XVII Congenital,15.908725,-0.22421008,4.138577,10.397
Q527,XVII Congenital,15.880098,-0.20154718,3.7853405,10.295954
Q5270,XVII Congenital,15.960636,-0.22914106,4.157531,10.420051
Q5271,XVII Congenital,15.915642,-0.22607769,4.0853615,10.387829
Q5279,XVII Congenital,15.906887,-0.18785144,3.9791892,10.385797
Q528,XVII Congenital,15.911392,-0.19641304,4.3577943,10.402427
Q530,XVII Congenital,15.855465,-0.39594197,3.7050166,12.380716
Q531,XVII Congenital,15.870276,-0.43536857,3.2741966,12.630824
Q5313,XVII Congenital,15.779063,-0.3666796,3.3833132,12.454926
Q532,XVII Congenital,15.866472,-0.33450082,3.576834,12.592334
Q539,XVII Congenital,15.624402,-0.19288819,1.4577305,9.557044
Q54,XVII Congenital,16.119013,-1.0387931,6.2868943,17.392097
Q540,XVII Congenital,16.116636,-1.1171337,6.10273,17.755327
Q541,XVII Congenital,16.157478,-1.0748312,6.523419,17.34154
Q548,XVII Congenital,16.155794,-1.0804329,6.403848,17.49133
Q549,XVII Congenital,16.110085,-1.0864263,5.9657226,18.41471
Q550,XVII Congenital,15.961289,-0.35913146,5.8550587,10.747254
Q551,XVII Congenital,15.983575,-0.3500751,5.891232,10.677031
Q552,XVII Congenital,15.75383,-0.22571015,1.3808926,10.342413
Q5522,XVII Congenital,15.76475,-0.28151417,-0.17907259,10.8109
Q554,XVII Congenital,15.9960985,-0.31295285,5.7794614,10.679687
Q556,XVII Congenital,16.05063,-0.38699198,5.9910235,10.782863
Q558,XVII Congenital,16.003683,-0.3370231,5.9135103,10.75863
Q560,XVII Congenital,8.655027,-0.9134611,-11.191188,10.691163
Q60,XVII Congenital,16.17769,-1.1323406,6.7135344,17.919317
Q600,XVII Congenital,16.156195,-1.1544329,6.3330913,18.653885
Q601,XVII Congenital,16.186783,-1.1396238,6.476741,18.711945
Q602,XVII Congenital,16.186014,-1.0842038,6.903811,19.336025
Q603,XVII Congenital,16.186087,-1.1250994,6.7294397,17.880096
Q605,XVII Congenital,16.183794,-1.1266459,6.723267,17.908329
Q606,XVII Congenital,16.156878,-1.1522259,6.731345,17.87451
Q61,XVII Congenital,16.054535,-1.2308091,5.578351,19.168499
Q610,XVII Congenital,16.06826,-1.2227744,5.4530935,19.653254
Q611,XVII Congenital,16.048231,-1.2028395,5.341465,19.740047
Q612,XVII Congenital,16.040829,-1.2097106,5.381431,19.690952
Q613,XVII Congenital,16.004366,-1.2680606,5.413645,19.573725
Q614,XVII Congenital,16.085163,-1.2174408,5.6164594,19.113728
Q615,XVII Congenital,16.03945,-1.2689955,5.4788136,19.477686
Q618,XVII Congenital,16.084824,-1.180743,5.5762177,19.081001
Q619,XVII Congenital,16.081188,-1.2336708,5.5843153,19.117235
Q620,XVII Congenital,15.705097,-0.535447,2.24356,14.086409
Q621,XVII Congenital,15.664543,-0.5119859,1.9564233,13.711767
Q622,XVII Congenital,15.7176695,-0.5475662,2.2108521,13.945613
Q623,XVII Congenital,15.725553,-0.55328524,2.723397,13.911817
Q625,XVII Congenital,15.759433,-0.5619276,2.5814538,13.941629
Q628,XVII Congenital,15.656074,-0.48954177,1.8462688,13.563585
Q63,XVII Congenital,16.247255,-0.99094445,8.424219,16.996634
Q630,XVII Congenital,16.185448,-1.0875816,6.463232,18.877926
Q631,XVII Congenital,16.376001,-1.0036579,9.049382,18.423315
Q632,XVII Congenital,16.240013,-0.9896412,8.452697,17.50205
Q638,XVII Congenital,16.271856,-1.0496287,8.378995,17.584553
Q639,XVII Congenital,16.235353,-1.0083903,8.440328,17.494246
Q640,XVII Congenital,15.513692,-0.52898675,1.6529524,13.139993
Q641,XVII Congenital,15.603217,-0.54115593,1.7108158,13.172213
Q643,XVII Congenital,15.454837,-0.4407655,1.0447217,12.659292
Q644,XVII Congenital,15.441351,-0.4719988,1.5059923,12.744406
Q645,XVII Congenital,15.428841,-0.46941075,1.3288922,12.909952
Q646,XVII Congenital,15.450679,-0.46329474,1.1883094,12.700427
Q647,XVII Congenital,15.449899,-0.47454143,1.3250135,12.525118
Q6471,XVII Congenital,15.469159,-0.454238,1.2588938,12.8700285
Q6473,XVII Congenital,15.45303,-0.46309444,1.2674665,12.858959
Q6474,XVII Congenital,15.433113,-0.4934648,1.3129154,12.926993
Q6475,XVII Congenital,15.452736,-0.45783108,1.2685544,12.845279
Q6479,XVII Congenital,15.550152,-0.22182792,-0.10262473,9.739922
Q648,XVII Congenital,15.448856,-0.4924112,1.5461527,13.0737505
Q650,XVII Congenital,16.204283,-0.9408435,7.9092846,15.573166
Q651,XVII Congenital,16.213549,-0.94335896,7.9293337,15.602489
Q652,XVII Congenital,16.174229,-0.94026774,7.6809406,15.562395
Q653,XVII Congenital,16.208374,-0.93516165,8.040608,15.717033
Q654,XVII Congenital,16.232021,-0.9518079,7.9772644,15.698314
Q655,XVII Congenital,16.20257,-0.9252726,8.050152,15.71939
Q656,XVII Congenital,15.682381,-0.30000585,-0.61440635,10.541765
Q658,XVII Congenital,16.070868,-0.8756721,3.9672523,14.495124
Q659,XVII Congenital,16.210434,-0.9716248,7.9413476,15.581272
Q66,XVII Congenital,16.836882,-1.9740769,12.223974,9.20224
Q660,XVII Congenital,16.841574,-1.9819571,12.235112,9.195283
Q661,XVII Congenital,16.839563,-1.9805497,12.218039,9.204097
Q662,XVII Congenital,16.84467,-1.9862425,12.200845,9.193659
Q663,XVII Congenital,16.852095,-1.9946834,12.071507,9.114313
Q665,XVII Congenital,16.841455,-1.981885,12.217455,9.207312
Q666,XVII Congenital,16.843372,-1.985071,12.234053,9.166532
Q667,XVII Congenital,16.842978,-1.9838676,12.227538,9.158846
Q668,XVII Congenital,16.84242,-1.9831377,12.253025,9.145199
Q669,XVII Congenital,16.84199,-1.982268,12.142105,9.295213
Q670,XVII Congenital,16.298586,-0.93278056,10.23997,16.824478
Q674,XVII Congenital,16.236807,-0.96213746,10.272856,17.008614
Q675,XVII Congenital,16.297012,-0.8863972,10.255979,16.809591
Q676,XVII Congenital,16.457508,-0.8753279,10.5655155,17.477068
Q677,XVII Congenital,16.271683,-0.9494399,10.181811,16.832926
Q678,XVII Congenital,16.297283,-0.90577894,10.176703,16.82962
Q680,XVII Congenital,15.790717,0.006356938,3.7488823,8.580904
Q681,XVII Congenital,15.772569,0.068445705,3.3466687,8.78866
Q682,XVII Congenital,15.807723,0.027000703,3.6162307,8.556694
Q683,XVII Congenital,15.767772,0.029076528,3.0846062,8.479523
Q685,XVII Congenital,15.775823,0.033442523,3.4530802,8.502433
Q688,XVII Congenital,15.77329,0.027427256,3.5140398,8.533949
Q692,XVII Congenital,8.7168045,-1.0591073,-12.164938,10.417833
Q700,XVII Congenital,8.531329,-0.7129683,-9.174961,9.009244
Q702,XVII Congenital,8.535584,-0.7223332,-9.168573,9.003305
Q703,XVII Congenital,8.554716,-0.7415224,-9.1616745,8.991822
Q709,XVII Congenital,8.541069,-0.72257954,-9.074192,9.093292
Q710,XVII Congenital,9.0124235,-1.2910911,-15.057664,9.845842
Q713,XVII Congenital,8.97103,-1.2249544,-14.478397,10.066745
Q714,XVII Congenital,9.04932,-1.3117062,-14.978783,9.888273
Q718,XVII Congenital,8.974209,-1.2255112,-14.581078,10.039579
Q719,XVII Congenital,8.903983,-1.1282109,-13.634904,10.129568
Q728,XVII Congenital,8.792304,-1.0915917,-13.696614,10.200256
Q729,XVII Congenital,8.88142,-1.1315643,-13.67511,10.194299
Q738,XVII Congenital,15.493983,-0.34221044,-2.3533423,10.568405
Q740,XVII Congenital,16.048906,-1.0257136,6.0966625,15.610377
Q741,XVII Congenital,16.097166,-0.96849805,6.0475483,15.301916
Q742,XVII Congenital,16.082556,-0.98100483,5.9868574,15.147802
Q743,XVII Congenital,16.10455,-1.0063556,6.198213,15.495738
Q749,XVII Congenital,16.098335,-0.9784817,6.2193294,15.482248
Q750,XVII Congenital,8.502501,-0.6493334,-9.157983,9.443245
Q751,XVII Congenital,8.521236,-0.6761959,-9.1436615,9.441968
Q752,XVII Congenital,8.491935,-0.65389156,-9.155512,9.439681
Q754,XVII Congenital,8.524282,-0.6881384,-9.134753,9.453158
Q758,XVII Congenital,8.518307,-0.67987096,-9.160831,9.443876
Q759,XVII Congenital,8.517622,-0.668888,-9.160554,9.440402
Q760,XVII Congenital,16.305035,-0.8745154,10.015986,15.491898
Q761,XVII Congenital,16.308819,-0.84504837,10.070676,15.420534
Q762,XVII Congenital,15.750735,-0.3188292,-0.7744245,10.882694
Q763,XVII Congenital,15.679645,-0.6330212,0.6953772,14.575949
Q764,XVII Congenital,16.365055,-0.76900977,10.282892,15.305403
Q765,XVII Congenital,15.740243,-0.3229976,-0.51625115,10.890109
Q766,XVII Congenital,16.301044,-0.8968912,9.581446,15.945379
Q767,XVII Congenital,16.24692,-0.7456311,9.356393,15.964624
Q773,XVII Congenital,15.896932,-0.41176775,3.7998028,11.524613
Q774,XVII Congenital,16.020718,-0.47421134,5.180003,12.456571
Q777,XVII Congenital,16.037998,-0.48810208,5.5494723,12.171165
Q780,XVII Congenital,15.950119,-0.4381495,4.870206,12.578648
Q781,XVII Congenital,16.036097,-0.50062054,6.3317738,12.318397
Q782,XVII Congenital,15.960588,-0.47799993,6.7287936,12.283763
Q784,XVII Congenital,15.993704,-0.4501367,6.592647,12.317346
Q786,XVII Congenital,16.01847,-0.5015139,6.535245,12.332807
Q788,XVII Congenital,16.012794,-0.48575333,6.250371,12.239706
Q789,XVII Congenital,16.021336,-0.52453095,6.624933,12.325011
Q790,XVII Congenital,16.094692,-0.96296823,6.335963,16.074495
Q791,XVII Congenital,15.710166,-0.357868,-0.66272104,11.031536
Q794,XVII Congenital,16.069195,-1.0687952,6.412302,16.029003
Q795,XVII Congenital,16.135517,-0.9802204,6.401521,16.040842
Q796,XVII Congenital,16.121511,-1.0319606,6.3631144,16.180664
Q798,XVII Congenital,15.757886,-0.42002946,-0.6866225,11.672724
Q799,XVII Congenital,16.150293,-0.93617415,6.39201,16.07387
Q80,XVII Congenital,15.691826,-0.057769585,4.3953156,8.73993
Q800,XVII Congenital,15.480241,-0.051040404,-0.17401075,8.066742
Q803,XVII Congenital,15.542263,-0.10908866,0.38970783,8.610764
Q804,XVII Congenital,15.425033,-0.015912654,0.24321412,8.433744
Q809,XVII Congenital,15.542011,-0.12164151,1.4860476,8.635697
Q81,XVII Congenital,8.726603,-0.9719347,-10.740348,9.722532
Q810,XVII Congenital,8.726064,-0.96363354,-11.057788,9.819883
Q812,XVII Congenital,8.718247,-0.97019297,-10.921682,9.758731
Q819,XVII Congenital,8.717523,-0.970495,-11.036763,9.826157
Q82,XVII Congenital,16.100914,-1.0309606,5.802929,16.02889
Q820,XVII Congenital,16.07011,-1.0705752,5.658865,15.950476
Q821,XVII Congenital,16.096163,-1.025408,5.8018317,16.029293
Q822,XVII Congenital,16.110813,-1.0519488,5.7309656,16.401754
Q824,XVII Congenital,16.091785,-1.034137,5.7967114,16.018719
Q825,XVII Congenital,16.020412,-0.8362457,5.108198,14.4297905
Q828,XVII Congenital,8.596229,0.97209156,22.517628,4.685424
Q829,XVII Congenital,8.627571,1.0011137,22.355652,4.7482977
Q83,XVII Congenital,8.596029,0.9650903,20.883623,4.8922367
Q830,XVII Congenital,8.598878,0.9708598,20.878122,4.8971
Q831,XVII Congenital,8.610471,0.969693,19.58783,5.102607
Q832,XVII Congenital,8.596389,0.97131544,20.877056,4.9289217
Q833,XVII Congenital,8.604793,0.97693926,20.741478,4.859892
Q838,XVII Congenital,8.644119,1.0323244,20.855719,4.8931713
Q839,XVII Congenital,8.609599,0.9784963,20.616983,4.618723
Q842,XVII Congenital,7.6503506,-2.1139777,-38.12933,-2.4628723
Q845,XVII Congenital,7.648361,-2.116715,-38.11544,-2.4858353
Q846,XVII Congenital,7.652689,-2.1175184,-38.12783,-2.4665911
Q848,XVII Congenital,7.6529713,-2.1143186,-38.128845,-2.4661
Q849,XVII Congenital,7.6533766,-2.1129491,-38.118916,-2.5087938
Q85,XVII Congenital,8.594212,0.97562,22.04252,5.3290267
Q850,XVII Congenital,8.588713,0.97920537,22.356123,5.608151
Q851,XVII Congenital,8.588551,0.9777666,22.34042,5.2441564
Q858,XVII Congenital,8.592245,0.97655016,22.116734,5.2232733
Q859,XVII Congenital,8.5979805,0.9883745,22.079493,5.3830466
Q870,XVII Congenital,8.629436,1.0139602,21.94781,6.2736907
Q871,XVII Congenital,8.612919,0.9845404,22.045275,6.321332
Q872,XVII Congenital,8.608358,0.9813592,22.056488,6.2840047
Q874,XVII Congenital,8.613605,0.9861226,22.250633,6.5734706
Q878,XVII Congenital,8.61174,0.98149425,22.091972,6.466511
Q890,XVII Congenital,8.584385,0.9654367,21.604273,4.8429027
Q892,XVII Congenital,8.553006,0.95140356,21.79636,4.5901566
Q893,XVII Congenital,8.592088,0.97188777,21.51966,4.8460765
Q898,XVII Congenital,8.592676,0.9709757,21.51499,4.887389
Q899,XVII Congenital,8.584512,0.965162,21.606047,4.774768
Q90,XVII Congenital,8.596359,0.97115415,21.296879,4.893053
Q902,XVII Congenital,8.591844,0.98350495,21.365213,4.814713
Q909,XVII Congenital,8.651623,1.0179162,21.363163,4.4595065
Q912,XVII Congenital,7.660785,-2.0946398,-38.10238,-2.5870018
Q914,XVII Congenital,7.643611,-2.1178458,-38.127617,-2.5162852
Q917,XVII Congenital,7.656122,-2.1063013,-38.115696,-2.5354974
Q928,XVII Congenital,8.599039,0.96772355,20.059029,5.474758
Q935,XVII Congenital,8.602939,0.97294164,20.471022,5.6557746
Q939,XVII Congenital,8.605107,0.9709375,20.279442,5.6377425
Q96,XVII Congenital,8.600134,0.9706586,21.253283,5.759663
Q968,XVII Congenital,8.601867,0.9748323,21.316065,5.707203
Q969,XVII Congenital,8.6005125,0.976322,21.464958,5.8665237
Q971,XVII Congenital,7.6498933,-2.1075563,-38.15066,-2.3357809
Q973,XVII Congenital,7.6441483,-2.1078596,-38.137367,-2.3600805
Q978,XVII Congenital,7.6423306,-2.1148543,-38.158615,-2.3006876
Q980,XVII Congenital,8.619368,0.98420733,20.14832,5.8866634
Q981,XVII Congenital,8.609887,0.97338045,20.125307,5.903119
Q982,XVII Congenital,8.618438,0.9670944,19.676016,6.104202
Q984,XVII Congenital,8.605918,0.9653623,20.248356,5.8862915
Q987,XVII Congenital,8.622179,0.9873407,20.397905,5.717209
Q988,XVII Congenital,8.609375,0.97039974,19.556978,5.6067753
Q99,XVII Congenital,8.566572,0.9383148,20.710064,5.1135154
Q992,XVII Congenital,8.589493,0.96878123,20.58901,5.2065473
Q998,XVII Congenital,8.591706,0.9637181,20.553766,4.815943
Q999,XVII Congenital,8.633036,1.0027144,20.665884,5.1300817
R00,XVIII Symptoms/Signs,20.496742,4.7658687,37.919888,-7.9045935
R000,XVIII Symptoms/Signs,20.489279,4.767655,38.51957,-8.174882
R001,XVIII Symptoms/Signs,20.486439,4.773485,38.64976,-7.8431215
R002,XVIII Symptoms/Signs,20.479965,4.7795644,38.836105,-7.8165846
R008,XVIII Symptoms/Signs,20.501833,4.75844,38.213676,-8.168139
R01,XVIII Symptoms/Signs,20.498974,4.762959,37.80977,-7.849129
R010,XVIII Symptoms/Signs,20.491186,4.772165,37.75202,-7.47916
R011,XVIII Symptoms/Signs,20.494377,4.7672777,38.353783,-7.5557656
R012,XVIII Symptoms/Signs,20.498304,4.763436,38.063786,-7.779207
R02,XVIII Symptoms/Signs,20.497637,4.7627516,37.18813,-7.9968286
R030,XVIII Symptoms/Signs,10.444515,11.280444,61.078518,-39.892376
R031,XVIII Symptoms/Signs,10.184165,11.509116,63.889957,-40.18278
R04,XVIII Symptoms/Signs,10.497513,11.384086,59.338997,-38.965645
R040,XVIII Symptoms/Signs,10.52075,11.263196,60.23079,-39.115795
R041,XVIII Symptoms/Signs,10.551833,11.408042,59.790115,-38.656868
R042,XVIII Symptoms/Signs,10.543402,11.424041,59.941547,-38.220528
R048,XVIII Symptoms/Signs,10.500973,11.376797,59.770523,-38.66512
R049,XVIII Symptoms/Signs,10.527388,11.396005,59.736023,-38.565025
R05,XVIII Symptoms/Signs,10.452966,11.3617325,60.99269,-38.55123
R06,XVIII Symptoms/Signs,10.580768,11.4326935,59.36717,-37.098785
R060,XVIII Symptoms/Signs,10.5318365,11.392711,60.453316,-37.70002
R061,XVIII Symptoms/Signs,10.617105,11.434286,59.3478,-37.2525
R062,XVIII Symptoms/Signs,10.586064,11.403929,59.64837,-36.84062
R063,XVIII Symptoms/Signs,10.5998535,11.447917,59.475662,-37.384144
R064,XVIII Symptoms/Signs,10.616915,11.443756,59.636646,-36.75277
R065,XVIII Symptoms/Signs,10.595182,11.394213,59.16774,-38.087242
R066,XVIII Symptoms/Signs,10.571537,11.414172,59.34288,-37.315834
R067,XVIII Symptoms/Signs,10.599638,11.410369,59.506298,-37.492393
R068,XVIII Symptoms/Signs,10.590276,11.427383,59.208862,-36.842472
R07,XVIII Symptoms/Signs,10.60048,11.450671,58.042694,-35.89455
R070,XVIII Symptoms/Signs,10.464725,11.416002,59.770756,-38.18329
R071,XVIII Symptoms/Signs,10.310516,11.585563,57.990627,-35.79788
R072,XVIII Symptoms/Signs,10.458712,11.400962,61.398445,-37.63007
R073,XVIII Symptoms/Signs,10.479557,11.374489,61.43036,-37.853836
R074,XVIII Symptoms/Signs,10.552421,11.350804,61.52839,-37.720238
R090,XVIII Symptoms/Signs,10.517845,11.440451,58.42435,-37.34693
R091,XVIII Symptoms/Signs,10.576611,11.419863,59.608738,-37.81143
R092,XVIII Symptoms/Signs,10.488505,11.470509,58.77151,-37.472878
R093,XVIII Symptoms/Signs,10.570795,11.438174,58.7928,-37.241913
R098,XVIII Symptoms/Signs,10.609108,11.428822,59.495667,-37.17861
R0989,XVIII Symptoms/Signs,10.54539,11.436666,59.3302,-37.740574
R10,XVIII Symptoms/Signs,10.52943,11.746241,63.909298,-33.762226
R100,XVIII Symptoms/Signs,10.464635,11.820828,65.135155,-35.523254
R101,XVIII Symptoms/Signs,10.627144,11.617114,62.568733,-36.18471
R1010,XVIII Symptoms/Signs,10.479442,11.915975,64.72225,-33.87538
R1012,XVIII Symptoms/Signs,10.519751,11.861261,64.89121,-35.32234
R102,XVIII Symptoms/Signs,10.549824,11.837367,64.833084,-34.96526
R103,XVIII Symptoms/Signs,10.6038885,11.73387,63.31496,-35.88977
R1030,XVIII Symptoms/Signs,10.443193,11.833121,64.56455,-33.80185
R104,XVIII Symptoms/Signs,10.637068,11.715949,62.864536,-35.7278
R109,XVIII Symptoms/Signs,10.463787,11.920843,65.04163,-35.08007
R11,XVIII Symptoms/Signs,10.422867,11.493521,62.324688,-38.131916
R12,XVIII Symptoms/Signs,10.600495,11.519368,61.979576,-36.45149
R13,XVIII Symptoms/Signs,10.617177,11.615053,62.30866,-36.24452
R14,XVIII Symptoms/Signs,10.617696,11.806714,64.253624,-35.862003
R140,XVIII Symptoms/Signs,10.489663,11.823836,65.20472,-35.693817
R141,XVIII Symptoms/Signs,10.507466,11.841597,65.15894,-35.613846
R142,XVIII Symptoms/Signs,10.539232,11.810504,65.01076,-35.74382
R143,XVIII Symptoms/Signs,10.53953,11.81609,64.9369,-35.727722
R15,XVIII Symptoms/Signs,10.5911455,11.819509,63.690838,-35.13286
R160,XVIII Symptoms/Signs,10.134943,11.736287,67.048035,-39.240124
R161,XVIII Symptoms/Signs,10.236278,11.790764,67.01471,-38.56813
R162,XVIII Symptoms/Signs,10.165913,11.822839,67.298035,-39.117466
R17,XVIII Symptoms/Signs,10.332087,11.783992,66.32196,-38.29188
R18,XVIII Symptoms/Signs,10.268383,11.786653,66.658195,-38.55896
R190,XVIII Symptoms/Signs,10.554498,11.747535,64.10039,-35.98949
R191,XVIII Symptoms/Signs,10.612199,11.824473,64.29618,-35.646133
R192,XVIII Symptoms/Signs,10.65117,11.808673,64.230156,-35.575428
R193,XVIII Symptoms/Signs,10.605093,11.826759,64.29434,-35.649334
R194,XVIII Symptoms/Signs,10.708593,11.758116,63.202267,-35.558853
R195,XVIII Symptoms/Signs,10.642771,11.804333,63.74408,-35.436287
R196,XVIII Symptoms/Signs,10.671511,11.843097,64.22733,-35.870758
R198,XVIII Symptoms/Signs,10.64782,11.812868,63.864006,-35.745506
R20,XVIII Symptoms/Signs,10.269048,11.357779,60.718353,-42.863323
R200,XVIII Symptoms/Signs,10.161121,11.40334,60.83269,-43.30788
R201,XVIII Symptoms/Signs,10.241561,11.375136,60.825287,-43.023422
R202,XVIII Symptoms/Signs,10.398861,11.298162,61.0121,-40.830093
R203,XVIII Symptoms/Signs,10.2461405,11.386182,60.76984,-43.151234
R208,XVIII Symptoms/Signs,10.2937765,11.339266,60.953922,-42.53823
R209,XVIII Symptoms/Signs,10.20699,11.374009,60.786125,-43.21644
R21,XVIII Symptoms/Signs,10.3613,11.353117,61.446987,-39.97038
R22,XVIII Symptoms/Signs,10.400581,11.374786,60.04361,-41.869877
R220,XVIII Symptoms/Signs,10.439492,11.377457,59.99957,-40.379177
R221,XVIII Symptoms/Signs,10.489544,11.410286,59.87149,-39.435535
R222,XVIII Symptoms/Signs,10.417996,11.312806,60.15,-40.55042
R223,XVIII Symptoms/Signs,10.431194,11.305247,60.08816,-40.446007
R224,XVIII Symptoms/Signs,10.418702,11.325852,60.195942,-40.115788
R227,XVIII Symptoms/Signs,10.44029,11.342915,59.64037,-40.76484
R229,XVIII Symptoms/Signs,10.407876,11.300894,60.29705,-40.820396
R230,XVIII Symptoms/Signs,10.28195,11.537562,63.741196,-40.084103
R231,XVIII Symptoms/Signs,10.395376,11.6951685,66.125404,-37.05433
R232,XVIII Symptoms/Signs,10.314471,11.346146,60.99765,-42.062057
R233,XVIII Symptoms/Signs,10.327511,11.34233,61.49497,-41.28163
R234,XVIII Symptoms/Signs,10.456386,11.43302,59.434536,-41.23429
R238,XVIII Symptoms/Signs,10.379342,11.389507,59.93253,-41.098526
R25,XVIII Symptoms/Signs,10.327008,11.3281975,62.08598,-41.64858
R250,XVIII Symptoms/Signs,10.302559,11.316117,62.339455,-41.36615
R251,XVIII Symptoms/Signs,10.303371,11.322603,62.145462,-41.217224
R252,XVIII Symptoms/Signs,10.363763,11.284432,61.247795,-40.735092
R253,XVIII Symptoms/Signs,10.1409855,11.488988,63.556213,-41.89608
R258,XVIII Symptoms/Signs,10.182515,11.448681,63.704384,-42.00111
R259,XVIII Symptoms/Signs,10.27518,11.367157,62.477345,-41.457054
R26,XVIII Symptoms/Signs,10.045304,11.495049,64.26275,-43.043343
R260,XVIII Symptoms/Signs,10.049198,11.512006,64.2892,-42.996662
R261,XVIII Symptoms/Signs,10.058623,11.479967,64.208534,-42.563885
R262,XVIII Symptoms/Signs,9.990526,11.411044,63.982563,-43.64311
R263,XVIII Symptoms/Signs,10.031077,11.487279,64.091545,-43.66076
R268,XVIII Symptoms/Signs,10.070225,11.460905,63.750744,-42.701412
R270,XVIII Symptoms/Signs,9.977574,11.620129,67.10163,-43.02751
R278,XVIII Symptoms/Signs,9.953265,11.7669325,67.61899,-42.722446
R29,XVIII Symptoms/Signs,10.069412,11.537912,64.555984,-41.946762
R290,XVIII Symptoms/Signs,10.181223,11.662146,66.06656,-40.640877
R291,XVIII Symptoms/Signs,10.154601,11.512339,64.41728,-41.125515
R292,XVIII Symptoms/Signs,10.133251,11.5040455,64.4358,-41.899895
R293,XVIII Symptoms/Signs,10.095962,11.532771,64.43008,-41.826077
R294,XVIII Symptoms/Signs,10.13688,11.483771,64.42345,-41.820877
R296,XVIII Symptoms/Signs,10.021831,11.471841,63.534748,-42.56582
R298,XVIII Symptoms/Signs,10.18723,11.4448805,63.74898,-41.764458
R2989,XVIII Symptoms/Signs,10.177106,11.483576,64.40918,-41.82744
R30,XVIII Symptoms/Signs,10.225867,11.564896,64.54762,-38.518105
R300,XVIII Symptoms/Signs,10.309334,11.617247,64.25644,-38.499847
R301,XVIII Symptoms/Signs,10.36274,11.557007,64.3524,-38.03401
R309,XVIII Symptoms/Signs,10.238127,11.572626,64.48616,-38.488907
R31,XVIII Symptoms/Signs,10.331705,11.457383,63.23097,-38.467644
R32,XVIII Symptoms/Signs,10.316036,11.470095,63.225502,-39.46202
R33,XVIII Symptoms/Signs,10.324627,11.4232235,62.996838,-38.99156
R34,XVIII Symptoms/Signs,9.957445,11.797174,69.37222,-43.927967
R35,XVIII Symptoms/Signs,10.338077,11.448964,63.564323,-38.8245
R36,XVIII Symptoms/Signs,9.86692,11.774314,69.01786,-43.945877
R390,XVIII Symptoms/Signs,10.303167,11.657398,64.192924,-38.6983
R391,XVIII Symptoms/Signs,10.333829,11.580742,63.99094,-38.661316
R392,XVIII Symptoms/Signs,10.3667145,11.592369,64.25475,-38.775166
R398,XVIII Symptoms/Signs,10.407191,11.564822,63.813522,-38.610046
R400,XVIII Symptoms/Signs,10.147197,11.56985,65.42657,-41.279354
R401,XVIII Symptoms/Signs,10.116313,11.622326,65.48765,-41.09335
R402,XVIII Symptoms/Signs,10.224962,11.560389,64.97608,-41.335556
R410,XVIII Symptoms/Signs,10.173935,11.445108,64.33071,-41.903656
R411,XVIII Symptoms/Signs,10.028227,11.541397,65.38275,-43.865547
R412,XVIII Symptoms/Signs,10.117013,11.524992,65.282616,-43.66196
R413,XVIII Symptoms/Signs,10.243477,11.36058,62.760303,-41.265408
R418,XVIII Symptoms/Signs,10.177562,11.441883,64.12464,-41.759697
R42,XVIII Symptoms/Signs,10.443022,11.288012,61.558887,-39.092667
R430,XVIII Symptoms/Signs,10.421899,11.672467,70.283485,-37.178528
R431,XVIII Symptoms/Signs,10.241094,11.870692,70.42567,-37.777596
R432,XVIII Symptoms/Signs,10.348952,11.733738,70.1688,-37.493614
R438,XVIII Symptoms/Signs,10.371049,11.714499,70.30849,-37.49944
R440,XVIII Symptoms/Signs,9.9436455,11.605542,66.96519,-44.04395
R441,XVIII Symptoms/Signs,9.946812,11.584783,66.79227,-43.96845
R442,XVIII Symptoms/Signs,9.912761,11.597228,66.974464,-44.080643
R443,XVIII Symptoms/Signs,9.93366,11.612061,66.93787,-44.04542
R448,XVIII Symptoms/Signs,9.959127,11.680729,67.01746,-43.827995
R45,XVIII Symptoms/Signs,10.073037,11.552528,65.61786,-42.172005
R450,XVIII Symptoms/Signs,10.086798,11.576136,65.9261,-41.893433
R451,XVIII Symptoms/Signs,10.019124,11.583507,65.67906,-42.60499
R452,XVIII Symptoms/Signs,9.988565,11.771081,66.87826,-42.04001
R453,XVIII Symptoms/Signs,10.097682,11.58628,65.39315,-42.09912
R454,XVIII Symptoms/Signs,9.98443,11.863436,67.8253,-42.18894
R455,XVIII Symptoms/Signs,10.033305,11.645804,66.162155,-42.244064
R456,XVIII Symptoms/Signs,10.0659,11.544997,65.486435,-42.271294
R457,XVIII Symptoms/Signs,10.065504,11.569434,65.52238,-42.297558
R458,XVIII Symptoms/Signs,10.025696,11.546591,65.83058,-42.01823
R46,XVIII Symptoms/Signs,9.915273,11.892801,69.144585,-42.00356
R460,XVIII Symptoms/Signs,9.937229,11.818945,68.739944,-41.991966
R462,XVIII Symptoms/Signs,9.926496,11.824669,68.41663,-41.89997
R463,XVIII Symptoms/Signs,9.86581,11.920345,69.05478,-42.01562
R464,XVIII Symptoms/Signs,9.904898,11.869575,69.02825,-41.965744
R466,XVIII Symptoms/Signs,9.940688,11.86921,68.879654,-41.93272
R468,XVIII Symptoms/Signs,9.908314,11.790699,68.30658,-42.598297
R47,XVIII Symptoms/Signs,10.008345,11.58621,65.914955,-43.061817
R470,XVIII Symptoms/Signs,10.085547,11.491816,64.752754,-42.79923
R471,XVIII Symptoms/Signs,10.075233,11.507196,65.93384,-43.210674
R478,XVIII Symptoms/Signs,10.160675,11.461559,64.290184,-42.22707
R480,XVIII Symptoms/Signs,9.872241,12.03163,71.452995,-41.26422
R481,XVIII Symptoms/Signs,9.799136,12.106369,71.61675,-41.53765
R482,XVIII Symptoms/Signs,9.798469,12.116622,71.59169,-41.42904
R488,XVIII Symptoms/Signs,9.836032,12.057005,71.23429,-41.258533
R49,XVIII Symptoms/Signs,10.56866,11.428487,60.001965,-37.438175
R490,XVIII Symptoms/Signs,10.566808,11.429296,60.261356,-37.33052
R491,XVIII Symptoms/Signs,10.566857,11.49788,59.94278,-36.621254
R498,XVIII Symptoms/Signs,10.638702,11.436024,59.937233,-36.91982
R50,XVIII Symptoms/Signs,10.253134,11.652711,65.3382,-39.53548
R500,XVIII Symptoms/Signs,10.235186,11.7252445,65.00464,-39.938187
R501,XVIII Symptoms/Signs,10.297149,11.665633,64.917404,-39.87923
R502,XVIII Symptoms/Signs,10.273743,11.621775,64.95131,-39.855038
R508,XVIII Symptoms/Signs,10.214308,11.647349,64.93696,-40.219975
R509,XVIII Symptoms/Signs,10.275845,11.545135,64.46058,-39.899895
R51,XVIII Symptoms/Signs,10.426642,11.303132,61.62137,-38.98194
R52,XVIII Symptoms/Signs,10.182101,11.470138,61.66472,-43.632732
R520,XVIII Symptoms/Signs,10.128076,11.4714,62.37308,-43.210846
R521,XVIII Symptoms/Signs,10.070454,11.428884,62.537006,-43.30458
R522,XVIII Symptoms/Signs,10.175115,11.372016,62.211403,-42.934563
R529,XVIII Symptoms/Signs,10.311685,11.361974,61.461205,-42.03452
R53,XVIII Symptoms/Signs,10.384431,11.285411,61.810795,-39.586544
R54,XVIII Symptoms/Signs,10.023849,11.477597,63.67899,-43.213852
R55,XVIII Symptoms/Signs,10.404144,11.363644,61.782356,-38.748302
R56,XVIII Symptoms/Signs,10.153022,11.483102,64.908905,-43.753662
R560,XVIII Symptoms/Signs,10.148103,11.435384,64.82423,-42.514046
R568,XVIII Symptoms/Signs,10.212661,11.430331,64.29527,-42.371666
R569,XVIII Symptoms/Signs,10.086272,11.48902,64.60361,-42.35192
R570,XVIII Symptoms/Signs,9.827788,11.976677,70.65026,-43.959553
R571,XVIII Symptoms/Signs,9.872183,11.927426,70.451126,-43.76176
R572,XVIII Symptoms/Signs,9.841555,11.907696,70.416756,-43.858696
R578,XVIII Symptoms/Signs,9.800585,11.967561,70.44729,-43.71313
R579,XVIII Symptoms/Signs,9.880306,11.885773,70.37884,-43.849987
R58,XVIII Symptoms/Signs,9.9788065,11.792917,68.75243,-40.202236
R59,XVIII Symptoms/Signs,10.519752,11.601954,60.74852,-35.277325
R590,XVIII Symptoms/Signs,10.475132,11.403173,60.5895,-37.864983
R591,XVIII Symptoms/Signs,10.555293,11.521373,60.72727,-36.626446
R599,XVIII Symptoms/Signs,10.497804,11.431262,60.79205,-37.05447
R60,XVIII Symptoms/Signs,10.0901165,11.583133,63.65464,-45.428272
R600,XVIII Symptoms/Signs,10.308637,11.338759,61.59956,-40.508743
R601,XVIII Symptoms/Signs,10.150485,11.562183,63.54435,-45.258556
R609,XVIII Symptoms/Signs,10.144763,11.520977,63.49645,-45.12695
R61,XVIII Symptoms/Signs,10.123429,11.918888,69.830925,-38.92983
R610,XVIII Symptoms/Signs,10.147881,11.899745,69.80003,-39.062157
R611,XVIII Symptoms/Signs,10.071512,11.930476,69.80486,-39.17321
R619,XVIII Symptoms/Signs,10.113596,11.935385,69.893394,-38.9615
R620,XVIII Symptoms/Signs,9.786992,12.125453,71.78479,-41.36362
R6252,XVIII Symptoms/Signs,9.815914,12.114995,72.15069,-40.81726
R628,XVIII Symptoms/Signs,9.831991,12.12842,72.41342,-40.46797
R629,XVIII Symptoms/Signs,9.818086,12.128386,72.14,-40.82231
R630,XVIII Symptoms/Signs,10.528942,11.756269,64.40323,-36.603516
R631,XVIII Symptoms/Signs,10.475522,11.740078,64.40499,-37.00548
R632,XVIII Symptoms/Signs,10.527356,11.819661,64.69323,-36.388184
R633,XVIII Symptoms/Signs,10.339183,11.818164,65.21985,-36.467102
R634,XVIII Symptoms/Signs,10.587742,11.782754,63.452568,-35.805714
R635,XVIII Symptoms/Signs,10.40939,11.8023,65.119774,-37.082634
R636,XVIII Symptoms/Signs,10.393687,11.879327,65.1777,-37.180004
R638,XVIII Symptoms/Signs,10.237007,11.673325,65.165344,-37.35121
R64,XVIII Symptoms/Signs,10.214155,11.914396,68.29415,-37.583344
R65,XVIII Symptoms/Signs,9.9209585,11.848871,69.157555,-42.651188
R650,XVIII Symptoms/Signs,9.945294,11.81535,68.73725,-42.71186
R651,XVIII Symptoms/Signs,9.946454,11.785633,69.031746,-43.053753
R652,XVIII Symptoms/Signs,9.933937,11.804879,68.96591,-42.716286
R653,XVIII Symptoms/Signs,9.929267,11.847731,69.25912,-42.726677
R659,XVIII Symptoms/Signs,9.927262,11.816118,68.84161,-42.822697
R680,XVIII Symptoms/Signs,10.118342,11.55255,64.912186,-41.283848
R682,XVIII Symptoms/Signs,10.337707,11.347152,61.523037,-40.96086
R683,XVIII Symptoms/Signs,10.143301,11.6387,66.35542,-40.965427
R688,XVIII Symptoms/Signs,10.240962,11.376294,62.974934,-40.94849
R69,XVIII Symptoms/Signs,10.474946,11.4656925,61.994835,-38.292854
R70,XVIII Symptoms/Signs,9.974416,11.875844,69.60978,-40.33356
R700,XVIII Symptoms/Signs,9.973665,11.948813,69.744,-40.088978
R701,XVIII Symptoms/Signs,10.013899,11.997624,69.972084,-39.994923
R71,XVIII Symptoms/Signs,10.115939,11.965511,71.38094,-38.487522
R72,XVIII Symptoms/Signs,10.161369,11.599901,66.660385,-40.1303
R73,XVIII Symptoms/Signs,10.208671,11.393957,62.19767,-40.772255
R730,XVIII Symptoms/Signs,10.266396,11.377429,61.787777,-40.195843
R739,XVIII Symptoms/Signs,10.247087,11.35837,61.973892,-40.54779
R740,XVIII Symptoms/Signs,9.92074,11.738111,68.49972,-43.305504
R748,XVIII Symptoms/Signs,10.198972,11.834887,66.99174,-38.598976
R749,XVIII Symptoms/Signs,10.176852,11.753176,66.14216,-39.586742
R760,XVIII Symptoms/Signs,10.368242,11.89258,67.5692,-36.999413
R761,XVIII Symptoms/Signs,10.256455,11.886679,67.82906,-37.373936
R762,XVIII Symptoms/Signs,10.298438,11.871618,67.65643,-37.50011
R768,XVIII Symptoms/Signs,10.3755245,11.891911,67.73082,-37.18434
R769,XVIII Symptoms/Signs,10.349479,11.899492,67.72593,-37.25059
R770,XVIII Symptoms/Signs,10.007966,11.812574,67.611496,-41.370907
R771,XVIII Symptoms/Signs,9.996083,11.816134,68.08263,-40.84301
R772,XVIII Symptoms/Signs,10.133714,11.746921,67.255394,-40.658073
R778,XVIII Symptoms/Signs,10.07432,11.74539,67.59838,-40.518707
R779,XVIII Symptoms/Signs,10.027962,11.801882,67.713394,-40.560745
R780,XVIII Symptoms/Signs,10.013467,11.984687,71.88279,-38.702297
R788,XVIII Symptoms/Signs,9.926191,11.870359,68.84363,-41.4617
R7889,XVIII Symptoms/Signs,9.852929,12.032495,70.42567,-41.68302
R789,XVIII Symptoms/Signs,9.81832,12.028298,70.395386,-41.69753
R79,XVIII Symptoms/Signs,10.230181,11.906159,71.32665,-37.885544
R790,XVIII Symptoms/Signs,10.358147,11.61716,66.16909,-37.270752
R798,XVIII Symptoms/Signs,10.322525,11.505799,62.974815,-38.733845
R7989,XVIII Symptoms/Signs,10.316368,11.631836,65.335686,-38.53941
R799,XVIII Symptoms/Signs,10.2712345,11.881129,71.070915,-37.894905
R80,XVIII Symptoms/Signs,10.035933,11.485604,66.64867,-45.875187
R802,XVIII Symptoms/Signs,9.897722,11.624337,67.17281,-45.57341
R803,XVIII Symptoms/Signs,9.939742,11.543376,66.97792,-45.641323
R809,XVIII Symptoms/Signs,9.870291,11.553608,66.97452,-45.639843
R81,XVIII Symptoms/Signs,10.569412,11.621668,60.71344,-35.405144
R82,XVIII Symptoms/Signs,9.6442995,11.491554,68.18756,-45.519157
R820,XVIII Symptoms/Signs,9.723018,11.5486,68.04817,-44.86001
R821,XVIII Symptoms/Signs,9.687374,11.5215,68.04238,-44.848305
R822,XVIII Symptoms/Signs,9.731748,11.561763,68.057755,-44.880615
R823,XVIII Symptoms/Signs,9.706932,11.544551,68.02125,-44.899727
R824,XVIII Symptoms/Signs,9.694523,11.541067,67.99222,-44.92487
R825,XVIII Symptoms/Signs,9.684837,11.549783,68.0104,-44.89764
R826,XVIII Symptoms/Signs,9.702808,11.545796,68.04092,-44.88014
R827,XVIII Symptoms/Signs,9.67794,11.530901,67.990265,-44.938713
R828,XVIII Symptoms/Signs,9.733489,11.542345,68.092674,-44.83422
R829,XVIII Symptoms/Signs,9.691154,11.541405,68.22659,-45.808285
R83,XVIII Symptoms/Signs,9.787223,12.123587,72.13075,-41.43813
R834,XVIII Symptoms/Signs,9.781096,12.139399,72.22272,-41.450565
R835,XVIII Symptoms/Signs,9.816882,12.131345,72.07732,-41.51656
R836,XVIII Symptoms/Signs,9.78996,12.127293,72.02172,-41.603294
R837,XVIII Symptoms/Signs,9.770154,12.127186,72.26909,-41.233448
R838,XVIII Symptoms/Signs,9.797474,12.093176,71.55566,-41.98213
R839,XVIII Symptoms/Signs,9.797098,12.116768,71.879456,-41.65052
R84,XVIII Symptoms/Signs,9.85333,12.146972,71.54833,-40.131664
R840,XVIII Symptoms/Signs,9.860069,12.167873,71.64193,-40.22842
R844,XVIII Symptoms/Signs,9.878355,12.115885,71.585045,-40.324547
R845,XVIII Symptoms/Signs,9.961962,12.038464,70.97371,-39.70726
R846,XVIII Symptoms/Signs,9.840326,12.120567,71.51643,-40.40662
R847,XVIII Symptoms/Signs,9.851075,12.169523,71.74467,-40.150597
R848,XVIII Symptoms/Signs,9.881195,12.132446,71.53616,-40.18579
R849,XVIII Symptoms/Signs,9.837056,12.14363,71.706474,-40.104378
R850,XVIII Symptoms/Signs,10.473691,11.922348,66.69862,-36.138126
R852,XVIII Symptoms/Signs,10.495303,11.912128,66.546234,-36.17814
R854,XVIII Symptoms/Signs,10.525434,11.904003,66.33433,-36.013294
R855,XVIII Symptoms/Signs,10.450323,11.912298,66.72094,-36.35929
R856,XVIII Symptoms/Signs,10.514704,11.916113,66.495865,-36.173252
R857,XVIII Symptoms/Signs,10.510164,11.906011,66.70828,-36.115932
R858,XVIII Symptoms/Signs,10.496962,11.907901,66.612946,-36.04808
R859,XVIII Symptoms/Signs,10.288344,11.936548,68.51582,-37.89239
R86,XVIII Symptoms/Signs,9.61398,12.347202,73.00969,-41.414112
R860,XVIII Symptoms/Signs,9.593854,12.371627,72.97786,-41.43741
R865,XVIII Symptoms/Signs,9.593171,12.369718,73.001595,-41.42262
R866,XVIII Symptoms/Signs,9.594012,12.369788,73.00245,-41.418507
R867,XVIII Symptoms/Signs,9.606633,12.355226,73.08033,-41.372276
R868,XVIII Symptoms/Signs,9.577896,12.385789,73.0865,-41.503345
R869,XVIII Symptoms/Signs,9.600847,12.362705,72.98346,-41.361244
R870,XVIII Symptoms/Signs,10.52608,12.067091,66.40423,-32.869022
R871,XVIII Symptoms/Signs,10.53082,12.0876875,66.44361,-32.867207
R873,XVIII Symptoms/Signs,10.528496,12.072012,66.399605,-32.88705
R875,XVIII Symptoms/Signs,10.515846,12.096086,66.48488,-32.920246
R876,XVIII Symptoms/Signs,10.532714,12.07954,66.41632,-32.793102
R877,XVIII Symptoms/Signs,10.528791,12.069384,66.387794,-32.869728
R878,XVIII Symptoms/Signs,10.527235,12.095624,66.400635,-32.855984
R879,XVIII Symptoms/Signs,10.540671,12.138699,66.36534,-32.9298
R890,XVIII Symptoms/Signs,10.033284,12.013826,70.94893,-39.474735
R892,XVIII Symptoms/Signs,10.110455,11.9564905,70.55652,-38.860294
R894,XVIII Symptoms/Signs,10.120677,11.978356,70.530014,-38.764786
R895,XVIII Symptoms/Signs,10.118695,11.957002,70.61295,-38.729546
R896,XVIII Symptoms/Signs,10.052909,11.965264,70.68555,-39.186882
R897,XVIII Symptoms/Signs,20.514305,4.7372437,36.824486,-8.965505
R898,XVIII Symptoms/Signs,20.521805,4.7329893,36.80469,-8.8917
R899,XVIII Symptoms/Signs,20.51069,4.745105,36.98548,-8.83498
R90,XVIII Symptoms/Signs,20.517632,4.740189,37.1829,-9.150639
R900,XVIII Symptoms/Signs,20.510582,4.7471848,37.026512,-9.707556
R908,XVIII Symptoms/Signs,20.524813,4.734423,37.38419,-9.216552
R91,XVIII Symptoms/Signs,20.508663,4.745104,37.962734,-9.616673
R92,XVIII Symptoms/Signs,20.523584,4.732309,35.974792,-8.271864
R93,XVIII Symptoms/Signs,20.513094,4.743792,38.16629,-9.030955
R930,XVIII Symptoms/Signs,20.49328,4.7683434,37.819134,-8.932414
R931,XVIII Symptoms/Signs,20.50842,4.7477245,37.95321,-8.804763
R932,XVIII Symptoms/Signs,20.5394,4.71726,38.378544,-9.332943
R933,XVIII Symptoms/Signs,20.513777,4.7407274,38.62486,-9.702558
R934,XVIII Symptoms/Signs,20.514486,4.7426333,38.33142,-9.271848
R935,XVIII Symptoms/Signs,20.51245,4.744426,38.451096,-9.406008
R936,XVIII Symptoms/Signs,20.510696,4.7464266,38.17395,-9.004283
R937,XVIII Symptoms/Signs,20.51415,4.7424536,38.097412,-9.264526
R938,XVIII Symptoms/Signs,20.514338,4.7411275,38.18105,-9.276792
R940,XVIII Symptoms/Signs,20.507887,4.7516613,37.60365,-8.494796
R941,XVIII Symptoms/Signs,20.498142,4.7630186,38.06114,-8.259065
R942,XVIII Symptoms/Signs,20.503538,4.754574,38.113754,-8.418122
R943,XVIII Symptoms/Signs,20.501583,4.7598534,38.30844,-8.052095
R944,XVIII Symptoms/Signs,20.500015,4.7603383,38.17901,-8.371077
R945,XVIII Symptoms/Signs,20.422003,4.837343,38.660656,-8.189061
R946,XVIII Symptoms/Signs,20.50025,4.761286,37.928562,-7.928952
R947,XVIII Symptoms/Signs,20.497578,4.7626605,38.189983,-8.406441
R948,XVIII Symptoms/Signs,20.499977,4.7590446,38.09434,-8.467884
R95,XVIII Symptoms/Signs,20.511015,4.7407684,35.658497,-8.436749
R950,XVIII Symptoms/Signs,20.514168,4.7372746,35.894527,-8.474794
R959,XVIII Symptoms/Signs,20.511631,4.742229,35.894375,-8.468947
R96,XVIII Symptoms/Signs,20.514683,4.7278657,36.041645,-9.157962
R960,XVIII Symptoms/Signs,20.530542,4.720597,36.12,-9.167881
R961,XVIII Symptoms/Signs,20.516342,4.733287,36.14366,-9.028169
R98,XVIII Symptoms/Signs,20.52701,4.7250686,36.598824,-8.412308
R99,XVIII Symptoms/Signs,20.49529,4.7557354,35.84895,-9.841815
S00,XIX Injury/Poisoning,-2.9064999,-0.4580973,-54.198895,61.473305
S000,XIX Injury/Poisoning,-2.8914282,-0.45860174,-53.609947,61.441444
S0000,XIX Injury/Poisoning,-2.9069695,-0.45628673,-53.980804,61.383522
S0001,XIX Injury/Poisoning,-2.9142337,-0.44358248,-54.291786,61.063156
S001,XIX Injury/Poisoning,-2.9007034,-0.46338204,-53.70563,61.30589
S0010,XIX Injury/Poisoning,-2.9163759,-0.45031956,-53.743076,61.230064
S002,XIX Injury/Poisoning,-2.9051013,-0.45534936,-54.148422,61.166183
S003,XIX Injury/Poisoning,-2.903186,-0.46014914,-54.03321,61.399246
S0030,XIX Injury/Poisoning,-2.903749,-0.4602335,-53.960537,61.407066
S0031,XIX Injury/Poisoning,-2.9043026,-0.4595745,-53.86693,61.375134
S004,XIX Injury/Poisoning,-2.903741,-0.46047673,-53.821983,61.373104
S0040,XIX Injury/Poisoning,-2.9956987,-0.36216486,-54.31306,61.109818
S0041,XIX Injury/Poisoning,-2.9050477,-0.45888552,-53.808556,61.33216
S005,XIX Injury/Poisoning,-2.9048698,-0.45916635,-53.691944,61.11551
S0050,XIX Injury/Poisoning,-2.9050815,-0.45912024,-53.951824,61.41216
S0051,XIX Injury/Poisoning,-2.9054916,-0.45857656,-53.82846,61.373085
S007,XIX Injury/Poisoning,-2.9053273,-0.4586568,-54.102875,61.269875
S008,XIX Injury/Poisoning,-2.9026396,-0.461643,-53.524704,61.344482
S009,XIX Injury/Poisoning,-2.8671668,-0.49787185,-53.703396,61.61589
S0090,XIX Injury/Poisoning,-2.9023464,-0.46216017,-53.948364,61.412746
S0091,XIX Injury/Poisoning,-2.8898683,-0.4627057,-53.985855,61.336773
S0093,XIX Injury/Poisoning,-2.906541,-0.4573009,-53.74675,61.185802
S01,XIX Injury/Poisoning,-2.9075956,-0.45752963,-54.02356,60.905926
S010,XIX Injury/Poisoning,-2.9046783,-0.46009195,-53.468643,61.167282
S0100,XIX Injury/Poisoning,-2.9091148,-0.4557073,-54.13011,60.74279
S011,XIX Injury/Poisoning,-2.908906,-0.45570648,-53.682766,60.91134
S0110,XIX Injury/Poisoning,-2.9305272,-0.4288228,-54.172142,60.78067
S012,XIX Injury/Poisoning,-2.9051273,-0.46003038,-53.75079,60.948124
S013,XIX Injury/Poisoning,-2.9089298,-0.4568828,-53.902065,60.88948
S014,XIX Injury/Poisoning,-4.307721,10.557368,-42.512115,63.20132
S015,XIX Injury/Poisoning,-4.311162,10.615735,-42.57745,63.281464
S017,XIX Injury/Poisoning,-4.3207917,10.421298,-42.59589,63.200836
S018,XIX Injury/Poisoning,-4.3488646,10.589887,-42.711178,63.32516
S019,XIX Injury/Poisoning,-4.374033,10.528128,-42.572968,63.163906
S0190,XIX Injury/Poisoning,-4.176125,10.364444,-42.55539,63.197163
S02,XIX Injury/Poisoning,-5.084833,12.100547,-39.70377,76.50513
S020,XIX Injury/Poisoning,-5.099184,12.104176,-39.829758,76.48289
S0200,XIX Injury/Poisoning,-5.140378,12.079228,-41.59329,76.18267
S0201,XIX Injury/Poisoning,-5.16526,12.096946,-41.141396,75.145645
S021,XIX Injury/Poisoning,-5.0799503,12.136866,-39.8336,76.38889
S0210,XIX Injury/Poisoning,-5.2180247,12.054361,-42.602077,75.349434
S0211,XIX Injury/Poisoning,-5.096709,12.112714,-40.379513,75.725044
S0219,XIX Injury/Poisoning,-5.132013,12.144766,-40.590565,75.155846
S022,XIX Injury/Poisoning,-5.077709,12.097916,-40.787876,76.29545
S0220,XIX Injury/Poisoning,-5.073148,12.069619,-41.26386,74.53511
S0221,XIX Injury/Poisoning,-5.163305,12.1554,-40.36085,74.7832
S023,XIX Injury/Poisoning,-5.078236,12.093415,-40.323254,75.74184
S0230,XIX Injury/Poisoning,-5.193327,12.116584,-40.983364,75.6892
S0231,XIX Injury/Poisoning,-5.1405835,12.124355,-40.526,75.22335
S0232,XIX Injury/Poisoning,-5.173735,12.152904,-40.42469,75.20642
S024,XIX Injury/Poisoning,-5.0594473,12.0625515,-39.957375,76.977234
S0240,XIX Injury/Poisoning,-5.14542,12.10978,-41.367077,75.62858
S0241,XIX Injury/Poisoning,-5.1263127,12.112467,-40.571926,75.161865
S0242,XIX Injury/Poisoning,-5.1110682,12.12982,-40.230114,75.57978
S025,XIX Injury/Poisoning,-5.2454724,12.013063,-39.605923,74.859825
S0250,XIX Injury/Poisoning,-5.1157613,12.105198,-41.412865,76.7416
S0251,XIX Injury/Poisoning,-5.101563,12.148396,-40.564224,75.2738
S026,XIX Injury/Poisoning,-5.1194696,12.095162,-40.955376,76.031944
S0260,XIX Injury/Poisoning,-5.141527,12.102602,-41.174965,75.406715
S0261,XIX Injury/Poisoning,-5.1383085,12.115347,-40.373863,75.167145
S0262,XIX Injury/Poisoning,-5.194322,12.117858,-40.23637,75.17896
S0263,XIX Injury/Poisoning,-5.131999,12.129827,-40.580906,75.19264
S0264,XIX Injury/Poisoning,-5.120867,12.120043,-40.561985,75.14646
S0265,XIX Injury/Poisoning,-5.1848335,12.17395,-40.43648,75.14817
S0266,XIX Injury/Poisoning,-5.158617,12.138696,-40.428486,75.181885
S0267,XIX Injury/Poisoning,-5.154473,12.144917,-40.52381,75.20847
S0269,XIX Injury/Poisoning,-5.152808,12.138555,-40.541656,75.21574
S027,XIX Injury/Poisoning,-5.104286,12.115835,-40.061993,75.912056
S0270,XIX Injury/Poisoning,-5.090587,12.096187,-40.149017,75.09588
S028,XIX Injury/Poisoning,-5.0759563,12.126979,-39.91409,76.20892
S0280,XIX Injury/Poisoning,-5.1142254,12.087836,-40.682625,76.30063
S0281,XIX Injury/Poisoning,-5.104727,12.093094,-40.34553,75.90145
S0282,XIX Injury/Poisoning,-5.129577,12.099566,-40.629566,75.17855
S029,XIX Injury/Poisoning,-5.105824,12.105912,-39.76055,76.357216
S0290,XIX Injury/Poisoning,-5.159616,12.130032,-41.457024,75.115425
S0291,XIX Injury/Poisoning,-5.15953,12.1705,-40.404617,75.23148
S0292,XIX Injury/Poisoning,-5.1017456,12.087644,-40.084496,75.27586
S030,XIX Injury/Poisoning,-4.5987735,10.459183,-34.8974,62.345226
S0300,XIX Injury/Poisoning,-4.6086903,10.476096,-34.904163,62.507103
S0301,XIX Injury/Poisoning,-4.5832243,10.484676,-34.931797,62.477936
S0302,XIX Injury/Poisoning,-4.5960903,10.488105,-34.93944,62.48428
S0303,XIX Injury/Poisoning,-4.595969,10.5018015,-34.91131,62.469986
S031,XIX Injury/Poisoning,-4.549449,10.459052,-34.88523,62.484993
S032,XIX Injury/Poisoning,-4.611548,10.485287,-34.694786,62.627335
S034,XIX Injury/Poisoning,-4.6071386,10.495742,-34.944584,63.146057
S039,XIX Injury/Poisoning,-4.5679145,10.455779,-34.924408,62.443806
S04,XIX Injury/Poisoning,-3.5576415,6.854472,-34.733868,30.407358
S040,XIX Injury/Poisoning,-3.5820403,6.799812,-35.020714,29.919895
S041,XIX Injury/Poisoning,-3.5911496,6.932905,-34.511707,30.741987
S042,XIX Injury/Poisoning,-3.560234,6.8461256,-34.793053,30.300152
S043,XIX Injury/Poisoning,-3.5546544,6.83746,-34.861187,30.161955
S044,XIX Injury/Poisoning,-3.5656023,6.839494,-35.159954,30.270306
S045,XIX Injury/Poisoning,-3.550946,6.843049,-34.94609,30.582846
S047,XIX Injury/Poisoning,-3.5911367,6.9447017,-34.352287,30.92515
S048,XIX Injury/Poisoning,-3.561649,6.8500094,-34.801178,30.575653
S049,XIX Injury/Poisoning,-3.5519176,6.83412,-34.853367,30.126122
S05,XIX Injury/Poisoning,-3.902271,10.951591,-27.475574,62.388012
S050,XIX Injury/Poisoning,-3.8822927,11.278407,-31.986654,67.30073
S0500,XIX Injury/Poisoning,-3.9388463,10.984259,-28.011187,62.141884
S051,XIX Injury/Poisoning,-3.9106631,10.986191,-27.98534,62.19682
S0510,XIX Injury/Poisoning,-4.6659164,11.743592,-38.61571,74.203094
S052,XIX Injury/Poisoning,-3.9050875,11.00808,-27.647375,62.10484
S053,XIX Injury/Poisoning,-3.944948,11.01158,-27.362597,62.138115
S0530,XIX Injury/Poisoning,-3.9343953,10.989391,-28.01398,62.14844
S054,XIX Injury/Poisoning,-3.9340398,10.9932165,-27.918465,62.118877
S055,XIX Injury/Poisoning,-3.9369256,10.991068,-28.200628,62.196777
S0550,XIX Injury/Poisoning,-3.9713414,11.023221,-28.202747,62.19214
S056,XIX Injury/Poisoning,-3.9338298,10.967254,-27.334455,62.14247
S057,XIX Injury/Poisoning,-3.9141383,10.988402,-27.869892,62.05524
S058,XIX Injury/Poisoning,-3.9782045,11.133023,-28.738464,62.40826
S059,XIX Injury/Poisoning,-3.8733191,10.978402,-27.529825,62.400665
S0590,XIX Injury/Poisoning,-3.9201252,10.960064,-27.957077,62.07646
S06,XIX Injury/Poisoning,-5.5111017,11.84419,-43.87248,74.388
S060,XIX Injury/Poisoning,-5.428727,11.793947,-43.45156,73.05063
S0600,XIX Injury/Poisoning,-5.5361285,11.827916,-43.75617,74.49325
S061,XIX Injury/Poisoning,-5.5128503,11.832544,-43.86051,74.38549
S0610,XIX Injury/Poisoning,-5.5043206,11.854724,-43.45163,75.07686
S062,XIX Injury/Poisoning,-5.5080137,11.848365,-43.43513,74.22102
S0620,XIX Injury/Poisoning,-5.5061274,11.8498125,-43.819855,74.89101
S0621,XIX Injury/Poisoning,-5.5163074,11.839735,-43.865875,74.4099
S063,XIX Injury/Poisoning,-5.5127606,11.845682,-43.955383,74.45722
S0630,XIX Injury/Poisoning,-5.5054684,11.856904,-43.516773,74.59581
S064,XIX Injury/Poisoning,-5.5156054,11.849456,-43.811436,74.35453
S0640,XIX Injury/Poisoning,-5.539912,11.862619,-43.686337,74.50693
S0641,XIX Injury/Poisoning,-5.5339713,11.832012,-43.88318,74.39609
S065,XIX Injury/Poisoning,-5.4876137,11.847903,-43.64499,74.01066
S0650,XIX Injury/Poisoning,-5.500729,11.847321,-44.01293,74.765434
S0651,XIX Injury/Poisoning,-5.526316,11.850922,-43.964546,74.45792
S066,XIX Injury/Poisoning,-5.4751277,11.873001,-42.933674,74.673065
S0660,XIX Injury/Poisoning,-5.491355,11.871736,-43.478405,75.153564
S0661,XIX Injury/Poisoning,-5.531061,11.839216,-43.922718,74.447716
S068,XIX Injury/Poisoning,-5.1234274,12.082444,-40.69663,77.06839
S0680,XIX Injury/Poisoning,-5.54182,11.882438,-43.909145,74.709984
S0681,XIX Injury/Poisoning,-5.5288954,11.853091,-43.871876,74.378525
S069,XIX Injury/Poisoning,-5.3429985,11.817265,-43.33675,73.08714
S0690,XIX Injury/Poisoning,-5.4661264,11.893636,-43.575962,74.782845
S070,XIX Injury/Poisoning,-3.7105138,6.621769,-32.15002,28.340023
S078,XIX Injury/Poisoning,-3.6805072,6.6239386,-32.17224,28.915092
S079,XIX Injury/Poisoning,-3.6706846,6.6038103,-32.494766,28.22554
S080,XIX Injury/Poisoning,-3.62881,6.5498815,-34.002804,26.656807
S081,XIX Injury/Poisoning,-3.656665,6.5897765,-34.031845,26.620306
S09,XIX Injury/Poisoning,-4.448024,10.051248,-42.685966,60.097782
S090,XIX Injury/Poisoning,-4.572149,9.984733,-42.274586,59.953472
S091,XIX Injury/Poisoning,-4.5736003,9.911442,-42.213802,59.916092
S092,XIX Injury/Poisoning,-4.570298,9.980301,-42.213097,59.917095
S097,XIX Injury/Poisoning,-4.506268,10.022228,-42.68252,60.00922
S098,XIX Injury/Poisoning,-4.5303907,10.00648,-42.47764,59.95385
S099,XIX Injury/Poisoning,-4.602689,9.931517,-42.017525,59.90669
S0990,XIX Injury/Poisoning,-4.633727,9.919076,-42.175137,59.896423
S10,XIX Injury/Poisoning,-3.23161,10.0267315,-34.387405,46.741505
S100,XIX Injury/Poisoning,-3.238833,10.035271,-34.41475,46.745308
S101,XIX Injury/Poisoning,-3.2269971,10.028033,-34.304096,46.851974
S1010,XIX Injury/Poisoning,-3.2285202,10.022164,-34.38861,46.75598
S1011,XIX Injury/Poisoning,-3.221016,10.023542,-34.299976,46.78118
S107,XIX Injury/Poisoning,-3.23253,10.027084,-34.405617,46.731064
S108,XIX Injury/Poisoning,-3.2284951,10.046979,-34.642555,46.79821
S1080,XIX Injury/Poisoning,-3.2502959,10.032928,-34.396355,46.703445
S109,XIX Injury/Poisoning,-3.241308,10.0206585,-34.731297,46.666477
S1091,XIX Injury/Poisoning,-3.2329626,10.030325,-34.337177,46.73861
S1093,XIX Injury/Poisoning,-3.2425582,10.024218,-34.3706,46.929096
S11,XIX Injury/Poisoning,-3.88949,10.070774,-30.263597,55.778206
S111,XIX Injury/Poisoning,-3.9226608,10.026631,-30.249418,55.77287
S112,XIX Injury/Poisoning,-3.9465916,10.021936,-30.234337,55.904022
S117,XIX Injury/Poisoning,-3.956045,10.048096,-30.330183,55.727497
S118,XIX Injury/Poisoning,-3.9163337,10.080879,-30.0471,55.88324
S1180,XIX Injury/Poisoning,-3.9018679,9.961439,-30.447443,55.08883
S119,XIX Injury/Poisoning,-3.9331577,10.057796,-30.2203,55.79566
S1190,XIX Injury/Poisoning,-3.9810665,10.063253,-30.3231,55.86832
S12,XIX Injury/Poisoning,-5.7019854,10.05172,-42.37094,52.00875
S120,XIX Injury/Poisoning,-5.7210994,10.049325,-42.55324,52.05061
S1200,XIX Injury/Poisoning,-5.7190585,10.050965,-42.516235,52.38103
S121,XIX Injury/Poisoning,-5.728166,10.046635,-42.42778,51.848198
S1210,XIX Injury/Poisoning,-5.6987357,10.094337,-42.68686,52.696392
S122,XIX Injury/Poisoning,-5.6979156,10.052838,-42.742153,52.409973
S1220,XIX Injury/Poisoning,-5.702782,10.066569,-42.439953,51.898014
S127,XIX Injury/Poisoning,-5.73112,10.052535,-42.511906,52.02271
S1270,XIX Injury/Poisoning,-5.7216053,10.047428,-42.301357,51.615883
S1280,XIX Injury/Poisoning,-3.8971827,9.72137,-31.466002,51.873863
S1281,XIX Injury/Poisoning,-5.714189,10.035683,-42.384274,52.03281
S129,XIX Injury/Poisoning,-5.7284393,10.0469885,-42.553837,52.065536
S1290,XIX Injury/Poisoning,-5.7236366,10.047789,-42.190388,51.95096
S130,XIX Injury/Poisoning,-4.9326925,10.205828,-39.27946,62.289997
S131,XIX Injury/Poisoning,-4.9826665,10.277603,-39.265926,62.570038
S132,XIX Injury/Poisoning,-4.9862823,10.300273,-39.315773,62.365986
S1320,XIX Injury/Poisoning,-5.0027356,10.247744,-39.313274,62.36332
S134,XIX Injury/Poisoning,-4.9694734,10.255578,-39.47494,62.89563
S135,XIX Injury/Poisoning,-4.978938,10.257023,-39.313343,62.364857
S136,XIX Injury/Poisoning,-3.8546076,11.623719,-36.909485,66.084076
S138,XIX Injury/Poisoning,-4.973972,10.228555,-39.26281,62.57826
S139,XIX Injury/Poisoning,-4.9734516,10.249798,-39.309986,62.334717
S14,XIX Injury/Poisoning,-4.894797,8.366285,-37.991978,44.716324
S140,XIX Injury/Poisoning,-4.890788,8.374299,-38.00557,44.727497
S141,XIX Injury/Poisoning,-4.891687,8.375341,-38.122574,44.903038
S142,XIX Injury/Poisoning,-4.884207,8.385208,-38.02424,44.737823
S143,XIX Injury/Poisoning,-4.888669,8.378975,-38.069416,44.749535
S145,XIX Injury/Poisoning,-4.8794503,8.390042,-37.991467,44.710274
S146,XIX Injury/Poisoning,-4.9032903,8.35445,-37.992966,44.728348
S149,XIX Injury/Poisoning,-4.886237,8.38122,-37.977085,44.633335
S150,XIX Injury/Poisoning,-3.710112,7.179325,-33.109684,32.954185
S151,XIX Injury/Poisoning,-3.7255843,7.2173038,-33.393875,33.137554
S152,XIX Injury/Poisoning,-3.695418,7.24957,-33.01029,32.92558
S153,XIX Injury/Poisoning,-3.7340553,7.201168,-32.96979,32.816982
S157,XIX Injury/Poisoning,-3.727219,7.2051277,-32.947098,32.95068
S159,XIX Injury/Poisoning,-3.727896,7.201019,-33.04171,32.863186
S16,XIX Injury/Poisoning,-3.6221325,9.676184,-35.079613,48.226593
S169,XIX Injury/Poisoning,-3.2663846,9.984865,-34.82243,47.648575
S17,XIX Injury/Poisoning,-3.648964,6.5746255,-32.42952,28.401321
S179,XIX Injury/Poisoning,-3.6374927,6.5758424,-32.011326,28.187302
S19,XIX Injury/Poisoning,-4.2863703,9.773969,-36.512947,56.491802
S197,XIX Injury/Poisoning,-4.274819,9.603681,-36.555767,56.088932
S198,XIX Injury/Poisoning,-4.183712,9.59754,-36.423954,56.180656
S199,XIX Injury/Poisoning,-4.3712792,9.725133,-36.617573,56.455463
S20,XIX Injury/Poisoning,-4.874125,10.0672,-39.45944,61.623585
S200,XIX Injury/Poisoning,-4.928455,10.111527,-39.599102,61.52935
S201,XIX Injury/Poisoning,-4.8824353,10.055971,-39.445515,61.887188
S2010,XIX Injury/Poisoning,-4.8519874,10.048146,-39.46846,61.615868
S202,XIX Injury/Poisoning,-4.908035,10.083749,-39.724243,61.477272
S2020,XIX Injury/Poisoning,-4.865435,10.048583,-39.467804,61.570606
S2021,XIX Injury/Poisoning,-4.894506,10.07992,-39.456913,61.64211
S203,XIX Injury/Poisoning,-4.8679614,10.054012,-39.936405,61.18779
S204,XIX Injury/Poisoning,-4.8738084,10.0725975,-39.423244,61.450966
S207,XIX Injury/Poisoning,-4.8705697,10.068442,-39.48265,61.567062
S208,XIX Injury/Poisoning,-4.8750153,10.068481,-39.59749,61.426437
S2090,XIX Injury/Poisoning,-4.8056107,10.048389,-39.441174,61.595875
S21,XIX Injury/Poisoning,-3.9590468,9.667401,-32.762,52.991383
S210,XIX Injury/Poisoning,-3.9675171,9.565643,-32.48413,51.985638
S211,XIX Injury/Poisoning,-4.0198307,9.642072,-32.72331,52.298958
S2110,XIX Injury/Poisoning,-3.9719274,9.648081,-32.754234,53.060463
S212,XIX Injury/Poisoning,-3.9963124,9.650136,-33.023746,53.13318
S2120,XIX Injury/Poisoning,-3.976902,9.644829,-32.818478,52.981728
S217,XIX Injury/Poisoning,-3.975908,9.632286,-32.921482,53.049873
S218,XIX Injury/Poisoning,-3.914659,9.704275,-32.90011,52.91018
S219,XIX Injury/Poisoning,-3.973749,9.706767,-32.84452,53.082783
S2190,XIX Injury/Poisoning,-3.9741957,9.679766,-32.806263,53.118168
S220,XIX Injury/Poisoning,-5.6933084,10.0876,-43.978214,51.175255
S2200,XIX Injury/Poisoning,-5.7723484,10.0246315,-42.240707,50.967377
S221,XIX Injury/Poisoning,-5.760084,10.03805,-43.708794,51.249306
S2210,XIX Injury/Poisoning,-5.7738667,10.016837,-43.15613,50.455425
S222,XIX Injury/Poisoning,-5.7438335,10.029929,-44.03433,50.8639
S2220,XIX Injury/Poisoning,-5.802963,9.987392,-43.077065,50.045982
S223,XIX Injury/Poisoning,-5.7217007,10.061661,-44.064713,51.11837
S2230,XIX Injury/Poisoning,-5.8182144,9.980578,-42.695946,50.015095
S2231,XIX Injury/Poisoning,-5.73977,10.044802,-42.691177,51.21151
S224,XIX Injury/Poisoning,-5.7436776,10.045933,-43.628887,50.87936
S2240,XIX Injury/Poisoning,-5.8463297,9.955858,-42.593018,49.86431
S2241,XIX Injury/Poisoning,-5.792722,10.004981,-42.885025,50.992184
S2249,XIX Injury/Poisoning,-5.768347,10.032441,-42.779816,51.08623
S225,XIX Injury/Poisoning,-5.705892,10.059598,-44.21946,51.020115
S2250,XIX Injury/Poisoning,-5.8053083,9.999042,-42.742985,49.842594
S2280,XIX Injury/Poisoning,-5.742474,10.035293,-42.681206,51.15417
S229,XIX Injury/Poisoning,-5.7686005,10.035144,-42.750683,51.120216
S2290,XIX Injury/Poisoning,-5.7112494,10.093864,-42.815697,51.07151
S230,XIX Injury/Poisoning,-4.5423474,9.617663,-38.828533,54.98694
S231,XIX Injury/Poisoning,-4.5612087,9.612056,-38.885807,55.082108
S232,XIX Injury/Poisoning,-4.5474873,9.60891,-38.817745,55.024834
S2320,XIX Injury/Poisoning,-4.5453215,9.618302,-38.872704,55.02637
S233,XIX Injury/Poisoning,-4.504078,9.583789,-38.84642,54.774605
S234,XIX Injury/Poisoning,-4.543865,9.584127,-39.281235,55.168255
S235,XIX Injury/Poisoning,-4.54603,9.606076,-38.866306,55.02807
S239,XIX Injury/Poisoning,-4.55111,9.627784,-38.80683,55.021183
S241,XIX Injury/Poisoning,-3.7120705,7.118362,-30.463886,32.135838
S242,XIX Injury/Poisoning,-3.7214847,7.173005,-31.127691,32.373344
S243,XIX Injury/Poisoning,-3.7219267,7.179902,-31.225765,32.349403
S244,XIX Injury/Poisoning,-3.7222426,7.173591,-31.202978,32.23439
S249,XIX Injury/Poisoning,-3.7277577,7.1580534,-30.894735,32.024994
S250,XIX Injury/Poisoning,-3.6427042,6.5573545,-34.04837,26.096468
S251,XIX Injury/Poisoning,-3.6406808,6.534763,-34.059486,26.079636
S258,XIX Injury/Poisoning,-3.5913649,6.518118,-34.053272,26.08503
S268,XIX Injury/Poisoning,-3.6771126,6.623163,-32.66563,29.02676
S2680,XIX Injury/Poisoning,-3.6914136,6.62567,-33.16114,27.77457
S2690,XIX Injury/Poisoning,-3.6993704,6.635453,-32.8073,29.062943
S2691,XIX Injury/Poisoning,-3.6866415,6.620943,-33.083115,28.078917
S27,XIX Injury/Poisoning,-5.9106355,9.876122,-41.746075,49.077152
S270,XIX Injury/Poisoning,-5.9103093,9.871343,-41.74309,48.83153
S2700,XIX Injury/Poisoning,-5.8768272,9.910394,-42.34837,49.433125
S2701,XIX Injury/Poisoning,-5.915091,9.874039,-41.75138,48.928284
S271,XIX Injury/Poisoning,-5.874697,9.864933,-41.374588,48.08135
S2710,XIX Injury/Poisoning,-5.903608,9.887833,-42.09568,49.32189
S2711,XIX Injury/Poisoning,-5.75113,9.868541,-41.038567,47.547935
S272,XIX Injury/Poisoning,-5.898068,9.870237,-41.684505,48.645153
S2720,XIX Injury/Poisoning,-5.9068546,9.878511,-41.968414,48.88745
S2721,XIX Injury/Poisoning,-5.8964257,9.888948,-41.72688,49.127846
S273,XIX Injury/Poisoning,-5.9025326,9.896901,-42.195744,49.15035
S2730,XIX Injury/Poisoning,-5.8584313,9.9211855,-42.260975,49.289936
S2740,XIX Injury/Poisoning,-5.915804,9.874326,-41.813004,49.08577
S2760,XIX Injury/Poisoning,-5.914633,9.872442,-42.01572,49.151634
S2770,XIX Injury/Poisoning,-5.9120264,9.867118,-41.601616,48.703312
S278,XIX Injury/Poisoning,-5.89739,9.8928995,-41.807785,49.360718
S2780,XIX Injury/Poisoning,-5.9096837,9.877517,-42.078007,49.01889
S2781,XIX Injury/Poisoning,-5.9114466,9.876267,-41.806023,48.987305
S279,XIX Injury/Poisoning,-5.8994656,9.882872,-41.75392,49.072227
S280,XIX Injury/Poisoning,-3.6150298,6.6605134,-33.530952,28.57838
S29,XIX Injury/Poisoning,-4.7867503,10.063317,-38.795666,60.409603
S290,XIX Injury/Poisoning,-4.8765283,10.088629,-39.03714,61.058964
S298,XIX Injury/Poisoning,-4.8328753,10.01537,-39.03721,60.740047
S299,XIX Injury/Poisoning,-4.8432107,10.131243,-38.788105,61.021477
S300,XIX Injury/Poisoning,-4.3081408,9.481519,-37.26608,54.086426
S301,XIX Injury/Poisoning,-4.326914,9.464246,-37.202766,53.62408
S302,XIX Injury/Poisoning,-4.2354665,9.519991,-36.839226,53.188416
S3020,XIX Injury/Poisoning,-4.3369513,9.462609,-37.039944,54.153427
S307,XIX Injury/Poisoning,-4.3246274,9.401032,-37.16718,54.25942
S308,XIX Injury/Poisoning,-4.342842,9.45378,-37.332104,54.3915
S309,XIX Injury/Poisoning,-4.346432,9.453191,-37.250404,54.499573
S3091,XIX Injury/Poisoning,-4.3473496,9.424171,-37.061893,54.14247
S3092,XIX Injury/Poisoning,-4.3399277,9.42249,-37.08107,54.17032
S3096,XIX Injury/Poisoning,-4.359236,9.419077,-37.102283,54.195656
S3097,XIX Injury/Poisoning,-4.3617716,9.379357,-37.06312,54.1632
S3098,XIX Injury/Poisoning,-4.363329,9.422393,-37.082672,54.16021
S310,XIX Injury/Poisoning,-4.0693564,9.481719,-34.76259,52.84658
S3100,XIX Injury/Poisoning,-4.0894933,9.571782,-34.477924,53.143547
S311,XIX Injury/Poisoning,-4.021448,9.594081,-34.735268,52.233166
S3110,XIX Injury/Poisoning,-4.0813837,9.537767,-34.97962,53.231346
S312,XIX Injury/Poisoning,-3.9683535,9.550637,-33.37026,51.885143
S3120,XIX Injury/Poisoning,-4.0689282,9.504513,-34.66884,52.665714
S313,XIX Injury/Poisoning,-4.0657,9.515635,-34.7872,52.99619
S314,XIX Injury/Poisoning,-4.0530243,9.534122,-34.41412,52.655235
S315,XIX Injury/Poisoning,-4.0466156,9.519748,-34.63599,52.700867
S3152,XIX Injury/Poisoning,-4.0917983,9.516727,-34.920868,53.03997
S3154,XIX Injury/Poisoning,-4.091555,9.500367,-34.939186,53.03606
S317,XIX Injury/Poisoning,-4.0452785,9.518088,-34.84178,52.697544
S318,XIX Injury/Poisoning,-4.0018196,9.482923,-35.21862,52.30547
S32,XIX Injury/Poisoning,-6.5035915,9.550194,-39.66826,50.706177
S320,XIX Injury/Poisoning,-6.4928055,9.558016,-39.590168,51.12364
S3200,XIX Injury/Poisoning,-6.488876,9.558844,-39.950165,50.457413
S321,XIX Injury/Poisoning,-6.5098867,9.536172,-39.51315,50.705494
S3210,XIX Injury/Poisoning,-6.483522,9.565734,-40.26666,50.244427
S322,XIX Injury/Poisoning,-6.5040803,9.54849,-39.67673,50.70882
S3220,XIX Injury/Poisoning,-6.526859,9.525516,-39.663765,50.706184
S323,XIX Injury/Poisoning,-6.515337,9.537063,-39.61258,50.599197
S3230,XIX Injury/Poisoning,-6.4836164,9.566062,-40.22141,50.74474
S324,XIX Injury/Poisoning,-6.4895806,9.553981,-39.33408,51.069416
S3240,XIX Injury/Poisoning,-6.4901533,9.562261,-40.204685,50.310143
S3241,XIX Injury/Poisoning,-6.5003524,9.550664,-39.70949,50.69752
S325,XIX Injury/Poisoning,-6.4783587,9.565657,-39.894035,51.248714
S3250,XIX Injury/Poisoning,-6.5189204,9.536629,-39.98401,50.33399
S3251,XIX Injury/Poisoning,-6.5522685,9.504881,-39.671207,50.636147
S327,XIX Injury/Poisoning,-6.4947267,9.557265,-40.08246,50.605877
S3270,XIX Injury/Poisoning,-6.5077305,9.546602,-39.556248,50.878815
S328,XIX Injury/Poisoning,-6.482846,9.568118,-40.34728,51.03196
S3280,XIX Injury/Poisoning,-6.503688,9.549572,-39.7465,49.79756
S329,XIX Injury/Poisoning,-6.5088453,9.545413,-39.66788,50.695427
S330,XIX Injury/Poisoning,-3.7821493,11.747164,-37.752827,67.05545
S331,XIX Injury/Poisoning,-3.7770264,11.732603,-37.788414,67.17157
S332,XIX Injury/Poisoning,-3.7736092,11.725657,-37.73564,67.04365
S333,XIX Injury/Poisoning,-3.7671752,11.753109,-37.880005,67.00555
S3330,XIX Injury/Poisoning,-3.7821295,11.746247,-37.73661,67.05056
S335,XIX Injury/Poisoning,-3.756906,11.738567,-37.945576,66.748276
S336,XIX Injury/Poisoning,-3.849496,11.814551,-38.61022,66.78241
S337,XIX Injury/Poisoning,-3.76064,11.731261,-38.052513,66.55335
S339,XIX Injury/Poisoning,-3.766238,11.751312,-37.72648,67.07243
S340,XIX Injury/Poisoning,-3.6979632,6.641428,-32.38174,28.536314
S341,XIX Injury/Poisoning,-3.7054653,6.647693,-32.36419,27.777903
S342,XIX Injury/Poisoning,-3.7003646,6.652707,-32.068687,28.292671
S343,XIX Injury/Poisoning,-3.7066789,6.6876326,-32.193455,28.974741
S344,XIX Injury/Poisoning,-3.69851,6.6440597,-32.743786,27.965235
S345,XIX Injury/Poisoning,-3.6992776,6.6595726,-32.48312,28.312532
S348,XIX Injury/Poisoning,-3.696207,6.6361427,-32.866226,27.909826
S349,XIX Injury/Poisoning,-3.7789164,6.6495833,-32.464462,27.784016
S352,XIX Injury/Poisoning,-3.6974049,6.6394033,-32.55869,28.869608
S354,XIX Injury/Poisoning,-3.6927955,6.6552024,-32.29444,29.124788
S355,XIX Injury/Poisoning,-3.6935234,6.6365647,-32.36521,29.090458
S358,XIX Injury/Poisoning,-3.727067,6.667817,-32.592163,28.814909
S359,XIX Injury/Poisoning,-3.731003,6.661562,-32.57329,28.635946
S36,XIX Injury/Poisoning,-3.7201188,15.104112,-35.272797,41.462757
S360,XIX Injury/Poisoning,-3.7176464,15.107351,-34.913563,41.80777
S3600,XIX Injury/Poisoning,-3.718385,15.104564,-34.51735,41.84831
S3601,XIX Injury/Poisoning,-3.717373,15.109267,-35.055378,41.470562
S361,XIX Injury/Poisoning,-3.7170544,15.107774,-34.989918,41.227802
S3610,XIX Injury/Poisoning,-3.718251,15.105383,-34.679573,41.876064
S3611,XIX Injury/Poisoning,-3.8627,9.586547,-33.364357,42.31036
S3620,XIX Injury/Poisoning,-3.7176871,15.109148,-34.996586,41.195187
S3621,XIX Injury/Poisoning,-3.7196624,15.104818,-35.275864,41.466213
S363,XIX Injury/Poisoning,-3.719965,15.104276,-35.29274,41.504578
S3630,XIX Injury/Poisoning,-3.7180119,15.106083,-35.045063,41.652275
S364,XIX Injury/Poisoning,-3.7185564,15.105124,-35.027996,41.6165
S3640,XIX Injury/Poisoning,-3.719673,15.105123,-34.804436,41.547207
S3641,XIX Injury/Poisoning,-3.71796,15.105865,-34.877285,41.62468
S365,XIX Injury/Poisoning,-3.7200217,15.104052,-35.21134,41.491108
S3650,XIX Injury/Poisoning,-3.7202847,15.098291,-35.40654,41.858673
S3651,XIX Injury/Poisoning,-3.720071,15.104496,-35.20196,41.525703
S3660,XIX Injury/Poisoning,-3.71848,15.106309,-35.17318,41.575317
S3670,XIX Injury/Poisoning,-3.7203786,15.104478,-35.26373,41.45077
S368,XIX Injury/Poisoning,-3.720518,15.103977,-35.27905,41.530384
S3680,XIX Injury/Poisoning,-3.7186882,15.106845,-35.497883,41.929234
S3681,XIX Injury/Poisoning,-3.7210298,15.103663,-35.259453,41.516872
S369,XIX Injury/Poisoning,-3.729654,15.090256,-35.290333,41.49496
S370,XIX Injury/Poisoning,-3.3312848,8.959863,-37.05601,49.2759
S3700,XIX Injury/Poisoning,-3.330368,8.962165,-37.054226,49.110332
S371,XIX Injury/Poisoning,-3.3250828,8.968859,-37.057175,49.198444
S3710,XIX Injury/Poisoning,-3.3211222,8.954809,-37.288868,49.048584
S372,XIX Injury/Poisoning,-3.3294747,8.959175,-37.00621,49.30885
S3720,XIX Injury/Poisoning,-3.3273757,8.971454,-37.063744,49.270473
S373,XIX Injury/Poisoning,-3.3229496,8.953983,-37.02866,49.169827
S3730,XIX Injury/Poisoning,-3.3291886,8.959956,-36.446228,49.481457
S3731,XIX Injury/Poisoning,-3.3195927,8.942351,-37.085358,49.248318
S376,XIX Injury/Poisoning,-3.2931645,8.925084,-37.01699,49.09077
S3760,XIX Injury/Poisoning,-3.326363,8.952388,-37.02474,49.309258
S3761,XIX Injury/Poisoning,-3.328965,8.957847,-36.920155,48.94232
S3780,XIX Injury/Poisoning,-3.3231514,8.955278,-37.216934,48.892197
S3781,XIX Injury/Poisoning,-3.32351,8.951839,-37.03874,49.1924
S379,XIX Injury/Poisoning,-3.31932,8.948514,-37.005314,49.131153
S3790,XIX Injury/Poisoning,-3.3199422,8.948182,-37.177025,49.287754
S380,XIX Injury/Poisoning,-3.2579606,10.258263,-33.229214,48.97859
S3800,XIX Injury/Poisoning,-3.25243,10.321733,-33.106117,48.87611
S381,XIX Injury/Poisoning,-3.387295,10.353352,-33.002075,49.109093
S3822,XIX Injury/Poisoning,-3.2122512,10.370097,-33.021008,49.09407
S39,XIX Injury/Poisoning,-4.4436064,9.917381,-37.722946,57.929066
S390,XIX Injury/Poisoning,-4.4960504,9.796671,-38.057777,57.64759
S397,XIX Injury/Poisoning,-4.4651337,9.822036,-37.771793,57.70762
S398,XIX Injury/Poisoning,-4.458162,9.793655,-37.63241,57.706844
S399,XIX Injury/Poisoning,-4.473181,9.810252,-37.907726,57.709602
S3991,XIX Injury/Poisoning,-4.4807396,9.794361,-37.925915,57.617832
S3992,XIX Injury/Poisoning,-4.5095577,9.787848,-37.86257,57.635056
S3993,XIX Injury/Poisoning,-4.4391966,9.800943,-37.85125,57.637493
S3994,XIX Injury/Poisoning,-4.4660487,9.804012,-37.93042,57.618595
S40,XIX Injury/Poisoning,-4.4460297,10.403862,-34.74507,61.531563
S400,XIX Injury/Poisoning,-4.360301,10.325712,-34.59029,60.29518
S4002,XIX Injury/Poisoning,-4.4617586,10.352155,-34.745884,61.33707
S407,XIX Injury/Poisoning,-4.4618626,10.412072,-35.059437,61.5674
S408,XIX Injury/Poisoning,-4.3456287,10.444178,-34.428772,61.28588
S409,XIX Injury/Poisoning,-4.4912677,10.431005,-34.95817,61.66797
S410,XIX Injury/Poisoning,-4.32309,10.332944,-33.971012,59.338036
S4100,XIX Injury/Poisoning,-4.3114924,10.286514,-33.993427,59.472313
S411,XIX Injury/Poisoning,-4.337233,10.29113,-33.954422,59.6787
S4110,XIX Injury/Poisoning,-4.313507,10.326851,-33.93148,59.53292
S417,XIX Injury/Poisoning,-4.300829,10.304861,-33.891914,59.588062
S418,XIX Injury/Poisoning,-4.288267,10.270933,-33.94067,59.41584
S42,XIX Injury/Poisoning,-5.115125,11.120836,-29.847956,71.94666
S420,XIX Injury/Poisoning,-5.1542954,11.0892315,-29.200964,71.88335
S4200,XIX Injury/Poisoning,-5.180161,11.095889,-29.82068,73.325806
S4201,XIX Injury/Poisoning,-5.152285,11.116321,-29.692972,72.47786
S421,XIX Injury/Poisoning,-5.160417,11.109441,-29.546309,72.36808
S4210,XIX Injury/Poisoning,-5.174515,11.109133,-29.400692,72.90168
S422,XIX Injury/Poisoning,-5.093163,11.139382,-29.750666,71.71579
S4220,XIX Injury/Poisoning,-5.114803,11.161395,-30.056376,73.123665
S4221,XIX Injury/Poisoning,-5.089037,11.174728,-29.703753,72.5086
S423,XIX Injury/Poisoning,-5.1017036,11.120133,-29.61951,71.57287
S4230,XIX Injury/Poisoning,-5.167501,11.1132555,-29.797918,72.897064
S4231,XIX Injury/Poisoning,-5.160639,11.116056,-29.714191,72.47967
S424,XIX Injury/Poisoning,-5.1513834,11.106761,-29.505287,71.68255
S4240,XIX Injury/Poisoning,-5.1286674,11.118754,-30.068802,72.992294
S4241,XIX Injury/Poisoning,-5.1729407,11.114305,-29.729383,72.82024
S427,XIX Injury/Poisoning,-5.136602,11.078378,-28.865374,71.50991
S4270,XIX Injury/Poisoning,-5.1671643,11.111797,-29.504393,72.52695
S4271,XIX Injury/Poisoning,-5.157147,11.116522,-29.742096,72.45623
S428,XIX Injury/Poisoning,-5.1597395,11.118183,-29.167171,72.644295
S4280,XIX Injury/Poisoning,-5.124535,11.154456,-29.790182,72.56082
S429,XIX Injury/Poisoning,-4.9939284,11.188049,-30.04229,71.55082
S4290,XIX Injury/Poisoning,-5.170113,11.1115055,-29.675478,72.845894
S430,XIX Injury/Poisoning,-3.413854,11.306683,-28.010391,66.89146
S431,XIX Injury/Poisoning,-3.4431932,11.315774,-27.879791,66.24194
S432,XIX Injury/Poisoning,-3.4502778,11.345075,-28.205046,66.3213
S433,XIX Injury/Poisoning,-3.4833813,11.294681,-28.67571,66.88668
S4330,XIX Injury/Poisoning,-3.4267206,11.32853,-28.093763,66.33417
S434,XIX Injury/Poisoning,-3.7192156,11.339993,-29.1936,66.9168
S4340,XIX Injury/Poisoning,-3.4330778,11.31104,-28.08189,66.29583
S4342,XIX Injury/Poisoning,-3.460532,11.332088,-28.087667,66.33677
S435,XIX Injury/Poisoning,-3.4709818,11.321157,-28.054972,66.29056
S4350,XIX Injury/Poisoning,-3.459791,11.346845,-28.091476,66.346466
S436,XIX Injury/Poisoning,-3.4912395,11.348655,-28.462719,66.07558
S437,XIX Injury/Poisoning,-3.6482654,11.338909,-29.15102,66.8723
S4390,XIX Injury/Poisoning,-3.3641734,11.294866,-28.068295,66.34937
S44,XIX Injury/Poisoning,-3.7472956,7.190079,-31.542322,32.0875
S440,XIX Injury/Poisoning,-3.746467,7.192837,-31.82918,32.22976
S4400,XIX Injury/Poisoning,-3.7475038,7.1958027,-31.64792,32.10337
S441,XIX Injury/Poisoning,-3.7463603,7.187958,-31.229174,31.785353
S442,XIX Injury/Poisoning,-3.7449074,7.183758,-31.871225,32.17778
S443,XIX Injury/Poisoning,-3.7592497,7.20432,-31.452106,31.937628
S445,XIX Injury/Poisoning,-3.7492974,7.207121,-31.828577,32.22464
S447,XIX Injury/Poisoning,-3.7512898,7.2081747,-31.835817,32.20725
S448,XIX Injury/Poisoning,-3.7823024,7.2395997,-31.567217,32.062893
S449,XIX Injury/Poisoning,-3.7742586,7.214575,-31.635101,32.19476
S4490,XIX Injury/Poisoning,-3.7508824,7.20452,-31.238201,32.050728
S450,XIX Injury/Poisoning,-3.6502914,6.647227,-34.058865,27.966333
S451,XIX Injury/Poisoning,-3.6592648,6.6503243,-34.04287,27.878834
S458,XIX Injury/Poisoning,-3.6578128,6.6251583,-34.1876,27.663946
S459,XIX Injury/Poisoning,-3.649456,6.6353664,-34.15701,27.75001
S46,XIX Injury/Poisoning,-3.2258248,11.324117,-26.768312,66.673
S460,XIX Injury/Poisoning,-3.2817366,11.304197,-26.924877,67.22676
S461,XIX Injury/Poisoning,-3.1918378,11.298344,-26.406294,66.434425
S462,XIX Injury/Poisoning,-3.1748023,11.288779,-26.569374,66.68358
S463,XIX Injury/Poisoning,-3.2214708,11.336648,-26.666342,66.545975
S467,XIX Injury/Poisoning,-3.2320752,11.332402,-26.75636,66.73946
S468,XIX Injury/Poisoning,-3.242324,11.343374,-26.950111,66.64809
S469,XIX Injury/Poisoning,-3.2087684,11.3391485,-26.821087,66.747955
S4691,XIX Injury/Poisoning,-3.2118268,11.302067,-26.754412,66.65101
S47,XIX Injury/Poisoning,-3.6472356,10.230487,-33.881523,34.644665
S479,XIX Injury/Poisoning,-3.7087905,7.36357,-33.720467,34.18239
S489,XIX Injury/Poisoning,-3.625701,6.5669026,-34.898754,26.168442
S49,XIX Injury/Poisoning,-2.9918575,11.055136,-22.766607,64.52148
S497,XIX Injury/Poisoning,-2.9304812,11.070919,-23.081972,65.31737
S498,XIX Injury/Poisoning,-2.973575,11.069189,-23.047234,65.38652
S4980,XIX Injury/Poisoning,-2.9384625,11.091002,-23.029245,65.277626
S499,XIX Injury/Poisoning,-2.9712772,11.0844755,-22.782326,65.09577
S4990,XIX Injury/Poisoning,-2.9436305,11.084982,-23.067177,65.28342
S50,XIX Injury/Poisoning,-4.0239363,9.95828,-32.996014,55.53686
S500,XIX Injury/Poisoning,-4.1208353,10.082118,-33.097355,57.495323
S5000,XIX Injury/Poisoning,-4.0385003,9.933387,-33.043343,55.371216
S501,XIX Injury/Poisoning,-4.038908,9.933856,-32.938374,55.60284
S5010,XIX Injury/Poisoning,-3.9746466,9.951026,-33.011795,55.41232
S5031,XIX Injury/Poisoning,-4.016968,9.961825,-32.991573,55.532284
S5035,XIX Injury/Poisoning,-4.0074444,9.96429,-33.00058,55.577564
S5036,XIX Injury/Poisoning,-4.0234513,9.994129,-32.985844,55.5429
S507,XIX Injury/Poisoning,-4.025331,9.974556,-33.034664,55.63324
S508,XIX Injury/Poisoning,-4.033355,9.956385,-33.20398,56.0009
S5081,XIX Injury/Poisoning,-4.0323334,9.936977,-32.964123,55.53772
S5085,XIX Injury/Poisoning,-4.0254893,9.947746,-32.971874,55.566746
S5086,XIX Injury/Poisoning,-4.0217743,9.969472,-32.991047,55.538933
S509,XIX Injury/Poisoning,-4.06642,10.132525,-35.02072,65.66624
S51,XIX Injury/Poisoning,-4.138635,10.366319,-30.414494,58.113777
S510,XIX Injury/Poisoning,-4.123579,10.287525,-30.65557,57.61492
S5100,XIX Injury/Poisoning,-4.1165133,10.350433,-30.316957,57.856735
S517,XIX Injury/Poisoning,-4.103803,10.347974,-30.35668,57.925663
S518,XIX Injury/Poisoning,-4.0012546,10.39721,-30.221754,58.023865
S5180,XIX Injury/Poisoning,-4.08079,10.363364,-30.317251,57.861084
S519,XIX Injury/Poisoning,-4.115873,10.4212265,-30.354122,58.01719
S52,XIX Injury/Poisoning,-4.406436,11.699645,-32.976334,71.63848
S520,XIX Injury/Poisoning,-4.360489,11.868477,-32.326332,73.12281
S5200,XIX Injury/Poisoning,-4.4888163,11.797748,-32.896873,73.51832
S5201,XIX Injury/Poisoning,-4.439664,11.6972685,-34.61557,73.37941
S521,XIX Injury/Poisoning,-4.308608,11.6087265,-33.543133,70.313324
S5210,XIX Injury/Poisoning,-4.4709454,11.7603445,-33.437542,73.11175
S5211,XIX Injury/Poisoning,-4.386341,11.77021,-33.591785,72.18374
S522,XIX Injury/Poisoning,-4.291625,11.471677,-33.72166,69.83417
S5220,XIX Injury/Poisoning,-4.44053,11.684524,-34.31796,72.37934
S5221,XIX Injury/Poisoning,-4.441429,11.745116,-33.58246,72.473785
S523,XIX Injury/Poisoning,-4.4629965,11.744001,-34.184917,73.323006
S5230,XIX Injury/Poisoning,-4.4387746,11.747401,-33.646084,72.583206
S5231,XIX Injury/Poisoning,-4.4361396,11.749304,-33.636444,72.377785
S524,XIX Injury/Poisoning,-4.4354815,11.749377,-34.296276,73.553505
S5240,XIX Injury/Poisoning,-4.44158,11.747963,-33.92519,72.51664
S5241,XIX Injury/Poisoning,-4.434119,11.7313175,-33.624466,72.2676
S525,XIX Injury/Poisoning,-4.3378243,11.699152,-33.276646,71.283134
S5250,XIX Injury/Poisoning,-4.495201,11.872539,-32.403072,74.25585
S5251,XIX Injury/Poisoning,-4.4463964,11.759607,-33.680294,72.67977
S526,XIX Injury/Poisoning,-4.342845,11.678647,-33.610893,71.32275
S5260,XIX Injury/Poisoning,-4.4926023,11.9369755,-32.204884,74.29151
S5261,XIX Injury/Poisoning,-4.4855595,11.742635,-33.15743,72.74946
S527,XIX Injury/Poisoning,-4.4502983,11.745892,-34.126514,73.26773
S5270,XIX Injury/Poisoning,-4.4870186,11.770122,-33.4106,72.74709
S5271,XIX Injury/Poisoning,-4.4267054,11.740712,-33.638157,72.39103
S528,XIX Injury/Poisoning,-4.2845592,11.653232,-33.368156,70.43289
S5280,XIX Injury/Poisoning,-4.440009,11.748013,-33.866455,72.75843
S5281,XIX Injury/Poisoning,-4.42684,11.750862,-33.641823,72.37733
S529,XIX Injury/Poisoning,-4.4357514,11.715196,-32.97648,71.82407
S5290,XIX Injury/Poisoning,-4.4068356,11.750195,-33.114906,72.472046
S530,XIX Injury/Poisoning,-4.6528215,10.565662,-35.59518,62.850388
S531,XIX Injury/Poisoning,-4.697444,10.591432,-35.96098,63.361786
S532,XIX Injury/Poisoning,-4.7074413,10.601768,-35.818882,63.013332
S533,XIX Injury/Poisoning,-4.729387,10.5656395,-35.968567,63.04973
S534,XIX Injury/Poisoning,-4.7085056,10.580276,-35.89175,63.28806
S5344,XIX Injury/Poisoning,-4.678322,10.575442,-35.90878,63.09554
S5349,XIX Injury/Poisoning,-4.6754403,10.568752,-35.822468,62.994015
S540,XIX Injury/Poisoning,-3.0493045,10.680391,-21.328651,69.11003
S5400,XIX Injury/Poisoning,-3.047505,10.666244,-21.43637,69.18205
S541,XIX Injury/Poisoning,-3.0437715,10.6759615,-21.440866,69.31046
S542,XIX Injury/Poisoning,-3.0413232,10.663719,-21.582155,69.081154
S543,XIX Injury/Poisoning,-3.0425518,10.66097,-21.53577,69.12614
S547,XIX Injury/Poisoning,-3.0480552,10.684533,-21.619911,69.059906
S5490,XIX Injury/Poisoning,-3.052632,10.663896,-21.452623,69.16854
S550,XIX Injury/Poisoning,-3.7548733,7.198343,-32.465744,31.792555
S551,XIX Injury/Poisoning,-3.7479973,7.1667237,-32.52495,31.719233
S552,XIX Injury/Poisoning,-3.748412,7.16178,-32.578312,31.407322
S557,XIX Injury/Poisoning,-3.7550943,7.155473,-32.570778,31.50129
S56,XIX Injury/Poisoning,-3.7603338,10.313854,-27.551329,56.551903
S560,XIX Injury/Poisoning,-3.7438858,10.341541,-27.548504,56.588272
S561,XIX Injury/Poisoning,-3.7206786,10.414806,-27.324602,56.88193
S562,XIX Injury/Poisoning,-3.7710724,10.334501,-27.842754,56.47148
S5620,XIX Injury/Poisoning,-3.7383516,10.348766,-27.561243,56.568226
S563,XIX Injury/Poisoning,-3.6939266,10.359445,-27.567991,56.43939
S564,XIX Injury/Poisoning,-3.7865875,10.32588,-27.636047,56.710194
S565,XIX Injury/Poisoning,-3.7510574,10.31603,-27.708973,56.554985
S567,XIX Injury/Poisoning,-3.7400036,10.342325,-27.694046,56.41229
S568,XIX Injury/Poisoning,-3.7892516,10.442087,-27.505096,57.17773
S5691,XIX Injury/Poisoning,-3.7488062,10.364547,-27.573513,56.53032
S570,XIX Injury/Poisoning,-3.7514603,7.2073975,-31.958069,32.949104
S5700,XIX Injury/Poisoning,-3.7463348,7.2049904,-31.967602,32.958546
S578,XIX Injury/Poisoning,-3.755778,7.22241,-32.040035,32.761093
S5780,XIX Injury/Poisoning,-3.752136,7.207063,-31.962286,32.953438
S579,XIX Injury/Poisoning,-3.7697341,7.238147,-32.147453,32.53428
S59,XIX Injury/Poisoning,-2.9143512,11.103531,-23.61091,64.42071
S597,XIX Injury/Poisoning,-2.9015346,11.107138,-23.60359,64.90181
S598,XIX Injury/Poisoning,-2.890086,11.131099,-23.576027,64.95189
S5980,XIX Injury/Poisoning,-2.8823586,11.121527,-23.626293,64.829
S5981,XIX Injury/Poisoning,-2.9057229,11.114427,-23.615599,64.73386
S599,XIX Injury/Poisoning,-2.8929777,11.1282425,-23.550459,64.83241
S5990,XIX Injury/Poisoning,-2.9035594,11.127745,-23.60522,64.85451
S5991,XIX Injury/Poisoning,-2.890103,11.114464,-23.623438,64.81286
S60,XIX Injury/Poisoning,-4.3436756,10.584417,-33.732536,61.646614
S600,XIX Injury/Poisoning,-4.3473334,10.613113,-33.833088,61.884453
S601,XIX Injury/Poisoning,-4.323584,10.568403,-33.376347,61.67501
S602,XIX Injury/Poisoning,-4.3486314,10.493869,-33.82205,61.17998
S6021,XIX Injury/Poisoning,-4.33272,10.615733,-33.625797,61.582645
S6022,XIX Injury/Poisoning,-4.334431,10.616287,-33.66259,61.597977
S607,XIX Injury/Poisoning,-4.318712,10.591158,-33.30399,61.517242
S608,XIX Injury/Poisoning,-4.2219305,10.679172,-33.2691,61.744713
S6081,XIX Injury/Poisoning,-4.2853374,10.632108,-33.710583,61.630802
S6085,XIX Injury/Poisoning,-4.324274,10.572388,-33.66396,61.723217
S6086,XIX Injury/Poisoning,-4.318433,10.593876,-33.72762,61.62445
S609,XIX Injury/Poisoning,-4.302147,10.679331,-33.36753,62.069893
S6092,XIX Injury/Poisoning,-4.3186483,10.599442,-33.714832,61.591736
S61,XIX Injury/Poisoning,-3.7082586,10.676842,-26.61254,60.06482
S610,XIX Injury/Poisoning,-3.7493691,10.705944,-27.252554,58.916344
S611,XIX Injury/Poisoning,-3.7619624,10.679269,-27.332497,58.90958
S6110,XIX Injury/Poisoning,-3.6549072,10.646911,-26.234657,59.38415
S6120,XIX Injury/Poisoning,-3.6116993,10.683126,-25.958086,59.883087
S6122,XIX Injury/Poisoning,-3.6865983,10.690526,-26.26033,59.879475
S6140,XIX Injury/Poisoning,-3.6778884,10.716347,-26.204134,59.677452
S6142,XIX Injury/Poisoning,-3.632095,10.736695,-26.214256,59.57146
S6150,XIX Injury/Poisoning,-3.6267533,10.657477,-26.284157,59.414013
S617,XIX Injury/Poisoning,-3.689991,10.711147,-26.561687,59.91314
S618,XIX Injury/Poisoning,-3.6402829,10.640112,-26.4418,58.95069
S619,XIX Injury/Poisoning,-3.6097472,10.622619,-26.521626,59.801685
S62,XIX Injury/Poisoning,-4.329043,11.6819725,-34.141697,70.59742
S620,XIX Injury/Poisoning,-4.1259427,11.54585,-34.284794,69.03554
S6200,XIX Injury/Poisoning,-4.4250016,11.651404,-36.39086,71.91714
S621,XIX Injury/Poisoning,-4.161753,11.440432,-34.998566,68.488205
S6210,XIX Injury/Poisoning,-4.4628725,11.627468,-35.86745,72.21873
S6211,XIX Injury/Poisoning,-4.4064684,11.594107,-35.5004,71.88775
S622,XIX Injury/Poisoning,-4.875568,11.976495,-39.21879,76.79553
S6220,XIX Injury/Poisoning,-4.5073314,11.657528,-36.273117,73.01614
S6221,XIX Injury/Poisoning,-4.3756795,11.608486,-35.47638,71.93781
S623,XIX Injury/Poisoning,-4.2573752,11.541678,-35.421474,69.07696
S6230,XIX Injury/Poisoning,-4.5661564,11.747543,-36.3443,73.29209
S6231,XIX Injury/Poisoning,-4.411523,11.592718,-35.759514,71.98727
S624,XIX Injury/Poisoning,-4.73568,11.880339,-39.088593,76.798035
S6240,XIX Injury/Poisoning,-4.407842,11.623705,-35.34333,71.76335
S6241,XIX Injury/Poisoning,-4.428802,11.59887,-35.479717,71.86224
S625,XIX Injury/Poisoning,-4.3059993,11.521252,-34.876057,69.807526
S6250,XIX Injury/Poisoning,-4.4578605,11.620427,-36.206253,72.76118
S6251,XIX Injury/Poisoning,-4.448115,11.608433,-35.92061,72.22779
S626,XIX Injury/Poisoning,-4.1797485,11.484628,-34.411976,69.08004
S6260,XIX Injury/Poisoning,-4.3543954,11.462541,-36.151745,71.593666
S6261,XIX Injury/Poisoning,-4.0294557,10.93292,-27.919249,58.93349
S627,XIX Injury/Poisoning,-4.1841526,11.487452,-34.332577,69.2214
S6270,XIX Injury/Poisoning,-4.4851103,11.64133,-35.26635,72.280716
S6271,XIX Injury/Poisoning,-4.4389586,11.617343,-35.677532,72.27501
S628,XIX Injury/Poisoning,-4.3000603,11.670937,-33.8808,70.622055
S6280,XIX Injury/Poisoning,-4.4961815,11.659016,-36.72554,72.25922
S6281,XIX Injury/Poisoning,-4.4070086,11.592575,-35.489326,71.87225
S6290,XIX Injury/Poisoning,-4.4412303,11.635339,-35.213768,71.71557
S630,XIX Injury/Poisoning,-4.219005,11.259841,-35.25757,71.203255
S6300,XIX Injury/Poisoning,-4.1967864,11.275694,-34.483585,67.596016
S631,XIX Injury/Poisoning,-4.195276,11.357738,-34.4824,67.81988
S632,XIX Injury/Poisoning,-4.2614293,11.162064,-34.483273,67.23328
S633,XIX Injury/Poisoning,-4.171703,11.189814,-34.528797,67.547676
S634,XIX Injury/Poisoning,-4.1454554,11.051605,-30.685892,61.860767
S635,XIX Injury/Poisoning,-4.146021,11.420384,-35.269806,67.97645
S636,XIX Injury/Poisoning,-4.1184464,11.326014,-34.382145,67.55727
S637,XIX Injury/Poisoning,-4.205006,11.324564,-34.362087,67.64131
S6390,XIX Injury/Poisoning,-4.183814,11.243884,-34.47147,67.57751
S640,XIX Injury/Poisoning,-3.6060085,10.31519,-25.964334,56.3708
S6400,XIX Injury/Poisoning,-3.5989995,10.262723,-26.06174,56.31359
S641,XIX Injury/Poisoning,-3.5900548,10.302505,-26.08414,56.391865
S642,XIX Injury/Poisoning,-3.6157708,10.327758,-26.068895,55.811935
S643,XIX Injury/Poisoning,-3.5908177,10.44444,-25.72975,56.626152
S6430,XIX Injury/Poisoning,-3.614019,10.281698,-26.022749,56.323444
S644,XIX Injury/Poisoning,-3.6574335,10.400223,-25.471846,56.128178
S6440,XIX Injury/Poisoning,-3.607518,10.291876,-26.005136,56.258915
S647,XIX Injury/Poisoning,-3.6135795,10.333384,-25.97858,56.38755
S648,XIX Injury/Poisoning,-3.605569,10.302984,-25.999554,56.339725
S649,XIX Injury/Poisoning,-3.6140237,10.318697,-26.018612,56.346947
S6490,XIX Injury/Poisoning,-3.6129172,10.305008,-26.005703,56.174335
S650,XIX Injury/Poisoning,-3.5473225,10.16254,-27.402082,53.898537
S651,XIX Injury/Poisoning,-3.580225,10.144508,-27.4444,53.673233
S652,XIX Injury/Poisoning,-3.5449076,10.157401,-27.36007,53.76184
S653,XIX Injury/Poisoning,-3.533063,10.186068,-27.400204,53.875824
S654,XIX Injury/Poisoning,-3.5513642,10.169524,-27.411013,53.805202
S655,XIX Injury/Poisoning,-3.5718317,10.087774,-27.39752,53.638107
S657,XIX Injury/Poisoning,-3.5715415,10.136444,-27.397207,53.859257
S658,XIX Injury/Poisoning,-3.5374477,10.154945,-27.338924,53.943027
S659,XIX Injury/Poisoning,-3.545723,10.161722,-27.422235,53.737022
S66,XIX Injury/Poisoning,-3.5884292,10.562336,-25.770102,58.01044
S660,XIX Injury/Poisoning,-3.6105964,10.535768,-25.965975,57.31293
S661,XIX Injury/Poisoning,-3.594519,10.515908,-25.800758,57.513004
S662,XIX Injury/Poisoning,-3.6398337,10.559933,-26.269695,58.075806
S663,XIX Injury/Poisoning,-3.6237662,10.582692,-26.681782,58.317978
S664,XIX Injury/Poisoning,-3.5609152,10.576486,-25.966679,57.7089
S665,XIX Injury/Poisoning,-3.6043828,10.562839,-26.183744,57.71577
S6652,XIX Injury/Poisoning,-3.6246545,10.505772,-26.286472,57.73317
S666,XIX Injury/Poisoning,-3.6042173,10.52716,-26.251167,57.967712
S667,XIX Injury/Poisoning,-3.6236966,10.508676,-25.925081,57.49584
S668,XIX Injury/Poisoning,-3.5411346,10.604461,-25.92155,57.76533
S669,XIX Injury/Poisoning,-3.5453134,10.588373,-25.431498,57.969513
S6691,XIX Injury/Poisoning,-3.6151247,10.555321,-26.23511,57.68143
S6692,XIX Injury/Poisoning,-3.554515,10.475582,-26.180794,57.933823
S67,XIX Injury/Poisoning,-3.6880057,10.444464,-29.453688,60.657017
S670,XIX Injury/Poisoning,-3.705672,10.420813,-29.531055,60.70018
S678,XIX Injury/Poisoning,-3.650365,10.424888,-29.56727,60.701977
S6790,XIX Injury/Poisoning,-3.6567826,10.351096,-29.424238,60.63838
S680,XIX Injury/Poisoning,-3.4425383,9.740687,-24.586357,54.27789
S681,XIX Injury/Poisoning,-3.465618,9.7823305,-24.624296,54.568035
S6811,XIX Injury/Poisoning,-3.443209,9.701069,-24.702637,54.47705
S6812,XIX Injury/Poisoning,-3.4382071,9.744164,-24.700994,54.478584
S682,XIX Injury/Poisoning,-3.4408388,9.709329,-24.623888,54.36411
S683,XIX Injury/Poisoning,-3.4331267,9.73078,-24.676914,54.476414
S6861,XIX Injury/Poisoning,-3.4512603,9.735067,-24.693794,54.453613
S6862,XIX Injury/Poisoning,-3.452731,9.733162,-24.707132,54.49744
S689,XIX Injury/Poisoning,-3.4250653,9.692067,-24.704586,54.497643
S69,XIX Injury/Poisoning,-3.3638341,10.720757,-23.751087,60.656384
S697,XIX Injury/Poisoning,-3.3813531,10.708532,-24.113264,60.244335
S698,XIX Injury/Poisoning,-3.399908,10.699461,-24.335878,60.21652
S6980,XIX Injury/Poisoning,-3.3737617,10.709688,-24.020502,60.38184
S699,XIX Injury/Poisoning,-3.3402185,10.785264,-23.935219,60.574226
S6990,XIX Injury/Poisoning,-3.3397956,10.722079,-23.990227,60.415516
S70,XIX Injury/Poisoning,-4.1454906,9.558608,-35.25225,54.16957
S700,XIX Injury/Poisoning,-4.277043,9.567559,-35.99667,54.48928
S7000,XIX Injury/Poisoning,-4.1559453,9.557529,-35.427258,54.08676
S701,XIX Injury/Poisoning,-4.1425967,9.576312,-35.044,54.10176
S7010,XIX Injury/Poisoning,-4.141153,9.602767,-35.423084,54.047348
S7025,XIX Injury/Poisoning,-4.169253,9.535399,-35.742065,54.230793
S7035,XIX Injury/Poisoning,-4.17325,9.555116,-35.767403,54.23585
S707,XIX Injury/Poisoning,-4.119683,9.551391,-35.234833,54.272102
S708,XIX Injury/Poisoning,-4.073868,9.655191,-34.267117,54.164604
S709,XIX Injury/Poisoning,-4.2554345,9.551349,-36.2934,54.568344
S7091,XIX Injury/Poisoning,-4.1433706,9.575099,-35.42444,54.202557
S7092,XIX Injury/Poisoning,-4.149643,9.554984,-35.22477,54.179012
S71,XIX Injury/Poisoning,-3.317426,10.151766,-33.717564,47.38714
S710,XIX Injury/Poisoning,-3.3355443,10.156939,-33.623264,47.463882
S7100,XIX Injury/Poisoning,-3.3442755,10.178069,-33.751495,47.34657
S711,XIX Injury/Poisoning,-3.3524146,10.161672,-33.397358,47.64431
S7110,XIX Injury/Poisoning,-3.3207152,10.155582,-33.719936,47.39391
S717,XIX Injury/Poisoning,-3.308364,10.143518,-33.734264,47.522293
S718,XIX Injury/Poisoning,-3.3168263,10.127783,-33.756065,47.330452
S72,XIX Injury/Poisoning,1.0957685,13.339938,-28.908829,48.01551
S720,XIX Injury/Poisoning,1.1206009,13.356577,-29.106789,48.40265
S7200,XIX Injury/Poisoning,1.1011786,13.346132,-28.624426,46.917656
S7201,XIX Injury/Poisoning,1.1040144,13.345968,-28.901476,47.863823
S721,XIX Injury/Poisoning,1.0872111,13.33185,-28.974737,48.289646
S7210,XIX Injury/Poisoning,1.1012627,13.34325,-28.70778,47.121685
S7211,XIX Injury/Poisoning,1.0897217,13.335412,-28.933702,47.95444
S722,XIX Injury/Poisoning,1.0773518,13.323162,-28.912273,48.52242
S7220,XIX Injury/Poisoning,1.0916411,13.3361635,-28.785482,47.28658
S723,XIX Injury/Poisoning,1.0867761,13.334877,-29.207714,48.393772
S7230,XIX Injury/Poisoning,1.1186836,13.356697,-28.668137,47.421604
S7231,XIX Injury/Poisoning,1.1119256,13.349367,-28.902678,47.677883
S724,XIX Injury/Poisoning,1.1170878,13.355222,-28.614182,47.987835
S7240,XIX Injury/Poisoning,1.1087602,13.357908,-28.492805,47.15161
S7241,XIX Injury/Poisoning,1.0865664,13.333468,-28.948486,48.235928
S727,XIX Injury/Poisoning,1.1071754,13.351006,-28.896044,47.845726
S7270,XIX Injury/Poisoning,1.0911454,13.337018,-28.92942,47.879513
S728,XIX Injury/Poisoning,1.077757,13.324639,-28.917028,47.831223
S7280,XIX Injury/Poisoning,1.1046691,13.346939,-28.673271,47.492825
S729,XIX Injury/Poisoning,1.0926328,13.3392935,-28.442238,48.496334
S7290,XIX Injury/Poisoning,1.0921465,13.337367,-28.914415,47.737442
S7291,XIX Injury/Poisoning,1.0900034,13.336363,-28.921198,47.903664
S7292,XIX Injury/Poisoning,1.0894109,13.336278,-28.934004,47.879837
S730,XIX Injury/Poisoning,-3.0171354,10.7229395,-22.369005,68.75868
S7300,XIX Injury/Poisoning,-2.9742587,10.747719,-22.143148,68.72203
S731,XIX Injury/Poisoning,-3.0046868,10.7415495,-21.830936,67.94622
S7310,XIX Injury/Poisoning,-3.0082426,10.716379,-22.189209,68.67823
S7319,XIX Injury/Poisoning,-3.014374,10.729298,-22.15267,68.70219
S740,XIX Injury/Poisoning,-3.7493184,7.199659,-32.81359,32.240116
S741,XIX Injury/Poisoning,-3.7527313,7.2204304,-32.79051,32.352512
S742,XIX Injury/Poisoning,-3.7490332,7.2006836,-32.59956,32.377544
S749,XIX Injury/Poisoning,-3.7569473,7.217379,-32.76267,32.29144
S7490,XIX Injury/Poisoning,-3.7498012,7.2052884,-32.714466,32.416985
S750,XIX Injury/Poisoning,-3.7304356,6.5910096,-33.349766,27.949047
S751,XIX Injury/Poisoning,-3.6882162,6.6299753,-33.471394,27.742418
S752,XIX Injury/Poisoning,-3.6948261,6.6364493,-32.890224,28.568815
S76,XIX Injury/Poisoning,-2.9959671,11.1334095,-24.67561,65.148315
S760,XIX Injury/Poisoning,-2.9915154,11.145979,-25.171999,66.02877
S761,XIX Injury/Poisoning,-3.0148478,11.182972,-25.57184,66.179565
S7610,XIX Injury/Poisoning,-3.0063329,11.140425,-25.056004,65.95801
S762,XIX Injury/Poisoning,-3.010775,11.158005,-25.390488,66.16972
S763,XIX Injury/Poisoning,-2.9766474,11.189392,-25.077198,65.82963
S764,XIX Injury/Poisoning,-2.9760182,11.1460905,-24.709833,65.44997
S767,XIX Injury/Poisoning,-2.9569547,11.169869,-25.31477,66.08879
S7691,XIX Injury/Poisoning,-2.9813507,11.169383,-24.893955,65.92994
S770,XIX Injury/Poisoning,-3.6479003,6.5859337,-32.389496,28.30365
S7700,XIX Injury/Poisoning,-3.6395009,6.5657277,-32.304886,27.90726
S771,XIX Injury/Poisoning,-3.647913,6.566107,-32.4856,28.147547
S7710,XIX Injury/Poisoning,-3.6778584,6.609482,-32.12927,28.082806
S781,XIX Injury/Poisoning,-3.6341202,6.547003,-34.26397,26.19503
S79,XIX Injury/Poisoning,-3.7661324,10.576174,-32.66392,64.23186
S7900,XIX Injury/Poisoning,-3.7717452,10.509382,-32.888542,63.915127
S798,XIX Injury/Poisoning,-3.8018112,10.497392,-32.92511,63.79657
S7981,XIX Injury/Poisoning,-3.7968779,10.51616,-32.85587,63.974453
S7982,XIX Injury/Poisoning,-3.7999933,10.527559,-32.81274,63.993515
S799,XIX Injury/Poisoning,-3.8077688,10.5796175,-32.693333,64.24088
S7991,XIX Injury/Poisoning,-3.7704194,10.507651,-32.801487,64.021
S7992,XIX Injury/Poisoning,-3.7826576,10.51324,-32.84293,63.956264
S80,XIX Injury/Poisoning,-4.641347,9.827067,-38.996212,57.150623
S800,XIX Injury/Poisoning,-4.644129,9.729633,-38.915325,56.954872
S8000,XIX Injury/Poisoning,-4.6645155,9.792452,-39.343147,56.508163
S801,XIX Injury/Poisoning,-4.6873016,9.797247,-39.413128,56.49942
S8010,XIX Injury/Poisoning,-4.682162,9.794181,-39.331062,56.523495
S807,XIX Injury/Poisoning,-4.611852,9.647561,-38.945663,57.050426
S808,XIX Injury/Poisoning,-4.7173963,9.781185,-39.488728,56.21571
S8085,XIX Injury/Poisoning,-4.6986046,9.785281,-39.361824,56.538258
S809,XIX Injury/Poisoning,-4.717617,9.798472,-39.643894,56.471508
S8092,XIX Injury/Poisoning,-4.680431,9.787199,-39.338146,56.588295
S81,XIX Injury/Poisoning,-4.2099614,10.163248,-34.70088,58.177544
S810,XIX Injury/Poisoning,-4.2501383,10.139462,-34.81391,57.930206
S8100,XIX Injury/Poisoning,-4.2346616,10.203585,-34.501526,58.081818
S8102,XIX Injury/Poisoning,-4.2133265,10.18367,-34.74188,57.99648
S817,XIX Injury/Poisoning,-4.2068515,10.190558,-34.56675,58.072994
S818,XIX Injury/Poisoning,-4.2899346,10.157955,-34.800396,57.99537
S8180,XIX Injury/Poisoning,-4.221465,10.163399,-34.670547,58.01261
S8182,XIX Injury/Poisoning,-4.201009,10.22471,-34.64052,58.052956
S819,XIX Injury/Poisoning,-4.2388654,10.183364,-34.747936,58.048992
S82,XIX Injury/Poisoning,-4.321586,12.651459,-31.240913,78.173134
S820,XIX Injury/Poisoning,-4.2642303,12.696544,-30.038961,77.27586
S8200,XIX Injury/Poisoning,-4.299673,12.669722,-31.858395,77.11454
S8201,XIX Injury/Poisoning,-4.292089,12.680032,-31.354336,77.29345
S821,XIX Injury/Poisoning,-4.293667,12.681373,-30.43103,78.05959
S8210,XIX Injury/Poisoning,-4.305595,12.649464,-32.075264,76.94822
S8211,XIX Injury/Poisoning,-4.2906346,12.679794,-31.215786,77.944336
S822,XIX Injury/Poisoning,-4.28237,12.668856,-30.301527,78.04251
S8220,XIX Injury/Poisoning,-4.2985096,12.685332,-31.933815,77.503395
S8221,XIX Injury/Poisoning,-4.323246,12.708647,-31.774279,78.094055
S823,XIX Injury/Poisoning,-4.289612,12.674082,-30.534843,78.01296
S8230,XIX Injury/Poisoning,-4.2996726,12.68254,-32.067463,77.48878
S8231,XIX Injury/Poisoning,-4.2947226,12.679638,-31.99502,77.6078
S824,XIX Injury/Poisoning,-4.2868776,12.668106,-29.837702,77.90892
S8240,XIX Injury/Poisoning,-4.3198013,12.653229,-31.621172,77.19991
S8241,XIX Injury/Poisoning,-4.2976255,12.674151,-31.23781,78.78014
S825,XIX Injury/Poisoning,-4.2807207,12.625431,-29.442078,77.91521
S8250,XIX Injury/Poisoning,-4.291822,12.682483,-31.92786,77.23607
S8251,XIX Injury/Poisoning,-4.2921796,12.679812,-31.543222,77.49268
S8253,XIX Injury/Poisoning,-4.2942505,12.69381,-31.04901,77.64042
S8256,XIX Injury/Poisoning,-4.2925067,12.685196,-31.312803,77.79232
S826,XIX Injury/Poisoning,-4.280042,12.662249,-29.762573,77.668655
S8260,XIX Injury/Poisoning,-4.2798862,12.694649,-31.829771,77.06608
S8261,XIX Injury/Poisoning,-4.2833366,12.676286,-31.305624,77.59462
S8263,XIX Injury/Poisoning,-4.287973,12.678194,-31.143799,77.67542
S8266,XIX Injury/Poisoning,-4.278115,12.685912,-31.114445,77.63744
S827,XIX Injury/Poisoning,-4.2837434,12.665994,-30.43954,78.42523
S8270,XIX Injury/Poisoning,-4.290743,12.694642,-31.268982,77.443016
S8271,XIX Injury/Poisoning,-4.278179,12.687162,-31.105318,77.66409
S828,XIX Injury/Poisoning,-4.2765284,12.666359,-29.947697,77.39355
S8280,XIX Injury/Poisoning,-4.304173,12.6589365,-32.059784,76.67601
S8281,XIX Injury/Poisoning,-4.2900233,12.658724,-31.909649,77.601456
S8284,XIX Injury/Poisoning,-4.294294,12.625261,-31.20199,79.18347
S8285,XIX Injury/Poisoning,-4.285954,12.685326,-31.399462,77.67593
S8289,XIX Injury/Poisoning,-4.2910724,12.678112,-31.163578,78.019585
S829,XIX Injury/Poisoning,-4.286103,12.676064,-31.410877,77.810455
S8290,XIX Injury/Poisoning,-4.267264,12.662873,-31.087465,77.68196
S8291,XIX Injury/Poisoning,-4.2807636,12.686529,-31.078787,77.63706
S8292,XIX Injury/Poisoning,-4.253452,12.664882,-31.112017,77.63012
S83,XIX Injury/Poisoning,-3.0624819,10.895701,-24.313723,69.922676
S830,XIX Injury/Poisoning,-3.0192795,10.785257,-23.336126,68.582275
S8300,XIX Injury/Poisoning,-3.0240476,10.78109,-23.547379,68.60331
S831,XIX Injury/Poisoning,-3.0221877,10.768492,-23.751263,68.74533
S8310,XIX Injury/Poisoning,-3.015769,10.771686,-23.551628,68.60698
S832,XIX Injury/Poisoning,-3.0635626,10.829533,-24.659006,69.363525
S8320,XIX Injury/Poisoning,-3.032253,10.762418,-22.859386,68.76785
S8321,XIX Injury/Poisoning,-2.9927614,10.767082,-23.209816,68.913124
S8324,XIX Injury/Poisoning,-3.011378,10.763762,-23.07594,68.900925
S8328,XIX Injury/Poisoning,-3.0336225,10.777036,-23.647446,68.678024
S833,XIX Injury/Poisoning,-3.0243833,10.785668,-23.65124,68.61936
S8330,XIX Injury/Poisoning,-3.0083897,10.769499,-23.12435,68.676384
S834,XIX Injury/Poisoning,-3.1851857,10.925796,-24.632586,69.486755
S8341,XIX Injury/Poisoning,-3.005739,10.785284,-23.553051,68.615005
S835,XIX Injury/Poisoning,-3.0229151,10.851928,-24.17618,69.17933
S8350,XIX Injury/Poisoning,-3.0234048,10.767409,-23.338385,68.35856
S836,XIX Injury/Poisoning,-3.2032793,10.923966,-24.738594,69.49842
S837,XIX Injury/Poisoning,-3.0149038,10.798054,-23.806223,69.260925
S838,XIX Injury/Poisoning,-3.0341206,10.759864,-22.85158,68.31362
S8390,XIX Injury/Poisoning,-3.0187125,10.770642,-23.488054,68.619446
S840,XIX Injury/Poisoning,-3.6651473,6.6098905,-32.513557,28.34873
S841,XIX Injury/Poisoning,-3.6986926,6.6348023,-31.721758,28.339281
S847,XIX Injury/Poisoning,-3.7407377,6.6718755,-31.84607,28.810251
S8490,XIX Injury/Poisoning,-3.693357,6.6162987,-32.16529,28.0209
S850,XIX Injury/Poisoning,-3.6178446,6.649327,-34.711105,28.085194
S851,XIX Injury/Poisoning,-3.639358,6.671234,-34.741817,28.263735
S854,XIX Injury/Poisoning,-3.5992336,6.709644,-34.897255,28.653023
S858,XIX Injury/Poisoning,-3.6141038,6.679735,-35.084084,28.824713
S859,XIX Injury/Poisoning,-3.6291413,6.686375,-34.774532,28.706854
S86,XIX Injury/Poisoning,-3.0899417,10.815631,-23.92713,67.51165
S860,XIX Injury/Poisoning,-3.0369523,10.86457,-24.16737,67.845055
S861,XIX Injury/Poisoning,-3.0905783,10.813323,-24.176981,67.61769
S862,XIX Injury/Poisoning,-3.0592816,10.817794,-23.969315,67.59436
S863,XIX Injury/Poisoning,-3.1090102,10.805545,-23.998653,67.34027
S867,XIX Injury/Poisoning,-3.0731459,10.812649,-23.982533,67.64648
S868,XIX Injury/Poisoning,-3.0853245,10.831168,-23.655151,67.2772
S8681,XIX Injury/Poisoning,-3.0573256,10.824854,-23.965183,67.658424
S869,XIX Injury/Poisoning,-3.0880187,10.820098,-23.795998,67.35255
S8691,XIX Injury/Poisoning,-3.0992544,10.806629,-23.917208,67.6595
S8692,XIX Injury/Poisoning,-3.045596,10.808018,-23.922462,67.66092
S870,XIX Injury/Poisoning,-3.6028626,6.7236214,-34.29964,28.917236
S8700,XIX Injury/Poisoning,-3.649242,6.660852,-34.529163,28.687393
S878,XIX Injury/Poisoning,-3.6540387,6.6492443,-34.89233,27.989052
S8780,XIX Injury/Poisoning,-3.6508367,6.6704454,-34.5105,28.672108
S880,XIX Injury/Poisoning,-3.6053634,6.7206173,-35.06153,28.94887
S89,XIX Injury/Poisoning,-3.567202,10.890268,-31.705488,65.171394
S897,XIX Injury/Poisoning,-3.5579677,11.005445,-31.61363,66.026505
S898,XIX Injury/Poisoning,-3.605088,11.171855,-32.020084,66.537155
S8980,XIX Injury/Poisoning,-3.5423224,11.006805,-31.595463,66.07783
S899,XIX Injury/Poisoning,-3.5275705,10.9669695,-31.691538,65.83229
S8990,XIX Injury/Poisoning,-3.5629494,10.991798,-31.601051,66.04289
S90,XIX Injury/Poisoning,-4.7782693,9.785332,-40.689247,57.736492
S900,XIX Injury/Poisoning,-4.759265,9.771529,-40.042084,56.983837
S9000,XIX Injury/Poisoning,-4.7691545,9.774688,-40.42543,57.52201
S901,XIX Injury/Poisoning,-4.7911263,9.759463,-40.830074,57.90542
S902,XIX Injury/Poisoning,-4.8087544,9.779065,-40.77185,57.867157
S903,XIX Injury/Poisoning,-4.8115597,9.789407,-40.747826,57.785664
S9030,XIX Injury/Poisoning,-4.7718034,9.776848,-40.426,57.523525
S9055,XIX Injury/Poisoning,-4.7733893,9.771838,-40.50563,57.59255
S907,XIX Injury/Poisoning,-4.802278,9.775469,-40.749775,57.854424
S908,XIX Injury/Poisoning,-4.787892,9.778105,-40.725945,57.753628
S909,XIX Injury/Poisoning,-4.839309,9.776213,-40.85015,58.01115
S9091,XIX Injury/Poisoning,-4.7768106,9.776798,-40.525326,57.62234
S91,XIX Injury/Poisoning,-4.1145706,11.007311,-29.555616,63.61239
S910,XIX Injury/Poisoning,-4.1168814,11.029255,-29.722982,63.73284
S9100,XIX Injury/Poisoning,-4.1197505,11.043128,-29.739697,63.540577
S9102,XIX Injury/Poisoning,-4.1364927,11.039109,-29.715559,63.52826
S911,XIX Injury/Poisoning,-4.124179,11.034559,-29.706554,63.67846
S912,XIX Injury/Poisoning,-4.129767,11.029455,-29.663399,63.75591
S913,XIX Injury/Poisoning,-4.1270757,11.039997,-29.670492,63.59039
S9132,XIX Injury/Poisoning,-4.1330943,11.043392,-29.680145,63.53832
S917,XIX Injury/Poisoning,-4.197559,11.0828,-29.606829,63.63154
S92,XIX Injury/Poisoning,-3.8188524,12.123528,-40.208996,68.94845
S920,XIX Injury/Poisoning,-3.8466828,12.0797615,-39.55643,69.36362
S9200,XIX Injury/Poisoning,-3.849488,12.102612,-39.495506,69.62524
S9201,XIX Injury/Poisoning,-3.8471217,12.0801,-39.04168,69.26907
S921,XIX Injury/Poisoning,-3.920313,12.062276,-38.57034,69.2018
S9210,XIX Injury/Poisoning,-3.8139937,12.050341,-39.133327,69.16194
S922,XIX Injury/Poisoning,-3.8842912,12.06311,-38.48063,69.305504
S9220,XIX Injury/Poisoning,-3.8461187,12.075538,-39.211933,69.43726
S9221,XIX Injury/Poisoning,-3.8480885,12.075623,-38.83129,68.93402
S923,XIX Injury/Poisoning,-3.8585103,11.787895,-37.771954,67.568794
S9230,XIX Injury/Poisoning,-3.8464482,12.096887,-39.037163,69.7974
S9231,XIX Injury/Poisoning,-3.8461518,12.061398,-38.805862,68.99853
S924,XIX Injury/Poisoning,-3.8795455,11.996485,-39.32346,67.72678
S9240,XIX Injury/Poisoning,-3.848707,12.077299,-39.278214,69.29446
S9241,XIX Injury/Poisoning,-4.1472607,9.947526,-40.485676,67.688805
S925,XIX Injury/Poisoning,-3.8345573,11.861279,-38.44008,67.35029
S9250,XIX Injury/Poisoning,-3.8500543,12.06942,-39.921074,69.11893
S9251,XIX Injury/Poisoning,-3.8800178,12.071657,-39.12191,69.227684
S927,XIX Injury/Poisoning,-3.9852211,11.828972,-37.618126,68.623566
S9270,XIX Injury/Poisoning,-3.846905,12.070788,-39.692398,69.39353
S9281,XIX Injury/Poisoning,-3.8433344,12.08367,-38.938534,68.9769
S929,XIX Injury/Poisoning,-3.8119779,12.142787,-40.20038,68.940636
S9290,XIX Injury/Poisoning,-3.8590457,12.076648,-38.909706,69.05448
S9291,XIX Injury/Poisoning,-3.8297565,12.06007,-38.93547,68.9368
S930,XIX Injury/Poisoning,-3.8728929,11.751426,-36.842304,68.4393
S9306,XIX Injury/Poisoning,-3.8432596,11.740976,-37.17961,67.33241
S931,XIX Injury/Poisoning,-3.8519843,11.7677965,-36.842644,68.19733
S932,XIX Injury/Poisoning,-3.8425715,11.756794,-37.129345,67.34895
S933,XIX Injury/Poisoning,-3.8354068,11.769632,-37.193226,67.398476
S9330,XIX Injury/Poisoning,-3.8380868,11.765501,-37.177532,67.339905
S934,XIX Injury/Poisoning,-3.8238664,11.686228,-36.825832,66.556274
S935,XIX Injury/Poisoning,-3.840631,11.755243,-37.175377,67.332794
S936,XIX Injury/Poisoning,-3.8139331,11.725587,-37.52819,66.293655
S9360,XIX Injury/Poisoning,-3.8394852,11.764496,-37.17765,67.37096
S941,XIX Injury/Poisoning,-3.7431772,7.1507826,-32.1102,31.564379
S942,XIX Injury/Poisoning,-3.7291899,7.101504,-32.226086,30.944134
S949,XIX Injury/Poisoning,-3.770082,7.1318965,-32.188744,30.598484
S9490,XIX Injury/Poisoning,-3.7002337,7.047223,-32.047947,31.050354
S95,XIX Injury/Poisoning,-3.517302,6.856614,-34.86911,30.603016
S958,XIX Injury/Poisoning,-3.5686314,6.805092,-35.363926,29.903997
S959,XIX Injury/Poisoning,-3.5602489,6.812113,-35.241512,30.330685
S96,XIX Injury/Poisoning,-5.1614337,7.8107615,-36.902424,42.53658
S960,XIX Injury/Poisoning,-5.161619,7.808547,-36.9279,42.654037
S961,XIX Injury/Poisoning,-5.1492834,7.8294396,-36.87473,42.60581
S962,XIX Injury/Poisoning,-5.1609764,7.81036,-36.817455,42.54633
S967,XIX Injury/Poisoning,-5.162625,7.8111606,-36.816696,42.558136
S968,XIX Injury/Poisoning,-5.160916,7.8109794,-36.885254,42.624187
S969,XIX Injury/Poisoning,-5.161695,7.809805,-36.88366,42.606575
S9691,XIX Injury/Poisoning,-5.158286,7.813862,-36.7807,42.524006
S9692,XIX Injury/Poisoning,-5.1608143,7.8112597,-36.79764,42.53675
S970,XIX Injury/Poisoning,-3.7939012,9.907587,-30.171371,52.407524
S9700,XIX Injury/Poisoning,-3.714368,9.860048,-30.06152,52.41227
S971,XIX Injury/Poisoning,-3.7713037,9.839826,-30.303722,52.358597
S978,XIX Injury/Poisoning,-3.7195318,9.8554735,-30.25276,52.37069
S9780,XIX Injury/Poisoning,-3.6805663,9.847866,-30.059904,52.411526
S981,XIX Injury/Poisoning,-3.6365688,6.5442357,-34.16349,26.08879
S982,XIX Injury/Poisoning,-3.6030004,6.5156193,-34.09441,26.133307
S983,XIX Injury/Poisoning,-3.627857,6.523602,-34.161774,26.079288
S99,XIX Injury/Poisoning,-2.9548068,13.092999,-43.704346,67.835434
S9900,XIX Injury/Poisoning,-2.9588463,13.087525,-44.49022,67.81626
S9901,XIX Injury/Poisoning,-2.9575691,13.08842,-44.502613,67.788376
S9902,XIX Injury/Poisoning,-2.9609687,13.084685,-44.506023,67.773766
S9903,XIX Injury/Poisoning,-2.9579172,13.083347,-44.562336,67.84323
S9904,XIX Injury/Poisoning,-2.9603603,13.083995,-44.493393,67.79278
S9909,XIX Injury/Poisoning,-2.9585018,13.088043,-44.514324,67.78698
S9920,XIX Injury/Poisoning,-2.9590266,13.087508,-44.53874,67.78498
S9921,XIX Injury/Poisoning,-2.9606764,13.085579,-44.541325,67.78291
S9922,XIX Injury/Poisoning,-2.9592552,13.086852,-44.54301,67.78057
S9923,XIX Injury/Poisoning,-2.9600992,13.085907,-44.54513,67.7868
S9924,XIX Injury/Poisoning,-2.978019,13.064086,-44.595356,67.839745
S9929,XIX Injury/Poisoning,-2.9597206,13.086902,-44.535587,67.77964
S997,XIX Injury/Poisoning,-2.9596436,13.086373,-44.50988,67.75907
S998,XIX Injury/Poisoning,-2.9623156,13.081421,-44.35059,67.54066
S9981,XIX Injury/Poisoning,-2.9603038,13.086549,-44.51372,67.79682
S999,XIX Injury/Poisoning,-3.7698379,11.683738,-37.910946,66.029915
S9991,XIX Injury/Poisoning,-2.961428,13.085008,-44.516956,67.788956
S9992,XIX Injury/Poisoning,-2.9616663,13.084245,-44.53087,67.75589
T00,XIX Injury/Poisoning,1.0483814,4.709788,-53.731598,-27.385492
T000,XIX Injury/Poisoning,1.0634799,4.691372,-53.934948,-27.454733
T001,XIX Injury/Poisoning,1.0326806,4.6945577,-53.768154,-27.432993
T002,XIX Injury/Poisoning,1.0055349,4.6981425,-53.42939,-27.428389
T003,XIX Injury/Poisoning,1.0285547,4.6818604,-54.07696,-27.18319
T006,XIX Injury/Poisoning,1.1005751,4.7195163,-54.01278,-27.4057
T008,XIX Injury/Poisoning,1.0391062,4.7100487,-53.82176,-27.302496
T009,XIX Injury/Poisoning,0.97746325,4.6935306,-52.910706,-27.055151
T01,XIX Injury/Poisoning,0.9257304,4.6163692,-53.141876,-26.039946
T012,XIX Injury/Poisoning,0.93031216,4.64555,-53.418083,-26.488739
T013,XIX Injury/Poisoning,0.885247,4.5746007,-53.08181,-26.232145
T016,XIX Injury/Poisoning,0.9302799,4.612973,-53.231094,-26.182158
T018,XIX Injury/Poisoning,0.8374855,4.5490546,-52.671326,-25.912418
T019,XIX Injury/Poisoning,0.9289855,4.6408844,-53.392857,-26.082272
T02,XIX Injury/Poisoning,-0.9371898,2.9430778,-53.95179,-15.5146
T020,XIX Injury/Poisoning,-0.9356521,2.9448442,-53.972122,-15.516258
T0200,XIX Injury/Poisoning,-0.92188716,2.9551911,-54.05496,-15.627764
T021,XIX Injury/Poisoning,-0.9333877,2.9468653,-54.007008,-15.615776
T0210,XIX Injury/Poisoning,-0.9301768,2.9534373,-54.183712,-15.705626
T022,XIX Injury/Poisoning,-0.9358034,2.9463267,-54.032894,-15.62775
T0220,XIX Injury/Poisoning,-0.9359478,2.9448662,-54.067257,-15.450924
T023,XIX Injury/Poisoning,-0.9336195,2.9461718,-54.022377,-15.591127
T0230,XIX Injury/Poisoning,-0.93274325,2.948571,-54.248676,-15.726811
T0231,XIX Injury/Poisoning,-0.9335983,2.9462216,-54.050175,-15.624352
T024,XIX Injury/Poisoning,-0.93566155,2.94604,-54.145878,-15.616659
T0240,XIX Injury/Poisoning,-0.93647075,2.945357,-54.029945,-15.359184
T025,XIX Injury/Poisoning,-0.9332265,2.9467328,-54.03436,-15.590214
T0250,XIX Injury/Poisoning,-0.93476826,2.9460042,-53.700665,-15.371388
T026,XIX Injury/Poisoning,-0.9362171,2.9449937,-54.03181,-15.588225
T028,XIX Injury/Poisoning,-0.9374002,2.9440095,-53.910645,-15.458725
T0280,XIX Injury/Poisoning,-0.93606716,2.945208,-54.04713,-15.53424
T029,XIX Injury/Poisoning,-0.92640316,2.945338,-53.835022,-15.32099
T03,XIX Injury/Poisoning,0.73898906,4.343526,-48.335808,-24.633438
T030,XIX Injury/Poisoning,0.84772235,4.1940045,-48.07153,-24.262396
T031,XIX Injury/Poisoning,0.7942204,4.2718205,-48.06184,-24.248178
T032,XIX Injury/Poisoning,0.83199006,4.2233243,-48.181286,-24.308695
T033,XIX Injury/Poisoning,0.81552714,4.250943,-48.16833,-24.306894
T034,XIX Injury/Poisoning,0.7974306,4.284304,-48.197205,-24.33972
T041,XIX Injury/Poisoning,3.7232485,1.3357927,-41.85928,-11.122882
T042,XIX Injury/Poisoning,3.6905456,1.3637853,-41.89964,-11.181021
T043,XIX Injury/Poisoning,3.6871972,1.3625834,-42.01416,-11.176328
T048,XIX Injury/Poisoning,3.7021482,1.3548117,-41.87162,-11.130902
T064,XIX Injury/Poisoning,3.7151663,1.3374002,-40.90494,-10.619276
T065,XIX Injury/Poisoning,3.776427,1.2863188,-40.82129,-10.623188
T068,XIX Injury/Poisoning,3.7297108,1.3284218,-40.99161,-10.65998
T07,XIX Injury/Poisoning,0.97304136,3.780495,-48.519016,-17.579664
T08,XIX Injury/Poisoning,0.9064364,4.188369,-47.75593,-23.974276
T090,XIX Injury/Poisoning,0.70844674,4.6004553,-51.490658,-26.396381
T091,XIX Injury/Poisoning,0.7289679,4.602542,-51.02463,-27.037117
T092,XIX Injury/Poisoning,0.6892171,4.600412,-50.464375,-26.5921
T093,XIX Injury/Poisoning,0.6801,4.6300817,-50.838715,-27.000364
T094,XIX Injury/Poisoning,0.80614996,4.6250105,-51.583694,-27.308163
T095,XIX Injury/Poisoning,0.74577487,4.626258,-51.017906,-27.010849
T099,XIX Injury/Poisoning,0.7262466,4.6020994,-51.156815,-27.010405
T10,XIX Injury/Poisoning,0.7446143,4.206526,-48.927986,-22.69818
T11,XIX Injury/Poisoning,0.63687354,4.2823906,-51.16284,-23.178345
T110,XIX Injury/Poisoning,0.7024539,4.4301434,-50.31935,-25.031952
T111,XIX Injury/Poisoning,0.7167193,4.44179,-50.397076,-24.90349
T112,XIX Injury/Poisoning,0.7256494,4.4305367,-50.29057,-24.599815
T113,XIX Injury/Poisoning,0.76680183,4.5170407,-50.53398,-24.420738
T114,XIX Injury/Poisoning,0.73366076,4.379056,-50.5098,-24.463951
T115,XIX Injury/Poisoning,0.7144616,4.4210944,-50.488106,-24.488077
T116,XIX Injury/Poisoning,0.7484327,4.342391,-50.50742,-24.457167
T118,XIX Injury/Poisoning,0.7258339,4.442449,-50.51218,-24.455982
T119,XIX Injury/Poisoning,0.71111345,4.287432,-50.98527,-23.483088
T12,XIX Injury/Poisoning,0.7311331,4.2320247,-48.822372,-22.572586
T13,XIX Injury/Poisoning,0.66042846,4.4519677,-51.188904,-23.796663
T130,XIX Injury/Poisoning,0.5863139,4.636794,-49.184464,-26.779573
T131,XIX Injury/Poisoning,0.63058746,4.616765,-49.584164,-26.238855
T132,XIX Injury/Poisoning,0.6045063,4.6294713,-49.399914,-26.682402
T134,XIX Injury/Poisoning,0.5690729,4.6618786,-49.400127,-26.729675
T135,XIX Injury/Poisoning,0.58973914,4.6462865,-49.45528,-26.711397
T136,XIX Injury/Poisoning,0.56399983,4.678354,-49.44349,-26.74216
T138,XIX Injury/Poisoning,0.57150066,4.7008715,-49.406956,-27.025263
T139,XIX Injury/Poisoning,0.6554065,4.5099783,-51.182022,-23.87342
T14,XIX Injury/Poisoning,0.63187057,4.4634476,-50.57712,-25.548857
T140,XIX Injury/Poisoning,0.6319001,4.5634055,-49.829514,-26.233229
T141,XIX Injury/Poisoning,0.6410012,4.53822,-49.98421,-26.021605
T142,XIX Injury/Poisoning,0.6321801,4.540181,-49.51124,-25.742521
T143,XIX Injury/Poisoning,0.64378524,4.509762,-49.59214,-25.700583
T144,XIX Injury/Poisoning,0.6588324,4.627234,-50.053543,-26.118628
T145,XIX Injury/Poisoning,0.64339083,4.597042,-50.111805,-26.04545
T146,XIX Injury/Poisoning,0.63894546,4.5783243,-50.018444,-26.266146
T147,XIX Injury/Poisoning,0.6209644,4.5930524,-50.138405,-26.034527
T148,XIX Injury/Poisoning,0.608495,4.5706573,-50.145847,-26.025887
T149,XIX Injury/Poisoning,0.63805807,4.5154805,-50.5278,-25.561398
T1490,XIX Injury/Poisoning,0.6274776,4.555196,-50.123577,-26.040396
T15,XIX Injury/Poisoning,0.6985632,4.0908813,-49.649208,-22.64678
T150,XIX Injury/Poisoning,0.7326434,4.095765,-49.433308,-22.673275
T151,XIX Injury/Poisoning,0.7510542,4.052461,-49.46876,-22.567635
T158,XIX Injury/Poisoning,0.7268818,4.0862713,-49.429623,-22.576092
T159,XIX Injury/Poisoning,0.6759952,4.127128,-49.772385,-22.653519
T16,XIX Injury/Poisoning,0.6581824,4.256102,-54.4014,-21.922249
T171,XIX Injury/Poisoning,4.5958443,9.197957,-61.60716,-23.526878
T172,XIX Injury/Poisoning,4.5970383,9.196049,-61.713497,-23.530382
T1720,XIX Injury/Poisoning,4.6003995,9.192291,-61.671204,-23.451836
T1721,XIX Injury/Poisoning,4.596677,9.196634,-61.65619,-23.452148
T1722,XIX Injury/Poisoning,4.607362,9.185443,-61.656483,-23.184122
T1729,XIX Injury/Poisoning,4.596694,9.196666,-61.701393,-23.44782
T173,XIX Injury/Poisoning,4.601813,9.191149,-61.69289,-23.543177
T174,XIX Injury/Poisoning,4.596831,9.196249,-61.640347,-23.547665
T175,XIX Injury/Poisoning,4.596435,9.196376,-61.5602,-23.552013
T178,XIX Injury/Poisoning,4.596367,9.196789,-61.642906,-23.559765
T179,XIX Injury/Poisoning,4.595584,9.197673,-61.297688,-23.719965
T180,XIX Injury/Poisoning,4.653572,9.13261,-62.041195,-23.483234
T181,XIX Injury/Poisoning,4.653918,9.132775,-62.114475,-23.574657
T1810,XIX Injury/Poisoning,4.65221,9.134106,-62.06482,-23.449076
T1811,XIX Injury/Poisoning,4.653774,9.132243,-62.05672,-23.45038
T1812,XIX Injury/Poisoning,4.6540546,9.130913,-62.06119,-23.456192
T1819,XIX Injury/Poisoning,4.6539197,9.131851,-62.05864,-23.449104
T182,XIX Injury/Poisoning,4.653489,9.131415,-62.113014,-23.539988
T183,XIX Injury/Poisoning,4.6536183,9.131699,-62.1221,-23.3582
T184,XIX Injury/Poisoning,4.651029,9.135016,-62.121346,-23.3617
T185,XIX Injury/Poisoning,4.654832,9.13025,-62.18091,-23.352034
T188,XIX Injury/Poisoning,4.6535144,9.131753,-62.144043,-23.411585
T189,XIX Injury/Poisoning,4.653838,9.1313925,-62.128696,-23.36231
T190,XIX Injury/Poisoning,1.3312439,4.5388727,-58.722,-26.19392
T191,XIX Injury/Poisoning,1.3195155,4.5974436,-58.54884,-26.293453
T192,XIX Injury/Poisoning,1.3645312,4.5964828,-58.620193,-26.205507
T193,XIX Injury/Poisoning,1.3148129,4.62097,-58.542458,-26.200947
T198,XIX Injury/Poisoning,1.3126142,4.614789,-58.55869,-26.20854
T199,XIX Injury/Poisoning,1.3133585,4.6153464,-58.57042,-26.200056
T20,XIX Injury/Poisoning,0.81210226,4.0175557,-49.977283,-20.819265
T200,XIX Injury/Poisoning,0.8674274,3.9890811,-49.979527,-20.544828
T2000,XIX Injury/Poisoning,0.7919347,3.9400487,-50.468082,-20.531054
T201,XIX Injury/Poisoning,0.82311416,3.9542298,-50.193085,-20.504892
T202,XIX Injury/Poisoning,0.8396155,3.9648523,-50.240856,-20.470001
T203,XIX Injury/Poisoning,0.82535845,3.9113057,-50.445583,-20.405598
T204,XIX Injury/Poisoning,0.82986253,3.9266841,-50.30352,-20.605942
T2040,XIX Injury/Poisoning,0.77020323,3.9608495,-50.465046,-20.69039
T206,XIX Injury/Poisoning,0.83053803,3.9710176,-49.994354,-20.47655
T21,XIX Injury/Poisoning,0.7197542,3.5949082,-55.216656,-17.362837
T210,XIX Injury/Poisoning,0.68444115,3.6573138,-55.250675,-17.530567
T211,XIX Injury/Poisoning,0.6881561,3.5824835,-55.228966,-17.202133
T212,XIX Injury/Poisoning,0.71914315,3.638996,-55.16814,-17.607126
T213,XIX Injury/Poisoning,0.7065516,3.6285279,-55.185528,-17.639631
T216,XIX Injury/Poisoning,0.71366215,3.602433,-55.198986,-17.357168
T22,XIX Injury/Poisoning,0.46548858,3.9321654,-52.435455,-19.232803
T220,XIX Injury/Poisoning,0.44129092,3.9123516,-52.508286,-19.248169
T221,XIX Injury/Poisoning,0.43072462,3.8986697,-52.659584,-19.239851
T222,XIX Injury/Poisoning,0.42986637,3.9163702,-52.64017,-19.27734
T223,XIX Injury/Poisoning,0.41175675,3.9004543,-52.52732,-19.158892
T224,XIX Injury/Poisoning,0.42022744,3.9189224,-52.650658,-19.301453
T225,XIX Injury/Poisoning,0.44789064,3.9114501,-52.689587,-19.252747
T226,XIX Injury/Poisoning,0.40724328,3.8748364,-52.561005,-19.194752
T227,XIX Injury/Poisoning,0.42264086,3.8991294,-52.673634,-19.220362
T23,XIX Injury/Poisoning,0.8167336,4.022781,-49.706463,-21.154757
T230,XIX Injury/Poisoning,0.80597264,4.02859,-49.498215,-21.558355
T231,XIX Injury/Poisoning,0.81868935,4.0235143,-49.807568,-21.403168
T232,XIX Injury/Poisoning,0.8552702,3.9206088,-49.7374,-19.862324
T233,XIX Injury/Poisoning,0.8299022,4.0134,-49.75802,-20.954435
T234,XIX Injury/Poisoning,0.82802665,3.9901693,-49.848522,-21.36224
T235,XIX Injury/Poisoning,0.8145035,4.040894,-49.827938,-21.457123
T236,XIX Injury/Poisoning,0.8004267,3.9933045,-49.9066,-21.272276
T24,XIX Injury/Poisoning,0.6660536,4.055799,-54.224678,-20.685202
T240,XIX Injury/Poisoning,0.6589673,4.0781965,-54.108845,-20.573318
T241,XIX Injury/Poisoning,0.65482795,4.0845785,-54.198296,-20.671194
T242,XIX Injury/Poisoning,0.6671675,4.0808625,-54.146275,-20.635296
T243,XIX Injury/Poisoning,0.76688933,4.263206,-53.925606,-21.113955
T244,XIX Injury/Poisoning,0.6524731,4.0711217,-54.195652,-20.441114
T245,XIX Injury/Poisoning,0.663475,4.042674,-54.1981,-20.436325
T246,XIX Injury/Poisoning,0.7168426,4.0103173,-53.483944,-20.931658
T247,XIX Injury/Poisoning,0.68443644,4.009691,-54.115475,-20.566204
T25,XIX Injury/Poisoning,1.0502683,3.8614507,-49.06446,-19.021679
T250,XIX Injury/Poisoning,1.0500127,3.8637877,-48.90369,-19.031803
T251,XIX Injury/Poisoning,0.9831771,3.8643854,-49.27315,-18.94605
T252,XIX Injury/Poisoning,1.0179843,3.8677366,-49.19994,-19.120527
T253,XIX Injury/Poisoning,1.048326,3.8706307,-49.127655,-19.068403
T257,XIX Injury/Poisoning,1.0684967,3.8778224,-48.97536,-19.084494
T26,XIX Injury/Poisoning,1.4039986,3.277932,-44.051353,-18.830542
T260,XIX Injury/Poisoning,1.4137849,3.2661746,-44.04426,-18.843996
T261,XIX Injury/Poisoning,1.4253569,3.3020713,-44.10004,-18.914835
T262,XIX Injury/Poisoning,1.3917291,3.2879267,-44.003006,-18.855198
T263,XIX Injury/Poisoning,1.3962185,3.2777913,-44.00764,-18.85229
T264,XIX Injury/Poisoning,1.3393803,3.2280793,-43.976704,-18.864218
T2640,XIX Injury/Poisoning,1.4161481,3.3111503,-44.10428,-18.952883
T265,XIX Injury/Poisoning,1.4018592,3.2899275,-44.03868,-19.062317
T266,XIX Injury/Poisoning,1.3980459,3.302596,-43.96491,-19.103786
T268,XIX Injury/Poisoning,1.3954526,3.280744,-43.915863,-18.950012
T269,XIX Injury/Poisoning,1.3989352,3.2372117,-43.99987,-18.85842
T2690,XIX Injury/Poisoning,1.4959,3.5217695,-45.24986,-18.738232
T272,XIX Injury/Poisoning,9.045055,-1.5538452,-16.140577,8.557157
T273,XIX Injury/Poisoning,9.075269,-1.5146255,-16.140158,8.559843
T277,XIX Injury/Poisoning,9.078691,-1.5056913,-16.138332,8.554484
T280,XIX Injury/Poisoning,4.0280833,1.0991731,-40.608353,-8.312296
T281,XIX Injury/Poisoning,3.9861858,1.137554,-40.598686,-8.310408
T282,XIX Injury/Poisoning,4.01921,1.098025,-40.651566,-8.29125
T29,XIX Injury/Poisoning,0.9427584,3.611093,-49.189632,-16.462751
T290,XIX Injury/Poisoning,0.8775964,3.5913007,-49.20835,-16.483812
T291,XIX Injury/Poisoning,0.93913895,3.643937,-49.14352,-16.454082
T292,XIX Injury/Poisoning,0.8782313,3.671453,-49.323692,-16.723705
T293,XIX Injury/Poisoning,0.9288469,3.5826828,-49.00664,-16.414915
T30,XIX Injury/Poisoning,0.3771458,4.3329525,-55.619778,-21.985527
T300,XIX Injury/Poisoning,0.36418104,4.302235,-55.52192,-22.00644
T301,XIX Injury/Poisoning,0.31696063,4.328717,-55.575153,-21.85412
T302,XIX Injury/Poisoning,0.30620757,4.3154864,-55.633156,-21.85666
T303,XIX Injury/Poisoning,0.29102772,4.3093953,-55.665123,-21.829445
T304,XIX Injury/Poisoning,0.2967914,4.331451,-55.555313,-21.752182
T305,XIX Injury/Poisoning,0.2807074,4.299477,-55.55475,-21.752352
T306,XIX Injury/Poisoning,0.30356404,4.331372,-55.55224,-21.744905
T307,XIX Injury/Poisoning,0.27638483,4.3304396,-55.553307,-21.751883
T310,XIX Injury/Poisoning,0.49519712,3.9125264,-53.1579,-19.57204
T311,XIX Injury/Poisoning,0.5474807,3.9359014,-53.38842,-19.600847
T312,XIX Injury/Poisoning,0.52727884,3.8959818,-53.455578,-19.509672
T314,XIX Injury/Poisoning,0.51772875,3.9318583,-53.374237,-19.589745
T318,XIX Injury/Poisoning,0.52456236,3.9117339,-53.453617,-19.505253
T320,XIX Injury/Poisoning,1.0802149,3.8768423,-48.353188,-19.378445
T326,XIX Injury/Poisoning,1.158,3.951319,-47.984123,-19.069603
T328,XIX Injury/Poisoning,1.2841916,3.9138963,-47.968975,-19.068676
T333,XIX Injury/Poisoning,4.3517475,0.9172077,-38.166,-6.8510804
T3352,XIX Injury/Poisoning,4.343231,0.90667063,-38.120975,-6.77224
T338,XIX Injury/Poisoning,4.3512034,0.92034215,-38.174458,-6.849963
T339,XIX Injury/Poisoning,4.324743,0.9014752,-38.166958,-6.8296676
T340,XIX Injury/Poisoning,4.22604,0.9397837,-39.130966,-7.8326344
T3452,XIX Injury/Poisoning,4.1888885,0.98061675,-39.20647,-7.8856716
T355,XIX Injury/Poisoning,4.3039045,0.8832057,-38.819725,-6.9570966
T357,XIX Injury/Poisoning,4.305993,0.8867041,-38.823803,-6.9515896
T36,XIX Injury/Poisoning,1.1460179,7.0885153,-51.2059,-15.084994
T360,XIX Injury/Poisoning,1.1461272,7.0889106,-51.257366,-15.072125
T361,XIX Injury/Poisoning,1.1459538,7.0871224,-51.329346,-15.092433
T363,XIX Injury/Poisoning,1.1461395,7.0885587,-51.318115,-15.077993
T364,XIX Injury/Poisoning,1.1460416,7.0780697,-51.264847,-15.105514
T365,XIX Injury/Poisoning,1.1460152,7.0895143,-51.299652,-15.0915985
T366,XIX Injury/Poisoning,1.1459748,7.087007,-51.35728,-15.092467
T367,XIX Injury/Poisoning,1.1459454,7.0885196,-51.276207,-15.088808
T368,XIX Injury/Poisoning,1.1463023,7.0810533,-51.358154,-15.091687
T369,XIX Injury/Poisoning,1.1458162,7.0877757,-51.344677,-15.089879
T371,XIX Injury/Poisoning,1.5397927,3.5646555,-45.58208,-17.530935
T372,XIX Injury/Poisoning,1.5114101,3.586151,-45.9703,-17.888659
T378,XIX Injury/Poisoning,1.549854,3.5797827,-45.571716,-17.495846
T379,XIX Injury/Poisoning,1.5142796,3.5508142,-45.50461,-17.36406
T380,XIX Injury/Poisoning,1.3928494,3.9490097,-58.505524,-19.105799
T381,XIX Injury/Poisoning,1.3743771,3.9571047,-58.717815,-19.34433
T382,XIX Injury/Poisoning,1.3745884,3.9540915,-58.52319,-19.117573
T383,XIX Injury/Poisoning,1.380795,3.9456499,-58.735794,-19.402508
T384,XIX Injury/Poisoning,1.3798652,3.9431891,-58.491245,-19.085226
T385,XIX Injury/Poisoning,1.3698617,3.9779317,-58.614475,-19.170273
T386,XIX Injury/Poisoning,1.3829267,3.9500334,-58.665524,-19.17252
T388,XIX Injury/Poisoning,1.3977512,3.9726965,-58.499317,-19.093584
T39,XIX Injury/Poisoning,-2.0995996,5.398578,-63.243122,-14.893293
T390,XIX Injury/Poisoning,-2.10631,5.386482,-63.771618,-14.565821
T3901,XIX Injury/Poisoning,-2.0935133,5.4041357,-63.301426,-14.636586
T3909,XIX Injury/Poisoning,-2.098948,5.3983707,-63.301464,-14.658814
T391,XIX Injury/Poisoning,-2.1072733,5.389285,-63.170017,-14.3776045
T392,XIX Injury/Poisoning,-2.0995827,5.3980055,-63.211475,-14.913893
T393,XIX Injury/Poisoning,-2.0948513,5.401428,-63.288956,-14.41113
T3931,XIX Injury/Poisoning,-2.099406,5.397659,-63.48296,-14.58752
T394,XIX Injury/Poisoning,-2.1005447,5.3974657,-63.21643,-14.916596
T398,XIX Injury/Poisoning,-2.1006699,5.396901,-63.772915,-14.8666115
T399,XIX Injury/Poisoning,-2.1144233,5.383715,-63.396706,-14.733246
T3991,XIX Injury/Poisoning,-2.1002028,5.397689,-63.236336,-14.8902855
T3992,XIX Injury/Poisoning,-2.0996854,5.3980036,-63.228867,-14.928588
T3993,XIX Injury/Poisoning,-2.1005795,5.397563,-63.240124,-14.901543
T3994,XIX Injury/Poisoning,-2.0990396,5.3983307,-63.229176,-14.9151745
T400,XIX Injury/Poisoning,-2.6143014,4.7623873,-64.79163,-16.216894
T401,XIX Injury/Poisoning,-2.658117,4.7170644,-64.597725,-16.286001
T402,XIX Injury/Poisoning,-2.6291199,4.746975,-65.00929,-16.6827
T403,XIX Injury/Poisoning,-2.6100793,4.7625628,-64.51882,-16.584324
T404,XIX Injury/Poisoning,-2.6125793,4.7677994,-65.02492,-16.13972
T405,XIX Injury/Poisoning,-2.6379173,4.7369704,-64.6188,-16.402977
T406,XIX Injury/Poisoning,-2.619506,4.7533655,-64.72941,-16.688921
T407,XIX Injury/Poisoning,-2.6376998,4.738593,-64.43889,-16.514874
T408,XIX Injury/Poisoning,-2.6339798,4.7415767,-64.414795,-16.448458
T409,XIX Injury/Poisoning,-2.6190925,4.7573037,-64.43347,-16.454237
T410,XIX Injury/Poisoning,4.0724216,1.0810804,-39.67282,-8.338197
T412,XIX Injury/Poisoning,4.065842,1.0856378,-39.70578,-8.365113
T414,XIX Injury/Poisoning,4.075975,1.0825058,-39.70708,-8.357416
T420,XIX Injury/Poisoning,-2.8112652,4.5843787,-62.719402,-16.536648
T421,XIX Injury/Poisoning,-2.8014014,4.5946283,-62.941,-16.43947
T422,XIX Injury/Poisoning,-2.8036551,4.5914526,-62.88795,-16.4241
T423,XIX Injury/Poisoning,-2.8101969,4.5856,-62.916477,-16.536213
T424,XIX Injury/Poisoning,-2.756091,4.637998,-63.469814,-17.221209
T425,XIX Injury/Poisoning,-2.8384476,4.5570335,-62.902344,-16.498709
T426,XIX Injury/Poisoning,-2.7848878,4.6100492,-63.347008,-17.226662
T427,XIX Injury/Poisoning,-2.8081725,4.5872874,-62.599964,-16.580519
T4271,XIX Injury/Poisoning,-2.8000562,4.59466,-62.87524,-16.50219
T4272,XIX Injury/Poisoning,-2.8073485,4.5883408,-62.88035,-16.529787
T4273,XIX Injury/Poisoning,-2.797082,4.597799,-62.86902,-16.52166
T4274,XIX Injury/Poisoning,-2.8068051,4.588798,-62.87386,-16.543102
T428,XIX Injury/Poisoning,-2.8119667,4.5834265,-62.80358,-16.356405
T430,XIX Injury/Poisoning,-2.710557,4.683335,-63.787655,-17.104027
T431,XIX Injury/Poisoning,-2.7804034,4.6240554,-63.349506,-16.522926
T432,XIX Injury/Poisoning,-2.719275,4.6751494,-63.938747,-17.160675
T433,XIX Injury/Poisoning,-2.7543821,4.6405363,-63.372974,-16.660994
T434,XIX Injury/Poisoning,-2.757256,4.6371894,-63.532417,-16.53927
T435,XIX Injury/Poisoning,-2.7824917,4.6120043,-63.609657,-17.002674
T436,XIX Injury/Poisoning,-2.7594697,4.634628,-63.318523,-16.730732
T438,XIX Injury/Poisoning,-2.7769005,4.6174145,-63.38007,-16.603485
T439,XIX Injury/Poisoning,-2.761611,4.6337633,-63.36071,-16.588245
T440,XIX Injury/Poisoning,1.6519125,3.62006,-45.211105,-14.984779
T441,XIX Injury/Poisoning,1.6728468,3.576509,-45.196026,-14.46673
T443,XIX Injury/Poisoning,1.668999,3.603824,-45.227688,-14.7123165
T444,XIX Injury/Poisoning,1.6847693,3.5532544,-45.150024,-14.398375
T445,XIX Injury/Poisoning,1.6716739,3.5978985,-45.238262,-14.651991
T446,XIX Injury/Poisoning,1.6735667,3.5957096,-45.214825,-14.58047
T447,XIX Injury/Poisoning,1.6598237,3.6254697,-45.231464,-15.39526
T448,XIX Injury/Poisoning,1.6750524,3.5916862,-45.19567,-14.841856
T449,XIX Injury/Poisoning,1.6740451,3.5602212,-45.14879,-14.445256
T450,XIX Injury/Poisoning,1.5499666,4.9379416,-59.04556,-28.232191
T451,XIX Injury/Poisoning,1.5492909,4.9606733,-58.588867,-28.503426
T452,XIX Injury/Poisoning,1.5262938,4.9683247,-58.22556,-28.354391
T454,XIX Injury/Poisoning,1.5465764,4.969058,-58.302677,-28.398209
T455,XIX Injury/Poisoning,1.3438705,5.1377077,-58.34928,-29.736673
T4551,XIX Injury/Poisoning,1.5328033,4.9765134,-58.287235,-28.40287
T4552,XIX Injury/Poisoning,1.5580202,4.997971,-58.297073,-28.409594
T456,XIX Injury/Poisoning,1.5517793,4.9791036,-58.29202,-28.398888
T458,XIX Injury/Poisoning,1.5742832,4.973726,-58.30157,-28.390694
T459,XIX Injury/Poisoning,1.5419748,4.9828587,-58.311295,-28.380884
T4591,XIX Injury/Poisoning,1.5767013,4.9575562,-58.317837,-28.35156
T4592,XIX Injury/Poisoning,1.5486739,4.993308,-58.430798,-28.242668
T4593,XIX Injury/Poisoning,1.5656545,4.9731655,-58.321453,-28.37474
T4594,XIX Injury/Poisoning,1.5511078,4.953432,-58.344326,-28.337461
T460,XIX Injury/Poisoning,0.7000518,3.5387583,-56.06007,-17.555048
T461,XIX Injury/Poisoning,0.6688453,3.4968228,-56.52311,-17.831818
T462,XIX Injury/Poisoning,0.684721,3.51143,-56.522476,-17.60235
T463,XIX Injury/Poisoning,0.64463145,3.4631171,-56.68375,-17.643229
T464,XIX Injury/Poisoning,0.6738576,3.5022304,-56.690426,-17.885553
T465,XIX Injury/Poisoning,0.64606196,3.4945164,-56.504818,-17.66525
T466,XIX Injury/Poisoning,0.6422112,3.4217577,-56.678314,-17.824663
T467,XIX Injury/Poisoning,0.66907126,3.4630375,-56.458427,-17.549446
T468,XIX Injury/Poisoning,0.6641182,3.486594,-56.79822,-17.604073
T469,XIX Injury/Poisoning,0.6615054,3.4811873,-56.526115,-17.666676
T4690,XIX Injury/Poisoning,0.6963549,3.5112753,-56.403156,-17.571243
T4699,XIX Injury/Poisoning,0.67048675,3.4782884,-56.400013,-17.550743
T470,XIX Injury/Poisoning,1.6091881,3.6692536,-45.570263,-16.342075
T471,XIX Injury/Poisoning,1.6240227,3.7061875,-45.592728,-16.213528
T472,XIX Injury/Poisoning,1.6066995,3.6766229,-45.526215,-16.233328
T474,XIX Injury/Poisoning,1.6225526,3.6797097,-45.590595,-16.243551
T476,XIX Injury/Poisoning,1.6201992,3.6802988,-45.49914,-15.9536
T478,XIX Injury/Poisoning,1.5995842,3.6718018,-45.597855,-16.342463
T479,XIX Injury/Poisoning,1.6162521,3.6478305,-45.50292,-16.03424
T480,XIX Injury/Poisoning,1.6508907,3.0515416,-45.39648,-13.561307
T481,XIX Injury/Poisoning,1.6600885,3.050132,-45.44257,-13.646287
T482,XIX Injury/Poisoning,1.6542162,3.0466316,-45.438946,-13.568301
T4820,XIX Injury/Poisoning,1.6506793,3.0454884,-45.376667,-13.558145
T4829,XIX Injury/Poisoning,1.6701347,3.0256543,-45.432056,-13.577594
T483,XIX Injury/Poisoning,1.6515826,3.0478563,-45.41141,-13.5717535
T484,XIX Injury/Poisoning,1.6416134,3.0555434,-45.45286,-13.569669
T485,XIX Injury/Poisoning,1.6630596,3.0417743,-45.522614,-13.644645
T486,XIX Injury/Poisoning,1.6458102,3.052497,-45.430904,-13.531152
T49,XIX Injury/Poisoning,9.706116,-1.2551187,-20.12528,11.701679
T490,XIX Injury/Poisoning,9.684331,-1.2401592,-20.160358,11.698073
T494,XIX Injury/Poisoning,9.723109,-1.2187909,-20.114096,11.694228
T497,XIX Injury/Poisoning,9.696302,-1.2300423,-20.092201,11.698183
T499,XIX Injury/Poisoning,9.708946,-1.2370437,-20.127756,11.696719
T50,XIX Injury/Poisoning,0.45059255,2.945173,-57.67307,-17.375147
T500,XIX Injury/Poisoning,0.44870207,2.9416265,-57.602974,-17.453053
T501,XIX Injury/Poisoning,0.45114893,2.9471946,-57.358826,-17.406462
T502,XIX Injury/Poisoning,0.45475823,2.9579155,-57.44512,-17.460278
T503,XIX Injury/Poisoning,0.45198432,2.9481084,-57.429592,-17.474703
T504,XIX Injury/Poisoning,0.44955885,2.9476542,-57.46903,-17.48711
T506,XIX Injury/Poisoning,0.45175976,2.949638,-57.38101,-17.500858
T508,XIX Injury/Poisoning,0.44839212,2.942064,-57.602467,-17.451466
T509,XIX Injury/Poisoning,0.44918254,2.939843,-57.63599,-17.212776
T5090,XIX Injury/Poisoning,0.44862238,2.939782,-57.54007,-17.346638
T5099,XIX Injury/Poisoning,0.4505091,2.9462109,-57.53153,-17.413536
T51,XIX Injury/Poisoning,-2.5249572,4.869092,-64.31786,-15.459103
T510,XIX Injury/Poisoning,-2.588684,4.8076997,-65.011185,-15.386445
T511,XIX Injury/Poisoning,-2.5251892,4.8698645,-64.226715,-15.464614
T512,XIX Injury/Poisoning,-2.5168676,4.878177,-64.31112,-15.44222
T513,XIX Injury/Poisoning,-2.5135224,4.879795,-64.30485,-15.460615
T518,XIX Injury/Poisoning,-2.5215857,4.8730435,-64.539345,-15.311221
T519,XIX Injury/Poisoning,-2.5217686,4.873663,-64.87618,-15.167817
T5191,XIX Injury/Poisoning,-2.4745355,4.9200654,-64.342804,-15.395433
T5192,XIX Injury/Poisoning,-2.470357,4.923637,-64.58014,-15.338777
T5193,XIX Injury/Poisoning,-2.4832232,4.9109235,-64.36977,-15.356471
T5194,XIX Injury/Poisoning,-2.5091102,4.885921,-64.36268,-15.357809
T520,XIX Injury/Poisoning,1.2978736,3.3091447,-47.31164,-14.148365
T528,XIX Injury/Poisoning,1.4387251,3.224286,-46.95573,-13.933649
T529,XIX Injury/Poisoning,1.3726283,3.2960365,-47.168774,-14.072408
T530,XIX Injury/Poisoning,4.316176,0.87022305,-39.125763,-6.664384
T542,XIX Injury/Poisoning,3.6914601,1.3613139,-42.293365,-11.12341
T543,XIX Injury/Poisoning,3.6829152,1.3732202,-42.187843,-11.247218
T549,XIX Injury/Poisoning,3.7209117,1.3424968,-42.17,-11.120991
T55,XIX Injury/Poisoning,3.8573325,1.2551436,-40.75477,-9.423817
T561,XIX Injury/Poisoning,1.3649316,3.481452,-47.11107,-15.489365
T568,XIX Injury/Poisoning,1.1065472,3.8129852,-48.792034,-18.672657
T578,XIX Injury/Poisoning,4.301757,0.8799948,-39.017044,-7.0325146
T58,XIX Injury/Poisoning,1.3833468,3.4032545,-44.242928,-20.684252
T594,XIX Injury/Poisoning,3.4937303,1.5471853,-43.659122,-12.294942
T595,XIX Injury/Poisoning,3.5181825,1.5254462,-43.573364,-12.251907
T596,XIX Injury/Poisoning,3.487946,1.5510279,-43.691853,-12.293991
T597,XIX Injury/Poisoning,3.517678,1.524483,-43.643642,-12.278141
T598,XIX Injury/Poisoning,3.5092149,1.5338626,-43.62651,-12.369434
T5981,XIX Injury/Poisoning,3.4998767,1.5398017,-43.725224,-12.321367
T5989,XIX Injury/Poisoning,3.5159523,1.5259666,-43.716923,-12.307541
T599,XIX Injury/Poisoning,3.508533,1.5376135,-43.66764,-12.325582
T603,XIX Injury/Poisoning,3.9459877,1.1674132,-40.141098,-8.908873
T604,XIX Injury/Poisoning,3.8999007,1.2211684,-40.37409,-9.122451
T608,XIX Injury/Poisoning,3.901938,1.2048965,-40.229992,-8.9848585
T609,XIX Injury/Poisoning,3.8856041,1.2199515,-40.338554,-9.077723
T61,XIX Injury/Poisoning,3.7120702,1.3398346,-43.452877,-10.428356
T611,XIX Injury/Poisoning,3.7044978,1.3528984,-43.47037,-10.420405
T612,XIX Injury/Poisoning,3.7032652,1.353519,-43.46071,-10.342281
T619,XIX Injury/Poisoning,3.6969469,1.3582408,-43.464985,-10.42182
T620,XIX Injury/Poisoning,3.6670532,1.3799169,-43.834427,-10.493687
T622,XIX Injury/Poisoning,3.64748,1.402638,-43.81791,-10.497148
T628,XIX Injury/Poisoning,3.6546106,1.3905241,-43.834232,-10.530465
T629,XIX Injury/Poisoning,3.658794,1.3873355,-43.82689,-10.499552
T63,XIX Injury/Poisoning,0.5719352,4.1078587,-51.587112,-22.049374
T630,XIX Injury/Poisoning,0.58801883,4.0987687,-51.562965,-22.03846
T632,XIX Injury/Poisoning,0.54301095,4.095937,-51.5958,-22.1182
T633,XIX Injury/Poisoning,0.533907,4.082441,-51.657597,-22.043928
T634,XIX Injury/Poisoning,0.55617225,4.1146846,-51.58477,-22.106194
T639,XIX Injury/Poisoning,0.5266722,4.1064887,-51.621067,-22.093227
T65,XIX Injury/Poisoning,1.5024813,3.1873512,-46.739677,-13.5877695
T656,XIX Injury/Poisoning,1.5028385,3.1880248,-46.741932,-13.6172695
T658,XIX Injury/Poisoning,1.5081024,3.18369,-46.996086,-13.546063
T659,XIX Injury/Poisoning,1.5065393,3.1811917,-46.683613,-13.571895
T66,XIX Injury/Poisoning,0.9311158,4.5843043,-53.883785,-26.19221
T67,XIX Injury/Poisoning,1.5394666,3.5113087,-44.488426,-18.493551
T670,XIX Injury/Poisoning,1.5337836,3.4957454,-44.425312,-18.816313
T671,XIX Injury/Poisoning,1.544197,3.5076501,-44.470337,-18.482182
T673,XIX Injury/Poisoning,1.5549368,3.5313723,-44.456245,-18.458935
T674,XIX Injury/Poisoning,1.5426981,3.5023806,-44.516182,-18.42063
T675,XIX Injury/Poisoning,1.4932779,3.4782116,-44.97683,-19.241161
T676,XIX Injury/Poisoning,1.5384729,3.520272,-44.513336,-18.435352
T677,XIX Injury/Poisoning,1.5133159,3.4862103,-44.465797,-18.464697
T679,XIX Injury/Poisoning,1.572393,3.5302653,-44.51159,-18.453804
T68,XIX Injury/Poisoning,1.1464158,4.7074823,-56.80428,-26.991488
T690,XIX Injury/Poisoning,0.7933295,4.4852614,-51.59518,-24.723684
T691,XIX Injury/Poisoning,0.75137585,4.4665017,-51.30636,-25.083857
T70,XIX Injury/Poisoning,0.8645688,4.6519217,-53.020947,-25.36014
T700,XIX Injury/Poisoning,0.8767587,4.6278,-53.389915,-24.748407
T701,XIX Injury/Poisoning,0.8810249,4.6365404,-53.204742,-25.03758
T702,XIX Injury/Poisoning,0.7833392,4.5838165,-52.151264,-25.410217
T703,XIX Injury/Poisoning,0.8963742,4.595712,-53.263676,-24.89211
T709,XIX Injury/Poisoning,0.9015401,4.6271763,-53.07844,-25.360416
T71,XIX Injury/Poisoning,4.2843957,0.90085626,-39.10875,-7.667574
T7111,XIX Injury/Poisoning,4.2810636,0.8969198,-38.96178,-7.5269275
T7112,XIX Injury/Poisoning,4.3267384,0.9257957,-38.969234,-7.5229836
T7113,XIX Injury/Poisoning,4.2913733,0.8909496,-38.924053,-7.4915648
T7114,XIX Injury/Poisoning,4.3064756,0.878003,-38.850773,-7.3420763
T7115,XIX Injury/Poisoning,4.296685,0.8970779,-38.977894,-7.556022
T7116,XIX Injury/Poisoning,4.3031387,0.881408,-38.922863,-7.483467
T7119,XIX Injury/Poisoning,4.2891984,0.8952156,-38.94001,-7.4948764
T7120,XIX Injury/Poisoning,4.29598,0.8935442,-38.921276,-7.478953
T7121,XIX Injury/Poisoning,4.2937064,0.89133537,-38.98017,-7.53663
T7122,XIX Injury/Poisoning,4.2843637,0.89971936,-38.91618,-7.453126
T7123,XIX Injury/Poisoning,4.2893777,0.88890874,-38.933445,-7.4918284
T7129,XIX Injury/Poisoning,4.257492,0.86183864,-38.95472,-7.5046196
T719,XIX Injury/Poisoning,4.297326,0.88820326,-38.89571,-7.464119
T730,XIX Injury/Poisoning,1.5308151,3.576778,-45.69322,-17.78277
T731,XIX Injury/Poisoning,1.5234758,3.6267564,-45.856827,-18.048433
T732,XIX Injury/Poisoning,1.523939,3.5703938,-45.896835,-18.10546
T733,XIX Injury/Poisoning,1.5243804,3.5983605,-46.112446,-18.25847
T74,XIX Injury/Poisoning,3.71377,1.3421364,-41.470154,-10.62108
T741,XIX Injury/Poisoning,3.7110736,1.3450745,-41.46525,-10.6750145
T742,XIX Injury/Poisoning,3.7188854,1.3367548,-41.30757,-10.553815
T743,XIX Injury/Poisoning,3.715148,1.3402544,-41.456223,-10.624569
T748,XIX Injury/Poisoning,3.6959696,1.3348129,-41.45043,-10.637472
T749,XIX Injury/Poisoning,3.7748032,1.2815607,-41.425137,-10.626592
T750,XIX Injury/Poisoning,1.1646479,4.788595,-55.556232,-28.098938
T751,XIX Injury/Poisoning,1.1564109,4.7482924,-55.598137,-27.93899
T752,XIX Injury/Poisoning,1.1420588,4.7593384,-55.652866,-27.987204
T753,XIX Injury/Poisoning,0.8731382,4.6486073,-51.610912,-26.413511
T754,XIX Injury/Poisoning,1.2015103,4.817381,-56.076057,-28.013935
T78,XIX Injury/Poisoning,0.75363415,4.736484,-51.033375,-30.600302
T780,XIX Injury/Poisoning,0.8772683,5.014972,-51.378284,-30.604942
T781,XIX Injury/Poisoning,0.7553516,4.849661,-50.571175,-29.659073
T782,XIX Injury/Poisoning,0.9795846,5.1083045,-51.98011,-31.195385
T783,XIX Injury/Poisoning,0.76341873,4.8519464,-50.51529,-29.480774
T784,XIX Injury/Poisoning,0.740239,4.8757415,-50.46764,-29.616905
T7840,XIX Injury/Poisoning,0.74251014,4.9063983,-50.830696,-29.939053
T788,XIX Injury/Poisoning,0.8512054,4.9452367,-51.28226,-30.36031
T789,XIX Injury/Poisoning,0.7761024,4.7569723,-51.095245,-30.685585
T79,XIX Injury/Poisoning,0.512703,4.7492948,-49.623882,-27.780874
T790,XIX Injury/Poisoning,0.5290703,4.7355475,-49.62358,-27.766417
T791,XIX Injury/Poisoning,0.5184741,4.755883,-49.352528,-27.838612
T792,XIX Injury/Poisoning,0.5306536,4.7445483,-49.62231,-27.78006
T793,XIX Injury/Poisoning,0.5437387,4.740045,-48.94289,-27.709997
T794,XIX Injury/Poisoning,0.5059813,4.7570443,-49.62488,-27.776121
T795,XIX Injury/Poisoning,0.50348073,4.7668858,-49.34188,-27.797602
T796,XIX Injury/Poisoning,0.53247184,4.760269,-50.14324,-27.936846
T797,XIX Injury/Poisoning,0.5449093,4.75295,-50.10543,-27.95801
T798,XIX Injury/Poisoning,0.50240517,4.7714996,-49.621883,-27.874811
T799,XIX Injury/Poisoning,0.5206537,4.752536,-49.617046,-27.775135
T80,XIX Injury/Poisoning,1.1642487,4.9469347,-53.16569,-29.276691
T800,XIX Injury/Poisoning,1.1626704,4.9513097,-53.395252,-29.356886
T801,XIX Injury/Poisoning,1.1367865,4.9360623,-52.82137,-28.882282
T802,XIX Injury/Poisoning,1.1486437,4.9573455,-53.35245,-29.302336
T803,XIX Injury/Poisoning,1.1689402,4.969329,-53.324543,-29.378435
T805,XIX Injury/Poisoning,1.1843594,4.9798374,-53.323677,-29.384491
T806,XIX Injury/Poisoning,1.1656477,4.9539504,-53.371906,-29.366589
T808,XIX Injury/Poisoning,1.1937873,4.981021,-53.285164,-29.578571
T809,XIX Injury/Poisoning,1.1677305,4.961393,-52.970707,-29.216425
T810,XIX Injury/Poisoning,1.000062,5.438388,-55.302185,-32.343693
T811,XIX Injury/Poisoning,1.0407966,5.373449,-54.91527,-31.683416
T812,XIX Injury/Poisoning,1.0355067,5.4476557,-54.915634,-31.629208
T813,XIX Injury/Poisoning,1.0357734,5.409644,-54.861797,-32.38771
T814,XIX Injury/Poisoning,0.99459183,5.45996,-54.83028,-32.315357
T815,XIX Injury/Poisoning,1.0345924,5.363049,-54.428627,-32.54404
T8150,XIX Injury/Poisoning,1.0321156,5.4348116,-55.13343,-32.233692
T8151,XIX Injury/Poisoning,1.0349618,5.441792,-55.132774,-32.2274
T8152,XIX Injury/Poisoning,1.0753387,5.436531,-55.109077,-32.316
T8153,XIX Injury/Poisoning,1.031536,5.4276624,-55.128845,-32.233547
T816,XIX Injury/Poisoning,1.0306331,5.447594,-55.210876,-32.30966
T817,XIX Injury/Poisoning,1.0328498,5.458377,-55.54387,-32.30583
T8171,XIX Injury/Poisoning,1.0888901,5.4038615,-55.182076,-32.323498
T8172,XIX Injury/Poisoning,1.0797352,5.4825835,-55.18159,-32.32583
T818,XIX Injury/Poisoning,1.0244229,5.410669,-55.108414,-32.225742
T8183,XIX Injury/Poisoning,1.0353172,5.3996577,-55.224403,-32.26807
T819,XIX Injury/Poisoning,0.9997486,5.443195,-55.50957,-31.693892
T82,XIX Injury/Poisoning,1.4193938,5.7509522,-56.912296,-32.505993
T820,XIX Injury/Poisoning,1.4402629,5.757159,-57.00091,-32.511677
T821,XIX Injury/Poisoning,1.4044025,5.75314,-56.82566,-32.699993
T822,XIX Injury/Poisoning,1.412403,5.7632556,-57.002663,-32.62663
T823,XIX Injury/Poisoning,1.4288701,5.754313,-57.181675,-32.44555
T824,XIX Injury/Poisoning,1.4185538,5.740326,-56.97416,-32.61702
T825,XIX Injury/Poisoning,1.4287993,5.765365,-57.174976,-32.441914
T826,XIX Injury/Poisoning,1.4309664,5.767822,-57.43037,-32.49717
T827,XIX Injury/Poisoning,1.4288526,5.767974,-56.62237,-32.482796
T828,XIX Injury/Poisoning,1.4205701,5.755644,-56.903202,-32.487453
T8285,XIX Injury/Poisoning,1.3833688,5.7137933,-56.947453,-32.581455
T829,XIX Injury/Poisoning,1.4063288,5.7323885,-56.91673,-32.58118
T830,XIX Injury/Poisoning,0.9781764,5.2745194,-51.74088,-32.73677
T831,XIX Injury/Poisoning,0.9379934,5.2388515,-52.080753,-32.48221
T832,XIX Injury/Poisoning,0.98634696,5.2646084,-52.157417,-32.605366
T833,XIX Injury/Poisoning,0.9971794,5.2746143,-52.87565,-31.794323
T834,XIX Injury/Poisoning,1.016907,5.1716995,-52.77189,-31.792765
T835,XIX Injury/Poisoning,1.0023934,5.2219286,-51.816338,-32.687206
T836,XIX Injury/Poisoning,1.0181385,5.2122526,-52.854042,-32.086006
T838,XIX Injury/Poisoning,0.97531193,5.2332993,-52.26153,-32.44222
T839,XIX Injury/Poisoning,0.96106344,5.251567,-52.111156,-32.26785
T840,XIX Injury/Poisoning,1.0890089,5.4279175,-54.876583,-35.053307
T841,XIX Injury/Poisoning,1.0742853,5.408933,-54.803524,-34.77316
T842,XIX Injury/Poisoning,1.1135513,5.3328085,-54.802086,-34.41225
T843,XIX Injury/Poisoning,1.075012,5.3917975,-54.73421,-34.55758
T844,XIX Injury/Poisoning,1.0734012,5.3972983,-54.79806,-34.754997
T845,XIX Injury/Poisoning,1.0787898,5.409909,-54.97328,-34.80686
T846,XIX Injury/Poisoning,1.0714607,5.350226,-54.846497,-34.311752
T847,XIX Injury/Poisoning,1.0794212,5.3728957,-54.894005,-34.582108
T848,XIX Injury/Poisoning,1.0787299,5.4059124,-54.838924,-34.900604
T849,XIX Injury/Poisoning,1.0650164,5.371308,-54.700573,-34.699173
T85,XIX Injury/Poisoning,1.0587006,5.285642,-54.073345,-32.600216
T850,XIX Injury/Poisoning,1.0708731,5.298345,-54.037582,-32.487667
T851,XIX Injury/Poisoning,1.0555015,5.3533487,-54.520554,-32.673374
T852,XIX Injury/Poisoning,1.0538282,5.289905,-53.426987,-33.552055
T853,XIX Injury/Poisoning,1.0947727,5.2456455,-53.618458,-32.848404
T854,XIX Injury/Poisoning,1.0357692,5.3774633,-54.116673,-33.29863
T855,XIX Injury/Poisoning,1.1733439,5.1989,-57.403988,-29.608156
T856,XIX Injury/Poisoning,1.0853727,5.271792,-53.765476,-32.259438
T857,XIX Injury/Poisoning,1.0913609,5.3384576,-54.14406,-32.472706
T858,XIX Injury/Poisoning,1.0692255,5.311219,-54.12454,-32.46186
T859,XIX Injury/Poisoning,1.0753887,5.282394,-53.47193,-32.73541
T86,XIX Injury/Poisoning,1.4250284,5.347305,-59.09092,-31.441412
T860,XIX Injury/Poisoning,1.4128994,5.342038,-59.26225,-31.268377
T861,XIX Injury/Poisoning,1.4058928,5.3495483,-58.981743,-31.460896
T862,XIX Injury/Poisoning,1.4005958,5.338129,-59.072544,-31.469593
T864,XIX Injury/Poisoning,1.402547,5.331486,-59.065025,-31.472921
T868,XIX Injury/Poisoning,1.3680092,5.304053,-59.147804,-31.469666
T869,XIX Injury/Poisoning,1.3992249,5.384653,-59.085922,-31.468935
T87,XIX Injury/Poisoning,1.1671622,4.7932334,-56.03362,-27.78898
T870,XIX Injury/Poisoning,1.2291362,4.794361,-56.418488,-27.757648
T872,XIX Injury/Poisoning,1.1682357,4.734528,-55.9934,-27.819649
T873,XIX Injury/Poisoning,1.206662,4.732502,-56.790874,-27.45033
T874,XIX Injury/Poisoning,1.1659844,4.8138914,-55.882195,-27.844185
T875,XIX Injury/Poisoning,1.1528226,4.753635,-55.942776,-27.605536
T876,XIX Injury/Poisoning,1.1796025,4.7733755,-56.3924,-27.824322
T881,XIX Injury/Poisoning,1.1527408,4.8654785,-54.688274,-29.152447
T882,XIX Injury/Poisoning,1.088792,4.893504,-54.700157,-29.265486
T883,XIX Injury/Poisoning,1.1609787,4.899874,-54.55368,-29.349525
T884,XIX Injury/Poisoning,1.1024634,4.8026013,-54.711384,-28.854021
T885,XIX Injury/Poisoning,1.1181233,4.9144373,-54.335693,-29.47404
T886,XIX Injury/Poisoning,1.1346285,4.8604383,-54.603188,-29.186214
T887,XIX Injury/Poisoning,1.1200534,4.864094,-54.692863,-29.037214
T888,XIX Injury/Poisoning,1.1209747,4.8396063,-54.750343,-28.822102
T889,XIX Injury/Poisoning,1.1070479,4.8403993,-54.77399,-29.04257
T90,XIX Injury/Poisoning,0.9271704,4.7525363,-54.881195,-25.038305
T900,XIX Injury/Poisoning,0.8891454,4.765757,-54.98883,-25.413214
T901,XIX Injury/Poisoning,0.91032475,4.755582,-54.865852,-25.025452
T902,XIX Injury/Poisoning,0.9205731,4.7602377,-55.19385,-24.981567
T903,XIX Injury/Poisoning,0.91658705,4.7420206,-54.878696,-25.017841
T904,XIX Injury/Poisoning,0.9507399,4.735891,-54.65621,-24.375862
T905,XIX Injury/Poisoning,0.9037648,4.73288,-54.883446,-24.930523
T908,XIX Injury/Poisoning,0.9122711,4.767148,-55.005566,-25.068195
T909,XIX Injury/Poisoning,-0.37907976,-0.5605788,0.48786208,50.055603
T910,XIX Injury/Poisoning,-0.42354637,-0.47342128,1.8612602,48.512177
T911,XIX Injury/Poisoning,-0.42237988,-0.47670582,1.8588687,48.561344
T912,XIX Injury/Poisoning,-0.42258826,-0.47917867,1.8333076,48.487823
T913,XIX Injury/Poisoning,-0.4226908,-0.4772913,1.8640858,48.5103
T915,XIX Injury/Poisoning,-0.42354825,-0.476077,1.8602592,48.509235
T918,XIX Injury/Poisoning,-0.4266929,-0.48584023,1.8291593,48.57347
T919,XIX Injury/Poisoning,-0.45963615,-0.4336179,1.868173,48.46159
T920,XIX Injury/Poisoning,-0.39910373,-0.5404407,0.6102053,50.015816
T921,XIX Injury/Poisoning,-0.377364,-0.5599477,0.9176657,50.305485
T922,XIX Injury/Poisoning,-0.37586185,-0.56134874,0.82820565,50.31316
T923,XIX Injury/Poisoning,-0.37836325,-0.56079686,0.7435695,50.37335
T924,XIX Injury/Poisoning,-0.35468486,-0.5615385,0.833263,50.221027
T925,XIX Injury/Poisoning,-0.37768108,-0.56024843,0.76539475,50.55714
T926,XIX Injury/Poisoning,-0.37644318,-0.55972254,0.83739597,50.187626
T928,XIX Injury/Poisoning,-0.37421516,-0.56387156,0.64996386,50.100502
T929,XIX Injury/Poisoning,-0.3770912,-0.56028414,0.8131443,50.267303
T930,XIX Injury/Poisoning,-0.37888965,-0.55578697,1.0984178,49.68291
T931,XIX Injury/Poisoning,-0.37058946,-0.56130195,1.4828594,50.0371
T932,XIX Injury/Poisoning,-0.37326968,-0.5603767,1.290344,50.13537
T933,XIX Injury/Poisoning,-0.34815276,-0.5644012,1.6077057,50.280853
T934,XIX Injury/Poisoning,-0.37239146,-0.55744064,1.3123118,50.028484
T935,XIX Injury/Poisoning,-0.3724411,-0.5603595,1.4266167,49.888874
T936,XIX Injury/Poisoning,-0.37367448,-0.55550206,1.3521323,50.052303
T938,XIX Injury/Poisoning,-0.37059176,-0.5604172,1.250541,50.1363
T939,XIX Injury/Poisoning,-0.33681953,-0.5606769,1.2945518,50.023724
T94,XIX Injury/Poisoning,-0.46598375,-0.54875004,-1.0592986,48.10627
T940,XIX Injury/Poisoning,-0.48202345,-0.5541732,-1.1402123,47.903297
T941,XIX Injury/Poisoning,-0.46878713,-0.55359817,-1.1104809,48.04521
T95,XIX Injury/Poisoning,-0.48447746,-0.55715215,-1.3336565,48.560787
T950,XIX Injury/Poisoning,-0.49455115,-0.55499345,-1.3046185,48.54154
T951,XIX Injury/Poisoning,-0.4857906,-0.5577001,-1.3348207,48.559708
T952,XIX Injury/Poisoning,-0.48713288,-0.55772656,-1.3624008,48.59678
T953,XIX Injury/Poisoning,-0.48633903,-0.5577422,-1.3259592,48.569374
T958,XIX Injury/Poisoning,-0.48509705,-0.5574719,-1.3453562,48.58962
T959,XIX Injury/Poisoning,-0.48136362,-0.5549115,-1.3459799,48.558807
T96,XIX Injury/Poisoning,6.994319,-1.7152501,-32.594433,8.448746
T97,XIX Injury/Poisoning,4.365323,0.92727596,-37.781208,-6.2893176
T980,XIX Injury/Poisoning,-0.4166086,-0.5229868,-1.0042495,48.39623
T981,XIX Injury/Poisoning,-0.45992482,-0.54600334,-1.1381242,48.42494
T983,XIX Injury/Poisoning,-0.45614806,-0.5412864,-0.9930743,48.31659
U049,XXII Special (U),2.7390916,1.3934193,-34.088764,-21.094168
U070,XXII Special (U),8.7926855,8.453437,-31.109354,-25.361345
U071,XXII Special (U),8.810703,8.428275,-31.147963,-25.250574
U072,XXII Special (U),8.805376,8.427225,-31.128496,-25.325495
U073,XXII Special (U),8.787363,8.486148,-31.044647,-25.485037
U074,XXII Special (U),8.813469,8.435995,-31.06764,-25.430176
U076,XXII Special (U),8.809728,8.436165,-31.110144,-25.358263
U077,XXII Special (U),8.803908,8.43226,-31.11657,-25.344198
U510,XXII Special (U),2.7707596,1.3931115,-33.887753,-21.34629
U511,XXII Special (U),2.7608917,1.3940138,-33.853924,-21.383198
U52,XXII Special (U),9.838184,-1.1396503,-22.444866,12.330755
U800,XXII Special (U),2.5528605,1.5015478,-32.479904,-22.759382
U801,XXII Special (U),2.6023965,1.4667232,-32.76437,-22.490168
U808,XXII Special (U),2.609356,1.4528005,-32.64532,-22.645332
U810,XXII Special (U),2.7069566,1.4070288,-33.45322,-21.829287
U818,XXII Special (U),2.7236075,1.3943739,-33.439156,-21.84604
U820,XXII Special (U),2.5329146,1.5094721,-32.09295,-22.930202
U821,XXII Special (U),2.5431695,1.5041265,-32.223526,-22.865698
U822,XXII Special (U),2.4919755,1.5518154,-32.16181,-22.880127
U828,XXII Special (U),2.5371115,1.508246,-32.22358,-22.881676
U829,XXII Special (U),2.538984,1.5067636,-32.182137,-22.93743
U830,XXII Special (U),2.5523782,1.5004919,-32.401623,-22.769144
U831,XXII Special (U),2.5414522,1.5070941,-32.24548,-22.903086
U832,XXII Special (U),2.5362148,1.507256,-32.26193,-22.902414
U837,XXII Special (U),2.5365505,1.508188,-32.229767,-22.913015
U838,XXII Special (U),2.537002,1.5084441,-32.17104,-22.935736
U839,XXII Special (U),2.538635,1.5067607,-32.242683,-22.940119
U840,XXII Special (U),2.7136729,1.4007623,-33.58057,-21.687664
U841,XXII Special (U),2.7199693,1.3963878,-33.627304,-21.644094
U842,XXII Special (U),2.7224665,1.3949902,-33.66654,-21.602274
U847,XXII Special (U),2.7288833,1.3733099,-33.397938,-21.87697
U848,XXII Special (U),2.7247157,1.3942003,-33.674316,-21.593626
U849,XXII Special (U),2.7157464,1.3986051,-33.667347,-21.601002
U85,XXII Special (U),2.5405464,1.5202805,-32.66283,-23.21813
U88,XXII Special (U),2.5494199,1.5025492,-32.417156,-22.882345
U898,XXII Special (U),2.5856345,1.4807316,-32.708958,-22.60543
U899,XXII Special (U),2.5755067,1.4921513,-32.7503,-22.57567
V01,XX External Causes,9.038988,-6.681545,-63.078583,46.43468
V010,XX External Causes,9.041308,-6.6830053,-63.583027,46.086212
V0100,XX External Causes,9.038826,-6.6818,-63.317593,46.030075
V011,XX External Causes,9.039403,-6.6830206,-63.49894,45.879456
V019,XX External Causes,9.045036,-6.6890054,-63.55004,46.224865
V020,XX External Causes,9.032555,-6.677733,-63.78237,46.054302
V021,XX External Causes,9.01937,-6.664567,-64.2219,45.973125
V029,XX External Causes,9.065736,-6.7110987,-63.992878,45.97873
V03,XX External Causes,9.038596,-6.684418,-64.448,46.674767
V030,XX External Causes,9.012506,-6.658599,-64.47587,46.74559
V0308,XX External Causes,9.034942,-6.6802607,-64.480835,46.680035
V031,XX External Causes,9.00596,-6.651754,-64.7212,46.643208
V0310,XX External Causes,9.032399,-6.6781,-64.5378,46.54954
V0319,XX External Causes,9.037306,-6.6826725,-64.28259,46.648422
V039,XX External Causes,9.036628,-6.682546,-64.50643,46.689266
V041,XX External Causes,9.050446,-6.696046,-64.49034,45.647274
V051,XX External Causes,9.0416,-6.6844487,-61.778984,45.43012
V059,XX External Causes,9.045511,-6.690417,-61.85016,45.42663
V060,XX External Causes,9.046487,-6.6908503,-62.464626,45.390884
V090,XX External Causes,9.0409355,-6.686172,-63.828213,46.659817
V091,XX External Causes,9.000664,-6.646215,-63.489384,46.450443
V092,XX External Causes,9.039107,-6.684205,-63.99558,46.787155
V093,XX External Causes,9.036367,-6.6814756,-63.96509,46.753387
V099,XX External Causes,9.037514,-6.6825824,-63.73917,46.695007
V100,XX External Causes,9.040285,-6.6850767,-63.286472,46.996223
V102,XX External Causes,9.0398655,-6.6839523,-63.81729,46.976562
V104,XX External Causes,9.012682,-6.657596,-63.769413,47.035343
V11,XX External Causes,9.05245,-6.699251,-64.134605,46.286446
V110,XX External Causes,9.049217,-6.6964703,-64.18044,46.224403
V112,XX External Causes,9.044329,-6.6898985,-64.26793,46.4411
V114,XX External Causes,9.044364,-6.690834,-64.04746,46.286724
V119,XX External Causes,9.0338335,-6.700982,-63.777344,46.282806
V124,XX External Causes,9.025992,-6.658061,-61.256233,45.559208
V129,XX External Causes,9.073477,-6.6736794,-61.394756,45.59789
V13,XX External Causes,9.055965,-6.7019143,-64.483154,46.3691
V130,XX External Causes,9.058524,-6.704539,-64.470436,46.359562
V132,XX External Causes,9.061306,-6.703541,-64.49138,46.354294
V1328,XX External Causes,9.063882,-6.7094817,-64.4939,46.357323
V134,XX External Causes,9.087202,-6.733212,-64.548744,46.383804
V135,XX External Causes,9.058428,-6.705268,-64.47232,46.36802
V139,XX External Causes,9.060389,-6.7062225,-64.67703,46.3148
V140,XX External Causes,9.046807,-6.690973,-62.418083,45.42746
V144,XX External Causes,9.0452585,-6.6903076,-62.469936,45.45677
V149,XX External Causes,9.029469,-6.674184,-62.664078,45.48328
V160,XX External Causes,9.007785,-6.6522655,-62.288162,45.279053
V17,XX External Causes,9.059226,-6.704132,-64.08236,45.664215
V170,XX External Causes,9.054089,-6.6995525,-64.11521,45.573044
V171,XX External Causes,9.101125,-6.7463145,-63.63599,45.7214
V172,XX External Causes,9.05993,-6.705255,-63.819633,45.645184
V174,XX External Causes,9.079641,-6.7253695,-64.306114,45.50277
V179,XX External Causes,2.5016634,-4.755489,-66.40194,22.233223
V18,XX External Causes,2.208203,-5.722936,-68.60668,30.401188
V180,XX External Causes,1.9297361,-5.845296,-70.18597,30.381153
V181,XX External Causes,2.2332816,-5.7386255,-68.716866,30.40628
V182,XX External Causes,2.170828,-5.685146,-69.426895,30.277802
V183,XX External Causes,2.1362681,-5.686495,-69.46504,30.168966
V184,XX External Causes,1.9859664,-5.8061533,-70.15519,30.297169
V1849,XX External Causes,2.1631682,-5.7034607,-69.32807,30.138731
V185,XX External Causes,2.1716247,-5.743814,-69.32884,30.147673
V189,XX External Causes,2.223676,-5.724296,-68.69601,30.812826
V190,XX External Causes,2.8232284,-4.8910155,-70.26502,18.835224
V192,XX External Causes,2.8065064,-4.9378,-70.7071,18.989605
V1929,XX External Causes,2.7860765,-4.9640484,-70.71208,18.993792
V193,XX External Causes,2.823159,-4.928033,-70.925476,18.3116
V194,XX External Causes,2.790522,-4.9826226,-70.772255,19.009892
V195,XX External Causes,2.7818184,-4.965018,-70.69626,18.941214
V196,XX External Causes,2.8731413,-4.8655334,-70.71348,17.958641
V1960,XX External Causes,2.7720015,-4.967443,-70.61292,18.786793
V198,XX External Causes,2.8506227,-4.954131,-70.83663,18.73397
V199,XX External Causes,2.830828,-4.970777,-70.55195,18.738731
V200,XX External Causes,4.115938,-4.5241256,-53.765594,21.15167
V204,XX External Causes,4.1390533,-4.5257497,-53.722874,21.122019
V220,XX External Causes,5.4003644,-3.1400583,-44.328896,4.9778147
V224,XX External Causes,5.396385,-3.129758,-44.27818,5.0072775
V229,XX External Causes,5.408439,-3.1608026,-44.215916,5.096317
V230,XX External Causes,2.5519297,-5.1379423,-71.925385,21.166098
V231,XX External Causes,2.4954846,-5.1525855,-71.91469,21.157951
V234,XX External Causes,2.4829686,-5.136126,-71.97347,21.225433
V235,XX External Causes,2.4988675,-5.14975,-71.86065,21.367954
V239,XX External Causes,2.5535204,-5.121438,-71.907135,21.091541
V244,XX External Causes,4.248229,-3.8049016,-49.757893,15.60586
V255,XX External Causes,4.323885,-3.958326,-56.34166,10.206776
V270,XX External Causes,4.1974087,-3.7427342,-52.62015,13.651161
V2709,XX External Causes,4.1576304,-3.7857547,-52.513046,13.662808
V274,XX External Causes,3.9785607,-3.906797,-52.900497,13.538627
V279,XX External Causes,4.2601666,-3.6605506,-52.48907,13.632469
V280,XX External Causes,2.2382436,-5.709405,-68.286934,30.557402
V281,XX External Causes,2.2320194,-5.6887527,-68.354416,30.307951
V282,XX External Causes,2.2379088,-5.6909933,-68.21029,30.37938
V283,XX External Causes,2.2209992,-5.698381,-68.39706,30.144009
V284,XX External Causes,2.1864424,-5.713686,-68.30034,30.218033
V285,XX External Causes,2.2374282,-5.693956,-68.46003,30.009829
V289,XX External Causes,2.214762,-5.704586,-68.2441,30.367653
V29,XX External Causes,3.4690757,-4.4287534,-64.05701,19.867863
V293,XX External Causes,3.44334,-4.4439,-64.11869,19.778696
V294,XX External Causes,3.5139987,-4.444908,-64.02593,19.854603
V2949,XX External Causes,3.4779136,-4.452264,-63.996143,19.90302
V296,XX External Causes,3.4882731,-4.4353976,-64.04741,19.86549
V2969,XX External Causes,3.478117,-4.424061,-64.05784,19.870865
V298,XX External Causes,3.4464731,-4.439125,-64.02757,19.948698
V299,XX External Causes,3.4722106,-4.474408,-63.987762,20.099344
V2999,XX External Causes,3.4822936,-4.43687,-64.05458,19.855213
V344,XX External Causes,6.659482,-1.9990544,-34.883118,7.5652356
V407,XX External Causes,5.561305,-2.8950608,-40.100616,7.308282
V409,XX External Causes,5.6827717,-2.7805672,-39.65313,7.3392925
V413,XX External Causes,4.204422,-4.060536,-56.651302,10.011175
V425,XX External Causes,4.8966427,-3.324684,-46.614525,12.111329
V426,XX External Causes,4.9174294,-3.3222632,-46.647835,12.103989
V43,XX External Causes,1.8760659,-4.836863,-67.73721,23.76103
V430,XX External Causes,1.8873159,-4.829858,-67.736435,23.759613
V431,XX External Causes,1.9038227,-4.8337545,-67.72547,23.780151
V433,XX External Causes,1.8869059,-4.786877,-67.73483,23.75853
V434,XX External Causes,1.8780124,-4.8380804,-67.73343,23.753115
V435,XX External Causes,1.867084,-4.834427,-67.74381,23.777702
V436,XX External Causes,1.8719829,-4.8301587,-67.735306,23.753746
V4369,XX External Causes,1.8688332,-4.830114,-67.73606,23.759245
V439,XX External Causes,1.8620169,-4.828779,-67.73241,23.681955
V440,XX External Causes,3.3693283,-5.1930428,-63.425026,24.9116
V445,XX External Causes,3.3290944,-5.32267,-63.402573,24.900242
V446,XX External Causes,3.2540195,-5.331444,-63.471825,24.920671
V455,XX External Causes,4.926706,-3.3188672,-48.252266,11.0084
V459,XX External Causes,4.850049,-3.3373437,-48.35184,11.31618
V465,XX External Causes,4.7365584,-3.4498208,-48.716118,11.062441
V470,XX External Causes,2.362233,-5.7643137,-66.41283,30.6717
V471,XX External Causes,2.41174,-5.7709494,-66.59624,30.58671
V472,XX External Causes,2.337477,-5.778596,-66.674126,30.640455
V474,XX External Causes,2.3273277,-5.7745476,-66.53622,30.56996
V475,XX External Causes,2.347129,-5.7685976,-66.39263,30.620853
V476,XX External Causes,2.3453298,-5.7521267,-66.72578,30.645838
V479,XX External Causes,2.348272,-5.743469,-66.59115,30.585306
V480,XX External Causes,2.3205845,-5.746637,-67.46184,28.763226
V481,XX External Causes,2.287925,-5.761252,-67.19233,28.881134
V482,XX External Causes,2.3304617,-5.7826567,-66.87438,28.915724
V484,XX External Causes,2.3044183,-5.795049,-67.245224,28.943256
V485,XX External Causes,2.2988193,-5.77872,-67.22935,29.017181
V486,XX External Causes,2.3366969,-5.8119097,-67.290855,28.915218
V487,XX External Causes,2.294507,-5.778974,-67.16095,28.951714
V489,XX External Causes,2.2819016,-5.7256174,-67.47896,28.707335
V490,XX External Causes,3.0449133,-4.627586,-67.20763,18.791569
V493,XX External Causes,3.028165,-4.636204,-67.40872,18.775673
V494,XX External Causes,2.9682763,-4.655922,-67.44389,18.983158
V4940,XX External Causes,2.9908836,-4.6423984,-67.31471,18.809988
V495,XX External Causes,3.038806,-4.642462,-66.9909,17.439243
V4959,XX External Causes,3.054767,-4.633342,-67.30694,18.679064
V496,XX External Causes,2.9977057,-4.655842,-67.15449,18.640762
V498,XX External Causes,2.9977405,-4.643366,-67.12319,17.858364
V4988,XX External Causes,3.0507977,-4.5923624,-66.780396,17.631962
V499,XX External Causes,3.0065947,-4.610945,-67.110085,18.514776
V535,XX External Causes,5.2932277,-3.150597,-44.927837,7.0607786
V536,XX External Causes,5.3212724,-3.1141732,-44.8626,6.9573407
V539,XX External Causes,5.279935,-3.1317558,-44.890915,6.9034934
V545,XX External Causes,4.8436723,-3.506783,-50.87327,8.696068
V582,XX External Causes,5.623076,-2.8339562,-40.883244,7.1004105
V584,XX External Causes,5.5160384,-2.9202342,-41.252686,7.111947
V585,XX External Causes,5.474997,-2.975295,-41.423088,7.1176586
V598,XX External Causes,4.5742664,-3.542246,-48.724163,16.682425
V599,XX External Causes,4.5285206,-3.5308874,-48.737675,16.733156
V635,XX External Causes,4.8763647,-3.4731178,-50.50068,8.667523
V644,XX External Causes,6.6973515,-1.9724054,-34.100075,7.5112057
V645,XX External Causes,6.7166862,-1.9589015,-34.096478,7.610186
V655,XX External Causes,5.765369,-2.7035885,-38.6421,6.5991898
V675,XX External Causes,4.807878,-4.3184547,-54.166027,2.7106068
V680,XX External Causes,5.1400094,-3.1959121,-46.083298,8.516939
V681,XX External Causes,5.1258454,-3.2000365,-46.05329,8.50134
V682,XX External Causes,5.1372256,-3.1975384,-46.06725,8.587419
V683,XX External Causes,5.1780562,-3.1384628,-46.07685,8.543807
V684,XX External Causes,5.078923,-3.224952,-45.99399,8.481198
V685,XX External Causes,5.0710545,-3.23377,-46.098663,8.552344
V686,XX External Causes,5.134732,-3.1693983,-46.014687,8.485438
V693,XX External Causes,4.5576434,-3.5284393,-48.76487,16.65486
V698,XX External Causes,4.4941697,-3.51775,-48.760216,16.645477
V699,XX External Causes,4.391421,-3.5235589,-48.783966,16.72336
V707,XX External Causes,6.100283,-2.4382064,-36.828423,7.071909
V736,XX External Causes,4.4723015,-3.919502,-54.008877,9.427926
V775,XX External Causes,5.2996593,-3.1205966,-44.402943,7.3775444
V781,XX External Causes,2.5430553,-3.4691932,-72.38749,2.6283033
V783,XX External Causes,2.531123,-3.4502807,-72.362785,2.5787766
V784,XX External Causes,2.542075,-3.399401,-72.35314,2.5750833
V786,XX External Causes,2.5396903,-3.5167742,-72.34827,2.610663
V789,XX External Causes,2.5391893,-3.4035306,-72.38502,2.5658045
V791,XX External Causes,3.124494,-4.4358144,-67.21983,14.042344
V793,XX External Causes,3.0956166,-4.4156895,-67.4116,14.055367
V795,XX External Causes,3.132876,-4.4450855,-67.21657,14.035375
V798,XX External Causes,3.0431824,-4.4528513,-67.33756,14.139655
V799,XX External Causes,3.1128435,-4.432391,-67.25735,14.10138
V80,XX External Causes,1.8959265,-5.1559706,-68.53038,25.084711
V800,XX External Causes,1.8884958,-5.182154,-68.64877,25.346573
V8011,XX External Causes,1.9085834,-5.1566577,-68.62755,25.256508
V809,XX External Causes,1.892571,-5.195094,-68.56216,25.114271
V81,XX External Causes,4.482726,-4.765874,-54.220165,23.037783
V812,XX External Causes,4.495831,-4.7865324,-54.163513,23.06231
V813,XX External Causes,4.5176964,-4.751529,-54.1112,22.959137
V814,XX External Causes,4.492623,-4.795191,-54.48726,23.272825
V815,XX External Causes,4.5553355,-4.70413,-54.160217,23.058876
V818,XX External Causes,4.5338545,-4.7777047,-54.165703,23.034893
V819,XX External Causes,4.4577465,-4.7823377,-54.213406,23.119898
V821,XX External Causes,4.9564176,-3.318086,-48.460335,9.557063
V824,XX External Causes,4.958457,-3.3308706,-48.496048,9.4763775
V825,XX External Causes,4.922693,-3.357356,-48.836655,9.538946
V826,XX External Causes,4.917235,-3.3496215,-48.70718,9.476008
V83,XX External Causes,5.3851695,-3.2090762,-44.384075,4.558328
V837,XX External Causes,5.404598,-3.173591,-44.364143,4.5121784
V8372,XX External Causes,5.394194,-3.18713,-44.404163,4.517285
V839,XX External Causes,5.371887,-3.2336016,-44.378254,4.5678325
V845,XX External Causes,5.360852,-3.0836856,-44.303318,6.911379
V846,XX External Causes,5.3537817,-3.0796566,-44.27489,7.079932
V849,XX External Causes,5.3537083,-3.083058,-44.245914,7.0789475
V85,XX External Causes,6.6576395,-2.0129733,-34.65013,7.1771913
V865,XX External Causes,5.065436,-4.0768113,-52.126553,3.7714534
V866,XX External Causes,5.0191135,-4.075872,-52.074722,3.9512303
V869,XX External Causes,5.103629,-4.038183,-52.01387,3.9562192
V870,XX External Causes,5.200644,-3.9630423,-50.654243,3.158873
V871,XX External Causes,5.23014,-3.9546885,-50.679794,3.1609912
V872,XX External Causes,5.2378807,-3.9535937,-50.631477,3.1508324
V873,XX External Causes,5.2197127,-3.9636526,-50.631897,3.1549351
V874,XX External Causes,5.2780695,-3.9285934,-50.65725,3.138955
V875,XX External Causes,5.2337966,-3.9609053,-50.637413,3.1623683
V876,XX External Causes,5.221645,-3.9724617,-50.652027,3.1605136
V877,XX External Causes,5.209615,-3.9930203,-50.64153,3.142532
V878,XX External Causes,5.2136345,-3.9755774,-50.65811,3.1465063
V879,XX External Causes,5.214358,-3.9866602,-50.6572,3.1480222
V888,XX External Causes,5.3676467,-3.0690074,-42.88694,7.570756
V889,XX External Causes,5.33581,-3.0903637,-42.895542,7.5606017
V890,XX External Causes,2.9994485,-4.6691213,-65.6867,19.158316
V891,XX External Causes,3.024206,-4.651057,-65.67853,19.150602
V892,XX External Causes,2.9904437,-4.661965,-65.68351,19.144764
V893,XX External Causes,3.028266,-4.671708,-65.69465,19.153692
V899,XX External Causes,2.9736588,-4.686255,-65.7711,19.145168
V919,XX External Causes,4.7798057,-3.6237679,-51.407642,8.835609
V9209,XX External Causes,5.3901963,-4.1749024,-51.534832,0.8459708
V922,XX External Causes,5.3321037,-4.186566,-51.466503,0.8482378
V923,XX External Causes,5.331231,-4.197121,-51.429188,0.86694753
V926,XX External Causes,5.352552,-4.1725774,-51.417942,0.88623554
V929,XX External Causes,5.2989745,-4.2306857,-51.43979,0.8660552
V93,XX External Causes,3.920975,-4.259051,-63.751102,12.68038
V930,XX External Causes,3.9081264,-4.262119,-63.75317,12.683031
V931,XX External Causes,3.9270062,-4.2727227,-63.68645,12.674484
V933,XX External Causes,3.864474,-4.280205,-63.80922,12.710004
V9339,XX External Causes,3.9668353,-4.2326226,-63.46946,12.469908
V934,XX External Causes,3.8472164,-4.300168,-63.864727,12.707729
V936,XX External Causes,3.9138873,-4.2533717,-63.749447,12.686628
V938,XX External Causes,3.8725767,-4.2825837,-63.808517,12.635425
V939,XX External Causes,3.9211183,-4.2200465,-63.65042,12.597155
V94,XX External Causes,4.487421,-3.2549598,-48.723255,13.609546
V940,XX External Causes,4.4653234,-3.2459953,-49.140316,13.863685
V943,XX External Causes,4.4585695,-3.2428756,-49.3167,14.05737
V944,XX External Causes,4.4816966,-3.2585473,-49.015526,13.759502
V945,XX External Causes,4.4659734,-3.2421753,-49.12352,13.862697
V946,XX External Causes,4.4708834,-3.2476976,-49.07472,13.804578
V947,XX External Causes,4.472511,-3.2428837,-49.355934,14.169371
V948,XX External Causes,4.45743,-3.2493143,-49.393017,14.220066
V9489,XX External Causes,4.4703393,-3.2929935,-49.09303,13.856835
V949,XX External Causes,4.4572563,-3.2203877,-49.21025,13.970515
V95,XX External Causes,6.987085,-1.71287,-33.518303,8.145498
V950,XX External Causes,7.0098996,-1.6991231,-33.40094,8.068894
V951,XX External Causes,6.955426,-1.7496327,-33.47754,8.075878
V959,XX External Causes,6.982021,-1.7259189,-33.51463,8.042623
V960,XX External Causes,5.360603,-3.0630674,-43.78026,8.263504
V961,XX External Causes,5.3875384,-3.041537,-43.628788,8.34419
V962,XX External Causes,5.3546042,-3.0679343,-43.825665,8.195039
V968,XX External Causes,5.3764524,-3.0567038,-43.68704,8.264415
V972,XX External Causes,4.967876,-4.403195,-54.173702,1.1374273
V9729,XX External Causes,4.9905457,-4.406404,-53.886253,1.2000256
V973,XX External Causes,4.9919405,-4.390633,-53.891273,1.2017697
V9739,XX External Causes,5.069716,-4.360825,-53.58325,1.0428338
V9789,XX External Causes,4.995,-4.403171,-53.8169,1.0471587
V98,XX External Causes,4.8648176,-3.398389,-49.380188,10.050882
V988,XX External Causes,4.885578,-3.4143064,-49.16285,9.550909
V99,XX External Causes,4.957727,-3.3768926,-49.581593,8.928337
W00,XX External Causes,1.7216306,-5.5649123,-73.99122,25.5528
W000,XX External Causes,1.7336481,-5.54045,-72.95905,26.027508
W002,XX External Causes,1.7714947,-5.5100064,-72.95803,26.053965
W003,XX External Causes,1.8283168,-5.7399635,-72.35195,27.628147
W004,XX External Causes,1.7007881,-5.47864,-73.0904,26.025768
W005,XX External Causes,1.7727264,-5.4753666,-72.98972,26.01111
W006,XX External Causes,1.7190118,-5.540845,-72.978676,26.004541
W008,XX External Causes,1.7101755,-5.593118,-73.37431,26.024847
W009,XX External Causes,1.6858007,-5.6270304,-73.155106,26.222076
W01,XX External Causes,1.5585446,-5.933582,-71.91228,31.657688
W010,XX External Causes,1.4697247,-6.039731,-73.012505,31.145317
W0103,XX External Causes,1.4742386,-6.0344677,-72.66287,30.691786
W0108,XX External Causes,1.4756114,-6.0318193,-72.64965,30.691668
W0109,XX External Causes,1.4476442,-6.0603256,-72.6609,30.695726
W011,XX External Causes,1.6172827,-5.95899,-74.26296,30.946642
W012,XX External Causes,1.4672809,-6.024788,-72.98491,30.875628
W0124,XX External Causes,1.4810184,-6.0327597,-72.66963,30.685465
W013,XX External Causes,1.4701135,-6.030627,-72.49554,30.806484
W0131,XX External Causes,1.4717573,-6.03272,-72.66239,30.683865
W014,XX External Causes,1.4897702,-6.014026,-72.885864,30.800303
W0148,XX External Causes,1.4749521,-6.033139,-72.6651,30.689615
W0149,XX External Causes,1.509573,-6.0050964,-72.67174,30.688137
W015,XX External Causes,1.4077806,-6.0026546,-72.57279,31.044275
W0153,XX External Causes,1.4771513,-6.0203667,-72.658646,30.685589
W016,XX External Causes,1.4686743,-6.0327234,-72.697296,30.73581
W017,XX External Causes,1.4607642,-6.035638,-72.54668,30.779375
W018,XX External Causes,1.4516977,-6.050464,-72.49528,31.017473
W019,XX External Causes,1.4062638,-6.0739655,-72.817444,31.120522
W023,XX External Causes,2.00126,-5.357175,-71.33529,24.102417
W024,XX External Causes,2.0105445,-5.399917,-71.27102,24.18618
W025,XX External Causes,2.0383532,-5.3496447,-71.26463,24.150137
W028,XX External Causes,2.0653014,-5.368004,-71.24303,24.07177
W029,XX External Causes,1.9589169,-5.3598404,-71.440636,24.40963
W03,XX External Causes,2.9738145,-4.659051,-67.16875,17.089544
W030,XX External Causes,2.6779623,-4.660438,-69.08747,20.02579
W031,XX External Causes,2.658607,-4.685253,-69.22253,20.098303
W032,XX External Causes,2.6233926,-4.706119,-69.54171,20.355549
W033,XX External Causes,2.6935325,-4.638378,-69.07886,20.243244
W0330,XX External Causes,2.5949767,-4.7168646,-69.41404,20.21349
W034,XX External Causes,2.6414113,-4.690911,-69.304245,20.246809
W035,XX External Causes,2.5512767,-4.772898,-69.54964,20.440374
W038,XX External Causes,2.5793607,-4.6686244,-69.360535,20.199432
W0389,XX External Causes,2.6243427,-4.71915,-69.42156,20.193241
W039,XX External Causes,2.5810444,-4.7744327,-69.61867,20.733791
W044,XX External Causes,4.5030246,-4.2002606,-56.009464,6.777546
W045,XX External Causes,4.492909,-4.1649747,-55.97129,6.8172293
W049,XX External Causes,4.5047626,-4.207772,-56.038166,6.8627443
W050,XX External Causes,3.36854,-4.2017174,-66.78054,10.748428
W051,XX External Causes,3.2984493,-4.2566934,-67.23936,10.971412
W052,XX External Causes,3.3392732,-4.175992,-66.81936,10.727737
W054,XX External Causes,3.408958,-4.2308598,-66.73497,10.774713
W055,XX External Causes,3.3475192,-4.155442,-66.73223,10.736494
W059,XX External Causes,3.263663,-4.253115,-67.39563,11.008579
W060,XX External Causes,1.664339,-5.8989887,-74.73749,29.465107
W061,XX External Causes,1.7543995,-5.9361086,-75.22156,30.6866
W062,XX External Causes,1.7457026,-5.878606,-75.09682,30.097834
W065,XX External Causes,1.6954681,-5.868569,-74.761314,29.66189
W069,XX External Causes,1.8186781,-5.9317822,-75.12426,30.827183
W07,XX External Causes,1.5732303,-5.8497324,-74.3189,29.199682
W070,XX External Causes,1.6756035,-5.846121,-74.5454,29.103424
W071,XX External Causes,1.7006953,-5.811827,-74.601105,28.93512
W072,XX External Causes,1.6695194,-5.831713,-74.47283,29.184107
W073,XX External Causes,1.6872253,-5.883719,-74.29007,29.235357
W075,XX External Causes,1.6869208,-5.8499827,-74.70518,29.511702
W078,XX External Causes,1.6922629,-5.8652935,-74.291756,29.188229
W079,XX External Causes,1.6828241,-5.8675227,-74.65076,28.952791
W080,XX External Causes,2.4348614,-5.741285,-65.003204,30.254557
W081,XX External Causes,2.4501317,-5.747468,-64.8741,30.18201
W082,XX External Causes,2.4207194,-5.762881,-64.852394,30.194416
W084,XX External Causes,2.456496,-5.733861,-64.918724,30.167063
W085,XX External Causes,2.4955769,-5.7189193,-64.91126,30.171642
W088,XX External Causes,2.4735088,-5.7193294,-64.889786,30.170734
W089,XX External Causes,2.4307692,-5.731718,-64.93753,30.175457
W090,XX External Causes,3.755584,-4.454444,-63.246002,16.98323
W097,XX External Causes,3.7347956,-4.465374,-63.25808,16.97263
W098,XX External Causes,3.7077858,-4.5027084,-63.327335,17.005007
W099,XX External Causes,3.7234735,-4.501189,-63.265984,17.053724
W10,XX External Causes,1.9428138,-5.2996254,-71.27707,26.144981
W100,XX External Causes,1.8552182,-5.298259,-71.74966,26.079138
W1003,XX External Causes,1.9054842,-5.2813015,-71.28305,26.120243
W101,XX External Causes,1.9379541,-5.3263607,-71.289314,26.170105
W102,XX External Causes,1.9035652,-5.242916,-69.97022,26.311954
W103,XX External Causes,1.9292268,-5.2826023,-71.09589,26.230007
W104,XX External Causes,1.9135684,-5.352109,-70.88181,27.010967
W105,XX External Causes,1.8972793,-5.2583437,-71.25844,26.273918
W1059,XX External Causes,1.9195929,-5.3047514,-71.28731,26.119043
W106,XX External Causes,1.9074775,-5.2906947,-71.27563,26.12085
W108,XX External Causes,1.9979496,-5.2203035,-71.298485,25.246393
W109,XX External Causes,1.8860517,-5.333946,-71.83066,25.86729
W1090,XX External Causes,1.8973209,-5.310629,-71.28698,26.119848
W11,XX External Causes,1.8626902,-5.2161355,-69.51219,26.79277
W110,XX External Causes,1.8211215,-5.241734,-70.46126,26.45519
W112,XX External Causes,1.8327863,-5.261702,-70.072784,26.80752
W114,XX External Causes,1.8562204,-5.255602,-70.19824,26.83224
W115,XX External Causes,1.8523568,-5.20286,-69.68623,26.893053
W116,XX External Causes,1.8721529,-5.203896,-69.128075,26.483528
W117,XX External Causes,1.864296,-5.2093153,-70.0705,26.7442
W118,XX External Causes,1.8609973,-5.236569,-69.77484,26.83592
W119,XX External Causes,1.8677851,-5.225725,-70.04386,26.74443
W1199,XX External Causes,1.8542608,-5.2138486,-69.87296,26.812504
W12,XX External Causes,4.087797,-4.140223,-57.87233,10.6937685
W120,XX External Causes,4.0858397,-4.1202636,-57.8626,10.807273
W122,XX External Causes,3.9202995,-4.187833,-58.036472,10.997452
W126,XX External Causes,3.9488597,-4.1783657,-58.229176,11.253326
W128,XX External Causes,4.0459223,-4.1249003,-58.00209,10.944991
W129,XX External Causes,4.009253,-4.1398587,-58.158375,10.841865
W1299,XX External Causes,4.0135646,-4.1827683,-57.930195,10.858682
W13,XX External Causes,2.9868119,-4.724595,-68.53397,18.67458
W130,XX External Causes,2.868078,-4.770439,-68.429985,18.698164
W132,XX External Causes,2.9415452,-4.7362676,-68.48148,18.714964
W133,XX External Causes,2.938876,-4.755478,-68.74249,18.794415
W134,XX External Causes,2.9385817,-4.7173376,-68.306114,18.654882
W135,XX External Causes,2.9271114,-4.7768073,-68.531494,18.866732
W136,XX External Causes,3.0827012,-4.713351,-68.12819,18.388514
W138,XX External Causes,2.9974174,-4.698219,-68.29382,18.169048
W139,XX External Causes,2.91054,-4.770018,-68.65949,18.991468
W14,XX External Causes,2.7433832,-5.610625,-63.02389,29.259125
W140,XX External Causes,2.690653,-5.5976586,-62.993904,29.283241
W148,XX External Causes,2.8151326,-5.519766,-63.03399,29.220932
W149,XX External Causes,2.6676838,-5.6390133,-63.23554,29.32728
W15,XX External Causes,4.920356,-4.476257,-55.14688,1.4736617
W153,XX External Causes,4.939138,-4.5258293,-55.202705,1.4319055
W158,XX External Causes,4.894605,-4.48941,-55.34602,1.7225223
W159,XX External Causes,4.950491,-4.450164,-55.021683,1.400172
W160,XX External Causes,4.4566836,-4.040702,-55.929554,8.879404
W163,XX External Causes,4.4437356,-4.0701404,-55.881355,8.77373
W168,XX External Causes,4.5207834,-4.041135,-55.803513,8.731198
W169,XX External Causes,4.5105734,-4.029788,-55.753567,8.713282
W17,XX External Causes,2.105178,-5.6776304,-68.91323,28.619638
W170,XX External Causes,2.0457547,-5.5276065,-69.6262,27.885017
W171,XX External Causes,2.1233463,-5.6851597,-68.8325,28.566334
W172,XX External Causes,2.1360583,-5.671205,-68.90325,28.648388
W173,XX External Causes,2.109587,-5.7023883,-68.929245,28.573822
W174,XX External Causes,2.0839033,-5.7039375,-68.99578,28.670115
W175,XX External Causes,2.1520507,-5.6903577,-68.86679,29.15053
W176,XX External Causes,2.0732467,-5.657289,-69.31729,28.4683
W177,XX External Causes,2.1056366,-5.6787567,-68.923775,28.617804
W178,XX External Causes,2.1114407,-5.6901226,-68.789185,28.780354
W1781,XX External Causes,2.1483126,-5.678321,-68.45615,28.300325
W1789,XX External Causes,2.090346,-5.715555,-69.27279,28.315315
W179,XX External Causes,1.8965274,-5.312025,-70.50408,26.864546
W1799,XX External Causes,2.140086,-5.7090573,-68.8793,28.623713
W18,XX External Causes,1.822234,-5.9139767,-71.90459,29.101028
W180,XX External Causes,1.6380157,-5.718798,-74.251724,28.692272
W1800,XX External Causes,1.8161093,-5.8957677,-72.426605,29.067013
W1809,XX External Causes,1.8092182,-5.8934875,-72.49329,29.092005
W181,XX External Causes,1.8437853,-5.8855805,-73.113754,29.156324
W182,XX External Causes,1.7772175,-5.889259,-75.35352,30.319048
W183,XX External Causes,1.8280993,-5.9141603,-71.20989,29.44058
W1830,XX External Causes,1.8557879,-5.8882213,-71.7691,29.079044
W184,XX External Causes,1.7900898,-5.8634853,-73.28214,28.84446
W1848,XX External Causes,1.8423026,-5.91169,-72.51082,29.086031
W1849,XX External Causes,1.9529008,-5.898648,-71.762215,28.417068
W185,XX External Causes,1.7846888,-5.872332,-72.74467,29.131376
W186,XX External Causes,1.8366995,-5.889577,-72.45638,29.094091
W187,XX External Causes,1.8184556,-5.8997474,-72.49637,29.08494
W188,XX External Causes,1.8147675,-5.9102693,-71.474884,29.476181
W189,XX External Causes,1.8342708,-5.8998504,-72.85813,29.138355
W1893,XX External Causes,1.8073189,-5.898762,-72.45913,29.096184
W1899,XX External Causes,1.823784,-5.878618,-72.46985,29.100042
W19,XX External Causes,1.691418,-5.6062922,-74.34976,25.410315
W190,XX External Causes,1.7073245,-5.564334,-74.668236,27.794342
W1908,XX External Causes,1.7210054,-5.5660553,-74.25522,27.073643
W1909,XX External Causes,1.7239547,-5.54246,-74.25931,27.077864
W191,XX External Causes,1.7483411,-5.9236655,-75.49036,29.350092
W192,XX External Causes,1.6685874,-5.8305187,-75.3534,28.74671
W193,XX External Causes,1.7897401,-5.6605015,-73.29522,27.289398
W194,XX External Causes,1.7119608,-5.802358,-73.52791,28.337152
W195,XX External Causes,1.7157031,-5.5960846,-74.15681,27.047956
W1959,XX External Causes,1.701171,-5.561793,-74.263466,27.080328
W196,XX External Causes,1.7056705,-5.5520635,-74.25708,27.064629
W197,XX External Causes,1.7126153,-5.5881014,-74.266594,27.050646
W198,XX External Causes,1.7216146,-5.5563974,-73.84497,27.120512
W199,XX External Causes,1.7194166,-5.5311766,-74.90168,26.550077
W200,XX External Causes,3.1237538,-4.3776426,-69.3259,13.756477
W202,XX External Causes,3.1589515,-4.440225,-69.37435,13.464226
W203,XX External Causes,3.149772,-4.385822,-69.36268,13.457792
W204,XX External Causes,3.143623,-4.3642087,-69.32655,13.508885
W205,XX External Causes,3.173098,-4.389825,-69.35807,13.489286
W2052,XX External Causes,3.173607,-4.3926363,-69.35621,13.468547
W206,XX External Causes,3.1373177,-4.351777,-69.42223,13.582057
W2062,XX External Causes,3.1044269,-4.3948555,-69.36242,13.461865
W207,XX External Causes,3.1263857,-4.387935,-69.304016,13.488986
W208,XX External Causes,3.0763261,-4.344743,-69.332054,13.915433
W209,XX External Causes,3.1428642,-4.397095,-69.39499,13.559889
W210,XX External Causes,3.2553396,-4.7861404,-71.24736,12.954638
W212,XX External Causes,3.2740808,-4.75816,-71.17404,12.961153
W213,XX External Causes,3.2030618,-4.776314,-71.42577,12.94166
W218,XX External Causes,3.230979,-4.7510953,-71.139084,12.9419155
W2189,XX External Causes,3.207652,-4.6543818,-71.014,12.871957
W219,XX External Causes,3.2228591,-4.7390347,-71.1178,12.894435
W22,XX External Causes,2.5504708,-5.1892385,-72.590195,19.323578
W220,XX External Causes,2.3969018,-5.260874,-73.37725,19.50102
W2209,XX External Causes,2.5674846,-5.1907997,-72.52376,19.359121
W221,XX External Causes,2.5265,-5.1394053,-72.68446,19.65908
W222,XX External Causes,2.5471392,-5.3266735,-74.38041,18.86402
W223,XX External Causes,2.5800123,-5.142141,-72.10573,18.781454
W224,XX External Causes,2.526735,-5.2807345,-73.071556,19.70286
W225,XX External Causes,2.556353,-5.1109395,-72.30569,19.591444
W226,XX External Causes,2.5449898,-5.308181,-73.53904,18.717226
W228,XX External Causes,2.5362418,-5.2945776,-73.6111,18.840319
W229,XX External Causes,2.527494,-5.107369,-72.500015,19.378368
W230,XX External Causes,3.5304227,-5.3458652,-77.51047,12.495284
W232,XX External Causes,3.535396,-5.3111315,-77.34391,12.775852
W233,XX External Causes,3.5040443,-5.390281,-77.514275,12.377981
W234,XX External Causes,3.5053887,-5.2691703,-77.33683,12.733921
W235,XX External Causes,3.5218754,-5.204263,-77.16093,12.593724
W2352,XX External Causes,3.5528321,-5.3011985,-77.473305,12.666371
W236,XX External Causes,3.527445,-5.3559623,-77.79063,12.489758
W237,XX External Causes,3.541156,-5.3510637,-77.630684,12.686353
W238,XX External Causes,3.5432832,-5.356379,-77.54916,12.503506
W239,XX External Causes,3.5030265,-5.294397,-77.15428,12.449686
W2399,XX External Causes,3.5413523,-5.35633,-77.56868,12.712465
W240,XX External Causes,3.7949271,-4.5903053,-54.40267,20.782337
W245,XX External Causes,3.8963127,-4.505377,-54.34324,20.786707
W246,XX External Causes,3.7557309,-4.6745095,-54.44483,20.772545
W248,XX External Causes,3.8680382,-4.512635,-54.32279,20.808489
W249,XX External Causes,3.828839,-4.678579,-54.367928,20.753206
W25,XX External Causes,3.4816165,-5.853435,-79.5737,16.19263
W250,XX External Causes,3.5064127,-5.861382,-79.07456,16.061148
W2503,XX External Causes,3.5186353,-5.844553,-79.15156,16.078255
W2509,XX External Causes,3.5177786,-5.8597836,-79.23831,16.121462
W252,XX External Causes,3.4668927,-5.866107,-79.663956,16.199467
W253,XX External Causes,3.5487037,-5.8114285,-79.12453,16.091198
W255,XX External Causes,3.5091872,-5.853486,-79.20585,16.096436
W2552,XX External Causes,3.525395,-5.8646345,-79.20411,16.100336
W256,XX External Causes,3.5093193,-5.8914685,-79.53872,16.243092
W258,XX External Causes,3.530596,-5.835739,-79.09396,16.17717
W259,XX External Causes,3.4971464,-5.89052,-79.326324,15.579476
W26,XX External Causes,3.5066059,-5.861736,-78.03365,15.812396
W260,XX External Causes,3.4967275,-5.8506274,-77.74685,15.272849
W2603,XX External Causes,3.5053868,-5.867992,-78.006546,15.793585
W2609,XX External Causes,3.5168605,-5.8633127,-78.0456,15.811276
W261,XX External Causes,3.4989157,-5.8836417,-78.35765,16.038944
W262,XX External Causes,3.5091991,-5.860389,-78.300964,15.878435
W265,XX External Causes,3.5227194,-5.862469,-77.83333,15.834943
W266,XX External Causes,3.508449,-5.866568,-78.10335,15.825305
W268,XX External Causes,3.517528,-5.881014,-78.05624,16.201359
W269,XX External Causes,3.5092506,-5.8515534,-78.20466,16.139612
W27,XX External Causes,3.4814055,-5.8648305,-78.35389,15.074838
W270,XX External Causes,3.459848,-6.0485106,-78.80058,14.166748
W2703,XX External Causes,3.4748201,-5.892752,-78.364296,15.053995
W2709,XX External Causes,3.471126,-5.9068556,-78.3931,15.103235
W272,XX External Causes,3.4791214,-5.921601,-78.37654,15.033773
W275,XX External Causes,3.4802191,-5.9238214,-78.42091,14.998537
W276,XX External Causes,3.4574244,-5.926811,-78.7628,14.761133
W278,XX External Causes,3.4777238,-5.922788,-78.57129,14.38515
W279,XX External Causes,3.477125,-5.900745,-77.85084,14.900151
W2799,XX External Causes,3.4455209,-5.9179063,-78.19505,15.136349
W28,XX External Causes,3.4370596,-4.7530875,-70.5962,10.766377
W280,XX External Causes,3.4212813,-4.740007,-70.59928,10.865917
W289,XX External Causes,3.4772582,-4.8491764,-70.65245,10.768859
W29,XX External Causes,3.526344,-5.097783,-76.108,14.386789
W290,XX External Causes,3.503833,-5.1215267,-76.20979,14.101446
W291,XX External Causes,3.515651,-5.132896,-76.12831,14.363662
W292,XX External Causes,3.512446,-5.105205,-76.11291,14.359352
W295,XX External Causes,3.5029929,-5.101462,-76.06675,14.359377
W296,XX External Causes,3.5200047,-5.1361604,-76.0564,14.386582
W297,XX External Causes,3.5128112,-5.1200705,-76.21347,14.383687
W298,XX External Causes,3.5129223,-5.106826,-76.02212,14.189706
W2982,XX External Causes,3.5387013,-5.0904655,-76.136925,14.355897
W299,XX External Causes,3.5304167,-5.193279,-76.5758,13.474733
W306,XX External Causes,4.203641,-3.967592,-55.68399,11.748321
W307,XX External Causes,4.271193,-3.9089887,-55.567806,11.774594
W308,XX External Causes,4.2487574,-3.930102,-55.618866,11.86411
W31,XX External Causes,3.515489,-6.3056326,-78.67686,12.845992
W310,XX External Causes,3.517544,-6.3074555,-78.78565,12.730109
W313,XX External Causes,3.516507,-6.3069997,-78.637276,12.795738
W315,XX External Causes,3.5167854,-6.289136,-78.397804,12.709497
W3152,XX External Causes,3.5169032,-6.3113093,-78.67791,12.816331
W316,XX External Causes,3.5180037,-6.3314085,-78.74656,12.716533
W3162,XX External Causes,3.523704,-6.291806,-78.70222,12.831737
W317,XX External Causes,3.5210853,-6.3044047,-78.68799,12.8418665
W318,XX External Causes,3.5162966,-6.309894,-78.66091,12.7835045
W3182,XX External Causes,3.5199077,-6.2981844,-78.667404,12.823556
W319,XX External Causes,3.5174708,-6.2984633,-78.523994,12.619847
W3192,XX External Causes,3.518079,-6.3032093,-78.67649,12.8339615
W329,XX External Causes,5.9227505,-2.5743291,-37.550007,7.1078796
W339,XX External Causes,4.9766555,-3.3233993,-48.898056,8.904568
W340,XX External Causes,5.078974,-4.2767463,-52.849476,1.8806015
W3400,XX External Causes,5.0717773,-4.278796,-52.630096,1.9617132
W3409,XX External Causes,5.0749326,-4.248787,-52.889164,1.8908606
W349,XX External Causes,5.072174,-4.291713,-52.930546,1.9204394
W350,XX External Causes,4.246216,-4.214274,-60.207268,9.7771
W360,XX External Causes,6.709955,-1.9510849,-34.269745,8.007329
W365,XX External Causes,6.689967,-1.9599031,-34.488945,8.039609
W366,XX External Causes,6.697846,-1.9945732,-34.568085,8.055356
W388,XX External Causes,5.7808857,-2.691085,-38.445347,6.5900326
W390,XX External Causes,4.7870517,-3.8375525,-52.780003,7.6049986
W399,XX External Causes,4.796367,-3.8867974,-52.86974,7.1639857
W400,XX External Causes,4.279809,-3.759629,-54.69605,14.014848
W409,XX External Causes,4.228856,-3.9252508,-54.851105,14.131264
W415,XX External Causes,5.7920456,-2.68271,-38.101093,6.9254227
W42,XX External Causes,6.674029,-1.9903469,-34.420547,7.5759068
W429,XX External Causes,6.676599,-1.9919552,-34.394016,7.6232834
W44,XX External Causes,3.9771028,-5.457392,-61.47858,23.921768
W440,XX External Causes,3.9669175,-5.4626164,-61.485214,23.93233
W442,XX External Causes,3.957615,-5.455255,-61.485313,23.92151
W445,XX External Causes,3.9687536,-5.4685793,-61.510803,23.91666
W448,XX External Causes,3.9653955,-5.4653625,-61.504196,23.915905
W449,XX External Causes,3.9727786,-5.467509,-61.497772,23.904907
W4499,XX External Causes,4.0010233,-5.454775,-61.48114,23.92497
W45,XX External Causes,3.1401615,-5.536689,-75.39972,17.591974
W450,XX External Causes,3.1137407,-5.558142,-75.494156,17.779293
W452,XX External Causes,3.161341,-5.5398626,-75.32887,17.557108
W454,XX External Causes,3.141555,-5.53704,-75.35114,17.54345
W455,XX External Causes,3.165504,-5.5260367,-75.37266,17.472254
W456,XX External Causes,3.1672647,-5.542316,-75.42421,17.57374
W457,XX External Causes,3.1497757,-5.5421824,-75.35322,17.545338
W458,XX External Causes,3.088791,-5.547014,-75.288956,17.715338
W459,XX External Causes,3.1344266,-5.548903,-75.37153,17.503801
W462,XX External Causes,4.034506,-4.1139116,-56.551662,11.649879
W469,XX External Causes,4.1238656,-4.1486387,-57.048897,11.137499
W490,XX External Causes,3.4378028,-5.3533254,-75.51111,16.36088
W492,XX External Causes,3.473556,-5.3210535,-75.572525,16.367912
W493,XX External Causes,3.420293,-5.382884,-75.5358,16.407526
W495,XX External Causes,3.447302,-5.37532,-75.5807,16.262981
W496,XX External Causes,3.4661257,-5.3900037,-75.58658,16.38094
W498,XX External Causes,3.466038,-5.3405547,-75.55637,16.402206
W499,XX External Causes,3.4483562,-5.428556,-75.73952,16.366808
W50,XX External Causes,3.2075784,-4.999632,-72.38013,13.394214
W500,XX External Causes,3.1953402,-5.0666037,-72.42335,13.599134
W502,XX External Causes,3.213441,-5.0376744,-72.251595,13.339632
W503,XX External Causes,3.205569,-5.0440483,-72.0801,13.345069
W5030,XX External Causes,3.1968017,-4.9955125,-72.21787,13.385098
W504,XX External Causes,3.2351482,-5.032623,-72.18793,13.37133
W505,XX External Causes,3.2133183,-5.066924,-72.215675,13.379363
W508,XX External Causes,3.2049296,-5.0486226,-72.28346,13.421412
W509,XX External Causes,3.226188,-5.0285406,-72.30377,13.368918
W51,XX External Causes,2.3643277,-5.5457897,-66.85659,26.858606
W510,XX External Causes,2.3873281,-5.578609,-67.03371,26.88987
W512,XX External Causes,2.4439166,-5.594993,-66.327515,27.090681
W513,XX External Causes,2.3308473,-5.5616956,-66.97395,27.034483
W5130,XX External Causes,2.3413796,-5.5506926,-66.983406,26.834574
W514,XX External Causes,2.3006845,-5.4236517,-67.10758,26.53903
W515,XX External Causes,2.3701718,-5.5247965,-67.003624,26.799314
W518,XX External Causes,2.3416746,-5.574282,-67.09413,27.261152
W519,XX External Causes,2.3246315,-5.5608897,-66.90952,26.904978
W523,XX External Causes,4.8480287,-3.869129,-52.879787,6.052348
W528,XX External Causes,4.8543315,-3.962452,-52.989555,6.095289
W53,XX External Causes,4.978015,-3.2724059,-48.580036,10.179518
W530,XX External Causes,4.9404902,-3.3162482,-48.651203,10.188243
W539,XX External Causes,4.9696093,-3.303632,-48.57361,10.133127
W54,XX External Causes,3.1539824,-5.573263,-77.585655,19.556684
W540,XX External Causes,3.1889677,-5.5624976,-77.08588,19.234356
W544,XX External Causes,3.1907368,-5.5729856,-77.18447,19.402401
W547,XX External Causes,3.197848,-5.5699444,-77.16288,19.348572
W548,XX External Causes,3.1867337,-5.5490003,-77.08802,19.081312
W5481,XX External Causes,3.1945152,-5.561396,-77.15551,19.282345
W5488,XX External Causes,3.2050364,-5.5648723,-77.163994,19.285826
W5489,XX External Causes,3.2047384,-5.566608,-77.15895,19.282389
W549,XX External Causes,3.1911063,-5.599381,-77.24376,19.323698
W5499,XX External Causes,3.2146733,-5.596434,-77.16905,19.341614
W55,XX External Causes,3.179811,-5.336249,-73.25249,15.04408
W550,XX External Causes,3.1845872,-5.313054,-73.09546,14.848324
W554,XX External Causes,3.21058,-5.3499193,-73.12776,14.871429
W555,XX External Causes,3.1905565,-5.3430047,-73.14415,14.899257
W557,XX External Causes,3.182743,-5.394098,-73.16546,14.953209
W558,XX External Causes,3.1403098,-5.3839507,-73.244835,15.038172
W559,XX External Causes,3.193057,-5.3288574,-73.181046,14.957967
W560,XX External Causes,5.3083715,-3.1085632,-43.99022,7.427563
W568,XX External Causes,5.3526278,-3.0814002,-43.942757,7.33521
W57,XX External Causes,6.213542,-5.8598332,-66.27636,5.697241
W570,XX External Causes,6.230532,-5.87382,-66.32034,5.6056733
W573,XX External Causes,6.2210784,-5.8650413,-66.30916,5.6683474
W574,XX External Causes,6.231027,-5.873574,-66.31377,5.6387124
W575,XX External Causes,6.2300053,-5.87348,-66.315384,5.6675763
W578,XX External Causes,6.2226796,-5.86562,-66.31563,5.637477
W579,XX External Causes,6.2316527,-5.8745017,-66.30136,5.6654162
W5799,XX External Causes,6.2316384,-5.8753505,-66.31076,5.666799
W581,XX External Causes,5.202758,-3.2490394,-45.86768,6.491105
W588,XX External Causes,5.231866,-3.2329152,-45.918465,6.5215826
W59,XX External Causes,4.97705,-3.4270082,-48.291767,8.349594
W590,XX External Causes,4.9489293,-3.3629966,-48.530144,8.338996
W599,XX External Causes,4.964221,-3.4298556,-48.601803,8.270296
W60,XX External Causes,3.5133095,-4.8421593,-68.48613,8.086251
W600,XX External Causes,3.451493,-4.5902157,-68.396736,7.992191
W609,XX External Causes,3.4992192,-4.803645,-68.48142,8.107639
W640,XX External Causes,3.8909798,-4.267687,-60.183903,11.445229
W642,XX External Causes,3.588657,-4.359108,-60.67098,12.26009
W644,XX External Causes,3.5952263,-4.3524895,-60.64149,12.273205
W647,XX External Causes,3.6150184,-4.4104424,-60.649807,12.254002
W648,XX External Causes,3.6768992,-4.300903,-60.435493,12.106449
W649,XX External Causes,3.7192543,-4.288109,-60.472843,12.155033
W698,XX External Causes,5.905626,-2.5895147,-37.55991,7.1403823
W748,XX External Causes,4.404741,-3.892229,-54.420372,10.253788
W749,XX External Causes,4.37445,-3.954369,-54.465267,10.225076
W760,XX External Causes,5.922324,-2.576861,-37.492683,6.9152856
W780,XX External Causes,2.7956266,-3.1275992,-69.58109,2.0712936
W781,XX External Causes,2.899809,-3.2576475,-69.75127,2.1518073
W782,XX External Causes,2.950812,-3.2947454,-69.56347,2.2556248
W789,XX External Causes,2.5736334,-3.16132,-71.767044,1.5377467
W79,XX External Causes,2.7089255,-3.6358852,-72.660095,5.3053083
W790,XX External Causes,2.7201073,-3.6430547,-72.57014,5.40537
W7904,XX External Causes,2.7000432,-3.620262,-72.66213,5.2965784
W791,XX External Causes,2.7124264,-3.6385348,-72.66052,5.320193
W792,XX External Causes,2.707535,-3.6192715,-72.615,5.2478395
W795,XX External Causes,2.7293465,-3.648611,-72.64462,5.3652806
W796,XX External Causes,2.6855514,-3.6056836,-72.715065,5.175105
W798,XX External Causes,2.707075,-3.6243324,-72.67091,5.2792764
W799,XX External Causes,2.732577,-3.6816347,-72.65,5.4876347
W80,XX External Causes,2.5453594,-2.9580615,-71.37201,0.10080417
W800,XX External Causes,2.615615,-2.9971976,-70.741974,1.0699623
W801,XX External Causes,2.497527,-3.0118356,-71.59609,0.13633622
W802,XX External Causes,2.4501982,-3.13934,-71.800064,0.37181172
W809,XX External Causes,2.475875,-2.860449,-69.94417,-2.326995
W830,XX External Causes,4.986709,-3.3191087,-49.00692,9.352989
W840,XX External Causes,3.6542683,-4.1501975,-65.84161,9.839085
W842,XX External Causes,3.561358,-4.265487,-66.063995,10.126846
W848,XX External Causes,3.7822766,-4.1981626,-65.76837,9.90212
W849,XX External Causes,3.8611505,-4.1764627,-65.250694,9.861661
W850,XX External Causes,6.686297,-1.9680152,-34.38307,7.823665
W856,XX External Causes,6.6781535,-1.9875487,-34.337692,7.769222
W86,XX External Causes,4.9402356,-4.3027716,-55.63025,3.122203
W860,XX External Causes,4.9345427,-4.2847004,-55.688072,3.2442398
W862,XX External Causes,4.8392854,-4.3218474,-55.698788,3.2342596
W866,XX External Causes,4.9307327,-4.2908297,-55.47825,3.1138694
W868,XX External Causes,4.9544234,-4.306871,-55.709362,3.1049051
W869,XX External Causes,4.878248,-4.315099,-55.595013,3.157457
W87,XX External Causes,4.4045916,-3.5107305,-50.787968,13.752349
W870,XX External Causes,4.3469353,-3.5207334,-51.25731,13.898672
W879,XX External Causes,4.4173827,-3.4904702,-50.794785,13.751492
W8799,XX External Causes,4.40948,-3.5109272,-50.72324,13.718334
W882,XX External Causes,5.4014535,-3.054374,-43.555954,6.3925614
W889,XX External Causes,5.4105635,-3.036699,-43.449482,6.376597
W902,XX External Causes,5.003647,-4.1641254,-52.365177,3.3665347
W909,XX External Causes,5.0573673,-4.1404796,-52.24556,3.3626096
W911,XX External Causes,5.011344,-3.2467527,-45.90835,11.273924
W912,XX External Causes,4.8032484,-3.3151994,-45.959297,11.515244
W919,XX External Causes,5.0450745,-3.2271686,-45.947464,11.272668
W92,XX External Causes,6.5960374,-2.063574,-35.575954,6.6732287
W929,XX External Causes,6.566229,-2.0871048,-35.82476,6.718007
W93,XX External Causes,4.3589277,-3.5335438,-50.775845,15.538612
W930,XX External Causes,4.389882,-3.5018673,-50.691586,15.63897
W938,XX External Causes,4.3775945,-3.5166426,-50.929306,15.6974325
W939,XX External Causes,4.3925314,-3.4656837,-50.740276,15.540846
W946,XX External Causes,5.106543,-4.145063,-50.4854,4.3202085
W948,XX External Causes,5.0981445,-4.1832304,-50.386517,4.463396
W949,XX External Causes,5.054818,-4.146981,-50.473526,4.349289
X000,XX External Causes,5.1090174,-4.3193164,-52.697117,0.9002068
X006,XX External Causes,5.2063274,-4.3606243,-52.37935,1.039367
X008,XX External Causes,5.15052,-4.315294,-52.350746,1.0400172
X020,XX External Causes,4.145486,-4.7071047,-58.99542,18.429056
X022,XX External Causes,4.1915817,-4.8787436,-58.812332,18.649849
X030,XX External Causes,4.152862,-4.1111794,-56.826427,10.935672
X035,XX External Causes,4.2823815,-4.1086564,-56.779335,10.738492
X040,XX External Causes,4.1212025,-4.372402,-58.21068,14.66587
X0408,XX External Causes,4.249079,-4.2622685,-58.04098,14.518566
X046,XX External Causes,4.259969,-4.293664,-58.03219,14.508664
X047,XX External Causes,4.1758866,-4.3293943,-58.09687,14.664929
X048,XX External Causes,4.181962,-4.2939663,-58.148857,14.6760435
X049,XX External Causes,4.0666933,-4.578061,-58.272427,14.87535
X0493,XX External Causes,4.2268925,-4.247534,-58.043583,14.533307
X060,XX External Causes,4.9648986,-3.367531,-49.547707,9.407232
X08,XX External Causes,5.402605,-4.127663,-50.725758,0.7646223
X080,XX External Causes,5.4729447,-4.1143336,-50.551743,0.822399
X084,XX External Causes,5.4655814,-4.1218867,-50.658295,0.6854529
X089,XX External Causes,5.4742503,-4.090908,-50.73236,0.7668552
X090,XX External Causes,4.749076,-3.338775,-48.810593,12.474818
X095,XX External Causes,4.643511,-3.3152292,-48.8451,12.6122875
X096,XX External Causes,4.751649,-3.3355362,-48.861134,12.565524
X098,XX External Causes,4.635737,-3.3571618,-49.096565,12.840309
X099,XX External Causes,4.5579543,-3.3790157,-49.193172,12.876601
X10,XX External Causes,4.282166,-4.864938,-58.520084,20.241846
X100,XX External Causes,4.2158527,-5.018797,-58.7941,20.424486
X102,XX External Causes,4.2841105,-5.0263004,-58.716614,20.301281
X109,XX External Causes,4.341875,-5.035533,-58.455605,20.481781
X110,XX External Causes,5.0150146,-3.997194,-50.339325,4.5149517
X119,XX External Causes,5.030926,-4.128175,-50.414204,4.371
X12,XX External Causes,4.2942605,-4.0152926,-55.68632,15.265909
X120,XX External Causes,4.296831,-3.997494,-55.691116,15.359984
X122,XX External Causes,4.2776484,-4.044322,-55.69383,15.327307
X126,XX External Causes,4.2794285,-4.0692816,-55.66556,15.38606
X129,XX External Causes,4.282689,-4.0625834,-55.687355,15.310075
X13,XX External Causes,5.4086466,-3.8203862,-47.790512,2.9071877
X130,XX External Causes,5.4135175,-3.7868807,-47.747585,2.9326422
X134,XX External Causes,5.418116,-3.7903888,-47.778294,2.933562
X136,XX External Causes,5.3942723,-3.7342896,-47.77409,2.9403102
X139,XX External Causes,5.411013,-3.7813747,-47.770607,2.9364564
X140,XX External Causes,5.0919843,-3.2765129,-50.09059,8.636839
X150,XX External Causes,4.530766,-4.0076895,-54.310932,7.866261
X1503,XX External Causes,4.694993,-3.983267,-53.887936,7.1853676
X159,XX External Causes,4.712571,-3.9677505,-53.8845,7.048551
X16,XX External Causes,4.7404304,-4.7278376,-52.929474,24.159197
X160,XX External Causes,4.728365,-4.751627,-52.924606,24.30785
X166,XX External Causes,4.718725,-4.734265,-52.939247,24.1677
X168,XX External Causes,4.732107,-4.6998963,-52.91769,24.161
X169,XX External Causes,4.757903,-4.725084,-52.82489,24.234373
X17,XX External Causes,4.985889,-3.301852,-47.31802,8.515883
X174,XX External Causes,4.99577,-3.2867246,-47.191116,8.542694
X176,XX External Causes,4.931245,-3.310397,-47.432755,8.601473
X179,XX External Causes,4.9594464,-3.3040526,-47.076786,8.566852
X186,XX External Causes,6.216806,-2.34802,-36.51402,7.238367
X190,XX External Causes,4.296933,-3.907432,-54.15285,15.500142
X192,XX External Causes,4.3364754,-3.9635637,-54.081432,15.413459
X196,XX External Causes,4.301616,-3.882841,-54.0465,15.4546175
X198,XX External Causes,4.352422,-3.8873498,-54.073303,15.4569645
X199,XX External Causes,4.3232994,-3.986306,-54.182766,15.556472
X208,XX External Causes,4.581307,-3.871122,-53.2472,8.577709
X209,XX External Causes,4.7233796,-3.8092716,-53.16952,8.4636345
X23,XX External Causes,3.8797793,-5.0353613,-60.413982,19.643734
X230,XX External Causes,3.9359372,-5.040653,-60.346928,19.709648
X233,XX External Causes,3.909871,-5.0421867,-60.395786,19.655304
X234,XX External Causes,3.887171,-5.0267997,-60.4071,19.658785
X238,XX External Causes,3.9093318,-5.021305,-60.383335,19.673687
X239,XX External Causes,3.8872705,-5.050995,-60.386242,19.69006
X25,XX External Causes,4.5680566,-4.1876783,-56.23133,4.1100173
X250,XX External Causes,4.545944,-4.1850514,-56.239223,4.096812
X259,XX External Causes,4.6272264,-4.152456,-56.392857,4.0842304
X26,XX External Causes,4.1935296,-3.84374,-54.544132,13.527627
X269,XX External Causes,4.2368093,-3.7527301,-54.513363,13.503279
X29,XX External Causes,6.680199,-1.9636538,-34.909924,8.209561
X290,XX External Causes,6.6630898,-1.9762195,-35.02427,8.252451
X291,XX External Causes,6.666811,-1.9729339,-35.017437,8.187383
X292,XX External Causes,6.6689672,-1.971083,-34.97049,8.182031
X299,XX External Causes,6.6935163,-1.9469086,-34.93121,8.143831
X300,XX External Causes,4.31245,-3.6425164,-51.770565,17.106806
X302,XX External Causes,4.3149014,-3.6851826,-51.881775,16.929098
X305,XX External Causes,4.3085394,-3.6120334,-51.835377,17.042683
X308,XX External Causes,4.332688,-3.6148057,-51.810287,17.203947
X309,XX External Causes,4.292951,-3.6302013,-51.83278,17.074097
X310,XX External Causes,5.0191464,-4.049745,-52.72525,4.7695026
X312,XX External Causes,4.9984293,-4.078213,-52.716427,4.410319
X314,XX External Causes,5.0705166,-4.1234784,-52.710636,4.3245344
X315,XX External Causes,4.9633427,-4.0620713,-52.7242,4.848682
X318,XX External Causes,5.0161057,-4.035156,-52.683403,4.9512215
X319,XX External Causes,4.979191,-4.0270925,-52.646637,4.6417017
X32,XX External Causes,3.888894,-4.235004,-59.236202,11.690286
X329,XX External Causes,4.1648564,-4.11043,-57.230797,9.769688
X330,XX External Causes,6.946235,-1.7612276,-33.56774,7.7482643
X338,XX External Causes,6.942691,-1.7639958,-33.656967,7.7022467
X339,XX External Causes,6.955948,-1.7512326,-33.559532,7.7654505
X378,XX External Causes,5.817924,-2.6562607,-38.544823,7.0916257
X39,XX External Causes,5.0196714,-4.080278,-52.620354,4.3505516
X394,XX External Causes,5.047091,-4.135265,-52.717747,4.4128633
X398,XX External Causes,5.059975,-4.1460304,-52.70864,4.035779
X399,XX External Causes,5.026769,-4.0543857,-52.694218,4.4828587
X40,XX External Causes,4.483224,-5.7379475,-60.061565,29.81956
X400,XX External Causes,4.483007,-5.7549605,-60.120926,30.119991
X402,XX External Causes,4.499271,-5.746917,-60.091026,29.986233
X408,XX External Causes,4.4676595,-5.7781124,-60.112167,30.000854
X409,XX External Causes,4.487508,-5.7202487,-59.956,30.067955
X4099,XX External Causes,4.490312,-5.75031,-60.119896,30.018473
X41,XX External Causes,4.5963078,-5.3456655,-57.03401,25.884308
X410,XX External Causes,4.5959716,-5.384459,-57.42825,26.45982
X4108,XX External Causes,4.634213,-5.28325,-57.009365,25.831343
X411,XX External Causes,4.6150093,-5.317879,-57.055916,25.848053
X412,XX External Causes,4.623693,-5.27313,-57.0257,25.864647
X418,XX External Causes,4.5747495,-5.3208833,-57.187534,25.28477
X419,XX External Causes,4.616872,-5.3841853,-57.342762,26.26785
X42,XX External Causes,2.4744408,-4.683502,-66.969215,21.949636
X420,XX External Causes,2.4957044,-4.734649,-66.91345,21.875143
X4208,XX External Causes,2.4804237,-4.7279024,-66.96688,21.955217
X421,XX External Causes,2.4329484,-4.650216,-66.967186,21.944962
X422,XX External Causes,3.3246486,-4.398607,-65.85945,16.128223
X429,XX External Causes,2.5388637,-4.5414968,-65.943726,16.21251
X4291,XX External Causes,2.4599068,-4.7155795,-66.964005,21.95583
X43,XX External Causes,3.316167,-4.301227,-67.98629,11.402822
X430,XX External Causes,3.277059,-4.264158,-68.171524,11.457883
X432,XX External Causes,3.2902937,-4.298207,-68.25185,11.663021
X438,XX External Causes,3.303517,-4.3034167,-68.10893,11.540035
X439,XX External Causes,3.3506732,-4.2786474,-68.07603,11.360999
X4399,XX External Causes,3.3457174,-4.2670655,-68.01081,11.425629
X44,XX External Causes,4.351178,-5.032533,-57.54165,18.842138
X440,XX External Causes,4.3402667,-4.992691,-57.68454,18.802906
X4408,XX External Causes,4.3588758,-5.0107236,-57.65489,18.838276
X4409,XX External Causes,4.371734,-5.022451,-57.657814,18.83333
X442,XX External Causes,4.3647623,-5.0025826,-57.580116,18.78541
X448,XX External Causes,4.3335795,-4.98067,-57.651382,18.830074
X449,XX External Causes,4.3559203,-5.0081797,-57.557083,18.798988
X4499,XX External Causes,4.368387,-5.025765,-57.65291,18.835533
X45,XX External Causes,4.601804,-5.3525486,-57.601105,26.00151
X450,XX External Causes,4.6134286,-5.414571,-57.71384,26.374033
X458,XX External Causes,4.6144977,-5.396641,-57.73408,26.084148
X459,XX External Causes,4.604291,-5.4252696,-57.804295,26.042398
X460,XX External Causes,4.2873845,-4.1072946,-55.00118,10.033519
X469,XX External Causes,3.9404104,-4.2383437,-58.434387,11.957052
X47,XX External Causes,4.743394,-4.3000994,-58.60262,1.9184439
X470,XX External Causes,4.7427893,-4.2923465,-58.649582,1.9231633
X475,XX External Causes,4.7041802,-4.338522,-58.607216,1.9238597
X478,XX External Causes,4.7516174,-4.30092,-58.58874,1.9268413
X479,XX External Causes,4.745788,-4.299542,-58.60159,1.9191288
X48,XX External Causes,4.807842,-3.9607215,-53.55115,6.503363
X480,XX External Causes,4.762697,-3.933162,-53.552273,6.5099883
X489,XX External Causes,4.744243,-3.9248962,-53.624756,6.531953
X49,XX External Causes,5.0630503,-5.4902077,-57.376675,22.825724
X490,XX External Causes,5.049513,-5.4971232,-57.55609,22.736528
X491,XX External Causes,5.0566573,-5.4980326,-57.4077,22.829424
X492,XX External Causes,5.0470934,-5.48947,-57.393017,22.800564
X494,XX External Causes,5.072354,-5.4980154,-57.4061,22.866426
X495,XX External Causes,5.0621324,-5.501259,-57.403866,22.825397
X496,XX External Causes,5.0647182,-5.4983683,-57.40633,22.851545
X498,XX External Causes,5.07905,-5.5134706,-57.39407,22.820644
X499,XX External Causes,5.0673447,-5.500212,-57.424995,22.655874
X50,XX External Causes,1.1563045,-4.5095882,-73.95245,22.182253
X500,XX External Causes,1.1539521,-4.511463,-73.94539,22.191425
X5009,XX External Causes,1.1526589,-4.5117397,-73.95631,22.192038
X501,XX External Causes,1.1663888,-4.5017576,-73.90912,22.158875
X502,XX External Causes,1.1516396,-4.511491,-73.99177,22.147997
X503,XX External Causes,1.1503987,-4.5125523,-73.96323,22.25119
X5030,XX External Causes,1.1612521,-4.5143113,-73.95862,22.197056
X504,XX External Causes,1.151403,-4.513309,-73.89182,22.14574
X505,XX External Causes,1.1508003,-4.5060606,-73.92748,22.15525
X506,XX External Causes,1.1099553,-4.4750233,-74.12835,22.320086
X507,XX External Causes,1.1512055,-4.5065746,-73.98604,22.193386
X508,XX External Causes,1.1486597,-4.508844,-73.948105,22.209133
X509,XX External Causes,1.2439528,-4.546436,-73.75055,22.02489
X510,XX External Causes,2.5563693,-2.9847648,-69.886765,0.293043
X512,XX External Causes,2.5866222,-2.9810526,-69.89916,0.30712742
X514,XX External Causes,2.5854468,-2.96279,-69.890144,0.29838565
X515,XX External Causes,2.5908215,-2.9623964,-69.89112,0.32263216
X518,XX External Causes,2.5357673,-2.9585402,-70.12555,0.2723026
X519,XX External Causes,2.5894961,-2.9699235,-69.889565,0.5439816
X522,XX External Causes,5.773888,-2.6969202,-38.49088,6.4985776
X53,XX External Causes,5.716805,-2.7534478,-38.85983,7.657269
X530,XX External Causes,5.7373023,-2.7348244,-39.005657,7.6101556
X539,XX External Causes,5.6692023,-2.7941256,-39.4164,7.544706
X58,XX External Causes,3.6190407,-4.9303274,-69.46388,16.6828
X580,XX External Causes,3.6511228,-4.965648,-69.72898,17.192139
X581,XX External Causes,3.615918,-4.923068,-69.494896,17.127985
X582,XX External Causes,3.6726434,-4.8906636,-69.5647,17.139498
X583,XX External Causes,3.5635853,-4.907123,-69.482574,17.058199
X585,XX External Causes,3.6128042,-4.891832,-69.52954,17.029583
X587,XX External Causes,3.596307,-4.9139366,-69.534035,17.011024
X588,XX External Causes,3.6401129,-4.9369316,-69.52584,17.018316
X589,XX External Causes,3.6436384,-4.958576,-69.607475,16.954603
X59,XX External Causes,2.5612533,-5.0746083,-71.2929,19.567595
X590,XX External Causes,2.505958,-5.0942287,-71.436615,20.075518
X591,XX External Causes,2.556948,-5.0771685,-71.4408,19.290237
X592,XX External Causes,2.5354612,-5.116326,-71.97152,19.521887
X593,XX External Causes,2.6347241,-5.077545,-71.67687,18.80618
X594,XX External Causes,2.5433464,-5.070719,-71.222786,19.535326
X595,XX External Causes,2.5833194,-5.1325755,-71.79357,18.961796
X596,XX External Causes,2.520423,-5.1292977,-71.71,19.557789
X597,XX External Causes,2.5418415,-5.080139,-71.31186,19.57231
X598,XX External Causes,2.5199332,-5.0899844,-71.17395,19.796566
X5988,XX External Causes,2.5175512,-5.0924582,-71.288925,19.582647
X599,XX External Causes,2.4886792,-5.104927,-70.947876,20.192856
X60,XX External Causes,4.5114903,-5.7759385,-59.778793,29.080957
X600,XX External Causes,4.557651,-5.70567,-59.15222,28.89356
X6008,XX External Causes,4.5211554,-5.76916,-59.724255,28.994678
X601,XX External Causes,4.5227685,-5.767005,-59.67408,28.966461
X602,XX External Causes,4.5319047,-5.7634044,-59.705105,29.016068
X604,XX External Causes,4.506137,-5.7783093,-59.733315,28.99946
X605,XX External Causes,4.51111,-5.780746,-59.739033,28.998333
X608,XX External Causes,4.5117464,-5.785053,-59.772087,29.04262
X609,XX External Causes,4.5220966,-5.769997,-59.486786,29.05286
X61,XX External Causes,4.880489,-5.6649566,-56.991478,28.955822
X610,XX External Causes,4.7272234,-5.622367,-57.386375,28.604454
X6108,XX External Causes,4.873931,-5.6495323,-57.144745,28.828876
X6109,XX External Causes,4.876377,-5.662527,-57.146595,28.832273
X612,XX External Causes,4.8793564,-5.663099,-57.141693,28.818943
X614,XX External Causes,4.884751,-5.6568265,-57.04964,28.979464
X615,XX External Causes,4.8853464,-5.648861,-57.1222,28.85275
X617,XX External Causes,4.83731,-5.6693106,-57.1492,28.82336
X618,XX External Causes,4.885611,-5.674792,-57.182354,28.82602
X619,XX External Causes,4.840316,-5.657167,-57.204517,28.791492
X6198,XX External Causes,4.8868866,-5.6761293,-57.1524,28.824957
X62,XX External Causes,4.6082444,-5.464935,-57.85674,27.164001
X620,XX External Causes,4.6107693,-5.4882464,-57.751385,27.296396
X622,XX External Causes,4.5841956,-5.4712467,-57.84093,27.155987
X628,XX External Causes,4.6051464,-5.470216,-57.857777,27.159359
X629,XX External Causes,4.5892987,-5.510837,-57.80021,27.33284
X630,XX External Causes,4.7644467,-4.26051,-58.121746,5.4419713
X635,XX External Causes,4.753126,-4.356891,-58.25095,5.3589444
X639,XX External Causes,4.7482758,-4.439021,-58.26558,5.4079676
X64,XX External Causes,4.667727,-5.578279,-59.54873,27.405499
X640,XX External Causes,4.682656,-5.588876,-59.30726,27.467085
X642,XX External Causes,4.682552,-5.5986547,-59.335735,27.567707
X645,XX External Causes,4.671441,-5.6158986,-59.382908,27.579638
X648,XX External Causes,4.783402,-5.576148,-59.386093,27.575607
X649,XX External Causes,4.6751304,-5.651557,-59.459023,27.572117
X650,XX External Causes,4.6760902,-5.5673714,-57.791996,27.899776
X655,XX External Causes,4.66475,-5.5816817,-58.167515,28.178995
X658,XX External Causes,4.6680474,-5.5822816,-58.17762,28.180414
X659,XX External Causes,4.668102,-5.602071,-57.977325,28.126143
X6598,XX External Causes,4.6772385,-5.57593,-58.145187,28.156576
X67,XX External Causes,5.0665245,-4.2919116,-53.56861,2.8507724
X670,XX External Causes,5.0567923,-4.2787776,-53.752224,2.820475
X678,XX External Causes,5.0926313,-4.2809005,-53.569332,2.8539662
X679,XX External Causes,5.0593805,-4.2928543,-53.685856,2.7325747
X680,XX External Causes,5.39853,-3.0811117,-43.9925,5.5751705
X689,XX External Causes,5.40019,-3.1050146,-44.06883,5.5011287
X69,XX External Causes,4.1592402,-4.1457705,-57.634583,10.162744
X690,XX External Causes,3.8395872,-4.2517858,-59.82658,11.982676
X699,XX External Causes,4.2022796,-4.117898,-57.580418,9.994012
X70,XX External Causes,5.542989,-4.1577377,-51.039597,-0.22653697
X700,XX External Causes,5.496818,-4.17014,-51.340683,-0.33586276
X702,XX External Causes,5.574391,-4.1588225,-51.31609,-0.25806296
X705,XX External Causes,5.541812,-4.166036,-51.059288,-0.23231219
X708,XX External Causes,5.516879,-4.176004,-51.341442,-0.44958258
X709,XX External Causes,5.540915,-4.1720767,-51.30025,-0.42136052
X71,XX External Causes,5.320971,-4.1504774,-50.79644,1.4500848
X715,XX External Causes,5.3217134,-4.1483183,-50.814938,1.306036
X718,XX External Causes,5.325208,-4.1355233,-50.78342,1.4170729
X719,XX External Causes,5.363661,-4.1465216,-50.77455,1.4602371
X720,XX External Causes,4.9680157,-4.356469,-54.965527,2.082323
X721,XX External Causes,5.0152283,-4.3416524,-54.585457,2.3316536
X739,XX External Causes,5.7887483,-2.6857574,-38.523518,7.10361
X760,XX External Causes,5.350024,-3.1095386,-43.783966,6.3821983
X7609,XX External Causes,5.3688526,-3.0798752,-43.950096,6.433759
X770,XX External Causes,6.6304736,-2.0382614,-34.845573,6.588402
X773,XX External Causes,6.604254,-2.0574224,-34.769794,6.5775695
X779,XX External Causes,6.6217165,-2.0567818,-34.814693,6.5294294
X78,XX External Causes,4.772905,-5.1451516,-54.27906,26.478945
X780,XX External Causes,4.7645226,-5.133391,-54.277878,26.466614
X781,XX External Causes,4.7535386,-5.0936213,-54.235313,26.40213
X782,XX External Causes,4.753941,-5.1229444,-54.341965,26.394175
X788,XX External Causes,4.7861238,-5.0289135,-54.069202,26.332253
X789,XX External Causes,4.7510257,-5.11999,-54.294735,26.39735
X7899,XX External Causes,4.7617283,-5.127074,-54.226887,26.368912
X790,XX External Causes,6.613813,-2.0074396,-35.426502,8.197822
X792,XX External Causes,6.6404395,-1.9862871,-35.309433,8.210879
X80,XX External Causes,4.7704196,-4.6647973,-51.997746,23.789251
X800,XX External Causes,4.7611837,-4.6241393,-52.0157,23.7416
X806,XX External Causes,4.7371564,-4.724133,-51.98719,23.7654
X809,XX External Causes,4.761855,-4.6870766,-51.996754,23.79366
X814,XX External Causes,5.8791604,-2.61293,-37.46388,7.3901153
X818,XX External Causes,5.961197,-2.5475698,-37.257187,7.352273
X824,XX External Causes,5.784397,-2.6918097,-38.26503,7.0040994
X83,XX External Causes,6.847391,-1.9330658,-32.258812,5.9973574
X830,XX External Causes,6.870635,-1.9163605,-32.264244,5.9987125
X832,XX External Causes,6.8650594,-1.9177258,-32.244667,5.987458
X838,XX External Causes,6.8844843,-1.9029268,-32.22732,5.9606285
X839,XX External Causes,6.8199983,-1.9514576,-32.2507,5.9854355
X84,XX External Causes,4.6936584,-5.279994,-57.943184,24.66911
X840,XX External Causes,4.7009997,-5.308727,-57.946827,24.587269
X849,XX External Causes,4.666327,-5.35041,-57.961258,24.64661
X85,XX External Causes,4.7208924,-5.112831,-55.324417,25.1968
X850,XX External Causes,4.6992207,-5.128989,-55.219776,25.048157
X851,XX External Causes,4.6983237,-5.17583,-55.377445,25.15019
X853,XX External Causes,4.7152205,-5.112018,-55.2811,25.024097
X855,XX External Causes,4.698344,-5.1442847,-55.30966,25.028383
X864,XX External Causes,6.4734535,-2.155503,-36.18126,6.9164796
X871,XX External Causes,4.996497,-3.4774647,-48.170193,8.058151
X873,XX External Causes,4.9954953,-3.3822267,-47.84714,8.091737
X874,XX External Causes,5.0167193,-3.4415874,-47.757175,7.943575
X880,XX External Causes,6.621323,-2.001013,-35.590252,8.38862
X886,XX External Causes,6.5592203,-2.0533202,-35.51582,8.379322
X888,XX External Causes,6.606239,-2.0110528,-35.81137,8.426705
X900,XX External Causes,5.5960345,-2.8490894,-40.27371,7.4308023
X904,XX External Causes,5.6145897,-2.8342094,-40.006413,7.4165273
X918,XX External Causes,5.634966,-2.8166304,-39.936314,7.5389657
X919,XX External Causes,5.538997,-2.9092324,-40.430023,7.6187816
X922,XX External Causes,5.737371,-2.7360206,-38.820526,7.3523617
X926,XX External Causes,5.728576,-2.743704,-38.687984,7.3777614
X930,XX External Causes,6.964381,-1.7364494,-33.393097,7.716635
X932,XX External Causes,6.9561234,-1.7493751,-33.378773,7.6803465
X939,XX External Causes,6.9632473,-1.7452475,-33.382244,7.68542
X94,XX External Causes,5.158893,-3.2823946,-47.001717,7.3859806
X949,XX External Causes,5.3085923,-3.038853,-40.83425,8.241435
X961,XX External Causes,4.583858,-3.8570912,-54.519268,9.812752
X99,XX External Causes,4.3422723,-3.5243146,-50.41971,14.9958315
X990,XX External Causes,4.3174467,-3.5246708,-50.422478,14.996505
X992,XX External Causes,4.367922,-3.470232,-50.30052,14.905127
X994,XX External Causes,4.354673,-3.4998527,-50.36359,14.929683
X995,XX External Causes,4.337835,-3.5094512,-50.2085,14.906352
X996,XX External Causes,4.3181634,-3.4955935,-50.38118,14.977432
X998,XX External Causes,4.328351,-3.514407,-50.32231,15.011652
X999,XX External Causes,4.33646,-3.5176756,-50.418518,14.977759
Y00,XX External Causes,3.7240362,-4.407805,-62.708336,15.308386
Y000,XX External Causes,3.7147682,-4.414808,-62.640884,15.356101
Y0021,XX External Causes,3.7054818,-4.4191656,-62.637344,15.338063
Y004,XX External Causes,3.7067544,-4.427567,-62.650105,15.335155
Y005,XX External Causes,3.7211626,-4.4089646,-62.63845,15.3342495
Y008,XX External Causes,3.76378,-4.4114275,-62.648773,15.35633
Y009,XX External Causes,3.7204535,-4.414767,-62.623955,15.327785
Y024,XX External Causes,5.9033837,-2.592171,-37.451992,7.0969973
Y034,XX External Causes,6.576491,-2.0762355,-35.620663,6.9557104
Y04,XX External Causes,2.7155602,-6.2196417,-77.10367,24.307798
Y040,XX External Causes,2.7070322,-6.210918,-77.127174,24.237959
Y041,XX External Causes,2.7066994,-6.198944,-77.03499,24.304283
Y042,XX External Causes,2.7101295,-6.202063,-77.0492,24.297976
Y043,XX External Causes,2.6978211,-6.2060304,-77.0261,24.313536
Y044,XX External Causes,2.6810508,-6.163796,-76.974045,24.391512
Y0449,XX External Causes,2.7102344,-6.1887536,-77.02878,24.317335
Y045,XX External Causes,2.693079,-6.18852,-76.99761,24.299047
Y048,XX External Causes,2.6984584,-6.2169023,-77.05798,24.316378
Y049,XX External Causes,2.6886911,-6.1941457,-77.07325,24.294556
Y05,XX External Causes,6.979762,-1.7276202,-33.217735,7.942712
Y050,XX External Causes,6.9867225,-1.723195,-33.146263,7.9460235
Y055,XX External Causes,6.9721165,-1.7231987,-33.14831,7.9672422
Y059,XX External Causes,6.9770174,-1.7263421,-33.18722,7.9433727
Y07,XX External Causes,5.8047104,-4.067926,-50.027386,-0.40425995
Y070,XX External Causes,5.791372,-4.065936,-50.10218,-0.42274314
Y071,XX External Causes,5.800973,-4.069717,-50.05719,-0.3942445
Y072,XX External Causes,5.7914596,-4.0699043,-50.031586,-0.40156126
Y078,XX External Causes,5.8018737,-4.0711746,-50.12122,-0.38150808
Y079,XX External Causes,5.7981973,-4.0703664,-50.044994,-0.3974842
Y080,XX External Causes,5.7856236,-4.0765877,-50.247757,-0.34472203
Y084,XX External Causes,5.7618136,-4.0832977,-50.202,-0.3348747
Y088,XX External Causes,5.7644396,-4.0843225,-50.190933,-0.32426426
Y089,XX External Causes,5.8016253,-4.0740304,-50.1871,-0.31181064
Y09,XX External Causes,4.7101045,-5.1654453,-55.33459,25.540071
Y090,XX External Causes,4.7146916,-5.1580977,-55.498215,25.640339
Y094,XX External Causes,4.708315,-5.1701345,-55.492172,25.633327
Y095,XX External Causes,4.7264414,-5.131918,-55.47928,25.554846
Y098,XX External Causes,4.709487,-5.1676135,-55.46308,25.67294
Y099,XX External Causes,4.7211666,-5.154431,-55.417732,25.567513
Y10,XX External Causes,6.623629,-2.041866,-35.084064,7.117729
Y100,XX External Causes,6.646125,-2.0267284,-34.815258,6.940195
Y109,XX External Causes,6.532716,-2.1192734,-35.032352,7.054876
Y110,XX External Causes,4.3180327,-3.6878412,-51.00686,17.809084
Y118,XX External Causes,4.3106866,-3.6248462,-51.14906,17.897486
Y119,XX External Causes,4.313676,-3.5867476,-51.100456,17.914497
Y120,XX External Causes,5.8015556,-2.6758842,-38.23352,6.8192263
Y131,XX External Causes,5.798574,-2.675996,-38.37618,6.999283
Y140,XX External Causes,5.1017966,-4.0946326,-53.87951,4.23787
Y142,XX External Causes,5.042926,-4.2204504,-53.956226,4.006416
Y149,XX External Causes,5.029912,-4.145271,-53.921097,4.1868367
Y150,XX External Causes,4.555573,-3.4492192,-50.31816,12.986778
Y158,XX External Causes,4.348135,-3.5328586,-50.490547,13.16719
Y190,XX External Causes,4.762043,-3.5457785,-50.678436,9.342334
Y200,XX External Causes,4.584917,-3.4185472,-49.77536,12.922555
Y201,XX External Causes,4.5054607,-3.4682894,-49.88564,13.087519
Y218,XX External Causes,4.966843,-3.2975972,-48.75143,9.626028
Y239,XX External Causes,5.856095,-2.6265142,-37.78113,6.9331584
Y240,XX External Causes,6.6140413,-2.0461905,-35.226288,6.671766
Y249,XX External Causes,6.630561,-2.0305545,-35.22881,6.728473
Y280,XX External Causes,5.348169,-3.0478837,-44.105583,7.231001
Y282,XX External Causes,5.3952007,-3.0476108,-43.906906,7.51952
Y286,XX External Causes,5.3641276,-3.0685458,-43.93922,7.4239793
Y289,XX External Causes,5.3935666,-3.0481162,-43.606472,7.5110354
Y296,XX External Causes,6.44199,-2.1789217,-35.840725,7.309387
Y322,XX External Causes,5.8912787,-2.5998766,-37.762604,7.0215106
Y33,XX External Causes,5.413029,-3.8922222,-48.44266,2.1707158
Y330,XX External Causes,5.428164,-3.8769116,-48.46844,2.1416912
Y332,XX External Causes,5.4179964,-3.9328346,-48.494877,2.158097
Y334,XX External Causes,5.4442067,-3.884911,-48.471127,2.1567082
Y339,XX External Causes,5.3968925,-3.9003263,-48.501766,2.144365
Y341,XX External Causes,4.268984,-4.3181887,-59.508728,9.018632
Y342,XX External Causes,4.2360764,-4.374569,-59.41879,9.036526
Y345,XX External Causes,4.225623,-4.370076,-59.6516,9.051008
Y349,XX External Causes,4.1587334,-4.4116325,-59.848347,9.049929
Y356,XX External Causes,4.1958103,-4.085277,-57.178925,9.831866
Y40,XX External Causes,2.4695551,-2.8267977,-71.22837,-2.2230992
Y400,XX External Causes,2.4567115,-2.847565,-71.003,-1.8599043
Y401,XX External Causes,2.523367,-2.8937993,-70.88627,-1.4476876
Y402,XX External Causes,2.5879047,-2.9371257,-69.649956,-0.72835416
Y403,XX External Causes,2.443714,-2.8666656,-71.17022,-1.6543089
Y404,XX External Causes,2.5184233,-2.8863173,-70.29785,-1.0224899
Y405,XX External Causes,2.4584646,-2.8446198,-71.26075,-2.1302285
Y406,XX External Causes,2.4605222,-2.799246,-71.29385,-2.0727246
Y407,XX External Causes,2.45745,-2.82768,-71.3794,-2.0960505
Y408,XX External Causes,2.5398877,-2.8927546,-70.82796,-1.6596842
Y409,XX External Causes,2.4713998,-2.837041,-70.73784,-2.0336862
Y410,XX External Causes,2.5086076,-2.9193022,-71.08035,-0.93234104
Y411,XX External Causes,2.53777,-2.9842834,-71.13208,-0.8750665
Y412,XX External Causes,2.586591,-3.030016,-71.11004,-0.919982
Y413,XX External Causes,2.5501678,-2.9000628,-70.96664,-0.84676844
Y414,XX External Causes,2.5355263,-2.914153,-71.0612,-0.91846
Y415,XX External Causes,2.4988773,-2.8324564,-71.077705,-1.2051888
Y418,XX External Causes,2.4622343,-2.8954782,-70.85881,-1.3794216
Y419,XX External Causes,2.5415728,-2.9699018,-71.06643,-0.92544585
Y420,XX External Causes,2.4681132,-2.7711723,-70.79248,-3.6770623
Y421,XX External Causes,2.4381578,-2.7263374,-71.23268,-3.1125157
Y422,XX External Causes,2.4542935,-2.7388911,-71.33309,-3.0445209
Y423,XX External Causes,2.4649713,-2.723802,-71.26517,-3.2790484
Y424,XX External Causes,2.4482121,-2.7384415,-71.43563,-3.2316759
Y425,XX External Causes,2.408141,-2.7407587,-71.75419,-4.1340137
Y426,XX External Causes,2.3995202,-2.7624912,-71.808655,-4.222773
Y427,XX External Causes,2.4581287,-2.7180934,-70.80482,-4.172088
Y428,XX External Causes,2.4231627,-2.754282,-71.612854,-3.8657825
Y429,XX External Causes,2.3877294,-2.690203,-71.46446,-3.280344
Y430,XX External Causes,2.4914396,-2.696602,-69.79986,-3.1496534
Y431,XX External Causes,2.4929159,-2.7767415,-69.2647,-2.600616
Y432,XX External Causes,2.4695718,-2.7130852,-70.12578,-3.3648639
Y433,XX External Causes,2.4731305,-2.7089536,-69.690414,-3.6893902
Y434,XX External Causes,2.487173,-2.7127836,-69.88611,-3.343592
Y435,XX External Causes,2.4982421,-2.7010057,-70.128746,-3.3665748
Y438,XX External Causes,2.4756246,-2.7325437,-70.22228,-3.3299944
Y440,XX External Causes,2.2495658,-3.4140992,-76.300995,4.570082
Y441,XX External Causes,2.243178,-3.4260998,-76.25676,4.7649007
Y442,XX External Causes,2.2955368,-3.4620938,-76.31386,4.6814084
Y443,XX External Causes,2.2503643,-3.397879,-76.190544,4.780631
Y444,XX External Causes,2.2549415,-3.4439466,-76.325836,4.4549346
Y445,XX External Causes,2.2637537,-3.4347596,-76.2793,4.7166166
Y446,XX External Causes,2.2817001,-3.4215221,-76.240135,4.8302007
Y449,XX External Causes,2.2852235,-3.4256694,-76.24601,4.708527
Y45,XX External Causes,2.153588,-3.1206248,-75.26057,-0.09563047
Y450,XX External Causes,2.2747114,-2.9910197,-74.72149,-0.29024962
Y451,XX External Causes,2.1392632,-3.1548169,-75.59328,0.5281113
Y452,XX External Causes,2.0962563,-3.2130654,-76.62575,0.75188744
Y453,XX External Causes,2.135242,-3.1173172,-75.48218,0.09421048
Y454,XX External Causes,2.1735532,-3.113608,-75.26387,-0.10123525
Y455,XX External Causes,2.0669198,-3.1133118,-76.40771,-1.0122014
Y458,XX External Causes,2.141392,-3.0782495,-75.1909,-0.16642898
Y459,XX External Causes,2.1502976,-3.130817,-75.30209,-0.06665985
Y460,XX External Causes,1.7596836,-3.4315531,-77.91715,1.9209505
Y461,XX External Causes,1.7688501,-3.4422321,-77.870125,1.9470639
Y462,XX External Causes,1.7685755,-3.4406052,-77.91714,1.9003282
Y463,XX External Causes,1.7592231,-3.4435558,-77.89041,1.9484649
Y464,XX External Causes,1.8312064,-3.4214985,-78.06489,2.0346775
Y465,XX External Causes,1.7247809,-3.453336,-77.9407,1.906853
Y466,XX External Causes,1.7616876,-3.4437442,-77.99555,1.9763783
Y467,XX External Causes,1.7818618,-3.4384856,-78.020454,1.9462391
Y468,XX External Causes,1.7817991,-3.4416175,-77.88581,1.9596895
Y470,XX External Causes,4.347596,-3.559161,-51.546886,14.237435
Y471,XX External Causes,4.3316107,-3.53821,-51.580303,14.127743
Y478,XX External Causes,4.33313,-3.5588582,-51.500965,14.205288
Y479,XX External Causes,4.3392434,-3.5163147,-51.44354,14.196005
Y48,XX External Causes,3.1335838,-2.894794,-67.328064,0.7741561
Y480,XX External Causes,3.1363971,-2.898432,-67.2848,0.7674785
Y481,XX External Causes,3.118001,-2.8977933,-67.29386,0.76783043
Y482,XX External Causes,3.2047389,-2.9143298,-67.255135,0.769224
Y483,XX External Causes,3.16858,-2.8699942,-67.297386,0.8402653
Y484,XX External Causes,3.1408193,-2.881371,-67.35387,0.7374216
Y485,XX External Causes,3.0930276,-2.9290307,-67.28911,0.7698109
Y490,XX External Causes,3.6668274,-4.195429,-64.93262,9.8545885
Y491,XX External Causes,2.327528,-3.4114969,-75.82719,2.635929
Y492,XX External Causes,2.2448726,-3.4317522,-78.08631,4.050575
Y493,XX External Causes,2.2814155,-3.3647065,-75.915985,2.636648
Y494,XX External Causes,2.3049169,-3.2964313,-75.73087,2.331894
Y495,XX External Causes,2.2526593,-3.3497636,-75.82898,2.6879838
Y498,XX External Causes,2.255928,-3.408332,-75.95791,2.6800497
Y501,XX External Causes,5.138808,-4.2972927,-52.722733,1.0863049
Y502,XX External Causes,5.1316266,-4.289015,-52.703926,1.2433314
Y510,XX External Causes,2.138529,-3.3570688,-77.05987,2.41762
Y511,XX External Causes,2.1033254,-3.386141,-77.004105,2.6849399
Y513,XX External Causes,2.1338353,-3.400631,-77.09171,2.847217
Y514,XX External Causes,2.1480536,-3.4107993,-76.976974,2.7817996
Y515,XX External Causes,2.1496027,-3.397941,-76.95847,2.8425164
Y516,XX External Causes,2.141032,-3.3939528,-77.214264,2.7837079
Y517,XX External Causes,2.1210268,-3.3659868,-77.45824,2.3710432
Y518,XX External Causes,2.1035078,-3.3904185,-76.99463,2.6894495
Y519,XX External Causes,2.1300666,-3.4051793,-77.00029,2.8814087
Y520,XX External Causes,2.1216688,-3.374567,-79.34002,3.2629294
Y521,XX External Causes,2.1287127,-3.3474853,-79.294975,3.3510864
Y522,XX External Causes,2.128754,-3.3822403,-79.27052,3.3394544
Y523,XX External Causes,2.171023,-3.3970475,-78.33803,3.914173
Y524,XX External Causes,2.1304646,-3.3398294,-79.38735,3.4305391
Y525,XX External Causes,2.1900628,-3.3852715,-79.19492,3.5013776
Y526,XX External Causes,2.1212072,-3.372603,-79.40343,3.419858
Y527,XX External Causes,2.1956964,-3.3772826,-79.34859,3.2950978
Y529,XX External Causes,2.2046084,-3.3738723,-78.63487,3.6335824
Y530,XX External Causes,2.0502543,-3.1100276,-76.34961,-0.47812027
Y531,XX External Causes,2.0854328,-3.1229491,-75.98847,-0.026960095
Y532,XX External Causes,2.0991051,-3.1124537,-76.39908,-0.38448417
Y533,XX External Causes,2.054003,-3.0983973,-76.40883,-0.40264145
Y534,XX External Causes,2.0656495,-3.1191368,-76.48555,-0.8065936
Y535,XX External Causes,2.042183,-3.1072955,-76.44049,-0.39423358
Y536,XX External Causes,2.048069,-3.1154938,-76.28649,-0.28414983
Y537,XX External Causes,2.0836031,-3.08643,-76.37805,-0.40573347
Y538,XX External Causes,2.0790298,-3.0892375,-76.02458,-0.27991056
Y540,XX External Causes,1.9437203,-3.1728575,-77.729195,-0.0182514
Y541,XX External Causes,1.9146816,-3.1743143,-77.86231,-0.047893103
Y542,XX External Causes,1.9131466,-3.1752155,-77.86609,-0.06319461
Y543,XX External Causes,1.9141153,-3.1803932,-77.86455,-0.12583733
Y544,XX External Causes,1.909125,-3.1894531,-78.0021,0.17617592
Y545,XX External Causes,1.9333299,-3.1729333,-78.08688,-0.124342665
Y546,XX External Causes,1.9169824,-3.1689262,-77.899284,-0.07636522
Y547,XX External Causes,1.9582924,-3.126461,-77.71344,-0.15329795
Y548,XX External Causes,1.8872447,-3.1981084,-77.74755,-0.1359449
Y549,XX External Causes,1.8861991,-3.152759,-77.81497,-0.12728311
Y550,XX External Causes,3.208391,-2.8884811,-65.5003,1.9923364
Y551,XX External Causes,3.2154214,-2.888677,-65.45744,2.0129347
Y552,XX External Causes,3.2054808,-2.8845394,-65.525734,1.9813257
Y553,XX External Causes,3.2363794,-2.8950105,-65.525604,1.977074
Y554,XX External Causes,3.1799228,-2.8930378,-65.51722,2.0027692
Y556,XX External Causes,3.2033782,-2.889344,-65.51577,1.9585005
Y56,XX External Causes,3.216036,-2.8117948,-66.50844,0.8959334
Y560,XX External Causes,3.2246668,-2.8049812,-66.4282,0.84288186
Y561,XX External Causes,3.222801,-2.8020234,-66.5469,0.90184414
Y562,XX External Causes,3.223474,-2.8005352,-66.52291,0.9013733
Y563,XX External Causes,3.2211742,-2.8046622,-66.46248,0.9139203
Y564,XX External Causes,3.2203414,-2.8036604,-66.54615,0.8624111
Y565,XX External Causes,3.2262843,-2.7979374,-66.52201,0.8990307
Y566,XX External Causes,3.2189147,-2.799229,-66.5118,0.961938
Y567,XX External Causes,3.2606502,-2.7687511,-66.445,0.85185736
Y568,XX External Causes,3.2182682,-2.8059812,-66.438896,0.9996714
Y569,XX External Causes,3.2190595,-2.7949846,-66.520355,0.90591717
Y572,XX External Causes,2.464077,-2.6810148,-70.42341,-2.9423215
Y574,XX External Causes,2.4646895,-2.6979647,-70.305595,-3.025203
Y575,XX External Causes,2.4684036,-2.6825147,-70.45547,-2.9320133
Y576,XX External Causes,2.455521,-2.630473,-70.171165,-3.270399
Y577,XX External Causes,2.4739835,-2.7117789,-70.48736,-2.9104192
Y578,XX External Causes,2.4739852,-2.6819587,-70.12898,-3.079654
Y579,XX External Causes,2.4485216,-2.6952727,-70.34338,-3.0947127
Y58,XX External Causes,4.239704,-4.191536,-58.218807,7.9875007
Y580,XX External Causes,4.330929,-4.111757,-57.28531,8.148775
Y581,XX External Causes,4.263033,-4.19532,-58.210384,7.976043
Y584,XX External Causes,4.2727156,-4.147446,-58.174927,7.9809175
Y588,XX External Causes,4.2542315,-4.1425233,-58.252796,7.955395
Y589,XX External Causes,4.2316184,-4.123726,-58.336792,7.8508534
Y59,XX External Causes,2.3216825,-3.2106464,-74.6597,1.7836462
Y590,XX External Causes,2.4377806,-3.2006004,-73.93743,1.8787022
Y593,XX External Causes,2.3362308,-3.2309551,-74.50005,1.5697806
Y598,XX External Causes,2.2592301,-3.2370377,-74.698906,1.6968453
Y599,XX External Causes,2.3123715,-3.2749915,-74.55479,1.6882175
Y60,XX External Causes,2.0037065,-2.611415,-75.41279,-3.6003253
Y600,XX External Causes,1.9907225,-2.6042368,-75.55373,-3.6782107
Y603,XX External Causes,1.9786409,-2.6062386,-76.22466,-3.8913357
Y604,XX External Causes,1.9941102,-2.6100514,-75.81099,-3.524234
Y605,XX External Causes,2.0250168,-2.6315672,-75.4748,-3.493028
Y606,XX External Causes,1.981943,-2.5999496,-75.51365,-3.585367
Y607,XX External Causes,1.9740062,-2.6004753,-75.40748,-3.5998836
Y608,XX External Causes,1.997883,-2.6159034,-75.37404,-3.6100373
Y609,XX External Causes,1.9939773,-2.605379,-75.40783,-3.6011317
Y61,XX External Causes,4.4294868,-3.6294768,-52.02355,15.530584
Y610,XX External Causes,4.3795652,-3.6054006,-52.49312,15.6686945
Y611,XX External Causes,4.3926544,-3.5728762,-52.096695,15.555406
Y614,XX External Causes,4.3933496,-3.5784922,-52.139233,15.684105
Y616,XX External Causes,4.392517,-3.6052327,-52.06694,15.599025
Y617,XX External Causes,4.4107137,-3.5805674,-52.03202,15.537381
Y618,XX External Causes,4.42685,-3.5893195,-52.11751,15.624346
Y619,XX External Causes,4.377094,-3.6012197,-52.086014,15.546176
Y625,XX External Causes,4.3111467,-3.6301205,-52.867256,12.345372
Y630,XX External Causes,5.3825846,-3.0575433,-43.062492,7.2508235
Y635,XX External Causes,5.4226084,-3.0150895,-43.32814,7.18544
Y652,XX External Causes,3.71351,-5.0117598,-61.142677,19.084026
Y654,XX External Causes,3.7961478,-5.02299,-61.00694,18.937548
Y658,XX External Causes,3.7930343,-5.0067415,-61.01758,19.085327
Y69,XX External Causes,4.3053927,-3.9221137,-56.320763,10.539931
Y700,XX External Causes,4.8565373,-4.5524364,-55.13983,1.3256562
Y701,XX External Causes,4.9032183,-4.520233,-55.248547,1.2971423
Y703,XX External Causes,4.9320145,-4.5081444,-55.23689,1.3523651
Y708,XX External Causes,4.9277153,-4.504798,-55.123634,1.3277692
Y710,XX External Causes,4.5279717,-4.2177258,-55.502422,6.4189663
Y711,XX External Causes,4.5100827,-4.1599317,-55.52625,6.5606956
Y712,XX External Causes,4.4832,-4.1991677,-55.48589,6.579509
Y713,XX External Causes,4.4400444,-4.156715,-55.581223,6.5372996
Y720,XX External Causes,5.147636,-3.4454787,-47.352734,6.396255
Y721,XX External Causes,5.1636014,-3.4046805,-47.279648,6.4027505
Y722,XX External Causes,5.164859,-3.3301766,-47.265167,6.4596543
Y730,XX External Causes,4.280918,-3.633275,-51.494427,18.581635
Y731,XX External Causes,4.2952566,-3.6037607,-51.476593,18.584356
Y732,XX External Causes,4.3171268,-3.5646608,-51.44892,18.600136
Y733,XX External Causes,4.23345,-3.6894953,-51.55167,18.68565
Y741,XX External Causes,4.825454,-3.3963041,-46.654484,9.692529
Y748,XX External Causes,4.874323,-3.3074608,-46.707172,9.643033
Y750,XX External Causes,6.667213,-2.0134478,-34.25582,7.183901
Y752,XX External Causes,6.6715713,-2.005108,-34.156433,7.2455106
Y760,XX External Causes,4.376369,-3.6690254,-49.893803,18.467983
Y762,XX External Causes,4.334159,-3.6123476,-49.917492,18.456074
Y763,XX External Causes,4.3398137,-3.6425812,-49.941895,18.396168
Y768,XX External Causes,4.3565583,-3.6600165,-49.907894,18.4165
Y772,XX External Causes,3.502816,-4.989132,-73.93451,9.949284
Y773,XX External Causes,3.4987545,-4.9750443,-73.92528,9.960579
Y783,XX External Causes,3.2984142,-4.30405,-66.51165,13.661734
Y791,XX External Causes,1.9794036,-5.1953163,-70.15675,23.46261
Y792,XX External Causes,1.9919126,-5.1710224,-70.21554,23.424938
Y793,XX External Causes,2.072654,-5.146607,-70.1558,23.365477
Y801,XX External Causes,5.074385,-3.2241116,-45.413372,8.341592
Y803,XX External Causes,5.206518,-3.1296692,-45.531883,8.342986
Y812,XX External Causes,4.397719,-3.528264,-51.970882,12.709149
Y813,XX External Causes,4.2740307,-3.652477,-52.120415,12.979646
Y82,XX External Causes,4.8744006,-3.3285239,-47.58338,10.195462
Y820,XX External Causes,4.8319798,-3.333348,-47.58869,10.091186
Y821,XX External Causes,4.849849,-3.334889,-47.464302,10.36441
Y822,XX External Causes,4.8018556,-3.3516626,-47.55148,10.667278
Y823,XX External Causes,4.8839064,-3.3144968,-47.59632,10.077909
Y828,XX External Causes,4.890724,-3.3288946,-47.622074,10.224441
Y830,XX External Causes,2.2463515,-2.7460802,-73.69323,-3.4730213
Y831,XX External Causes,2.230765,-2.75021,-74.028,-3.620895
Y832,XX External Causes,2.1187673,-2.6942663,-74.23467,-3.4566274
Y833,XX External Causes,2.242556,-2.7349927,-73.67661,-3.6248038
Y834,XX External Causes,2.2374914,-2.7530432,-73.67788,-3.578487
Y835,XX External Causes,2.261054,-2.7778747,-73.54857,-3.320302
Y836,XX External Causes,2.2055974,-2.7359693,-73.54684,-3.5280654
Y838,XX External Causes,2.2248962,-2.7375033,-73.42581,-3.3259168
Y839,XX External Causes,2.2280834,-2.7542033,-73.74468,-3.3830006
Y840,XX External Causes,2.323829,-2.881723,-73.5982,-1.726954
Y841,XX External Causes,2.3796554,-2.8430836,-72.50951,-1.7462932
Y842,XX External Causes,2.4510667,-2.8591156,-72.408775,-1.9177637
Y843,XX External Causes,2.4102316,-2.8644698,-73.09912,-1.2499222
Y844,XX External Causes,2.3979795,-2.857638,-72.87235,-1.1574016
Y845,XX External Causes,2.3871362,-2.8728182,-72.89457,-1.728335
Y846,XX External Causes,4.018146,-5.0584393,-60.135048,20.607166
Y847,XX External Causes,2.3776598,-2.8470795,-72.6095,-1.7350534
Y848,XX External Causes,2.4311914,-2.8635223,-72.682365,-1.553955
Y849,XX External Causes,2.361591,-2.8219695,-73.2938,-2.3176813
Y850,XX External Causes,2.5047343,-3.1523798,-69.73435,4.103032
Y859,XX External Causes,2.5514822,-3.1174252,-69.74728,4.125565
Y86,XX External Causes,2.5231442,-3.1554954,-69.69777,4.2585077
Y870,XX External Causes,3.2742698,-4.491262,-69.544754,11.949213
Y871,XX External Causes,3.3155384,-4.578342,-69.88378,12.033449
Y872,XX External Causes,3.3182185,-4.5182233,-69.84801,12.242937
Y880,XX External Causes,2.6776314,-2.9753501,-69.05787,0.09760687
Y881,XX External Causes,2.6392212,-2.9847717,-69.60202,-0.15914294
Y882,XX External Causes,2.6416621,-2.9749453,-69.42037,0.05787964
Y883,XX External Causes,2.6285145,-2.9553452,-69.476265,-0.177586
Y891,XX External Causes,3.5001967,-4.4215283,-63.74368,16.554827
Y899,XX External Causes,3.4521313,-4.511409,-63.87373,16.48777
Y900,XX External Causes,4.2898426,-4.1997337,-57.963264,9.465599
Y903,XX External Causes,4.2005167,-4.224907,-58.36138,9.62415
Y904,XX External Causes,4.228017,-4.1457705,-58.03311,9.508642
Y906,XX External Causes,4.2065144,-4.232801,-58.200844,9.592057
Y907,XX External Causes,4.2265396,-4.2145014,-58.393475,9.76414
Y908,XX External Causes,4.232698,-4.1750693,-58.163235,9.589695
Y910,XX External Causes,3.9145088,-5.3026953,-62.274242,24.895962
Y912,XX External Causes,3.9504514,-5.2874904,-62.265347,24.899796
Y919,XX External Causes,3.9754615,-5.362502,-62.213177,24.884987
Y95,XX External Causes,2.2577105,-3.0981617,-73.45883,0.52464324
Y96,XX External Causes,5.701952,-2.758241,-39.119354,6.779984
Y97,XX External Causes,4.1464825,-3.7786646,-53.67117,11.577394
Y98,XX External Causes,5.7943325,-2.6802812,-38.301193,7.050232
Z00,XXI Health Status (Z),7.6895995,9.541154,-34.527107,-57.385826
Z000,XXI Health Status (Z),7.778978,9.348542,-34.483276,-56.259724
Z001,XXI Health Status (Z),7.745542,9.460045,-34.63336,-57.11983
Z002,XXI Health Status (Z),7.8224974,9.425831,-34.323895,-57.166344
Z003,XXI Health Status (Z),7.752788,9.508872,-34.303177,-57.175102
Z004,XXI Health Status (Z),7.763697,9.411271,-34.24876,-56.94544
Z005,XXI Health Status (Z),7.798643,9.615372,-33.664864,-61.817787
Z006,XXI Health Status (Z),7.835857,9.450651,-32.18857,-56.699577
Z008,XXI Health Status (Z),7.6054,9.61874,-34.70221,-57.357376
Z01,XXI Health Status (Z),7.602643,9.504247,-37.153336,-58.016308
Z010,XXI Health Status (Z),7.626118,9.405644,-36.348118,-56.571445
Z0100,XXI Health Status (Z),7.5656195,9.465864,-37.126625,-58.017216
Z0101,XXI Health Status (Z),7.58481,9.468336,-37.126324,-57.998215
Z011,XXI Health Status (Z),7.817018,9.35023,-32.755672,-54.632504
Z012,XXI Health Status (Z),7.598661,9.45088,-37.155613,-58.599712
Z013,XXI Health Status (Z),7.7870064,9.363397,-35.246666,-55.80585
Z014,XXI Health Status (Z),7.559103,9.498836,-37.432293,-57.977882
Z015,XXI Health Status (Z),7.963582,9.355407,-32.811466,-57.762424
Z016,XXI Health Status (Z),7.5255113,9.486803,-37.192924,-58.08347
Z017,XXI Health Status (Z),7.5732613,9.37574,-37.312897,-57.811
Z018,XXI Health Status (Z),7.7835665,9.353737,-36.33116,-58.15086
Z0189,XXI Health Status (Z),7.5347505,9.504228,-37.461147,-58.494556
Z019,XXI Health Status (Z),7.591029,9.52552,-36.703896,-58.156963
Z02,XXI Health Status (Z),7.6180005,9.076432,-35.993996,-50.729755
Z021,XXI Health Status (Z),7.733923,8.9848,-33.649574,-50.400314
Z023,XXI Health Status (Z),7.776416,9.032439,-33.647533,-50.40192
Z024,XXI Health Status (Z),7.7604585,9.004777,-33.59968,-50.411217
Z027,XXI Health Status (Z),7.760092,9.282508,-34.451824,-51.239414
Z028,XXI Health Status (Z),8.410685,8.846783,-24.896093,-52.41715
Z029,XXI Health Status (Z),7.6483116,8.992564,-35.31024,-50.492188
Z030,XXI Health Status (Z),7.9326763,9.176264,-31.158966,-55.846786
Z031,XXI Health Status (Z),7.905572,9.396933,-31.355215,-57.503395
Z032,XXI Health Status (Z),7.769463,9.078909,-32.38384,-49.828064
Z033,XXI Health Status (Z),7.9679523,9.298652,-32.52803,-57.852047
Z034,XXI Health Status (Z),8.164034,8.956081,-28.32514,-52.66404
Z035,XXI Health Status (Z),8.085757,9.219603,-32.939934,-55.656208
Z036,XXI Health Status (Z),7.91356,9.205385,-31.143234,-55.730312
Z038,XXI Health Status (Z),8.109491,9.177626,-31.477842,-56.559135
Z0389,XXI Health Status (Z),7.9242673,9.249556,-31.209194,-55.950005
Z039,XXI Health Status (Z),7.8902836,9.361479,-31.598295,-57.216812
Z04,XXI Health Status (Z),7.67865,8.895536,-33.384857,-48.701923
Z041,XXI Health Status (Z),7.6867023,8.954064,-33.2487,-49.865322
Z042,XXI Health Status (Z),7.74302,8.9226055,-33.023373,-49.433514
Z043,XXI Health Status (Z),7.5706754,8.786993,-33.217262,-48.684906
Z045,XXI Health Status (Z),7.574941,8.788853,-33.099102,-48.52527
Z046,XXI Health Status (Z),7.6522584,8.839297,-33.009815,-49.377
Z048,XXI Health Status (Z),7.8892174,9.260643,-33.73992,-55.069603
Z049,XXI Health Status (Z),7.578026,8.929637,-33.193577,-48.998383
Z08,XXI Health Status (Z),7.831989,9.628175,-33.61257,-64.64693
Z080,XXI Health Status (Z),8.146067,9.578856,-30.50352,-63.67576
Z081,XXI Health Status (Z),8.107033,9.558853,-30.507853,-63.44578
Z082,XXI Health Status (Z),8.08186,9.579492,-30.42442,-63.705883
Z087,XXI Health Status (Z),8.077849,9.525738,-30.406206,-63.753304
Z088,XXI Health Status (Z),7.9854527,9.514509,-30.66746,-63.56805
Z089,XXI Health Status (Z),8.109523,9.620751,-30.610552,-63.722202
Z09,XXI Health Status (Z),7.8946285,9.714795,-33.40255,-64.52902
Z090,XXI Health Status (Z),8.044989,9.686821,-32.110798,-64.509346
Z091,XXI Health Status (Z),7.987538,9.699664,-32.41227,-64.07563
Z092,XXI Health Status (Z),8.026111,9.599928,-32.164646,-64.47144
Z094,XXI Health Status (Z),7.8498487,9.718238,-33.34839,-63.307007
Z097,XXI Health Status (Z),8.00911,9.694657,-32.16255,-64.34719
Z098,XXI Health Status (Z),7.9618053,9.62495,-32.196735,-64.4419
Z099,XXI Health Status (Z),7.9937367,9.646885,-32.22995,-64.45746
Z10,XXI Health Status (Z),7.438427,8.814512,-37.028507,-47.89769
Z100,XXI Health Status (Z),7.4746513,8.830991,-37.01317,-48.207184
Z102,XXI Health Status (Z),7.281184,8.802347,-37.084812,-47.644474
Z103,XXI Health Status (Z),7.139835,8.776463,-37.149464,-47.408463
Z108,XXI Health Status (Z),7.4548798,8.829083,-36.991253,-48.04466
Z110,XXI Health Status (Z),7.9608235,9.213807,-29.850283,-56.179577
Z111,XXI Health Status (Z),8.101565,9.015071,-29.27795,-52.83741
Z112,XXI Health Status (Z),7.78074,9.010709,-30.317125,-52.497986
Z114,XXI Health Status (Z),8.060723,8.978319,-29.568283,-52.8147
Z115,XXI Health Status (Z),8.562577,8.855724,-24.19396,-53.011246
Z116,XXI Health Status (Z),7.988243,8.976448,-29.855995,-52.562786
Z118,XXI Health Status (Z),7.924585,8.932542,-30.062326,-52.543316
Z119,XXI Health Status (Z),8.037971,9.005268,-29.568235,-52.74515
Z120,XXI Health Status (Z),7.9341774,9.240597,-30.546255,-57.14903
Z121,XXI Health Status (Z),12.742197,6.71251,47.846306,-19.86841
Z122,XXI Health Status (Z),7.866045,9.311624,-30.718405,-57.15821
Z123,XXI Health Status (Z),7.5819025,9.419282,-37.14059,-56.753242
Z124,XXI Health Status (Z),7.4628043,9.581201,-37.50857,-57.28674
Z125,XXI Health Status (Z),7.909841,9.308441,-30.78048,-57.265373
Z126,XXI Health Status (Z),7.8567214,9.439272,-34.001106,-60.54963
Z128,XXI Health Status (Z),7.903452,9.389474,-30.601906,-57.343304
Z129,XXI Health Status (Z),7.8515906,9.375088,-30.746468,-57.316216
Z13,XXI Health Status (Z),7.9708867,9.205503,-32.847336,-55.856846
Z130,XXI Health Status (Z),8.491204,8.864476,-25.116816,-53.185734
Z131,XXI Health Status (Z),7.7604256,9.267444,-33.73971,-55.76848
Z132,XXI Health Status (Z),8.009587,9.159872,-32.934586,-55.802437
Z133,XXI Health Status (Z),7.924403,9.261306,-33.377716,-55.78275
Z135,XXI Health Status (Z),7.8871036,9.352528,-33.304867,-57.01721
Z136,XXI Health Status (Z),7.917354,9.22254,-33.66924,-55.42318
Z137,XXI Health Status (Z),7.958581,9.231501,-32.84973,-56.095814
Z138,XXI Health Status (Z),7.9695497,9.273417,-31.702,-56.742687
Z1382,XXI Health Status (Z),7.8688674,9.194956,-32.79866,-55.896255
Z139,XXI Health Status (Z),8.476126,8.842413,-24.695494,-52.657658
Z20,XXI Health Status (Z),7.263366,8.531514,-34.237293,-45.618843
Z200,XXI Health Status (Z),7.6647468,8.683225,-32.608067,-46.785507
Z201,XXI Health Status (Z),7.471314,8.573943,-33.350758,-46.219193
Z203,XXI Health Status (Z),7.588384,8.587514,-33.259285,-46.303036
Z205,XXI Health Status (Z),7.577826,8.637231,-33.348766,-46.27889
Z206,XXI Health Status (Z),7.300241,8.557197,-34.213997,-45.847504
Z207,XXI Health Status (Z),7.5853257,8.636108,-33.283737,-46.269115
Z208,XXI Health Status (Z),7.719063,8.716731,-32.533688,-46.842365
Z209,XXI Health Status (Z),7.3088417,8.532685,-34.13708,-45.600586
Z21,XXI Health Status (Z),8.044201,8.749566,-24.873669,-47.583725
Z221,XXI Health Status (Z),8.1769495,8.611444,-24.34072,-48.221283
Z223,XXI Health Status (Z),8.190815,8.573673,-24.375765,-48.250122
Z224,XXI Health Status (Z),8.211608,8.596225,-24.384668,-48.24161
Z225,XXI Health Status (Z),8.180589,8.575863,-24.312748,-48.19602
Z226,XXI Health Status (Z),8.204671,8.586238,-24.407307,-48.284107
Z228,XXI Health Status (Z),8.176353,8.571979,-24.405258,-48.127632
Z229,XXI Health Status (Z),8.218723,8.605264,-24.393793,-48.31218
Z23,XXI Health Status (Z),7.484805,9.385988,-38.881943,-56.136887
Z230,XXI Health Status (Z),7.4664702,9.389847,-39.187336,-55.903324
Z232,XXI Health Status (Z),7.4532194,9.386834,-38.922363,-56.10682
Z235,XXI Health Status (Z),7.4113398,9.333304,-39.57456,-55.29328
Z236,XXI Health Status (Z),7.454487,9.358398,-38.192123,-56.216263
Z237,XXI Health Status (Z),7.3195167,9.212342,-39.73355,-55.135494
Z238,XXI Health Status (Z),7.4618726,9.375851,-38.970993,-56.051697
Z24,XXI Health Status (Z),7.4489937,9.378026,-38.11928,-56.354614
Z240,XXI Health Status (Z),7.3837495,9.388271,-38.19696,-55.82368
Z242,XXI Health Status (Z),7.403555,9.380839,-38.00879,-56.06599
Z243,XXI Health Status (Z),7.4413114,9.315546,-37.75906,-56.265877
Z244,XXI Health Status (Z),7.4721503,9.356264,-38.11111,-56.37324
Z245,XXI Health Status (Z),7.405368,9.369438,-37.799442,-56.081375
Z246,XXI Health Status (Z),7.4235115,9.40616,-38.113205,-56.379856
Z250,XXI Health Status (Z),7.468837,9.381397,-37.292183,-55.699047
Z251,XXI Health Status (Z),7.7602277,9.300096,-34.61089,-55.50258
Z258,XXI Health Status (Z),7.822028,9.325634,-34.402115,-55.411503
Z26,XXI Health Status (Z),6.909241,8.773014,-38.90387,-43.982376
Z260,XXI Health Status (Z),6.927946,8.819759,-39.025227,-43.97686
Z269,XXI Health Status (Z),6.930699,8.861847,-39.1289,-44.255585
Z270,XXI Health Status (Z),6.95114,8.557846,-35.938072,-43.34965
Z271,XXI Health Status (Z),6.9950137,8.558668,-35.429718,-43.567688
Z272,XXI Health Status (Z),6.999639,8.546947,-35.60393,-43.79241
Z273,XXI Health Status (Z),6.9987493,8.500481,-35.679943,-43.394154
Z274,XXI Health Status (Z),6.9481072,8.533328,-35.778774,-43.340942
Z278,XXI Health Status (Z),6.979709,8.5472,-35.614494,-43.74062
Z279,XXI Health Status (Z),7.001485,8.557906,-35.48618,-43.963593
Z280,XXI Health Status (Z),6.97117,8.72432,-38.27532,-44.963127
Z288,XXI Health Status (Z),6.9656363,8.78779,-38.474068,-45.055904
Z290,XXI Health Status (Z),7.890429,8.732236,-28.5837,-49.288113
Z291,XXI Health Status (Z),7.832092,9.277388,-33.773853,-58.94819
Z292,XXI Health Status (Z),7.9696703,9.326698,-33.04723,-58.88107
Z298,XXI Health Status (Z),7.7602296,9.376584,-38.81142,-52.95532
Z299,XXI Health Status (Z),8.203672,9.137732,-32.950172,-58.665497
Z30,XXI Health Status (Z),7.378896,9.591736,-41.676437,-59.827427
Z300,XXI Health Status (Z),7.4309607,9.619992,-41.31452,-59.899075
Z301,XXI Health Status (Z),7.4841547,9.60767,-40.613968,-60.129993
Z302,XXI Health Status (Z),7.4677367,9.607373,-40.47453,-60.255337
Z303,XXI Health Status (Z),7.4415507,9.607704,-41.659992,-59.885975
Z304,XXI Health Status (Z),7.4609823,9.633945,-40.78604,-60.03747
Z305,XXI Health Status (Z),7.506161,9.579674,-40.372417,-60.05485
Z308,XXI Health Status (Z),7.45425,9.650613,-40.87124,-59.945923
Z309,XXI Health Status (Z),7.345716,9.607131,-41.655018,-59.80275
Z31,XXI Health Status (Z),7.524529,9.640447,-37.960766,-59.46094
Z310,XXI Health Status (Z),7.5863967,9.696255,-37.919895,-60.36622
Z311,XXI Health Status (Z),7.5499425,9.660597,-37.987644,-59.75677
Z312,XXI Health Status (Z),7.5031414,9.654642,-38.1622,-60.028927
Z313,XXI Health Status (Z),7.516257,9.643806,-37.98034,-59.57949
Z314,XXI Health Status (Z),7.525168,9.651769,-38.08049,-59.684147
Z315,XXI Health Status (Z),7.478926,9.283222,-39.92383,-55.024837
Z316,XXI Health Status (Z),7.4927,9.633176,-38.1711,-59.996063
Z318,XXI Health Status (Z),7.52151,9.691346,-38.01323,-59.804554
Z319,XXI Health Status (Z),7.500827,9.657441,-38.01202,-59.474213
Z32,XXI Health Status (Z),7.5443573,9.424522,-37.88188,-58.542973
Z320,XXI Health Status (Z),7.287039,9.553105,-42.761555,-55.319313
Z321,XXI Health Status (Z),7.192337,9.480731,-42.507973,-55.08882
Z33,XXI Health Status (Z),7.838881,9.155691,-31.716963,-51.533463
Z331,XXI Health Status (Z),7.317961,9.502425,-42.57951,-55.67236
Z333,XXI Health Status (Z),7.507954,9.472322,-42.518414,-55.620987
Z34,XXI Health Status (Z),7.0303144,9.588661,-44.48138,-53.9358
Z340,XXI Health Status (Z),6.9681745,9.558151,-44.962578,-53.817398
Z348,XXI Health Status (Z),6.982514,9.560406,-44.60201,-54.127964
Z349,XXI Health Status (Z),7.064282,9.519842,-44.318424,-54.200882
Z35,XXI Health Status (Z),6.898661,9.529972,-44.652935,-52.646526
Z350,XXI Health Status (Z),6.9034867,9.500141,-44.838463,-52.52464
Z351,XXI Health Status (Z),6.9070177,9.51379,-44.82097,-52.764847
Z352,XXI Health Status (Z),6.9061065,9.531094,-44.733253,-52.83439
Z353,XXI Health Status (Z),6.882795,9.4966545,-44.630615,-52.63062
Z354,XXI Health Status (Z),6.8869934,9.492209,-44.606472,-52.46959
Z355,XXI Health Status (Z),6.8854756,9.522902,-44.85503,-52.674377
Z357,XXI Health Status (Z),6.9143925,9.52687,-44.613052,-52.592556
Z358,XXI Health Status (Z),6.9160137,9.5372305,-44.604164,-53.088326
Z359,XXI Health Status (Z),6.9326735,9.517783,-44.46277,-52.568867
Z36,XXI Health Status (Z),7.0392427,9.591769,-44.349144,-54.62007
Z360,XXI Health Status (Z),7.087621,9.586859,-44.40595,-54.922062
Z361,XXI Health Status (Z),7.054407,9.613301,-44.352497,-54.624336
Z362,XXI Health Status (Z),7.0538883,9.603228,-44.43116,-54.681618
Z363,XXI Health Status (Z),7.098882,9.5937805,-44.40917,-54.918888
Z364,XXI Health Status (Z),7.0548625,9.6039295,-44.38931,-54.806606
Z365,XXI Health Status (Z),7.055397,9.616063,-44.33002,-54.914986
Z368,XXI Health Status (Z),7.0426135,9.596681,-44.61306,-54.876648
Z369,XXI Health Status (Z),7.024711,9.608575,-44.45905,-55.002415
Z37,XXI Health Status (Z),6.9263945,9.414581,-43.75377,-51.701366
Z370,XXI Health Status (Z),6.880603,9.431978,-43.98549,-51.238544
Z371,XXI Health Status (Z),6.908698,9.40261,-43.85546,-51.62689
Z372,XXI Health Status (Z),6.8760858,9.430762,-43.770348,-51.706463
Z373,XXI Health Status (Z),6.8563566,9.395048,-43.832615,-51.59717
Z374,XXI Health Status (Z),6.8424153,9.454145,-43.85554,-51.6181
Z375,XXI Health Status (Z),6.876525,9.392155,-43.83808,-51.60398
Z379,XXI Health Status (Z),6.900736,9.420136,-43.763855,-51.680077
Z380,XXI Health Status (Z),7.087267,8.871802,-37.834183,-45.77616
Z382,XXI Health Status (Z),6.968458,8.697821,-37.391766,-44.848534
Z383,XXI Health Status (Z),7.0431676,8.706433,-37.171436,-45.18191
Z39,XXI Health Status (Z),7.033049,9.397376,-43.362072,-52.49243
Z390,XXI Health Status (Z),6.972376,9.509055,-43.6422,-53.145798
Z391,XXI Health Status (Z),7.0846457,9.4196005,-43.170242,-52.860332
Z392,XXI Health Status (Z),7.038198,9.465537,-43.26622,-52.90518
Z40,XXI Health Status (Z),7.9350605,9.269218,-33.223976,-60.034668
Z400,XXI Health Status (Z),7.9588857,9.280924,-33.21003,-60.148464
Z408,XXI Health Status (Z),7.9512835,9.286188,-32.816082,-59.61786
Z409,XXI Health Status (Z),7.932101,9.288967,-33.11703,-59.868008
Z411,XXI Health Status (Z),7.5506563,9.4289465,-39.804623,-57.536865
Z412,XXI Health Status (Z),7.6804676,9.408884,-39.2218,-57.593033
Z413,XXI Health Status (Z),7.546479,9.38936,-39.273075,-57.435204
Z418,XXI Health Status (Z),7.52744,9.375788,-39.54475,-57.43387
Z419,XXI Health Status (Z),7.5624385,9.432569,-39.479164,-57.445847
Z42,XXI Health Status (Z),7.6712437,9.518746,-34.868866,-59.75083
Z420,XXI Health Status (Z),7.8187203,9.455786,-34.587276,-59.12908
Z421,XXI Health Status (Z),7.625656,9.429234,-35.19152,-60.24502
Z422,XXI Health Status (Z),7.566805,9.437231,-35.047764,-60.01389
Z423,XXI Health Status (Z),7.617837,9.478218,-35.055767,-59.586193
Z424,XXI Health Status (Z),7.5384626,9.466129,-35.20899,-59.48829
Z428,XXI Health Status (Z),7.708633,9.487641,-34.73521,-59.699463
Z429,XXI Health Status (Z),7.431714,9.532523,-35.098927,-59.768383
Z43,XXI Health Status (Z),8.160053,9.513941,-30.800407,-61.924488
Z430,XXI Health Status (Z),8.173326,9.481624,-30.843916,-61.873657
Z431,XXI Health Status (Z),8.053555,9.529256,-31.271599,-61.994526
Z432,XXI Health Status (Z),8.169741,9.584052,-30.874285,-62.55404
Z433,XXI Health Status (Z),8.120734,9.60213,-31.563078,-62.72046
Z434,XXI Health Status (Z),8.037984,9.6656065,-31.685602,-62.325836
Z435,XXI Health Status (Z),8.167842,9.505826,-30.613728,-60.748848
Z436,XXI Health Status (Z),8.127368,9.592241,-30.831957,-61.91798
Z438,XXI Health Status (Z),8.284933,9.41848,-29.771807,-61.164436
Z439,XXI Health Status (Z),8.164709,9.593697,-30.899235,-61.97545
Z442,XXI Health Status (Z),7.026347,8.950406,-39.6186,-44.80965
Z443,XXI Health Status (Z),7.176873,9.119163,-39.87152,-45.017838
Z448,XXI Health Status (Z),6.9983206,8.893215,-39.664696,-44.767403
Z450,XXI Health Status (Z),8.721984,9.335141,-18.318254,-55.902077
Z451,XXI Health Status (Z),8.459146,9.182128,-23.258627,-58.680862
Z452,XXI Health Status (Z),8.376787,9.2317,-23.46792,-59.853874
Z453,XXI Health Status (Z),8.464703,9.290481,-22.9338,-58.366943
Z458,XXI Health Status (Z),8.084295,9.52213,-31.747438,-59.252773
Z459,XXI Health Status (Z),8.478739,9.280663,-23.005615,-58.4329
Z46,XXI Health Status (Z),8.12426,9.578618,-31.50502,-59.76677
Z460,XXI Health Status (Z),8.139033,9.603815,-31.55485,-59.668865
Z461,XXI Health Status (Z),7.923433,9.393234,-35.170483,-55.815918
Z462,XXI Health Status (Z),8.118826,9.543314,-31.504406,-59.319714
Z463,XXI Health Status (Z),8.031636,9.639743,-32.08952,-61.447285
Z464,XXI Health Status (Z),7.9388666,9.58707,-32.19145,-61.355686
Z465,XXI Health Status (Z),8.1536255,9.5737,-31.50506,-59.783943
Z466,XXI Health Status (Z),8.165006,9.626151,-31.332304,-59.92476
Z467,XXI Health Status (Z),8.061089,9.569513,-31.633461,-59.467087
Z468,XXI Health Status (Z),8.100394,9.592347,-31.676857,-59.51
Z4689,XXI Health Status (Z),8.168418,9.599135,-31.51088,-59.760014
Z469,XXI Health Status (Z),8.137968,9.604271,-31.499756,-59.744614
Z470,XXI Health Status (Z),7.6566277,9.430894,-40.314617,-57.581837
Z478,XXI Health Status (Z),7.6100006,9.411901,-40.02431,-57.479847
Z479,XXI Health Status (Z),7.60427,9.37747,-39.999634,-57.459682
Z48,XXI Health Status (Z),7.769317,9.303935,-33.745033,-58.68951
Z480,XXI Health Status (Z),7.8072724,9.3224,-35.242805,-55.804634
Z488,XXI Health Status (Z),7.9852314,9.367811,-32.753475,-58.066166
Z489,XXI Health Status (Z),7.9177933,9.432441,-32.909554,-58.443478
Z490,XXI Health Status (Z),8.236886,9.20426,-18.976637,-59.528507
Z491,XXI Health Status (Z),5.4057913,4.278,38.57288,-79.67125
Z492,XXI Health Status (Z),8.275843,9.198568,-18.99687,-59.511925
Z50,XXI Health Status (Z),7.993692,8.612037,-27.68791,-47.740414
Z500,XXI Health Status (Z),15.64095,10.881066,-18.954569,-53.12262
Z501,XXI Health Status (Z),8.274795,8.721349,-27.017101,-47.890568
Z502,XXI Health Status (Z),7.989275,8.622881,-27.628693,-47.808315
Z503,XXI Health Status (Z),7.9674096,8.587581,-27.875605,-47.683292
Z504,XXI Health Status (Z),7.932936,8.603419,-28.035164,-47.41195
Z505,XXI Health Status (Z),7.9510493,8.6245165,-28.031507,-47.842457
Z506,XXI Health Status (Z),8.001476,8.605496,-27.663294,-47.74538
Z507,XXI Health Status (Z),8.0907545,8.5992985,-27.413523,-47.70122
Z508,XXI Health Status (Z),7.8927493,8.619566,-28.60443,-47.54166
Z509,XXI Health Status (Z),7.8354535,8.635584,-28.499557,-48.143616
Z510,XXI Health Status (Z),8.376417,9.18568,-23.5215,-59.9662
Z511,XXI Health Status (Z),8.359636,9.182117,-23.446966,-60.04255
Z512,XXI Health Status (Z),8.533318,8.895966,-24.490448,-52.47701
Z513,XXI Health Status (Z),8.504385,9.226418,-23.304384,-59.514484
Z514,XXI Health Status (Z),8.304547,8.993679,-23.605555,-56.03592
Z515,XXI Health Status (Z),7.9783525,8.77515,-28.48612,-45.616238
Z516,XXI Health Status (Z),7.8368144,8.85979,-33.753544,-51.865765
Z518,XXI Health Status (Z),7.8991013,8.68826,-28.548738,-45.67219
Z5189,XXI Health Status (Z),7.8982162,8.968541,-31.462437,-49.7857
Z519,XXI Health Status (Z),7.878339,8.812065,-31.468525,-49.546013
Z52,XXI Health Status (Z),7.8312945,9.735453,-33.706665,-62.616768
Z520,XXI Health Status (Z),7.8303466,9.749185,-33.766357,-62.59331
Z522,XXI Health Status (Z),7.858846,9.701118,-33.44726,-62.377224
Z523,XXI Health Status (Z),7.810906,9.755954,-33.68597,-62.54144
Z524,XXI Health Status (Z),7.9035635,9.646536,-33.40021,-61.86793
Z525,XXI Health Status (Z),7.832241,9.720065,-33.447426,-62.362183
Z528,XXI Health Status (Z),7.811167,9.765543,-33.745903,-62.493877
Z529,XXI Health Status (Z),7.793581,9.805402,-33.61133,-62.54323
Z530,XXI Health Status (Z),8.549675,8.932825,-24.885418,-53.271164
Z5309,XXI Health Status (Z),7.7778907,9.299322,-36.02488,-57.898582
Z531,XXI Health Status (Z),8.2502165,9.0140085,-27.331459,-53.46502
Z532,XXI Health Status (Z),8.37624,8.957208,-25.560514,-52.958324
Z5329,XXI Health Status (Z),8.003467,9.171025,-36.039608,-57.984367
Z538,XXI Health Status (Z),8.508598,8.9016285,-24.86504,-53.07087
Z539,XXI Health Status (Z),8.440714,8.971791,-25.377445,-52.752796
Z54,XXI Health Status (Z),7.028489,8.619139,-35.894466,-44.676033
Z540,XXI Health Status (Z),7.094296,8.614058,-35.511143,-44.89808
Z541,XXI Health Status (Z),7.0547905,8.641984,-35.847073,-44.738625
Z542,XXI Health Status (Z),7.0794616,8.681382,-36.1335,-45.416824
Z543,XXI Health Status (Z),7.116099,8.618436,-35.723705,-44.75172
Z544,XXI Health Status (Z),6.9850836,8.592778,-36.501545,-44.484295
Z548,XXI Health Status (Z),6.9746604,8.610914,-35.948406,-45.138226
Z549,XXI Health Status (Z),7.0441294,8.615312,-35.905006,-44.728027
Z55,XXI Health Status (Z),7.2918987,9.492559,-40.413467,-52.361164
Z550,XXI Health Status (Z),7.3499846,9.518399,-40.324593,-52.367874
Z551,XXI Health Status (Z),7.344159,9.4835,-40.405003,-52.358284
Z552,XXI Health Status (Z),7.3916106,9.471395,-40.282036,-52.384228
Z558,XXI Health Status (Z),7.2980785,9.495489,-40.30127,-52.3663
Z559,XXI Health Status (Z),7.3293695,9.530788,-40.337166,-52.361958
Z56,XXI Health Status (Z),7.1516385,9.066723,-40.409264,-48.931324
Z560,XXI Health Status (Z),7.1549993,9.064925,-40.220325,-48.913216
Z561,XXI Health Status (Z),7.1635127,9.087835,-40.371014,-48.834633
Z562,XXI Health Status (Z),7.1736355,9.078233,-40.365936,-48.891342
Z563,XXI Health Status (Z),7.2169023,9.087232,-40.162777,-49.000202
Z564,XXI Health Status (Z),7.1335845,9.081468,-40.356747,-48.887665
Z565,XXI Health Status (Z),7.1106925,9.068151,-40.34762,-48.810818
Z566,XXI Health Status (Z),7.2201757,9.083128,-40.427723,-48.69539
Z567,XXI Health Status (Z),7.1573815,9.073229,-40.41779,-48.73023
Z57,XXI Health Status (Z),8.182554,9.5443945,-29.266232,-59.317333
Z570,XXI Health Status (Z),8.287171,9.526962,-29.113197,-59.2811
Z571,XXI Health Status (Z),8.294544,9.543758,-28.935102,-59.230045
Z572,XXI Health Status (Z),8.261781,9.550833,-28.925558,-59.24692
Z573,XXI Health Status (Z),8.267367,9.606432,-28.817076,-59.533962
Z574,XXI Health Status (Z),8.283588,9.591434,-28.947184,-59.250465
Z575,XXI Health Status (Z),8.317663,9.54085,-28.658682,-59.179142
Z577,XXI Health Status (Z),8.299312,9.549599,-28.94107,-59.26362
Z578,XXI Health Status (Z),8.319132,9.561783,-29.023504,-59.341
Z579,XXI Health Status (Z),8.262052,9.565339,-29.117136,-59.242973
Z58,XXI Health Status (Z),7.9812117,9.012119,-31.62021,-52.331257
Z580,XXI Health Status (Z),7.050294,8.692,-37.0722,-45.25822
Z581,XXI Health Status (Z),8.165872,8.809595,-25.199234,-50.543663
Z583,XXI Health Status (Z),7.982064,8.921161,-31.680948,-52.23436
Z584,XXI Health Status (Z),8.030893,8.950971,-31.473549,-52.35285
Z585,XXI Health Status (Z),8.133752,9.0349245,-28.487316,-55.16089
Z587,XXI Health Status (Z),7.7486305,8.737624,-33.777905,-43.401287
Z588,XXI Health Status (Z),7.9424787,9.111249,-31.920555,-52.69291
Z589,XXI Health Status (Z),7.907429,8.997217,-31.65355,-52.293793
Z59,XXI Health Status (Z),7.2922792,8.514889,-34.482723,-44.705597
Z590,XXI Health Status (Z),7.363408,8.526315,-34.178467,-44.458393
Z591,XXI Health Status (Z),7.401884,8.54812,-33.90487,-44.790016
Z592,XXI Health Status (Z),7.366025,8.542735,-33.784206,-44.687016
Z593,XXI Health Status (Z),7.2884326,8.516767,-34.59768,-44.5052
Z594,XXI Health Status (Z),7.332414,8.5028925,-34.35361,-44.674522
Z595,XXI Health Status (Z),7.306061,8.495414,-34.421474,-44.745243
Z596,XXI Health Status (Z),7.2795825,8.508759,-34.481617,-44.714417
Z598,XXI Health Status (Z),7.724875,8.62258,-31.366129,-47.654037
Z599,XXI Health Status (Z),7.3300595,8.51721,-34.2211,-44.765526
Z60,XXI Health Status (Z),7.9832644,8.990856,-29.530905,-51.517204
Z600,XXI Health Status (Z),7.9061685,9.010778,-29.82474,-51.450214
Z601,XXI Health Status (Z),8.039599,8.980506,-29.328924,-51.620193
Z602,XXI Health Status (Z),8.053328,8.973627,-28.57538,-51.609665
Z603,XXI Health Status (Z),7.90321,8.985924,-29.553509,-51.508446
Z604,XXI Health Status (Z),7.8672175,9.041064,-30.256163,-51.279617
Z605,XXI Health Status (Z),7.82404,9.019344,-30.47988,-51.054665
Z608,XXI Health Status (Z),7.8041844,8.949325,-29.942856,-50.95193
Z609,XXI Health Status (Z),8.039655,8.942725,-29.422426,-51.59206
Z61,XXI Health Status (Z),6.8909826,8.703846,-37.52774,-43.663006
Z612,XXI Health Status (Z),6.898226,8.740535,-37.89574,-43.651672
Z613,XXI Health Status (Z),6.848266,8.761571,-37.637623,-43.631813
Z614,XXI Health Status (Z),6.9013977,8.700252,-37.515636,-43.64709
Z615,XXI Health Status (Z),6.914591,8.659067,-37.152847,-43.493168
Z616,XXI Health Status (Z),6.8968644,8.701046,-37.68521,-43.470543
Z618,XXI Health Status (Z),6.9410896,8.583916,-36.990204,-43.449345
Z620,XXI Health Status (Z),6.907413,8.787123,-39.024033,-43.91936
Z621,XXI Health Status (Z),6.9117513,8.777921,-38.83472,-43.82707
Z6289,XXI Health Status (Z),6.8942275,8.775776,-39.079983,-43.916035
Z63,XXI Health Status (Z),7.770282,8.614902,-30.553352,-47.875862
Z630,XXI Health Status (Z),7.7233577,8.6080675,-31.079973,-47.343353
Z631,XXI Health Status (Z),7.756878,8.601149,-30.613934,-47.76854
Z632,XXI Health Status (Z),7.7240977,8.621968,-30.588108,-47.98435
Z633,XXI Health Status (Z),7.7496104,8.598176,-30.664995,-47.858948
Z634,XXI Health Status (Z),7.8350797,8.617735,-30.205725,-48.212723
Z635,XXI Health Status (Z),7.690287,8.591092,-31.16501,-47.20858
Z636,XXI Health Status (Z),7.7747893,8.5910015,-30.466997,-48.041126
Z637,XXI Health Status (Z),7.795913,8.654569,-30.514563,-48.309875
Z638,XXI Health Status (Z),7.7280717,8.594722,-30.702143,-47.6012
Z639,XXI Health Status (Z),7.6297727,8.6058445,-30.95652,-47.474415
Z640,XXI Health Status (Z),6.907982,8.759658,-38.431602,-43.597713
Z641,XXI Health Status (Z),6.89422,8.7891245,-38.6711,-43.637978
Z643,XXI Health Status (Z),6.8777213,8.74307,-38.314476,-43.75131
Z644,XXI Health Status (Z),6.894578,8.701872,-38.221733,-43.761436
Z65,XXI Health Status (Z),6.938607,8.556098,-36.151466,-43.734467
Z650,XXI Health Status (Z),6.9677887,8.567975,-36.025505,-44.032505
Z651,XXI Health Status (Z),6.916543,8.520604,-35.870834,-43.803802
Z652,XXI Health Status (Z),6.944703,8.55644,-36.48208,-43.80573
Z653,XXI Health Status (Z),6.9218082,8.525503,-36.21916,-43.775627
Z654,XXI Health Status (Z),6.941715,8.548868,-36.054905,-44.091957
Z658,XXI Health Status (Z),6.8808255,8.550632,-36.356983,-43.78289
Z659,XXI Health Status (Z),6.939843,8.556912,-36.121433,-43.792633
Z70,XXI Health Status (Z),7.30414,9.026194,-36.984287,-46.819878
Z701,XXI Health Status (Z),7.1670566,8.815221,-36.73094,-46.128574
Z702,XXI Health Status (Z),7.1011305,8.753211,-36.755333,-46.213726
Z708,XXI Health Status (Z),7.122121,8.7112055,-36.805336,-45.93611
Z709,XXI Health Status (Z),7.124957,8.801774,-36.91007,-46.43591
Z71,XXI Health Status (Z),7.601637,9.227933,-36.317,-52.31145
Z710,XXI Health Status (Z),7.5759034,9.239428,-36.372166,-52.17813
Z711,XXI Health Status (Z),7.8983164,9.376633,-32.9677,-58.337547
Z712,XXI Health Status (Z),7.680335,9.261821,-35.377792,-53.22131
Z713,XXI Health Status (Z),7.779143,9.30844,-34.71661,-53.472164
Z714,XXI Health Status (Z),7.616351,9.2113285,-35.178837,-53.443752
Z715,XXI Health Status (Z),7.5121226,9.248179,-36.42351,-52.211132
Z716,XXI Health Status (Z),7.80442,9.22792,-34.630512,-53.431927
Z717,XXI Health Status (Z),7.687448,9.260203,-35.021294,-53.37938
Z718,XXI Health Status (Z),7.691616,9.283608,-35.389736,-53.17465
Z719,XXI Health Status (Z),7.655767,9.247905,-35.652805,-52.918648
Z72,XXI Health Status (Z),8.271202,8.88184,-26.560507,-52.934235
Z720,XXI Health Status (Z),8.3634815,8.898535,-25.709833,-52.65818
Z721,XXI Health Status (Z),8.545616,8.861714,-24.69151,-53.019627
Z722,XXI Health Status (Z),8.266392,8.810366,-27.238329,-52.801414
Z723,XXI Health Status (Z),8.3708515,8.824448,-26.45012,-53.010975
Z724,XXI Health Status (Z),8.277731,8.841375,-26.905985,-52.846264
Z726,XXI Health Status (Z),8.330567,8.854829,-26.588074,-52.9224
Z728,XXI Health Status (Z),8.325363,8.898249,-26.529608,-53.008648
Z729,XXI Health Status (Z),8.276412,8.790833,-26.57034,-52.92108
Z730,XXI Health Status (Z),7.759501,8.782357,-30.396555,-49.488556
Z732,XXI Health Status (Z),7.802456,8.7744255,-30.398632,-49.4317
Z733,XXI Health Status (Z),7.9419184,8.858062,-30.21107,-50.098972
Z736,XXI Health Status (Z),7.651743,8.728591,-32.65603,-47.608967
Z738,XXI Health Status (Z),7.8967876,9.164194,-38.458775,-52.85217
Z739,XXI Health Status (Z),7.8746047,8.751787,-28.72334,-48.961838
Z74,XXI Health Status (Z),7.519324,8.845458,-36.76697,-49.023666
Z740,XXI Health Status (Z),7.573173,8.790354,-36.65734,-48.975647
Z741,XXI Health Status (Z),7.4812555,8.934659,-36.909702,-49.860043
Z742,XXI Health Status (Z),7.4619117,8.984124,-36.892036,-49.74531
Z743,XXI Health Status (Z),7.508963,8.830137,-36.72379,-48.97376
Z748,XXI Health Status (Z),7.4994535,8.829071,-36.710953,-48.764217
Z749,XXI Health Status (Z),7.5352993,8.828859,-36.7008,-48.917095
Z750,XXI Health Status (Z),7.8452606,8.653464,-28.758463,-47.226818
Z751,XXI Health Status (Z),7.862459,8.616659,-28.664116,-47.378796
Z752,XXI Health Status (Z),7.841263,8.637597,-28.67026,-46.969387
Z753,XXI Health Status (Z),7.910912,8.627003,-28.74585,-47.43982
Z754,XXI Health Status (Z),7.8150268,8.59845,-28.995966,-47.1456
Z755,XXI Health Status (Z),7.753771,8.64232,-30.625023,-47.04268
Z758,XXI Health Status (Z),7.8839283,8.605678,-28.652178,-47.453747
Z759,XXI Health Status (Z),7.863671,8.58451,-28.572609,-47.404392
Z76,XXI Health Status (Z),7.527391,9.301318,-36.79223,-53.81247
Z760,XXI Health Status (Z),7.6463513,9.265582,-35.840034,-54.834385
Z763,XXI Health Status (Z),7.4575114,9.398788,-36.894096,-53.784336
Z764,XXI Health Status (Z),7.388289,9.381699,-36.830517,-53.71653
Z768,XXI Health Status (Z),7.59326,9.291563,-36.643585,-53.916237
Z769,XXI Health Status (Z),7.525828,9.325693,-36.658787,-53.85963
Z80,XXI Health Status (Z),7.887172,9.208893,-36.171047,-51.59263
Z800,XXI Health Status (Z),8.328515,9.075034,-28.430786,-56.52488
Z801,XXI Health Status (Z),8.365147,9.166697,-27.336388,-57.850945
Z802,XXI Health Status (Z),8.279122,9.101786,-27.508102,-57.69081
Z803,XXI Health Status (Z),8.361823,9.155027,-27.147743,-57.90721
Z804,XXI Health Status (Z),8.294866,9.083633,-27.34825,-57.751686
Z805,XXI Health Status (Z),8.170873,9.044496,-27.468317,-57.67883
Z806,XXI Health Status (Z),8.12775,9.16948,-27.594105,-57.705135
Z807,XXI Health Status (Z),8.288333,9.181491,-27.381956,-57.87569
Z808,XXI Health Status (Z),8.400085,9.089299,-26.916988,-57.75081
Z809,XXI Health Status (Z),8.063687,9.209938,-28.321217,-57.56548
Z810,XXI Health Status (Z),7.451438,8.506106,-32.75421,-44.689133
Z811,XXI Health Status (Z),7.5714517,8.526733,-32.684246,-44.853966
Z812,XXI Health Status (Z),7.4748273,8.533852,-32.826416,-44.86073
Z813,XXI Health Status (Z),7.523155,8.529924,-32.786224,-44.824543
Z818,XXI Health Status (Z),7.775114,8.578326,-32.0306,-45.17893
Z82,XXI Health Status (Z),7.81008,9.258762,-31.455267,-54.289776
Z820,XXI Health Status (Z),8.056964,9.060963,-30.600904,-54.14226
Z821,XXI Health Status (Z),7.9928446,9.141606,-30.99552,-54.266876
Z822,XXI Health Status (Z),7.944561,9.185123,-30.966291,-54.242767
Z823,XXI Health Status (Z),7.9009047,9.231958,-32.80746,-54.9612
Z824,XXI Health Status (Z),8.12964,8.973807,-28.653656,-53.04291
Z8249,XXI Health Status (Z),8.025596,9.0471525,-29.93715,-53.71341
Z825,XXI Health Status (Z),7.873543,9.291139,-31.774698,-54.88075
Z826,XXI Health Status (Z),8.158629,9.041596,-28.513983,-54.6206
Z8261,XXI Health Status (Z),8.067425,8.987909,-29.830713,-53.63352
Z827,XXI Health Status (Z),7.9147334,9.208427,-31.445261,-54.416386
Z828,XXI Health Status (Z),7.9982786,9.005487,-29.867298,-53.61946
Z83,XXI Health Status (Z),7.965439,9.184772,-30.711945,-54.93875
Z830,XXI Health Status (Z),7.9824295,9.139923,-30.056543,-54.5936
Z831,XXI Health Status (Z),8.096642,9.045507,-30.007137,-54.372566
Z832,XXI Health Status (Z),8.087649,9.101185,-29.749723,-54.576355
Z833,XXI Health Status (Z),7.952415,9.18201,-32.482384,-54.963013
Z834,XXI Health Status (Z),8.150629,9.006357,-29.327282,-54.149193
Z835,XXI Health Status (Z),21.74688,9.206419,-15.959178,-44.25372
Z836,XXI Health Status (Z),7.904536,9.272782,-31.81291,-54.78785
Z837,XXI Health Status (Z),8.207378,9.046768,-28.689283,-56.17493
Z84,XXI Health Status (Z),7.84903,9.226566,-32.702747,-53.841957
Z840,XXI Health Status (Z),7.7953186,9.251084,-33.420837,-53.3612
Z841,XXI Health Status (Z),7.894786,9.200639,-33.132645,-53.31577
Z842,XXI Health Status (Z),7.8203354,9.169223,-33.212227,-53.388916
Z843,XXI Health Status (Z),7.938569,9.095017,-32.301292,-53.08516
Z848,XXI Health Status (Z),7.8952427,9.275238,-32.323734,-54.25954
Z85,XXI Health Status (Z),8.338445,9.281163,-25.858606,-59.24654
Z850,XXI Health Status (Z),8.42781,9.277823,-25.888554,-59.912056
Z851,XXI Health Status (Z),8.475594,9.272479,-25.459272,-60.036102
Z852,XXI Health Status (Z),8.409656,9.322706,-25.66975,-60.0694
Z853,XXI Health Status (Z),8.478331,9.148879,-25.105177,-58.881752
Z854,XXI Health Status (Z),8.624476,9.177325,-25.098703,-57.898354
Z855,XXI Health Status (Z),8.484706,9.222521,-26.062216,-59.46634
Z856,XXI Health Status (Z),8.4276495,9.30976,-25.780989,-60.00298
Z857,XXI Health Status (Z),8.519948,9.25499,-25.517607,-59.729797
Z858,XXI Health Status (Z),8.546154,9.175475,-25.202896,-58.33305
Z859,XXI Health Status (Z),8.486834,9.152999,-25.704475,-58.872902
Z860,XXI Health Status (Z),8.461451,9.011977,-24.83892,-55.370533
Z861,XXI Health Status (Z),8.480361,8.970002,-25.508589,-54.330597
Z862,XXI Health Status (Z),8.437363,9.002702,-26.075424,-55.109497
Z863,XXI Health Status (Z),8.385662,9.003172,-26.220325,-54.950066
Z864,XXI Health Status (Z),8.60151,8.8739,-24.026712,-53.297745
Z865,XXI Health Status (Z),8.41883,8.912314,-26.1223,-54.472946
Z866,XXI Health Status (Z),8.593139,8.916755,-24.323156,-54.00112
Z867,XXI Health Status (Z),8.616186,8.881732,-23.894339,-53.5389
Z87,XXI Health Status (Z),8.126235,9.030103,-29.754147,-55.042538
Z870,XXI Health Status (Z),8.438285,8.93318,-25.72621,-53.99567
Z871,XXI Health Status (Z),8.481711,8.9336815,-24.514687,-54.873104
Z872,XXI Health Status (Z),8.453402,9.021107,-26.711365,-56.040283
Z873,XXI Health Status (Z),8.495116,8.877601,-25.564203,-54.18927
Z874,XXI Health Status (Z),8.461828,8.978626,-24.635996,-54.657913
Z875,XXI Health Status (Z),8.10007,9.02865,-28.610872,-53.74205
Z876,XXI Health Status (Z),8.302386,9.000885,-27.059795,-55.344475
Z877,XXI Health Status (Z),8.350408,8.906575,-26.520123,-53.993618
Z878,XXI Health Status (Z),8.483501,8.916027,-25.756523,-54.31268
Z88,XXI Health Status (Z),7.306414,9.16332,-40.449562,-46.93407
Z880,XXI Health Status (Z),8.60093,8.855124,-24.403305,-53.468464
Z881,XXI Health Status (Z),8.577403,8.824206,-25.035496,-54.002625
Z882,XXI Health Status (Z),8.4246,8.915021,-26.29158,-54.55265
Z883,XXI Health Status (Z),8.383775,8.925781,-26.56743,-54.6473
Z884,XXI Health Status (Z),8.329894,8.944613,-27.17367,-54.636204
Z885,XXI Health Status (Z),8.457895,8.831022,-25.485434,-54.16549
Z886,XXI Health Status (Z),8.590352,8.829742,-24.952768,-53.845848
Z887,XXI Health Status (Z),8.341757,8.963141,-27.039282,-54.821877
Z888,XXI Health Status (Z),8.573715,8.858746,-24.803955,-54.00335
Z889,XXI Health Status (Z),7.4465513,9.190997,-40.48153,-47.171974
Z89,XXI Health Status (Z),8.775436,9.114866,-21.938675,-55.056965
Z890,XXI Health Status (Z),8.815654,9.110139,-22.2878,-54.904728
Z891,XXI Health Status (Z),8.791056,9.113193,-21.938807,-55.06192
Z892,XXI Health Status (Z),8.831105,9.132384,-22.05626,-54.896214
Z893,XXI Health Status (Z),8.82434,9.129908,-22.04752,-54.96925
Z894,XXI Health Status (Z),8.822759,9.125763,-21.804012,-54.972954
Z895,XXI Health Status (Z),8.86284,9.140534,-21.977785,-54.947258
Z896,XXI Health Status (Z),8.839733,9.128086,-22.111635,-54.886616
Z897,XXI Health Status (Z),8.805867,9.145292,-21.969728,-55.068768
Z898,XXI Health Status (Z),8.805364,9.125012,-21.933441,-55.058228
Z899,XXI Health Status (Z),8.822542,9.1326275,-21.953695,-55.09046
Z900,XXI Health Status (Z),8.447648,9.067631,-26.0276,-56.219204
Z901,XXI Health Status (Z),8.463016,9.147279,-25.137152,-59.05958
Z902,XXI Health Status (Z),8.4994955,9.277378,-25.298819,-59.98401
Z903,XXI Health Status (Z),8.34619,9.313571,-26.254707,-60.85722
Z904,XXI Health Status (Z),8.484055,9.0953665,-25.306225,-57.349766
Z905,XXI Health Status (Z),8.484061,9.10832,-25.433296,-57.699955
Z906,XXI Health Status (Z),8.3665285,9.3218565,-26.993202,-60.523792
Z907,XXI Health Status (Z),8.509854,8.998004,-24.747995,-54.793617
Z908,XXI Health Status (Z),8.391525,8.881411,-26.421219,-53.673714
Z91,XXI Health Status (Z),8.212163,8.652846,-27.013573,-51.921642
Z910,XXI Health Status (Z),8.580142,8.858104,-25.065868,-53.87747
Z911,XXI Health Status (Z),7.9582815,8.596318,-30.06875,-48.216522
Z912,XXI Health Status (Z),8.225281,8.680335,-26.9991,-51.990463
Z913,XXI Health Status (Z),8.18796,8.674323,-27.02448,-51.861088
Z914,XXI Health Status (Z),8.14199,8.642741,-27.12218,-51.60096
Z915,XXI Health Status (Z),8.062479,8.59432,-29.766525,-48.63407
Z916,XXI Health Status (Z),8.174395,8.567021,-26.996344,-51.834694
Z918,XXI Health Status (Z),8.235529,8.723788,-27.102554,-51.86923
Z92,XXI Health Status (Z),8.552952,9.13304,-24.392061,-57.203384
Z920,XXI Health Status (Z),8.557923,9.128283,-24.898966,-56.46512
Z921,XXI Health Status (Z),8.918319,9.185288,-19.038757,-55.44142
Z922,XXI Health Status (Z),8.654272,8.885648,-23.900858,-53.61018
Z923,XXI Health Status (Z),8.51718,9.183274,-25.371567,-58.924305
Z924,XXI Health Status (Z),8.424103,8.941205,-26.030132,-54.516777
Z925,XXI Health Status (Z),8.643264,9.189906,-23.934334,-57.29331
Z926,XXI Health Status (Z),8.533329,9.211058,-25.306017,-59.11769
Z928,XXI Health Status (Z),8.444002,9.114556,-25.914742,-56.36669
Z929,XXI Health Status (Z),8.52188,9.087762,-24.455301,-56.82527
Z930,XXI Health Status (Z),8.116902,8.925118,-27.02667,-49.307587
Z931,XXI Health Status (Z),8.215922,8.994607,-26.933434,-49.46449
Z932,XXI Health Status (Z),8.368591,9.29111,-27.21948,-61.526543
Z933,XXI Health Status (Z),8.360863,9.279805,-27.127,-61.386055
Z934,XXI Health Status (Z),8.2975445,9.2666855,-27.867071,-61.675777
Z935,XXI Health Status (Z),8.2709,9.282162,-28.445354,-61.343517
Z936,XXI Health Status (Z),8.249244,9.246263,-27.70036,-61.028164
Z938,XXI Health Status (Z),8.321183,9.280185,-28.08107,-61.510284
Z939,XXI Health Status (Z),8.353304,9.28678,-28.0026,-61.517532
Z940,XXI Health Status (Z),8.665499,9.198935,-21.875927,-57.515488
Z941,XXI Health Status (Z),8.600129,9.256972,-21.419048,-57.670906
Z942,XXI Health Status (Z),8.6750145,9.269252,-21.404009,-57.837086
Z943,XXI Health Status (Z),8.672453,9.239145,-21.764027,-57.80329
Z944,XXI Health Status (Z),8.498115,9.1517935,-22.223312,-57.307053
Z945,XXI Health Status (Z),8.682321,9.27622,-21.851833,-57.85141
Z946,XXI Health Status (Z),8.635932,9.250483,-21.724705,-57.82951
Z947,XXI Health Status (Z),8.64164,9.253893,-21.462917,-58.252796
Z948,XXI Health Status (Z),8.687615,9.265003,-22.012745,-58.625175
Z949,XXI Health Status (Z),8.679406,9.239438,-21.705275,-57.87479
Z95,XXI Health Status (Z),8.952819,9.220168,-19.570917,-55.35196
Z950,XXI Health Status (Z),8.955903,9.230279,-19.284903,-55.399513
Z951,XXI Health Status (Z),8.965294,9.216959,-19.37548,-54.83529
Z952,XXI Health Status (Z),8.949415,9.218547,-19.354898,-55.49257
Z953,XXI Health Status (Z),8.926485,9.222959,-19.813286,-55.68807
Z954,XXI Health Status (Z),8.941421,9.219602,-19.521488,-55.50791
Z955,XXI Health Status (Z),9.0008335,9.224616,-19.336817,-54.65938
Z958,XXI Health Status (Z),8.94161,9.201764,-20.306198,-55.272774
Z9582,XXI Health Status (Z),9.001834,9.251173,-19.525978,-55.34964
Z959,XXI Health Status (Z),8.908621,9.221353,-20.157032,-55.74295
Z960,XXI Health Status (Z),8.082001,8.896481,-28.035492,-46.55165
Z961,XXI Health Status (Z),21.622156,9.232005,-15.965373,-44.26898
Z962,XXI Health Status (Z),8.426564,9.016887,-26.370111,-55.56818
Z963,XXI Health Status (Z),8.496281,8.968101,-25.604773,-55.344017
Z964,XXI Health Status (Z),8.395201,9.0599,-26.28579,-55.709732
Z965,XXI Health Status (Z),8.460763,8.9258995,-25.675697,-55.259014
Z966,XXI Health Status (Z),8.620807,8.870454,-23.968067,-53.402157
Z967,XXI Health Status (Z),8.439846,8.961086,-25.830961,-55.14324
Z968,XXI Health Status (Z),8.513487,9.099578,-25.6344,-57.900467
Z969,XXI Health Status (Z),8.488321,8.93872,-25.83873,-55.423916
Z970,XXI Health Status (Z),8.121128,9.073517,-28.530426,-54.86372
Z971,XXI Health Status (Z),8.289153,8.867324,-26.985178,-54.455704
Z972,XXI Health Status (Z),8.437323,9.012083,-27.586153,-55.101788
Z973,XXI Health Status (Z),8.351909,8.927105,-27.601494,-54.868847
Z974,XXI Health Status (Z),8.411233,8.923044,-27.150505,-54.809723
Z975,XXI Health Status (Z),7.8528833,9.114159,-28.971453,-54.86066
Z978,XXI Health Status (Z),8.282272,9.094512,-28.259981,-55.400288
Z980,XXI Health Status (Z),8.430895,9.237437,-26.746147,-61.194286
Z981,XXI Health Status (Z),8.510029,8.846572,-26.311384,-54.213337
Z982,XXI Health Status (Z),8.122877,8.794792,-27.89847,-49.14827
Z988,XXI Health Status (Z),8.485269,8.997618,-25.952183,-55.904835
Z9889,XXI Health Status (Z),8.465915,9.065011,-25.65419,-55.946144
Z99,XXI Health Status (Z),8.324719,8.800463,-24.907497,-50.077923
Z990,XXI Health Status (Z),8.366875,8.818378,-24.688116,-50.2528
Z991,XXI Health Status (Z),8.385143,8.813818,-24.851536,-50.466816
Z992,XXI Health Status (Z),8.700292,9.221992,-20.486204,-57.577427
Z993,XXI Health Status (Z),8.282829,8.698044,-25.123278,-50.157566
Z994,XXI Health Status (Z),8.316192,8.750942,-24.893972,-50.10011
Z998,XXI Health Status (Z),8.351296,8.782208,-24.887568,-50.333645
Z999,XXI Health Status (Z),8.33996,8.744862,-24.923977,-50.057854
