code,label,description,parent,kind,in_plot
A00-A09,A00-A09,Intestinal infectious diseases,,block,0
A15-A19,A15-A19,Tuberculosis,,block,0
A20-A28,A20-A28,Certain zoonotic bacterial diseases,,block,0
A30-A49,A30-A49,Other bacterial diseases,,block,0
A50-A64,A50-A64,Infections with a predominantly sexual mode of transmission,,block,0
A65-A69,A65-A69,Other spirochaetal diseases,,block,0
A70-A74,A70-A74,Other diseases caused by chlamydiae,,block,0
A75-A79,A75-A79,Rickettsioses,,block,0
A80-A89,A80-A89,Viral infections of the central nervous system,,block,0
A92-A99,A92-A99,Arthropod-borne viral fevers and viral haemorrhagic fevers,,block,0
B00-B09,B00-B09,Viral infections characterized by skin and mucous membrane lesions,,block,0
B15-B19,B15-B19,Viral hepatitis,,block,0
B20-B24,B20-B24,Human immunodeficiency virus [HIV] disease,,block,0
B25-B34,B25-B34,Other viral diseases,,block,0
B35-B49,B35-B49,Mycoses,,block,0
B50-B64,B50-B64,Protozoal diseases,,block,0
B65-B83,B65-B83,Helminthiases,,block,0
B85-B89,B85-B89,"Pediculosis, acariasis and other infestations",,block,0
B90-B94,B90-B94,Sequelae of infectious and parasitic diseases,,block,0
B95-B98,B95-B98,"Bacterial, viral and other infectious agents",,block,0
B99-B99,B99-B99,Other infectious diseases,,block,0
C00-C14,C00-C14,"Malignant neoplasms of lip, oral cavity and pharynx",,block,0
C15-C26,C15-C26,Malignant neoplasms of digestive organs,,block,0
C30-C39,C30-C39,Malignant neoplasms of respiratory and intrathoracic organs,,block,0
C40-C41,C40-C41,Malignant neoplasms of bone and articular cartilage,,block,0
C43-C44,C43-C44,Melanoma and other malignant neoplasms of skin,,block,0
C45-C49,C45-C49,Malignant neoplasms of mesothelial and soft tissue,,block,0
C50-C50,C50-C50,Malignant neoplasm of breast,,block,0
C51-C58,C51-C58,Malignant neoplasms of female genital organs,,block,0
C60-C63,C60-C63,Malignant neoplasms of male genital organs,,block,0
C64-C68,C64-C68,Malignant neoplasms of urinary tract,,block,0
C69-C72,C69-C72,"Malignant neoplasms of eye, brain and other parts of central nervous system",,block,0
C73-C75,C73-C75,Malignant neoplasms of thyroid and other endocrine glands,,block,0
C76-C80,C76-C80,"Malignant neoplasms of ill-defined, secondary and unspecified sites",,block,0
C81-C96,C81-C96,"Malignant neoplasms, stated or presumed to be primary, of lymphoid, haematopoietic and related tissue",,block,0
C97-C97,C97-C97,Malignant neoplasms of independent (primary) multiple sites,,block,0
D00-D09,D00-D09,In situ neoplasms,,block,0
D10-D36,D10-D36,Benign neoplasms,,block,0
D37-D48,D37-D48,Neoplasms of uncertain or unknown behaviour,,block,0
D50-D53,D50-D53,Nutritional anaemias,,block,0
D55-D59,D55-D59,Haemolytic anaemias,,block,0
D60-D64,D60-D64,Aplastic and other anaemias,,block,0
D65-D69,D65-D69,"Coagulation defects, purpura and other haemorrhagic conditions",,block,0
D70-D77,D70-D77,Other diseases of blood and blood-forming organs,,block,0
D80-D89,D80-D89,Certain disorders involving the immune mechanism,,block,0
E00-E07,E00-E07,Disorders of thyroid gland,,block,0
E10-E14,E10-E14,Diabetes mellitus,,block,0
E15-E16,E15-E16,Other disorders of glucose regulation and pancreatic internal secretion,,block,0
E20-E35,E20-E35,Disorders of other endocrine glands,,block,0
E40-E46,E40-E46,Malnutrition,,block,0
E50-E64,E50-E64,Other nutritional deficiencies,,block,0
E65-E68,E65-E68,Obesity and other hyperalimentation,,block,0
E70-E90,E70-E90,Metabolic disorders,,block,0
F00-F09,F00-F09,"Organic, including symptomatic, mental disorders",,block,0
F10-F19,F10-F19,Mental and behavioural disorders due to psychoactive substance use,,block,0
F20-F29,F20-F29,"Schizophrenia, schizotypal and delusional disorders",,block,0
F30-F39,F30-F39,Mood [affective] disorders,,block,0
F40-F48,F40-F48,"Neurotic, stress-related and somatoform disorders",,block,0
F50-F59,F50-F59,Behavioural syndromes associated with physiological disturbances and physical factors,,block,0
F60-F69,F60-F69,Disorders of adult personality and behaviour,,block,0
F70-F79,F70-F79,Mental retardation,,block,0
F80-F89,F80-F89,Disorders of psychological development,,block,0
F90-F98,F90-F98,Behavioural and emotional disorders with onset usually occurring in childhood and adolescence,,block,0
F99-F99,F99-F99,Unspecified mental disorder,,block,0
G00-G09,G00-G09,Inflammatory diseases of the central nervous system,,block,0
G10-G14,G10-G14,Systemic atrophies primarily affecting the central nervous system,,block,0
G20-G26,G20-G26,Extrapyramidal and movement disorders,,block,0
G30-G32,G30-G32,Other degenerative diseases of the nervous system,,block,0
G35-G37,G35-G37,Demyelinating diseases of the central nervous system,,block,0
G40-G47,G40-G47,Episodic and paroxysmal disorders,,block,0
G50-G59,G50-G59,"Nerve, nerve root and plexus disorders",,block,0
G60-G64,G60-G64,Polyneuropathies and other disorders of the peripheral nervous system,,block,0
G70-G73,G70-G73,Diseases of myoneural junction and muscle,,block,0
G80-G83,G80-G83,Cerebral palsy and other paralytic syndromes,,block,0
G90-G99,G90-G99,Other disorders of the nervous system,,block,0
H00-H06,H00-H06,"Disorders of eyelid, lacrimal system and orbit",,block,0
H10-H13,H10-H13,Disorders of conjunctiva,,block,0
H15-H22,H15-H22,"Disorders of sclera, cornea, iris and ciliary body",,block,0
H25-H28,H25-H28,Disorders of lens,,block,0
H30-H36,H30-H36,Disorders of choroid and retina,,block,0
H40-H42,H40-H42,Glaucoma,,block,0
H43-H45,H43-H45,Disorders of vitreous body and globe,,block,0
H46-H48,H46-H48,Disorders of optic nerve and visual pathways,,block,0
H49-H52,H49-H52,"Disorders of ocular muscles, binocular movement, accommodation and refraction",,block,0
H53-H54,H53-H54,Visual disturbances and blindness,,block,0
H55-H59,H55-H59,Other disorders of eye and adnexa,,block,0
H60-H62,H60-H62,Diseases of external ear,,block,0
H65-H75,H65-H75,Diseases of middle ear and mastoid,,block,0
H80-H83,H80-H83,Diseases of inner ear,,block,0
H90-H95,H90-H95,Other disorders of ear,,block,0
I00-I02,I00-I02,Acute rheumatic fever,,block,0
I05-I09,I05-I09,Chronic rheumatic heart diseases,,block,0
I10-I15,I10-I15,Hypertensive diseases,,block,0
I20-I25,I20-I25,Ischaemic heart diseases,,block,0
I26-I28,I26-I28,Pulmonary heart disease and diseases of pulmonary circulation,,block,0
I30-I52,I30-I52,Other forms of heart disease,,block,0
I60-I69,I60-I69,Cerebrovascular diseases,,block,0
I70-I79,I70-I79,"Diseases of arteries, arterioles and capillaries",,block,0
I80-I89,I80-I89,"Diseases of veins, lymphatic vessels and lymph nodes, not elsewhere classified",,block,0
I95-I99,I95-I99,Other and unspecified disorders of the circulatory system,,block,0
J00-J06,J00-J06,Acute upper respiratory infections,,block,0
J09-J18,J09-J18,Influenza and pneumonia,,block,0
J20-J22,J20-J22,Other acute lower respiratory infections,,block,0
J30-J39,J30-J39,Other diseases of upper respiratory tract,,block,0
J40-J47,J40-J47,Chronic lower respiratory diseases,,block,0
J60-J70,J60-J70,Lung diseases due to external agents,,block,0
J80-J84,J80-J84,Other respiratory diseases principally affecting the interstitium,,block,0
J85-J86,J85-J86,Suppurative and necrotic conditions of lower respiratory tract,,block,0
J90-J94,J90-J94,Other diseases of pleura,,block,0
J95-J99,J95-J99,Other diseases of the respiratory system,,block,0
K00-K14,K00-K14,"Diseases of oral cavity, salivary glands and jaws",,block,0
K20-K31,K20-K31,"Diseases of oesophagus, stomach and duodenum",,block,0
K35-K38,K35-K38,Diseases of appendix,,block,0
K40-K46,K40-K46,Hernia,,block,0
K50-K52,K50-K52,Noninfective enteritis and colitis,,block,0
K55-K64,K55-K64,Other diseases of intestines,,block,0
K65-K67,K65-K67,Diseases of peritoneum,,block,0
K70-K77,K70-K77,Diseases of liver,,block,0
K80-K87,K80-K87,"Disorders of gallbladder, biliary tract and pancreas",,block,0
K90-K93,K90-K93,Other diseases of the digestive system,,block,0
L00-L08,L00-L08,Infections of the skin and subcutaneous tissue,,block,0
L10-L14,L10-L14,Bullous disorders,,block,0
L20-L30,L20-L30,Dermatitis and eczema,,block,0
L40-L45,L40-L45,Papulosquamous disorders,,block,0
L50-L54,L50-L54,Urticaria and erythema,,block,0
L55-L59,L55-L59,Radiation-related disorders of the skin and subcutaneous tissue,,block,0
L60-L75,L60-L75,Disorders of skin appendages,,block,0
L80-L99,L80-L99,Other disorders of the skin and subcutaneous tissue,,block,0
M00-M03,M00-M03,Infectious arthropathies,,block,0
M05-M14,M05-M14,Inflammatory polyarthropathies,,block,0
M15-M19,M15-M19,Arthrosis,,block,0
M20-M25,M20-M25,Other joint disorders,,block,0
M30-M36,M30-M36,Systemic connective tissue disorders,,block,0
M40-M43,M40-M43,Deforming dorsopathies,,block,0
M45-M49,M45-M49,Spondylopathies,,block,0
M50-M54,M50-M54,Other dorsopathies,,block,0
M60-M63,M60-M63,Disorders of muscles,,block,0
M65-M68,M65-M68,Disorders of synovium and tendon,,block,0
M70-M79,M70-M79,Other soft tissue disorders,,block,0
M80-M85,M80-M85,Disorders of bone density and structure,,block,0
M86-M90,M86-M90,Other osteopathies,,block,0
M91-M94,M91-M94,Chondropathies,,block,0
M95-M99,M95-M99,Other disorders of the musculoskeletal system and connective tissue,,block,0
N00-N08,N00-N08,Glomerular diseases,,block,0
N10-N16,N10-N16,Renal tubulo-interstitial diseases,,block,0
N17-N19,N17-N19,Renal failure,,block,0
N20-N23,N20-N23,Urolithiasis,,block,0
N25-N29,N25-N29,Other disorders of kidney and ureter,,block,0
N30-N39,N30-N39,Other diseases of urinary system,,block,0
N40-N51,N40-N51,Diseases of male genital organs,,block,0
N60-N64,N60-N64,Disorders of breast,,block,0
N70-N77,N70-N77,Inflammatory diseases of female pelvic organs,,block,0
N80-N98,N80-N98,Noninflammatory disorders of female genital tract,,block,0
N99-N99,N99-N99,Other disorders of the genitourinary system,,block,0
O00-O08,O00-O08,Pregnancy with abortive outcome,,block,0
O10-O16,O10-O16,"Oedema, proteinuria and hypertensive disorders in pregnancy, childbirth and the puerperium",,block,0
O20-O29,O20-O29,Other maternal disorders predominantly related to pregnancy,,block,0
O30-O48,O30-O48,Maternal care related to the fetus and amniotic cavity and possible delivery problems,,block,0
O60-O75,O60-O75,Complications of labour and delivery,,block,0
O80-O84,O80-O84,Delivery,,block,0
O85-O92,O85-O92,Complications predominantly related to the puerperium,,block,0
O94-O99,O94-O99,"Other obstetric conditions, not elsewhere classified",,block,0
P00-P04,P00-P04,"Fetus and newborn affected by maternal factors and by complications of pregnancy, labour and delivery",,block,0
P05-P08,P05-P08,Disorders related to length of gestation and fetal growth,,block,0
P10-P15,P10-P15,Birth trauma,,block,0
P20-P29,P20-P29,Respiratory and cardiovascular disorders specific to the perinatal period,,block,0
P35-P39,P35-P39,Infections specific to the perinatal period,,block,0
P50-P61,P50-P61,Haemorrhagic and haematological disorders of fetus and newborn,,block,0
P70-P74,P70-P74,Transitory endocrine and metabolic disorders specific to fetus and newborn,,block,0
P75-P78,P75-P78,Digestive system disorders of fetus and newborn,,block,0
P80-P83,P80-P83,Conditions involving the integument and temperature regulation of fetus and newborn,,block,0
P90-P96,P90-P96,Other disorders originating in the perinatal period,,block,0
Q00-Q07,Q00-Q07,Congenital malformations of the nervous system,,block,0
Q10-Q18,Q10-Q18,"Congenital malformations of eye, ear, face and neck",,block,0
Q20-Q28,Q20-Q28,Congenital malformations of the circulatory system,,block,0
Q30-Q34,Q30-Q34,Congenital malformations of the respiratory system,,block,0
Q35-Q37,Q35-Q37,Cleft lip and cleft palate,,block,0
Q38-Q45,Q38-Q45,Other congenital malformations of the digestive system,,block,0
Q50-Q56,Q50-Q56,Congenital malformations of genital organs,,block,0
Q60-Q64,Q60-Q64,Congenital malformations of the urinary system,,block,0
Q65-Q79,Q65-Q79,Congenital malformations and deformations of the musculoskeletal system,,block,0
Q80-Q89,Q80-Q89,Other congenital malformations,,block,0
Q90-Q99,Q90-Q99,"Chromosomal abnormalities, not elsewhere classified",,block,0
R00-R09,R00-R09,Symptoms and signs involving the circulatory and respiratory systems,,block,0
R10-R19,R10-R19,Symptoms and signs involving the digestive system and abdomen,,block,0
R20-R23,R20-R23,Symptoms and signs involving the skin and subcutaneous tissue,,block,0
R25-R29,R25-R29,Symptoms and signs involving the nervous and musculoskeletal systems,,block,0
R30-R39,R30-R39,Symptoms and signs involving the urinary system,,block,0
R40-R46,R40-R46,"Symptoms and signs involving cognition, perception, emotional state and behaviour",,block,0
R47-R49,R47-R49,Symptoms and signs involving speech and voice,,block,0
R50-R69,R50-R69,General symptoms and signs,,block,0
R70-R79,R70-R79,"Abnormal findings on examination of blood, without diagnosis",,block,0
R80-R82,R80-R82,"Abnormal findings on examination of urine, without diagnosis",,block,0
R83-R89,R83-R89,"Abnormal findings on examination of other body fluids, substances and tissues, without diagnosis",,block,0
R90-R94,R90-R94,"Abnormal findings on diagnostic imaging and in function studies, without diagnosis",,block,0
R95-R99,R95-R99,Ill-defined and unknown causes of mortality,,block,0
S00-S09,S00-S09,Injuries to the head,,block,0
S10-S19,S10-S19,Injuries to the neck,,block,0
S20-S29,S20-S29,Injuries to the thorax,,block,0
S30-S39,S30-S39,"Injuries to the abdomen, lower back, lumbar spine and pelvis",,block,0
S40-S49,S40-S49,Injuries to the shoulder and upper arm,,block,0
S50-S59,S50-S59,Injuries to the elbow and forearm,,block,0
S60-S69,S60-S69,Injuries to the wrist and hand,,block,0
S70-S79,S70-S79,Injuries to the hip and thigh,,block,0
S80-S89,S80-S89,Injuries to the knee and lower leg,,block,0
S90-S99,S90-S99,Injuries to the ankle and foot,,block,0
T00-T07,T00-T07,Injuries involving multiple body regions,,block,0
T08-T14,T08-T14,"Injuries to unspecified part of trunk, limb or body region",,block,0
T15-T19,T15-T19,Effects of foreign body entering through natural orifice,,block,0
T20-T25,T20-T25,"Burns and corrosions of external body surface, specified by site",,block,0
T26-T28,T26-T28,Burns and corrosions confined to eye and internal organs,,block,0
T29-T32,T29-T32,Burns and corrosions of multiple and unspecified body regions,,block,0
T33-T35,T33-T35,Frostbite,,block,0
T36-T50,T36-T50,"Poisoning by drugs, medicaments and biological substances",,block,0
T51-T65,T51-T65,Toxic effects of substances chiefly nonmedicinal as to source,,block,0
T66-T78,T66-T78,Other and unspecified effects of external causes,,block,0
T79-T79,T79-T79,Certain early complications of trauma,,block,0
T80-T88,T80-T88,"Complications of surgical and medical care, not elsewhere classified",,block,0
T90-T98,T90-T98,"Sequelae of injuries, of poisoning and of other consequences of external causes",,block,0
U00-U49,U00-U49,Provisional assignment of new diseases of uncertain etiology or emergency use,,block,0
U82-U85,U82-U85,Resistance to antimicrobial and antineoplastic drugs,,block,0
V01-V09,V01-V09,Pedestrian injured in transport accident,,block,0
V10-V19,V10-V19,Pedal cyclist injured in transport accident,,block,0
V20-V29,V20-V29,Motorcycle rider injured in transport accident,,block,0
V30-V39,V30-V39,Occupant of three-wheeled motor vehicle injured in transport accident,,block,0
V40-V49,V40-V49,Car occupant injured in transport accident,,block,0
V50-V59,V50-V59,Occupant of pick-up truck or van injured in transport accident,,block,0
V60-V69,V60-V69,Occupant of heavy transport vehicle injured in transport accident,,block,0
V70-V79,V70-V79,Bus occupant injured in transport accident,,block,0
V80-V89,V80-V89,Other land transport accidents,,block,0
V90-V94,V90-V94,Water transport accidents,,block,0
V95-V97,V95-V97,Air and space transport accidents,,block,0
V98-V99,V98-V99,Other and unspecified transport accidents,,block,0
W00-W19,W00-W19,Falls,,block,0
W20-W49,W20-W49,Exposure to inanimate mechanical forces,,block,0
W50-W64,W50-W64,Exposure to animate mechanical forces,,block,0
W65-W74,W65-W74,Accidental drowning and submersion,,block,0
W75-W84,W75-W84,Other accidental threats to breathing,,block,0
W85-W99,W85-W99,"Exposure to electric current, radiation and extreme ambient air temperature and pressure",,block,0
X00-X09,X00-X09,"Exposure to smoke, fire and flames",,block,0
X10-X19,X10-X19,Contact with heat and hot substances,,block,0
X20-X29,X20-X29,Contact with venomous animals and plants,,block,0
X30-X39,X30-X39,Exposure to forces of nature,,block,0
X40-X49,X40-X49,Accidental poisoning by and exposure to noxious substances,,block,0
X50-X57,X50-X57,"Overexertion, travel and privation",,block,0
X58-X59,X58-X59,Accidental exposure to other and unspecified factors,,block,0
X60-X84,X60-X84,Intentional self-harm,,block,0
X85-X99,X85-X99,Assault,,block,0
Y00-Y09,Y00-Y09,Assault,,block,0
Y10-Y34,Y10-Y34,Event of undetermined intent,,block,0
Y35-Y36,Y35-Y36,Legal intervention and operations of war,,block,0
Y40-Y59,Y40-Y59,"Drugs, medicaments and biological substances causing adverse effects in therapeutic use",,block,0
Y60-Y69,Y60-Y69,Misadventures to patients during surgical and medical care,,block,0
Y70-Y82,Y70-Y82,Medical devices associated with adverse incidents in diagnostic and therapeutic use,,block,0
Y83-Y84,Y83-Y84,"Surgical and other medical procedures as the cause of abnormal reaction of the patient, or of later complication, without mention of misadventure at the time of the procedure",,block,0
Y85-Y89,Y85-Y89,Sequelae of external causes of morbidity and mortality,,block,0
Y90-Y98,Y90-Y98,Supplementary factors related to causes of morbidity and mortality classified elsewhere,,block,0
Z00-Z13,Z00-Z13,Persons encountering health services for examination and investigation,,block,0
Z20-Z29,Z20-Z29,Persons with potential health hazards related to communicable diseases,,block,0
Z30-Z39,Z30-Z39,Persons encountering health services in circumstances related to reproduction,,block,0
Z40-Z54,Z40-Z54,Persons encountering health services for specific procedures and health care,,block,0
Z55-Z65,Z55-Z65,Persons with potential health hazards related to socioeconomic and psychosocial circumstances,,block,0
Z70-Z76,Z70-Z76,Persons encountering health services in other circumstances,,block,0
Z80-Z99,Z80-Z99,Persons with potential health hazards related to family and personal history and certain conditions influencing health status,,block,0
A00,A00,Cholera,A00-A09,category,1
A009,A00.9,"Cholera, unspecified",A00,subcategory,1
A01,A01,Typhoid and paratyphoid fevers,A00-A09,category,1
A010,A01.0,Typhoid fever,A01,subcategory,1
A014,A01.4,"Paratyphoid fever, unspecified",A01,subcategory,1
A02,A02,Other Salmonella infections,A00-A09,category,1
A020,A02.0,Salmonella gastro-enteritis,A02,subcategory,1
A021,A02.1,Salmonella septicaemia,A02,subcategory,1
A022,A02.2,Localised Salmonella infections,A02,subcategory,1
A028,A02.8,Other specified Salmonella infections,A02,subcategory,1
A029,A02.9,"Salmonella infection, unspecified",A02,subcategory,1
A03,A03,Shigellosis,A00-A09,category,1
A030,A03.0,Shigellosis due to Shigella dysenteriae,A03,subcategory,1
A031,A03.1,Shigellosis due to Shigella flexneri,A03,subcategory,1
A033,A03.3,Shigellosis due to Shigella sonnei,A03,subcategory,1
A039,A03.9,"Shigellosis, unspecified",A03,subcategory,1
A04,A04,Other bacterial intestinal infections,A00-A09,category,0
A043,A04.3,Enterohaemorrhagic Escherichia coli infection,A04,subcategory,1
A044,A04.4,Other intestinal Escherichia coli infections,A04,subcategory,1
A045,A04.5,Campylobacter enteritis,A04,subcategory,1
A047,A04.7,Enterocolitis due to Clostridium difficile,A04,subcategory,1
A048,A04.8,Other specified bacterial intestinal infections,A04,subcategory,1
A049,A04.9,"Bacterial intestinal infection, unspecified",A04,subcategory,1
A05,A05,Other bacterial foodborne intoxications,A00-A09,category,1
A050,A05.0,Foodborne staphylococcal intoxication,A05,subcategory,1
A051,A05.1,Botulism,A05,subcategory,1
A058,A05.8,Other specified bacterial foodborne intoxications,A05,subcategory,1
A059,A05.9,"Bacterial foodborne intoxication, unspecified",A05,subcategory,1
A06,A06,Amoebiasis,A00-A09,category,1
A060,A06.0,Acute amoebic dysentery,A06,subcategory,1
A061,A06.1,Chronic intestinal amoebiasis,A06,subcategory,1
A064,A06.4,Amoebic liver abscess,A06,subcategory,1
A065,A06.5,Amoebic lung abscess,A06,subcategory,1
A066,A06.6,Amoebic brain abscess,A06,subcategory,1
A067,A06.7,Cutaneous amoebiasis,A06,subcategory,1
A068,A06.8,Amoebic infection of other sites,A06,subcategory,1
A069,A06.9,"Amoebiasis, unspecified",A06,subcategory,1
A07,A07,Other protozoal intestinal diseases,A00-A09,category,0
A071,A07.1,Giardiasis [lambliasis],A07,subcategory,1
A072,A07.2,Cryptosporidiosis,A07,subcategory,1
A078,A07.8,Other specified protozoal intestinal diseases,A07,subcategory,1
A079,A07.9,"Protozoal intestinal disease, unspecified",A07,subcategory,1
A08,A08,Viral and other specified intestinal infections,A00-A09,category,0
A080,A08.0,Rotaviral enteritis,A08,subcategory,1
A081,A08.1,Acute gastro-enteropathy due to Norwalk agent,A08,subcategory,1
A082,A08.2,Adenoviral enteritis,A08,subcategory,1
A083,A08.3,Other viral enteritis,A08,subcategory,1
A084,A08.4,"Viral intestinal infection, unspecified",A08,subcategory,1
A085,A08.5,Other specified intestinal infections,A08,subcategory,1
A088,A08.8,Other specified intestinal infections,A08,subcategory,1
A09,A09,Diarrhoea and gastro-enteritis of presumed infectious origin,A00-A09,category,1
A090,A09.0,Other and unspecified gastroenteritis and colitis of infectious origin,A09,subcategory,1
A099,A09.9,Gastroenteritis and colitis of unspecified origin,A09,subcategory,1
A15,A15,"Respiratory tuberculosis, bacteriologically and histologically confirmed",A15-A19,category,0
A150,A15.0,"Tuberculosis of lung, confirmed by sputum microscopy with or without culture",A15,subcategory,1
A152,A15.2,"Tuberculosis of lung, confirmed histologically",A15,subcategory,1
A153,A15.3,"Tuberculosis of lung, confirmed by unspecified means",A15,subcategory,1
A155,A15.5,"Tuberculosis of larynx, trachea and bronchus, confirmed bacteriologically and histologically",A15,subcategory,1
A156,A15.6,"Tuberculous pleurisy, confirmed bacteriologically and histologically",A15,subcategory,1
A159,A15.9,"Respiratory tuberculosis unspecified, confirmed bacteriologically and histologically",A15,subcategory,1
A16,A16,"Respiratory tuberculosis, not confirmed bacteriologically or histologically",A15-A19,category,1
A160,A16.0,"Tuberculosis of lung, bacteriologically and histologically negative",A16,subcategory,1
A161,A16.1,"Tuberculosis of lung, bacteriological and histological examination not done",A16,subcategory,1
A162,A16.2,"Tuberculosis of lung, without mention of bacteriological or histological confirmation",A16,subcategory,1
A163,A16.3,"Tuberculosis of intrathoracic lymph nodes, without mention of bacteriological or histological confirmation",A16,subcategory,1
A165,A16.5,"Tuberculous pleurisy, without mention of bacteriological or histological confirmation",A16,subcategory,1
A167,A16.7,Primary respiratory tuberculosis without mention of bacteriological or histological confirmation,A16,subcategory,1
A169,A16.9,"Respiratory tuberculosis unspecified, without mention of bacteriological or histological confirmation",A16,subcategory,1
A17,A17,Tuberculosis of nervous system,A15-A19,category,0
A170,A17.0,Tuberculous meningitis,A17,subcategory,1
A18,A18,Tuberculosis of other organs,A15-A19,category,0
A180,A18.0,Tuberculosis of bones and joints,A18,subcategory,1
A181,A18.1,Tuberculosis of genito-urinary system,A18,subcategory,1
A182,A18.2,Tuberculous peripheral lymphadenopathy,A18,subcategory,1
A183,A18.3,"Tuberculosis of intestines, peritoneum and mesenteric glands",A18,subcategory,1
A184,A18.4,Tuberculosis of skin and subcutaneous tissue,A18,subcategory,1
A185,A18.5,Tuberculosis of eye,A18,subcategory,1
A187,A18.7,Tuberculosis of adrenal glands,A18,subcategory,1
A188,A18.8,Tuberculosis of other specified organs,A18,subcategory,1
A19,A19,Miliary tuberculosis,A15-A19,category,0
A191,A19.1,Acute miliary tuberculosis of multiple sites,A19,subcategory,1
A20,A20,Plague,A20-A28,category,1
A200,A20.0,Bubonic plague,A20,subcategory,1
A209,A20.9,"Plague, unspecified",A20,subcategory,1
A22,A22,Anthrax,A20-A28,category,1
A220,A22.0,Cutaneous anthrax,A22,subcategory,1
A222,A22.2,Gastro-intestinal anthrax,A22,subcategory,1
A229,A22.9,"Anthrax, unspecified",A22,subcategory,1
A23,A23,Brucellosis,A20-A28,category,1
A230,A23.0,Brucellosis due to Brucella melitensis,A23,subcategory,1
A239,A23.9,"Brucellosis, unspecified",A23,subcategory,1
A26,A26,Erysipeloid,A20-A28,category,0
A260,A26.0,Cutaneous erysipeloid,A26,subcategory,1
A27,A27,Leptospirosis,A20-A28,category,1
A270,A27.0,Leptospirosis icterohaemorrhagica,A27,subcategory,1
A279,A27.9,"Leptospirosis, unspecified",A27,subcategory,1
A28,A28,"Other zoonotic bacterial diseases, not elsewhere classified",A20-A28,category,0
A280,A28.0,Pasteurellosis,A28,subcategory,1
A281,A28.1,Cat-scratch disease,A28,subcategory,1
A282,A28.2,Extraintestinal yersiniosis,A28,subcategory,1
A30,A30,Leprosy [Hansen's disease],A30-A49,category,1
A31,A31,Infection due to other mycobacteria,A30-A49,category,1
A310,A31.0,Pulmonary mycobacterial infection,A31,subcategory,1
A311,A31.1,Cutaneous mycobacterial infection,A31,subcategory,1
A318,A31.8,Other mycobacterial infections,A31,subcategory,1
A319,A31.9,"Mycobacterial infection, unspecified",A31,subcategory,1
A32,A32,Listeriosis,A30-A49,category,0
A321,A32.1,Listerial meningitis and meningoencephalitis,A32,subcategory,1
A327,A32.7,Listerial septicaemia,A32,subcategory,1
A329,A32.9,"Listeriosis, unspecified",A32,subcategory,1
A34,A34,Obstetrical tetanus,A30-A49,category,1
A35,A35,Other tetanus,A30-A49,category,1
A36,A36,Diphtheria,A30-A49,category,1
A363,A36.3,Cutaneous diphtheria,A36,subcategory,1
A368,A36.8,Other diphtheria,A36,subcategory,1
A369,A36.9,"Diphtheria, unspecified",A36,subcategory,1
A37,A37,Whooping cough,A30-A49,category,1
A370,A37.0,Whooping cough due to Bordetella pertussis,A37,subcategory,1
A378,A37.8,Whooping cough due to other Bordetella species,A37,subcategory,1
A379,A37.9,"Whooping cough, unspecified",A37,subcategory,1
A3790,A37.90,"Whooping cough, unspecified species without pneumonia",A379,extension,1
A38,A38,Scarlet fever,A30-A49,category,1
A39,A39,Meningococcal infection,A30-A49,category,1
A390,A39.0,Meningococcal meningitis,A39,subcategory,1
A391,A39.1,Waterhouse-Friderichsen syndrome,A39,subcategory,1
A392,A39.2,Acute meningococcaemia,A39,subcategory,1
A393,A39.3,Chronic meningococcaemia,A39,subcategory,1
A394,A39.4,"Meningococcaemia, unspecified",A39,subcategory,1
A398,A39.8,Other meningococcal infections,A39,subcategory,1
A399,A39.9,"Meningococcal infection, unspecified",A39,subcategory,1
A40,A40,Streptococcal septicaemia,A30-A49,category,1
A400,A40.0,"Septicaemia due to streptococcus, group A",A40,subcategory,1
A401,A40.1,"Septicaemia due to streptococcus, group B",A40,subcategory,1
A402,A40.2,"Septicaemia due to streptococcus, group D",A40,subcategory,1
A403,A40.3,Septicaemia due to Streptococcus pneumoniae,A40,subcategory,1
A408,A40.8,Other streptococcal septicaemia,A40,subcategory,1
A409,A40.9,"Streptococcal septicaemia, unspecified",A40,subcategory,1
A41,A41,Other septicaemia,A30-A49,category,1
A410,A41.0,Septicaemia due to Staphylococcus aureus,A41,subcategory,1
A411,A41.1,Septicaemia due to other specified staphylococcus,A41,subcategory,1
A412,A41.2,Septicaemia due to unspecified staphylococcus,A41,subcategory,1
A413,A41.3,Septicaemia due to Haemophilus influenzae,A41,subcategory,1
A414,A41.4,Septicaemia due to anaerobes,A41,subcategory,1
A415,A41.5,Septicaemia due to other Gram-negative organisms,A41,subcategory,1
A418,A41.8,Other specified septicaemia,A41,subcategory,1
A4189,A41.89,Other specified sepsis,A418,extension,1
A419,A41.9,"Septicaemia, unspecified",A41,subcategory,1
A42,A42,Actinomycosis,A30-A49,category,1
A421,A42.1,Abdominal actinomycosis,A42,subcategory,1
A428,A42.8,Other forms of actinomycosis,A42,subcategory,1
A429,A42.9,"Actinomycosis, unspecified",A42,subcategory,1
A43,A43,Nocardiosis,A30-A49,category,1
A439,A43.9,"Nocardiosis, unspecified",A43,subcategory,1
A46,A46,Erysipelas,A30-A49,category,1
A48,A48,"Other bacterial diseases, not elsewhere classified",A30-A49,category,0
A480,A48.0,Gas gangrene,A48,subcategory,1
A481,A48.1,Legionnaires' disease,A48,subcategory,1
A482,A48.2,Nonpneumonic Legionnaires' disease [Pontiac fever],A48,subcategory,1
A483,A48.3,Toxic shock syndrome,A48,subcategory,1
A488,A48.8,Other specified bacterial diseases,A48,subcategory,1
A49,A49,Bacterial infection of unspecified site,A30-A49,category,0
A490,A49.0,"Staphylococcal infection, unspecified",A49,subcategory,1
A491,A49.1,"Streptococcal infection, unspecified",A49,subcategory,1
A492,A49.2,"Haemophilus influenzae infection, unspecified",A49,subcategory,1
A493,A49.3,"Mycoplasma infection, unspecified",A49,subcategory,1
A498,A49.8,Other bacterial infections of unspecified site,A49,subcategory,1
A499,A49.9,"Bacterial infection, unspecified",A49,subcategory,1
A50,A50,Congenital syphilis,A50-A64,category,1
A500,A50.0,"Early congenital syphilis, symptomatic",A50,subcategory,1
A501,A50.1,"Early congenital syphilis, latent",A50,subcategory,1
A503,A50.3,Late congenital syphilitic oculopathy,A50,subcategory,1
A505,A50.5,"Other late congenital syphilis, symptomatic",A50,subcategory,1
A51,A51,Early syphilis,A50-A64,category,0
A513,A51.3,Secondary syphilis of skin and mucous membranes,A51,subcategory,1
A5131,A51.31,Condyloma latum,A513,extension,1
A5139,A51.39,Other secondary syphilis of skin,A513,extension,1
A514,A51.4,Other secondary syphilis,A51,subcategory,1
A515,A51.5,"Early syphilis, latent",A51,subcategory,1
A52,A52,Late syphilis,A50-A64,category,0
A520,A52.0,Cardiovascular syphilis,A52,subcategory,1
A521,A52.1,Symptomatic neurosyphilis,A52,subcategory,1
A522,A52.2,Asymptomatic neurosyphilis,A52,subcategory,1
A523,A52.3,"Neurosyphilis, unspecified",A52,subcategory,1
A527,A52.7,Other symptomatic late syphilis,A52,subcategory,1
A53,A53,Other and unspecified syphilis,A50-A64,category,1
A530,A53.0,"Latent syphilis, unspecified as early or late",A53,subcategory,1
A539,A53.9,"Syphilis, unspecified",A53,subcategory,1
A54,A54,Gonococcal infection,A50-A64,category,1
A540,A54.0,Gonococcal infection of lower genito-urinary tract without periurethral or accessory gland abscess,A54,subcategory,1
A542,A54.2,Gonococcal pelviperitonitis and other gonococcal genito-urinary infections,A54,subcategory,1
A544,A54.4,Gonococcal infection of musculoskeletal system,A54,subcategory,1
A548,A54.8,Other gonococcal infections,A54,subcategory,1
A549,A54.9,"Gonococcal infection, unspecified",A54,subcategory,1
A55,A55,Chlamydial lymphogranuloma (venereum),A50-A64,category,1
A56,A56,Other sexually transmitted chlamydial diseases,A50-A64,category,0
A560,A56.0,Chlamydial infection of lower genito-urinary tract,A56,subcategory,1
A561,A56.1,Chlamydial infection of pelviperitoneum and other genito-urinary organs,A56,subcategory,1
A562,A56.2,"Chlamydial infection of genito-urinary tract, unspecified",A56,subcategory,1
A568,A56.8,Sexually transmitted chlamydial infection of other sites,A56,subcategory,1
A58,A58,Granuloma inguinale,A50-A64,category,1
A59,A59,Trichomoniasis,A50-A64,category,1
A590,A59.0,Urogenital trichomoniasis,A59,subcategory,1
A599,A59.9,"Trichomoniasis, unspecified",A59,subcategory,1
A60,A60,Anogenital herpesviral [herpes simplex] infections,A50-A64,category,1
A600,A60.0,Herpesviral infection of genitalia and urogenital tract,A60,subcategory,1
A601,A60.1,Herpesviral infection of perianal skin and rectum,A60,subcategory,1
A609,A60.9,"Anogenital herpesviral infection, unspecified",A60,subcategory,1
A63,A63,"Other predominantly sexually transmitted diseases, not elsewhere classified",A50-A64,category,0
A630,A63.0,Anogenital (venereal) warts,A63,subcategory,1
A638,A63.8,Other specified predominantly sexually transmitted diseases,A63,subcategory,1
A64,A64,Unspecified sexually transmitted disease,A50-A64,category,1
A65,A65,Non-venereal syphilis,A65-A69,category,1
A66,A66,Yaws,A65-A69,category,1
A660,A66.0,Initial lesions of yaws,A66,subcategory,1
A661,A66.1,Multiple papillomata and wet crab yaws,A66,subcategory,1
A663,A66.3,Hyperkeratosis of yaws,A66,subcategory,1
A665,A66.5,Gangosa,A66,subcategory,1
A669,A66.9,"Yaws, unspecified",A66,subcategory,1
A67,A67,Pinta [carate],A65-A69,category,0
A671,A67.1,Intermediate lesions of pinta,A67,subcategory,1
A69,A69,Other spirochaetal infections,A65-A69,category,0
A691,A69.1,Other Vincent's infections,A69,subcategory,1
A692,A69.2,Lyme disease,A69,subcategory,1
A698,A69.8,Other specified spirochaetal infections,A69,subcategory,1
A699,A69.9,"Spirochaetal infection, unspecified",A69,subcategory,1
A70,A70,Chlamydia psittaci infection,A70-A74,category,1
A71,A71,Trachoma,A70-A74,category,1
A710,A71.0,Initial stage of trachoma,A71,subcategory,1
A711,A71.1,Active stage of trachoma,A71,subcategory,1
A719,A71.9,"Trachoma, unspecified",A71,subcategory,1
A74,A74,Other diseases caused by chlamydiae,A70-A74,category,1
A740,A74.0,Chlamydial conjunctivitis,A74,subcategory,1
A748,A74.8,Other chlamydial diseases,A74,subcategory,1
A749,A74.9,"Chlamydial infection, unspecified",A74,subcategory,1
A75,A75,Typhus fever,A75-A79,category,1
A759,A75.9,"Typhus fever, unspecified",A75,subcategory,1
A77,A77,Spotted fever [tick-borne rickettsioses],A75-A79,category,1
A771,A77.1,Spotted fever due to Rickettsia conorii,A77,subcategory,1
A779,A77.9,"Spotted fever, unspecified",A77,subcategory,1
A78,A78,Q fever,A75-A79,category,1
A80,A80,Acute poliomyelitis,A80-A89,category,1
A800,A80.0,"Acute paralytic poliomyelitis, vaccine-associated",A80,subcategory,1
A801,A80.1,"Acute paralytic poliomyelitis, wild virus, imported",A80,subcategory,1
A802,A80.2,"Acute paralytic poliomyelitis, wild virus, indigenous",A80,subcategory,1
A803,A80.3,"Acute paralytic poliomyelitis, other and unspecified",A80,subcategory,1
A809,A80.9,"Acute poliomyelitis, unspecified",A80,subcategory,1
A81,A81,Atypical virus infections of central nervous system,A80-A89,category,0
A810,A81.0,Creutzfeldt-Jakob disease,A81,subcategory,1
A812,A81.2,Progressive multifocal leukoencephalopathy,A81,subcategory,1
A819,A81.9,"Atypical virus infection of central nervous system, unspecified",A81,subcategory,1
A82,A82,Rabies,A80-A89,category,1
A829,A82.9,"Rabies, unspecified",A82,subcategory,1
A83,A83,Mosquito-borne viral encephalitis,A80-A89,category,0
A830,A83.0,Japanese encephalitis,A83,subcategory,1
A838,A83.8,Other mosquito-borne viral encephalitis,A83,subcategory,1
A839,A83.9,"Mosquito-borne viral encephalitis, unspecified",A83,subcategory,1
A85,A85,"Other viral encephalitis, not elsewhere classified",A80-A89,category,0
A850,A85.0,Enteroviral encephalitis,A85,subcategory,1
A858,A85.8,Other specified viral encephalitis,A85,subcategory,1
A86,A86,Unspecified viral encephalitis,A80-A89,category,1
A87,A87,Viral meningitis,A80-A89,category,1
A870,A87.0,Enteroviral meningitis,A87,subcategory,1
A872,A87.2,Lymphocytic choriomeningitis,A87,subcategory,1
A878,A87.8,Other viral meningitis,A87,subcategory,1
A879,A87.9,"Viral meningitis, unspecified",A87,subcategory,1
A88,A88,"Other viral infections of central nervous system, not elsewhere classified",A80-A89,category,0
A881,A88.1,Epidemic vertigo,A88,subcategory,1
A888,A88.8,Other specified viral infections of central nervous system,A88,subcategory,1
A89,A89,Unspecified viral infection of central nervous system,A80-A89,category,1
A90,A90,Dengue fever [classical dengue],A80-A89,category,1
A92,A92,Other mosquito-borne viral fevers,A92-A99,category,1
A921,A92.1,O'nyong-nyong fever,A92,subcategory,1
A928,A92.8,Other specified mosquito-borne viral fevers,A92,subcategory,1
A93,A93,"Other arthropod-borne viral fevers, not elsewhere classified",A92-A99,category,0
A932,A93.2,Colorado tick fever,A93,subcategory,1
A938,A93.8,Other specified arthropod-borne viral fevers,A93,subcategory,1
A94,A94,Unspecified arthropod-borne viral fever,A92-A99,category,1
A95,A95,Yellow fever,A92-A99,category,1
A950,A95.0,Sylvatic yellow fever,A95,subcategory,1
A959,A95.9,"Yellow fever, unspecified",A95,subcategory,1
A97,A97,Dengue,A92-A99,category,1
A971,A97.1,Dengue with warning signs,A97,subcategory,1
A979,A97.9,"Dengue,  unspecified",A97,subcategory,1
B00,B00,Herpesviral [herpes simplex] infections,B00-B09,category,1
B000,B00.0,Eczema herpeticum,B00,subcategory,1
B001,B00.1,Herpesviral vesicular dermatitis,B00,subcategory,1
B002,B00.2,Herpesviral gingivostomatitis and pharyngotonsillitis,B00,subcategory,1
B003,B00.3,Herpesviral meningitis,B00,subcategory,1
B004,B00.4,Herpesviral encephalitis,B00,subcategory,1
B005,B00.5,Herpesviral ocular disease,B00,subcategory,1
B008,B00.8,Other forms of herpesviral infection,B00,subcategory,1
B009,B00.9,"Herpesviral infection, unspecified",B00,subcategory,1
B01,B01,Varicella [chickenpox],B00-B09,category,1
B010,B01.0,Varicella meningitis,B01,subcategory,1
B011,B01.1,Varicella encephalitis,B01,subcategory,1
B012,B01.2,Varicella pneumonia,B01,subcategory,1
B018,B01.8,Varicella with other complications,B01,subcategory,1
B019,B01.9,Varicella without complications,B01,subcategory,1
B02,B02,Zoster [herpes zoster],B00-B09,category,1
B020,B02.0,Zoster encephalitis,B02,subcategory,1
B021,B02.1,Zoster meningitis,B02,subcategory,1
B022,B02.2,Zoster with other nervous system involvement,B02,subcategory,1
B023,B02.3,Zoster ocular disease,B02,subcategory,1
B027,B02.7,Disseminated zoster,B02,subcategory,1
B028,B02.8,Zoster with other complications,B02,subcategory,1
B029,B02.9,Zoster without complication,B02,subcategory,1
B05,B05,Measles,B00-B09,category,1
B053,B05.3,Measles complicated by otitis media,B05,subcategory,1
B059,B05.9,Measles without complication,B05,subcategory,1
B06,B06,Rubella [German measles],B00-B09,category,1
B069,B06.9,Rubella without complication,B06,subcategory,1
B07,B07,Viral warts,B00-B09,category,1
B08,B08,"Other viral infections characterised by skin and mucous membrane lesions, not elsewhere classified",B00-B09,category,1
B080,B08.0,Other orthopoxvirus infections,B08,subcategory,1
B081,B08.1,Molluscum contagiosum,B08,subcategory,1
B082,B08.2,Exanthema subitum [sixth disease],B08,subcategory,1
B083,B08.3,Erythema infectiosum [fifth disease],B08,subcategory,1
B084,B08.4,Enteroviral vesicular stomatitis with exanthem,B08,subcategory,1
B085,B08.5,Enteroviral vesicular pharyngitis,B08,subcategory,1
B088,B08.8,Other specified viral infections characterised by skin and mucous membrane lesions,B08,subcategory,1
B09,B09,Unspecified viral infection characterised by skin and mucous membrane lesions,B00-B09,category,1
B15,B15,Acute hepatitis A,B15-B19,category,0
B150,B15.0,Hepatitis A with hepatic coma,B15,subcategory,1
B159,B15.9,Hepatitis A without hepatic coma,B15,subcategory,1
B16,B16,Acute hepatitis B,B15-B19,category,1
B161,B16.1,Acute hepatitis B with delta-agent (coinfection) without hepatic coma,B16,subcategory,1
B169,B16.9,Acute hepatitis B without delta-agent and without hepatic coma,B16,subcategory,1
B17,B17,Other acute viral hepatitis,B15-B19,category,1
B171,B17.1,Acute hepatitis C,B17,subcategory,1
B172,B17.2,Acute hepatitis E,B17,subcategory,1
B178,B17.8,Other specified acute viral hepatitis,B17,subcategory,1
B179,B17.9,"Acute viral hepatitis, unspecified",B17,subcategory,1
B18,B18,Chronic viral hepatitis,B15-B19,category,0
B180,B18.0,Chronic viral hepatitis B with delta-agent,B18,subcategory,1
B181,B18.1,Chronic viral hepatitis B without delta-agent,B18,subcategory,1
B182,B18.2,Chronic viral hepatitis C,B18,subcategory,1
B188,B18.8,Other chronic viral hepatitis,B18,subcategory,1
B189,B18.9,"Chronic viral hepatitis, unspecified",B18,subcategory,1
B19,B19,Unspecified viral hepatitis,B15-B19,category,1
B199,B19.9,Unspecified viral hepatitis without coma,B19,subcategory,1
B20,B20,Human immunodeficiency virus [HIV] disease resulting in infectious and parasitic diseases,B20-B24,category,0
B201,B20.1,HIV disease resulting in other bacterial infections,B20,subcategory,1
B202,B20.2,HIV disease resulting in cytomegaloviral disease,B20,subcategory,1
B203,B20.3,HIV disease resulting in other viral infections,B20,subcategory,1
B204,B20.4,HIV disease resulting in candidiasis,B20,subcategory,1
B206,B20.6,HIV disease resulting in Pneumocystis carinii pneumonia,B20,subcategory,1
B207,B20.7,HIV disease resulting in multiple infections,B20,subcategory,1
B208,B20.8,HIV disease resulting in other infectious and parasitic diseases,B20,subcategory,1
B21,B21,Human immunodeficiency virus [HIV] disease resulting in malignant neoplasms,B20-B24,category,0
B210,B21.0,HIV disease resulting in Kaposi's sarcoma,B21,subcategory,1
B212,B21.2,HIV disease resulting in other types of non-Hodgkin's lymphoma,B21,subcategory,1
B213,B21.3,"HIV disease resulting in other malignant neoplasms of lymphoid, haematopoietic and related tissue",B21,subcategory,1
B23,B23,Human immunodeficiency virus [HIV] disease resulting in other conditions,B20-B24,category,0
B230,B23.0,Acute HIV infection syndrome,B23,subcategory,1
B232,B23.2,"HIV disease resulting in haematological and immunological abnormalities, not elsewhere classified",B23,subcategory,1
B238,B23.8,HIV disease resulting in other specified conditions,B23,subcategory,1
B24,B24,Unspecified human immunodeficiency virus [HIV] disease,B20-B24,category,1
B25,B25,Cytomegaloviral disease,B25-B34,category,1
B250,B25.0,Cytomegaloviral pneumonitis,B25,subcategory,1
B251,B25.1,Cytomegaloviral hepatitis,B25,subcategory,1
B258,B25.8,Other cytomegaloviral diseases,B25,subcategory,1
B259,B25.9,"Cytomegaloviral disease, unspecified",B25,subcategory,1
B26,B26,Mumps,B25-B34,category,1
B260,B26.0,Mumps orchitis,B26,subcategory,1
B261,B26.1,Mumps meningitis,B26,subcategory,1
B262,B26.2,Mumps encephalitis,B26,subcategory,1
B269,B26.9,Mumps without complication,B26,subcategory,1
B27,B27,Infectious mononucleosis,B25-B34,category,1
B270,B27.0,Gammaherpesviral mononucleosis,B27,subcategory,1
B271,B27.1,Cytomegaloviral mononucleosis,B27,subcategory,1
B278,B27.8,Other infectious mononucleosis,B27,subcategory,1
B279,B27.9,"Infectious mononucleosis, unspecified",B27,subcategory,1
B30,B30,Viral conjunctivitis,B25-B34,category,1
B300,B30.0,Keratoconjunctivitis due to adenovirus,B30,subcategory,1
B301,B30.1,Conjunctivitis due to adenovirus,B30,subcategory,1
B303,B30.3,Acute epidemic haemorrhagic conjunctivitis (enteroviral),B30,subcategory,1
B308,B30.8,Other viral conjunctivitis,B30,subcategory,1
B309,B30.9,"Viral conjunctivitis, unspecified",B30,subcategory,1
B33,B33,"Other viral diseases, not elsewhere classified",B25-B34,category,0
B330,B33.0,Epidemic myalgia,B33,subcategory,1
B332,B33.2,Viral carditis,B33,subcategory,1
B333,B33.3,"Retrovirus infections, not elsewhere classified",B33,subcategory,1
B338,B33.8,Other specified viral diseases,B33,subcategory,1
B34,B34,Viral infection of unspecified site,B25-B34,category,1
B340,B34.0,"Adenovirus infection, unspecified",B34,subcategory,1
B341,B34.1,"Enterovirus infection, unspecified",B34,subcategory,1
B342,B34.2,"Coronavirus infection, unspecified",B34,subcategory,1
B343,B34.3,"Parvovirus infection, unspecified",B34,subcategory,1
B344,B34.4,"Papovirus infection, unspecified",B34,subcategory,1
B348,B34.8,Other viral infections of unspecified site,B34,subcategory,1
B349,B34.9,"Viral infection, unspecified",B34,subcategory,1
B35,B35,Dermatophytosis,B35-B49,category,1
B350,B35.0,Tinea barbae and tinea capitis,B35,subcategory,1
B351,B35.1,Tinea unguium,B35,subcategory,1
B352,B35.2,Tinea manuum,B35,subcategory,1
B353,B35.3,Tinea pedis,B35,subcategory,1
B354,B35.4,Tinea corporis,B35,subcategory,1
B356,B35.6,Tinea cruris,B35,subcategory,1
B358,B35.8,Other dermatophytoses,B35,subcategory,1
B359,B35.9,"Dermatophytosis, unspecified",B35,subcategory,1
B36,B36,Other superficial mycoses,B35-B49,category,1
B360,B36.0,Pityriasis versicolor,B36,subcategory,1
B368,B36.8,Other specified superficial mycoses,B36,subcategory,1
B369,B36.9,"Superficial mycosis, unspecified",B36,subcategory,1
B37,B37,Candidiasis,B35-B49,category,1
B370,B37.0,Candidal stomatitis,B37,subcategory,1
B371,B37.1,Pulmonary candidiasis,B37,subcategory,1
B372,B37.2,Candidiasis of skin and nail,B37,subcategory,1
B373,B37.3,Candidiasis of vulva and vagina,B37,subcategory,1
B374,B37.4,Candidiasis of other urogenital sites,B37,subcategory,1
B375,B37.5,Candidal meningitis,B37,subcategory,1
B376,B37.6,Candidal endocarditis,B37,subcategory,1
B377,B37.7,Candidal septicaemia,B37,subcategory,1
B378,B37.8,Candidiasis of other sites,B37,subcategory,1
B3783,B37.83,Candidal cheilitis,B378,extension,1
B379,B37.9,"Candidiasis, unspecified",B37,subcategory,1
B38,B38,Coccidioidomycosis,B35-B49,category,0
B389,B38.9,"Coccidioidomycosis, unspecified",B38,subcategory,1
B39,B39,Histoplasmosis,B35-B49,category,1
B399,B39.9,"Histoplasmosis, unspecified",B39,subcategory,1
B42,B42,Sporotrichosis,B35-B49,category,1
B429,B42.9,"Sporotrichosis, unspecified",B42,subcategory,1
B43,B43,Chromomycosis and phaeomycotic abscess,B35-B49,category,0
B432,B43.2,Subcutaneous phaeomycotic abscess and cyst,B43,subcategory,1
B44,B44,Aspergillosis,B35-B49,category,1
B440,B44.0,Invasive pulmonary aspergillosis,B44,subcategory,1
B441,B44.1,Other pulmonary aspergillosis,B44,subcategory,1
B448,B44.8,Other forms of aspergillosis,B44,subcategory,1
B449,B44.9,"Aspergillosis, unspecified",B44,subcategory,1
B45,B45,Cryptococcosis,B35-B49,category,0
B450,B45.0,Pulmonary cryptococcosis,B45,subcategory,1
B451,B45.1,Cerebral cryptococcosis,B45,subcategory,1
B46,B46,Zygomycosis,B35-B49,category,1
B469,B46.9,"Zygomycosis, unspecified",B46,subcategory,1
B47,B47,Mycetoma,B35-B49,category,0
B471,B47.1,Actinomycetoma,B47,subcategory,1
B479,B47.9,"Mycetoma, unspecified",B47,subcategory,1
B48,B48,"Other mycoses, not elsewhere classified",B35-B49,category,1
B480,B48.0,Lobomycosis,B48,subcategory,1
B483,B48.3,Geotrichosis,B48,subcategory,1
B487,B48.7,Opportunistic mycoses,B48,subcategory,1
B488,B48.8,Other specified mycoses,B48,subcategory,1
B49,B49,Unspecified mycosis,B35-B49,category,1
B50,B50,Plasmodium falciparum malaria,B50-B64,category,0
B508,B50.8,Other severe and complicated Plasmodium falciparum malaria,B50,subcategory,1
B509,B50.9,"Plasmodium falciparum malaria, unspecified",B50,subcategory,1
B51,B51,Plasmodium vivax malaria,B50-B64,category,0
B510,B51.0,Plasmodium vivax malaria with rupture of spleen,B51,subcategory,1
B518,B51.8,Plasmodium vivax malaria with other complications,B51,subcategory,1
B519,B51.9,Plasmodium vivax malaria without complication,B51,subcategory,1
B53,B53,Other parasitologically confirmed malaria,B50-B64,category,0
B538,B53.8,"Other parasitologically confirmed malaria, not elsewhere classified",B53,subcategory,1
B54,B54,Unspecified malaria,B50-B64,category,1
B55,B55,Leishmaniasis,B50-B64,category,0
B551,B55.1,Cutaneous leishmaniasis,B55,subcategory,1
B56,B56,African trypanosomiasis,B50-B64,category,1
B569,B56.9,"African trypanosomiasis, unspecified",B56,subcategory,1
B58,B58,Toxoplasmosis,B50-B64,category,1
B580,B58.0,Toxoplasma oculopathy,B58,subcategory,1
B582,B58.2,Toxoplasma meningoencephalitis,B58,subcategory,1
B588,B58.8,Toxoplasmosis with other organ involvement,B58,subcategory,1
B589,B58.9,"Toxoplasmosis, unspecified",B58,subcategory,1
B59,B59,Pneumocystosis,B50-B64,category,1
B60,B60,"Other protozoal diseases, not elsewhere classified",B50-B64,category,0
B601,B60.1,Acanthamoebiasis,B60,subcategory,1
B65,B65,Schistosomiasis [bilharziasis],B65-B83,category,1
B650,B65.0,Schistosomiasis due to Schistosoma haematobium [urinary schistosomiasis],B65,subcategory,1
B651,B65.1,Schistosomiasis due to Schistosoma Mansoni [intestinal schistosomiasis],B65,subcategory,1
B652,B65.2,Schistosomiasis due to Schistosoma japonicum,B65,subcategory,1
B658,B65.8,Other schistosomiases,B65,subcategory,1
B659,B65.9,"Schistosomiasis, unspecified",B65,subcategory,1
B66,B66,Other fluke infections,B65-B83,category,1
B660,B66.0,Opisthorchiasis,B66,subcategory,1
B663,B66.3,Fascioliasis,B66,subcategory,1
B669,B66.9,"Fluke infection, unspecified",B66,subcategory,1
B67,B67,Echinococcosis,B65-B83,category,1
B673,B67.3,"Echinococcus granulosus infection, other and multiple sites",B67,subcategory,1
B675,B67.5,Echinococcus multilocularis infection of liver,B67,subcategory,1
B676,B67.6,"Echinococcus multilocularis infection, other and multiple sites",B67,subcategory,1
B678,B67.8,"Echinococcosis, unspecified, of liver",B67,subcategory,1
B679,B67.9,"Echinococcosis, other and unspecified",B67,subcategory,1
B71,B71,Other cestode infections,B65-B83,category,1
B710,B71.0,Hymenolepiasis,B71,subcategory,1
B719,B71.9,"Cestode infection, unspecified",B71,subcategory,1
B73,B73,Onchocerciasis,B65-B83,category,1
B74,B74,Filariasis,B65-B83,category,0
B749,B74.9,"Filariasis, unspecified",B74,subcategory,1
B76,B76,Hookworm diseases,B65-B83,category,1
B760,B76.0,Ankylostomiasis,B76,subcategory,1
B769,B76.9,"Hookworm disease, unspecified",B76,subcategory,1
B77,B77,Ascariasis,B65-B83,category,1
B770,B77.0,Ascariasis with intestinal complications,B77,subcategory,1
B778,B77.8,Ascariasis with other complications,B77,subcategory,1
B779,B77.9,"Ascariasis, unspecified",B77,subcategory,1
B78,B78,Strongyloidiasis,B65-B83,category,0
B781,B78.1,Cutaneous strongyloidiasis,B78,subcategory,1
B79,B79,Trichuriasis,B65-B83,category,1
B80,B80,Enterobiasis,B65-B83,category,1
B81,B81,"Other intestinal helminthiases, not elsewhere classified",B65-B83,category,0
B811,B81.1,Intestinal capillariasis,B81,subcategory,1
B814,B81.4,Mixed intestinal helminthiases,B81,subcategory,1
B82,B82,Unspecified intestinal parasitism,B65-B83,category,0
B820,B82.0,"Intestinal helminthiasis, unspecified",B82,subcategory,1
B829,B82.9,"Intestinal parasitism, unspecified",B82,subcategory,1
B83,B83,Other helminthiases,B65-B83,category,1
B830,B83.0,Visceral larva migrans,B83,subcategory,1
B839,B83.9,"Helminthiasis, unspecified",B83,subcategory,1
B85,B85,Pediculosis and phthiriasis,B85-B89,category,0
B850,B85.0,Pediculosis due to Pediculus humanus capitis,B85,subcategory,1
B851,B85.1,Pediculosis due to Pediculus humanus corporis,B85,subcategory,1
B852,B85.2,"Pediculosis, unspecified",B85,subcategory,1
B853,B85.3,Phthiriasis,B85,subcategory,1
B854,B85.4,Mixed pediculosis and phthiriasis,B85,subcategory,1
B86,B86,Scabies,B85-B89,category,1
B87,B87,Myiasis,B85-B89,category,0
B871,B87.1,Wound myiasis,B87,subcategory,1
B88,B88,Other infestations,B85-B89,category,0
B880,B88.0,Other acariasis,B88,subcategory,1
B889,B88.9,"Infestation, unspecified",B88,subcategory,1
B89,B89,Unspecified parasitic disease,B85-B89,category,1
B90,B90,Sequelae of tuberculosis,B90-B94,category,0
B900,B90.0,Sequelae of central nervous system tuberculosis,B90,subcategory,1
B902,B90.2,Sequelae of tuberculosis of bones and joints,B90,subcategory,1
B908,B90.8,Sequelae of tuberculosis of other organs,B90,subcategory,1
B909,B90.9,Sequelae of respiratory and unspecified tuberculosis,B90,subcategory,1
B91,B91,Sequelae of poliomyelitis,B90-B94,category,1
B94,B94,Sequelae of other and unspecified infectious and parasitic diseases,B90-B94,category,0
B941,B94.1,Sequelae of viral encephalitis,B94,subcategory,1
B942,B94.2,Sequelae of viral hepatitis,B94,subcategory,1
B948,B94.8,Sequelae of other specified infectious and parasitic diseases,B94,subcategory,1
B949,B94.9,Sequelae of unspecified infectious or parasitic disease,B94,subcategory,1
B95,B95,Streptococcus and staphylococcus as the cause of diseases classified to other chapters,B95-B98,category,0
B950,B95.0,"Streptococcus, group A, as the cause of diseases classified to other chapters",B95,subcategory,1
B951,B95.1,"Streptococcus, group B, as the cause of diseases classified to other chapters",B95,subcategory,1
B952,B95.2,"Streptococcus, group D, as the cause of diseases classified to other chapters",B95,subcategory,1
B953,B95.3,Streptococcus pneumoniae as the cause of diseases classified to other chapters,B95,subcategory,1
B954,B95.4,Other streptococcus as the cause of diseases classified to other chapters,B95,subcategory,1
B955,B95.5,Unspecified streptococcus as the cause of diseases classified to other chapters,B95,subcategory,1
B956,B95.6,Staphylococcus aureus as the cause of diseases classified to other chapters,B95,subcategory,1
B957,B95.7,Other staphylococcus as the cause of diseases classified to other chapters,B95,subcategory,1
B958,B95.8,Unspecified staphylococcus as the cause of diseases classified to other chapters,B95,subcategory,1
B96,B96,Other bacterial agents as the cause of diseases classified to other chapters,B95-B98,category,0
B960,B96.0,Mycoplasma pneumoniae [M. pneumoniae] as the cause of diseases classified to other chapters,B96,subcategory,1
B961,B96.1,Klebsiella pneumoniae [K. pneumoniae] as the cause of diseases classified to other chapters,B96,subcategory,1
B962,B96.2,Escherichia coli [E. coli] as the cause of diseases classified to other chapters,B96,subcategory,1
B963,B96.3,Haemophilus influenzae [H. influenzae] as the cause of diseases classified to other chapters,B96,subcategory,1
B964,B96.4,Proteus (mirabilis)(morganii) as the cause of diseases classified to other chapters,B96,subcategory,1
B965,B96.5,Pseudomonas (aeruginosa)(mallei)(pseudomallei) as the cause of diseases classified to other chapters,B96,subcategory,1
B966,B96.6,Bacillus fragilis [B. fragilis] as the cause of diseases classified to other chapters,B96,subcategory,1
B967,B96.7,Clostridium perfringens [C. perfringens] as the cause of diseases classified to other chapters,B96,subcategory,1
B968,B96.8,Other specified bacterial agents as the cause of diseases classified to other chapters,B96,subcategory,1
B97,B97,Viral agents as the cause of diseases classified to other chapters,B95-B98,category,0
B970,B97.0,Adenovirus as the cause of diseases classified to other chapters,B97,subcategory,1
B971,B97.1,Enterovirus as the cause of diseases classified to other chapters,B97,subcategory,1
B9711,B97.11,Coxsackievirus as the cause of diseases classified elsewhere,B971,extension,1
B972,B97.2,Coronavirus as the cause of diseases classified to other chapters,B97,subcategory,1
B973,B97.3,Retrovirus as the cause of diseases classified to other chapters,B97,subcategory,1
B974,B97.4,Respiratory synctial virus as the cause of diseases classified to other chapters,B97,subcategory,1
B976,B97.6,Parvovirus as the cause of diseases classified to other chapters,B97,subcategory,1
B977,B97.7,Papillomavirus as the cause of diseases classified to other chapters,B97,subcategory,1
B978,B97.8,Other viral agents as the cause of diseases classified to other chapters,B97,subcategory,1
B98,B98,Other specified infectious agents as the cause of diseases classified to other chapters,B95-B98,category,0
B980,B98.0,Helicobacter pylori [H.pylori] as the cause of diseases classified to other chapters,B98,subcategory,1
B99,B99,Other and unspecified infectious diseases,B99-B99,category,1
B999,B99.9,Unspecified infectious disease,B99,subcategory,1
C00,C00,Malignant neoplasm of lip,C00-C14,category,1
C000,C00.0,External upper lip,C00,subcategory,1
C001,C00.1,External lower lip,C00,subcategory,1
C002,C00.2,"External lip, unspecified",C00,subcategory,1
C003,C00.3,"Upper lip, inner aspect",C00,subcategory,1
C004,C00.4,"Lower lip, inner aspect",C00,subcategory,1
C009,C00.9,"Lip, unspecified",C00,subcategory,1
C01,C01,Malignant neoplasm of base of tongue,C00-C14,category,1
C02,C02,Malignant neoplasm of other and unspecified parts of tongue,C00-C14,category,1
C020,C02.0,Dorsal surface of tongue,C02,subcategory,1
C021,C02.1,Border of tongue,C02,subcategory,1
C022,C02.2,Ventral surface of tongue,C02,subcategory,1
C023,C02.3,"Anterior two-thirds of tongue, part unspecified",C02,subcategory,1
C024,C02.4,Lingual tonsil,C02,subcategory,1
C028,C02.8,Overlapping lesion of tongue,C02,subcategory,1
C029,C02.9,"Tongue, unspecified",C02,subcategory,1
C03,C03,Malignant neoplasm of gum,C00-C14,category,1
C030,C03.0,Upper gum,C03,subcategory,1
C031,C03.1,Lower gum,C03,subcategory,1
C039,C03.9,"Gum, unspecified",C03,subcategory,1
C04,C04,Malignant neoplasm of floor of mouth,C00-C14,category,1
C040,C04.0,Anterior floor of mouth,C04,subcategory,1
C041,C04.1,Lateral floor of mouth,C04,subcategory,1
C048,C04.8,Overlapping lesion of floor of mouth,C04,subcategory,1
C049,C04.9,"Floor of mouth, unspecified",C04,subcategory,1
C05,C05,Malignant neoplasm of palate,C00-C14,category,1
C050,C05.0,Hard palate,C05,subcategory,1
C051,C05.1,Soft palate,C05,subcategory,1
C058,C05.8,Overlapping lesion of palate,C05,subcategory,1
C059,C05.9,"Palate, unspecified",C05,subcategory,1
C06,C06,Malignant neoplasm of other and unspecified parts of mouth,C00-C14,category,1
C060,C06.0,Cheek mucosa,C06,subcategory,1
C061,C06.1,Vestibule of mouth,C06,subcategory,1
C062,C06.2,Retromolar area,C06,subcategory,1
C068,C06.8,Overlapping lesion of other and unspecified parts of mouth,C06,subcategory,1
C069,C06.9,"Mouth, unspecified",C06,subcategory,1
C07,C07,Malignant neoplasm of parotid gland,C00-C14,category,1
C08,C08,Malignant neoplasm of other and unspecified major salivary glands,C00-C14,category,1
C080,C08.0,Submandibular gland,C08,subcategory,1
C089,C08.9,"Major salivary gland, unspecified",C08,subcategory,1
C09,C09,Malignant neoplasm of tonsil,C00-C14,category,1
C090,C09.0,Tonsillar fossa,C09,subcategory,1
C091,C09.1,Tonsillar pillar (anterior) (posterior),C09,subcategory,1
C098,C09.8,Overlapping lesion of tonsil,C09,subcategory,1
C099,C09.9,"Tonsil, unspecified",C09,subcategory,1
C10,C10,Malignant neoplasm of oropharynx,C00-C14,category,0
C100,C10.0,Vallecula,C10,subcategory,1
C102,C10.2,Lateral wall of oropharynx,C10,subcategory,1
C103,C10.3,Posterior wall of oropharynx,C10,subcategory,1
C108,C10.8,Overlapping lesion of oropharynx,C10,subcategory,1
C109,C10.9,"Oropharynx, unspecified",C10,subcategory,1
C11,C11,Malignant neoplasm of nasopharynx,C00-C14,category,1
C110,C11.0,Superior wall of nasopharynx,C11,subcategory,1
C111,C11.1,Posterior wall of nasopharynx,C11,subcategory,1
C112,C11.2,Lateral wall of nasopharynx,C11,subcategory,1
C118,C11.8,Overlapping lesion of nasopharynx,C11,subcategory,1
C119,C11.9,"Nasopharynx, unspecified",C11,subcategory,1
C12,C12,Malignant neoplasm of pyriform sinus,C00-C14,category,1
C13,C13,Malignant neoplasm of hypopharynx,C00-C14,category,1
C130,C13.0,Postcricoid region,C13,subcategory,1
C132,C13.2,Posterior wall of hypopharynx,C13,subcategory,1
C139,C13.9,"Hypopharynx, unspecified",C13,subcategory,1
C14,C14,"Malignant neoplasm of other and ill-defined sites in the lip, oral cavity and pharynx",C00-C14,category,0
C140,C14.0,"Pharynx, unspecified",C14,subcategory,1
C148,C14.8,"Overlapping lesion of lip, oral cavity and pharynx",C14,subcategory,1
C15,C15,Malignant neoplasm of oesophagus,C15-C26,category,1
C150,C15.0,Cervical part of oesophagus,C15,subcategory,1
C151,C15.1,Thoracic part of oesophagus,C15,subcategory,1
C152,C15.2,Abdominal part of oesophagus,C15,subcategory,1
C153,C15.3,Upper third of oesophagus,C15,subcategory,1
C154,C15.4,Middle third of oesophagus,C15,subcategory,1
C155,C15.5,Lower third of oesophagus,C15,subcategory,1
C158,C15.8,Overlapping lesion of oesophagus,C15,subcategory,1
C159,C15.9,"Oesophagus, unspecified",C15,subcategory,1
C16,C16,Malignant neoplasm of stomach,C15-C26,category,1
C160,C16.0,Cardia,C16,subcategory,1
C161,C16.1,Fundus of stomach,C16,subcategory,1
C162,C16.2,Body of stomach,C16,subcategory,1
C163,C16.3,Pyloric antrum,C16,subcategory,1
C164,C16.4,Pylorus,C16,subcategory,1
C165,C16.5,"Lesser curvature of stomach, unspecified",C16,subcategory,1
C166,C16.6,"Greater curvature of stomach, unspecified",C16,subcategory,1
C168,C16.8,Overlapping lesion of stomach,C16,subcategory,1
C169,C16.9,"Stomach, unspecified",C16,subcategory,1
C17,C17,Malignant neoplasm of small intestine,C15-C26,category,1
C170,C17.0,Duodenum,C17,subcategory,1
C171,C17.1,Jejunum,C17,subcategory,1
C172,C17.2,Ileum,C17,subcategory,1
C173,C17.3,Meckel's diverticulum,C17,subcategory,1
C178,C17.8,Overlapping lesion of small intestine,C17,subcategory,1
C179,C17.9,"Small intestine, unspecified",C17,subcategory,1
C18,C18,Malignant neoplasm of colon,C15-C26,category,1
C180,C18.0,Caecum,C18,subcategory,1
C181,C18.1,Appendix,C18,subcategory,1
C182,C18.2,Ascending colon,C18,subcategory,1
C183,C18.3,Hepatic flexure,C18,subcategory,1
C184,C18.4,Transverse colon,C18,subcategory,1
C185,C18.5,Splenic flexure,C18,subcategory,1
C186,C18.6,Descending colon,C18,subcategory,1
C187,C18.7,Sigmoid colon,C18,subcategory,1
C188,C18.8,Overlapping lesion of colon,C18,subcategory,1
C189,C18.9,"Colon, unspecified",C18,subcategory,1
C19,C19,Malignant neoplasm of rectosigmoid junction,C15-C26,category,1
C20,C20,Malignant neoplasm of rectum,C15-C26,category,1
C21,C21,Malignant neoplasm of anus and anal canal,C15-C26,category,0
C210,C21.0,"Anus, unspecified",C21,subcategory,1
C211,C21.1,Anal canal,C21,subcategory,1
C218,C21.8,"Overlapping lesion of rectum, anus and anal canal",C21,subcategory,1
C22,C22,Malignant neoplasm of liver and intrahepatic bile ducts,C15-C26,category,1
C220,C22.0,Liver cell carcinoma,C22,subcategory,1
C221,C22.1,Intrahepatic bile duct carcinoma,C22,subcategory,1
C223,C22.3,Angiosarcoma of liver,C22,subcategory,1
C224,C22.4,Other sarcomas of liver,C22,subcategory,1
C227,C22.7,Other specified carcinomas of liver,C22,subcategory,1
C229,C22.9,"Liver, unspecified",C22,subcategory,1
C23,C23,Malignant neoplasm of gallbladder,C15-C26,category,1
C24,C24,Malignant neoplasm of other and unspecified parts of biliary tract,C15-C26,category,1
C240,C24.0,Extrahepatic bile duct,C24,subcategory,1
C241,C24.1,Ampulla of Vater,C24,subcategory,1
C248,C24.8,Overlapping lesion of biliary tract,C24,subcategory,1
C249,C24.9,"Biliary tract, unspecified",C24,subcategory,1
C25,C25,Malignant neoplasm of pancreas,C15-C26,category,1
C250,C25.0,Head of pancreas,C25,subcategory,1
C251,C25.1,Body of pancreas,C25,subcategory,1
C252,C25.2,Tail of pancreas,C25,subcategory,1
C253,C25.3,Pancreatic duct,C25,subcategory,1
C254,C25.4,Endocrine pancreas,C25,subcategory,1
C257,C25.7,Other parts of pancreas,C25,subcategory,1
C258,C25.8,Overlapping lesion of pancreas,C25,subcategory,1
C259,C25.9,"Pancreas, unspecified",C25,subcategory,1
C26,C26,Malignant neoplasm of other and ill-defined digestive organs,C15-C26,category,1
C260,C26.0,"Intestinal tract, part unspecified",C26,subcategory,1
C261,C26.1,Spleen,C26,subcategory,1
C268,C26.8,Overlapping lesion of digestive system,C26,subcategory,1
C269,C26.9,Ill-defined sites within the digestive system,C26,subcategory,1
C30,C30,Malignant neoplasm of nasal cavity and middle ear,C30-C39,category,1
C300,C30.0,Nasal cavity,C30,subcategory,1
C301,C30.1,Middle ear,C30,subcategory,1
C31,C31,Malignant neoplasm of accessory sinuses,C30-C39,category,1
C310,C31.0,Maxillary sinus,C31,subcategory,1
C311,C31.1,Ethmoidal sinus,C31,subcategory,1
C312,C31.2,Frontal sinus,C31,subcategory,1
C313,C31.3,Sphenoidal sinus,C31,subcategory,1
C319,C31.9,"Accessory sinus, unspecified",C31,subcategory,1
C32,C32,Malignant neoplasm of larynx,C30-C39,category,1
C320,C32.0,Glottis,C32,subcategory,1
C321,C32.1,Supraglottis,C32,subcategory,1
C322,C32.2,Subglottis,C32,subcategory,1
C323,C32.3,Laryngeal cartilage,C32,subcategory,1
C329,C32.9,"Larynx, unspecified",C32,subcategory,1
C33,C33,Malignant neoplasm of trachea,C30-C39,category,1
C34,C34,Malignant neoplasm of bronchus and lung,C30-C39,category,1
C340,C34.0,Main bronchus,C34,subcategory,1
C341,C34.1,"Upper lobe, bronchus or lung",C34,subcategory,1
C342,C34.2,"Middle lobe, bronchus or lung",C34,subcategory,1
C343,C34.3,"Lower lobe, bronchus or lung",C34,subcategory,1
C348,C34.8,Overlapping lesion of bronchus and lung,C34,subcategory,1
C349,C34.9,"Bronchus or lung, unspecified",C34,subcategory,1
C3490,C34.90,Malignant neoplasm of unspecified part of unspecified bronchus or lung,C349,extension,1
C37,C37,Malignant neoplasm of thymus,C30-C39,category,1
C38,C38,"Malignant neoplasm of heart, mediastinum and pleura",C30-C39,category,0
C380,C38.0,Heart,C38,subcategory,1
C381,C38.1,Anterior mediastinum,C38,subcategory,1
C382,C38.2,Posterior mediastinum,C38,subcategory,1
C383,C38.3,"Mediastinum, part unspecified",C38,subcategory,1
C384,C38.4,Pleura,C38,subcategory,1
C388,C38.8,"Overlapping lesion of heart, mediastinum and pleura",C38,subcategory,1
C39,C39,Malignant neoplasm of other and ill-defined sites in the respiratory system and intrathoracic organs,C30-C39,category,0
C390,C39.0,"Upper respiratory tract, part unspecified",C39,subcategory,1
C40,C40,Malignant neoplasm of bone and articular cartilage of limbs,C40-C41,category,1
C400,C40.0,Scapula and long bones of upper limb,C40,subcategory,1
C401,C40.1,Short bones of upper limb,C40,subcategory,1
C402,C40.2,Long bones of lower limb,C40,subcategory,1
C4020,C40.20,Malignant neoplasm of long bones of unspecified lower limb,C402,extension,1
C403,C40.3,Short bones of lower limb,C40,subcategory,1
C409,C40.9,"Bone and articular cartilage of limb, unspecified",C40,subcategory,1
C41,C41,Malignant neoplasm of bone and articular cartilage of other and unspecified sites,C40-C41,category,0
C410,C41.0,Bones of skull and face,C41,subcategory,1
C411,C41.1,Mandible,C41,subcategory,1
C412,C41.2,Vertebral column,C41,subcategory,1
C413,C41.3,"Ribs, sternum and clavicle",C41,subcategory,1
C414,C41.4,"Pelvic bones, sacrum and coccyx",C41,subcategory,1
C419,C41.9,"Bone and articular cartilage, unspecified",C41,subcategory,1
C43,C43,Malignant melanoma of skin,C43-C44,category,1
C430,C43.0,Malignant melanoma of lip,C43,subcategory,1
C431,C43.1,"Malignant melanoma of eyelid, including canthus",C43,subcategory,1
C432,C43.2,Malignant melanoma of ear and external auricular canal,C43,subcategory,1
C433,C43.3,Malignant melanoma of other and unspecified parts of face,C43,subcategory,1
C4330,C43.30,Malignant melanoma of unspecified part of face,C433,extension,1
C4331,C43.31,Malignant melanoma of nose,C433,extension,1
C4339,C43.39,Malignant melanoma of other parts of face,C433,extension,1
C434,C43.4,Malignant melanoma of scalp and neck,C43,subcategory,1
C435,C43.5,Malignant melanoma of trunk,C43,subcategory,1
C436,C43.6,"Malignant melanoma of upper limb, including shoulder",C43,subcategory,1
C4360,C43.60,"Malignant melanoma of unspecified upper limb, including shoulder",C436,extension,1
C437,C43.7,"Malignant melanoma of lower limb, including hip",C43,subcategory,1
C4370,C43.70,"Malignant melanoma of unspecified lower limb, including hip",C437,extension,1
C438,C43.8,Overlapping malignant melanoma of skin,C43,subcategory,1
C439,C43.9,"Malignant melanoma of skin, unspecified",C43,subcategory,1
C44,C44,Other malignant neoplasms of skin,C43-C44,category,1
C440,C44.0,Skin of lip,C44,subcategory,1
C441,C44.1,"Skin of eyelid, including canthus",C44,subcategory,1
C442,C44.2,Skin of ear and external auricular canal,C44,subcategory,1
C443,C44.3,Skin of other and unspecified parts of face,C44,subcategory,1
C444,C44.4,Skin of scalp and neck,C44,subcategory,1
C445,C44.5,Skin of trunk,C44,subcategory,1
C446,C44.6,"Skin of upper limb, including shoulder",C44,subcategory,1
C447,C44.7,"Skin of lower limb, including hip",C44,subcategory,1
C448,C44.8,Overlapping lesion of skin,C44,subcategory,1
C449,C44.9,"Malignant neoplasm of skin, unspecified",C44,subcategory,1
C45,C45,Mesothelioma,C45-C49,category,0
C450,C45.0,Mesothelioma of pleura,C45,subcategory,1
C451,C45.1,Mesothelioma of peritoneum,C45,subcategory,1
C457,C45.7,Mesothelioma of other sites,C45,subcategory,1
C459,C45.9,"Mesothelioma, unspecified",C45,subcategory,1
C46,C46,Kaposi's sarcoma,C45-C49,category,0
C460,C46.0,Kaposi's sarcoma of skin,C46,subcategory,1
C47,C47,Malignant neoplasm of peripheral nerves and autonomic nervous system,C45-C49,category,0
C471,C47.1,"Peripheral nerves of upper limb, including shoulder",C47,subcategory,1
C472,C47.2,"Peripheral nerves of lower limb, including hip",C47,subcategory,1
C473,C47.3,Peripheral nerves of thorax,C47,subcategory,1
C474,C47.4,Peripheral nerves of abdomen,C47,subcategory,1
C475,C47.5,Peripheral nerves of pelvis,C47,subcategory,1
C479,C47.9,"Peripheral nerves and autonomic nervous system, unspecified",C47,subcategory,1
C48,C48,Malignant neoplasm of retroperitoneum and peritoneum,C45-C49,category,0
C480,C48.0,Retroperitoneum,C48,subcategory,1
C481,C48.1,Specified parts of peritoneum,C48,subcategory,1
C482,C48.2,"Peritoneum, unspecified",C48,subcategory,1
C488,C48.8,Overlapping lesion of retroperitoneum and peritoneum,C48,subcategory,1
C49,C49,Malignant neoplasm of other connective and soft tissue,C45-C49,category,1
C490,C49.0,"Connective and soft tissue of head, face and neck",C49,subcategory,1
C491,C49.1,"Connective and soft tissue of upper limb, including shoulder",C49,subcategory,1
C492,C49.2,"Connective and soft tissue of lower limb, including hip",C49,subcategory,1
C4920,C49.20,"Malignant neoplasm of connective and soft tissue of unspecified lower limb, including hip",C492,extension,1
C493,C49.3,Connective and soft tissue of thorax,C49,subcategory,1
C494,C49.4,Connective and soft tissue of abdomen,C49,subcategory,1
C495,C49.5,Connective and soft tissue of pelvis,C49,subcategory,1
C496,C49.6,"Connective and soft tissue of trunk, unspecified",C49,subcategory,1
C498,C49.8,Overlapping lesion of connective and soft tissue,C49,subcategory,1
C499,C49.9,"Connective and soft tissue, unspecified",C49,subcategory,1
C50,C50,Malignant neoplasm of breast,C50-C50,category,1
C500,C50.0,Nipple and areola,C50,subcategory,1
C5001,C50.01,"Malignant neoplasm of nipple and areola, female",C500,extension,1
C501,C50.1,Central portion of breast,C50,subcategory,1
C502,C50.2,Upper-inner quadrant of breast,C50,subcategory,1
C503,C50.3,Lower-inner quadrant of breast,C50,subcategory,1
C504,C50.4,Upper-outer quadrant of breast,C50,subcategory,1
C5041,C50.41,"Malignant neoplasm of upper-outer quadrant of breast, female",C504,extension,1
C505,C50.5,Lower-outer quadrant of breast,C50,subcategory,1
C5051,C50.51,"Malignant neoplasm of lower-outer quadrant of breast, female",C505,extension,1
C506,C50.6,Axillary tail of breast,C50,subcategory,1
C508,C50.8,Overlapping lesion of breast,C50,subcategory,1
C509,C50.9,"Breast, unspecified",C50,subcategory,1
C5091,C50.91,"Malignant neoplasm of breast of unspecified site, female",C509,extension,1
C51,C51,Malignant neoplasm of vulva,C51-C58,category,1
C510,C51.0,Labium majus,C51,subcategory,1
C511,C51.1,Labium minus,C51,subcategory,1
C512,C51.2,Clitoris,C51,subcategory,1
C518,C51.8,Overlapping lesion of vulva,C51,subcategory,1
C519,C51.9,"Vulva, unspecified",C51,subcategory,1
C52,C52,Malignant neoplasm of vagina,C51-C58,category,1
C53,C53,Malignant neoplasm of cervix uteri,C51-C58,category,1
C530,C53.0,Endocervix,C53,subcategory,1
C531,C53.1,Exocervix,C53,subcategory,1
C538,C53.8,Overlapping lesion of cervix uteri,C53,subcategory,1
C539,C53.9,"Cervix uteri, unspecified",C53,subcategory,1
C54,C54,Malignant neoplasm of corpus uteri,C51-C58,category,0
C540,C54.0,Isthmus uteri,C54,subcategory,1
C541,C54.1,Endometrium,C54,subcategory,1
C542,C54.2,Myometrium,C54,subcategory,1
C543,C54.3,Fundus uteri,C54,subcategory,1
C549,C54.9,"Corpus uteri, unspecified",C54,subcategory,1
C55,C55,"Malignant neoplasm of uterus, part unspecified",C51-C58,category,1
C56,C56,Malignant neoplasm of ovary,C51-C58,category,1
C569,C56.9,Malignant neoplasm of unspecified ovary,C56,subcategory,1
C57,C57,Malignant neoplasm of other and unspecified female genital organs,C51-C58,category,0
C570,C57.0,Fallopian tube,C57,subcategory,1
C571,C57.1,Broad ligament,C57,subcategory,1
C574,C57.4,"Uterine adnexa, unspecified",C57,subcategory,1
C577,C57.7,Other specified female genital organs,C57,subcategory,1
C578,C57.8,Overlapping lesion of female genital organs,C57,subcategory,1
C579,C57.9,"Female genital organ, unspecified",C57,subcategory,1
C58,C58,Malignant neoplasm of placenta,C51-C58,category,1
C60,C60,Malignant neoplasm of penis,C60-C63,category,1
C600,C60.0,Prepuce,C60,subcategory,1
C601,C60.1,Glans penis,C60,subcategory,1
C602,C60.2,Body of penis,C60,subcategory,1
C609,C60.9,"Penis, unspecified",C60,subcategory,1
C61,C61,Malignant neoplasm of prostate,C60-C63,category,1
C62,C62,Malignant neoplasm of testis,C60-C63,category,1
C620,C62.0,Undescended testis,C62,subcategory,1
C621,C62.1,Descended testis,C62,subcategory,1
C6210,C62.10,Malignant neoplasm of unspecified descended testis,C621,extension,1
C629,C62.9,"Testis, unspecified",C62,subcategory,1
C6290,C62.90,"Malignant neoplasm of unspecified testis, unspecified whether descended or undescended",C629,extension,1
C63,C63,Malignant neoplasm of other and unspecified male genital organs,C60-C63,category,1
C632,C63.2,Scrotum,C63,subcategory,1
C637,C63.7,Other specified male genital organs,C63,subcategory,1
C639,C63.9,"Male genital organ, unspecified",C63,subcategory,1
C64,C64,"Malignant neoplasm of kidney, except renal pelvis",C64-C68,category,1
C65,C65,Malignant neoplasm of renal pelvis,C64-C68,category,1
C66,C66,Malignant neoplasm of ureter,C64-C68,category,1
C67,C67,Malignant neoplasm of bladder,C64-C68,category,1
C670,C67.0,Trigone of bladder,C67,subcategory,1
C671,C67.1,Dome of bladder,C67,subcategory,1
C672,C67.2,Lateral wall of bladder,C67,subcategory,1
C673,C67.3,Anterior wall of bladder,C67,subcategory,1
C674,C67.4,Posterior wall of bladder,C67,subcategory,1
C675,C67.5,Bladder neck,C67,subcategory,1
C676,C67.6,Ureteric orifice,C67,subcategory,1
C677,C67.7,Urachus,C67,subcategory,1
C678,C67.8,Overlapping lesion of bladder,C67,subcategory,1
C679,C67.9,"Bladder, unspecified",C67,subcategory,1
C68,C68,Malignant neoplasm of other and unspecified urinary organs,C64-C68,category,1
C680,C68.0,Urethra,C68,subcategory,1
C689,C68.9,"Urinary organ, unspecified",C68,subcategory,1
C69,C69,Malignant neoplasm of eye and adnexa,C69-C72,category,0
C690,C69.0,Conjunctiva,C69,subcategory,1
C692,C69.2,Retina,C69,subcategory,1
C693,C69.3,Choroid,C69,subcategory,1
C6930,C69.30,Malignant neoplasm of unspecified choroid,C693,extension,1
C694,C69.4,Ciliary body,C69,subcategory,1
C695,C69.5,Lachrymal gland and duct,C69,subcategory,1
C696,C69.6,Orbit,C69,subcategory,1
C699,C69.9,"Eye, unspecified",C69,subcategory,1
C70,C70,Malignant neoplasm of meninges,C69-C72,category,0
C700,C70.0,Cerebral meninges,C70,subcategory,1
C701,C70.1,Spinal meninges,C70,subcategory,1
C709,C70.9,"Meninges, unspecified",C70,subcategory,1
C71,C71,Malignant neoplasm of brain,C69-C72,category,1
C710,C71.0,"Cerebrum, except lobes and ventricles",C71,subcategory,1
C711,C71.1,Frontal lobe,C71,subcategory,1
C712,C71.2,Temporal lobe,C71,subcategory,1
C713,C71.3,Parietal lobe,C71,subcategory,1
C714,C71.4,Occipital lobe,C71,subcategory,1
C715,C71.5,Cerebral ventricle,C71,subcategory,1
C716,C71.6,Cerebellum,C71,subcategory,1
C717,C71.7,Brain stem,C71,subcategory,1
C718,C71.8,Overlapping lesion of brain,C71,subcategory,1
C719,C71.9,"Brain, unspecified",C71,subcategory,1
C72,C72,"Malignant neoplasm of spinal cord, cranial nerves and other parts of central nervous system",C69-C72,category,0
C720,C72.0,Spinal cord,C72,subcategory,1
C721,C72.1,Cauda equina,C72,subcategory,1
C722,C72.2,Olfactory nerve,C72,subcategory,1
C723,C72.3,Optic nerve,C72,subcategory,1
C724,C72.4,Acoustic nerve,C72,subcategory,1
C725,C72.5,Other and unspecified cranial nerves,C72,subcategory,1
C73,C73,Malignant neoplasm of thyroid gland,C73-C75,category,1
C74,C74,Malignant neoplasm of adrenal gland,C73-C75,category,0
C740,C74.0,Cortex of adrenal gland,C74,subcategory,1
C741,C74.1,Medulla of adrenal gland,C74,subcategory,1
C749,C74.9,"Adrenal gland, unspecified",C74,subcategory,1
C75,C75,Malignant neoplasm of other endocrine glands and related structures,C73-C75,category,0
C750,C75.0,Parathyroid gland,C75,subcategory,1
C751,C75.1,Pituitary gland,C75,subcategory,1
C755,C75.5,Aortic body and other paraganglia,C75,subcategory,1
C758,C75.8,"Pluriglandular involvement, unspecified",C75,subcategory,1
C759,C75.9,"Endocrine gland, unspecified",C75,subcategory,1
C76,C76,Malignant neoplasm of other and ill-defined sites,C76-C80,category,1
C760,C76.0,"Head, face and neck",C76,subcategory,1
C761,C76.1,Thorax,C76,subcategory,1
C762,C76.2,Abdomen,C76,subcategory,1
C763,C76.3,Pelvis,C76,subcategory,1
C764,C76.4,Upper limb,C76,subcategory,1
C765,C76.5,Lower limb,C76,subcategory,1
C767,C76.7,Other ill-defined sites,C76,subcategory,1
C768,C76.8,Overlapping lesion of other and ill-defined sites,C76,subcategory,1
C77,C77,Secondary and unspecified malignant neoplasm of lymph nodes,C76-C80,category,1
C770,C77.0,"Lymph nodes of head, face and neck",C77,subcategory,1
C771,C77.1,Intrathoracic lymph nodes,C77,subcategory,1
C772,C77.2,Intra-abdominal lymph nodes,C77,subcategory,1
C773,C77.3,Axillary and upper limb lymph nodes,C77,subcategory,1
C774,C77.4,Inguinal and lower limb lymph nodes,C77,subcategory,1
C775,C77.5,Intrapelvic lymph nodes,C77,subcategory,1
C778,C77.8,Lymph nodes of multiple regions,C77,subcategory,1
C779,C77.9,"Lymph node, unspecified",C77,subcategory,1
C78,C78,Secondary malignant neoplasm of respiratory and digestive organs,C76-C80,category,0
C780,C78.0,Secondary malignant neoplasm of lung,C78,subcategory,1
C7800,C78.00,Secondary malignant neoplasm of unspecified lung,C780,extension,1
C781,C78.1,Secondary malignant neoplasm of mediastinum,C78,subcategory,1
C782,C78.2,Secondary malignant neoplasm of pleura,C78,subcategory,1
C783,C78.3,Secondary malignant neoplasm of other and unspecified respiratory organs,C78,subcategory,1
C784,C78.4,Secondary malignant neoplasm of small intestine,C78,subcategory,1
C785,C78.5,Secondary malignant neoplasm of large intestine and rectum,C78,subcategory,1
C786,C78.6,Secondary malignant neoplasm of retroperitoneum and peritoneum,C78,subcategory,1
C787,C78.7,Secondary malignant neoplasm of liver,C78,subcategory,1
C788,C78.8,Secondary malignant neoplasm of other and unspecified digestive organs,C78,subcategory,1
C79,C79,Secondary malignant neoplasm of other sites,C76-C80,category,1
C790,C79.0,Secondary malignant neoplasm of kidney and renal pelvis,C79,subcategory,1
C791,C79.1,Secondary malignant neoplasm of bladder and other and unspecified urinary organs,C79,subcategory,1
C792,C79.2,Secondary malignant neoplasm of skin,C79,subcategory,1
C793,C79.3,Secondary malignant neoplasm of brain and cerebral meninges,C79,subcategory,1
C794,C79.4,Secondary malignant neoplasm of other and unspecified parts of nervous system,C79,subcategory,1
C795,C79.5,Secondary malignant neoplasm of bone and bone marrow,C79,subcategory,1
C7951,C79.51,Secondary malignant neoplasm of bone,C795,extension,1
C7952,C79.52,Secondary malignant neoplasm of bone marrow,C795,extension,1
C796,C79.6,Secondary malignant neoplasm of ovary,C79,subcategory,1
C797,C79.7,Secondary malignant neoplasm of adrenal gland,C79,subcategory,1
C798,C79.8,Secondary malignant neoplasm of other specified sites,C79,subcategory,1
C799,C79.9,"Secondary malignant neoplasm, unspecified site",C79,subcategory,1
C80,C80,Malignant neoplasm without specification of site,C76-C80,category,1
C800,C80.0,"Malignant neoplasm, primary site unknown, so stated",C80,subcategory,1
C801,C80.1,"Malignant (primary) neoplasm, unspecified",C80,subcategory,1
C809,C80.9,"Malignant neoplasm, unspecified",C80,subcategory,1
C81,C81,Hodgkin's disease,C81-C96,category,1
C810,C81.0,Lymphocytic predominance,C81,subcategory,1
C811,C81.1,Nodular sclerosis,C81,subcategory,1
C812,C81.2,Mixed cellularity,C81,subcategory,1
C813,C81.3,Lymphocytic depletion,C81,subcategory,1
C814,C81.4,Lymphocyte-rich classical Hodgkin lymphoma,C81,subcategory,1
C817,C81.7,Other Hodgkin's disease,C81,subcategory,1
C819,C81.9,"Hodgkin's disease, unspecified",C81,subcategory,1
C82,C82,Follicular [nodular] non-Hodgkin's lymphoma,C81-C96,category,1
C820,C82.0,"Small cleaved cell, follicular",C82,subcategory,1
C821,C82.1,"Mixed small cleaved and large cell, follicular",C82,subcategory,1
C822,C82.2,"Large cell, follicular",C82,subcategory,1
C823,C82.3,Follicular lymphoma grade IIIa,C82,subcategory,1
C824,C82.4,Follicular lymphoma grade IIIb,C82,subcategory,1
C826,C82.6,Cutaneous follicle centre lymphoma,C82,subcategory,1
C827,C82.7,Other types of follicular non-Hodgkin's lymphoma,C82,subcategory,1
C829,C82.9,"Follicular non-Hodgkin's lymphoma, unspecified",C82,subcategory,1
C83,C83,Diffuse non-Hodgkin's lymphoma,C81-C96,category,0
C830,C83.0,Small cell (diffuse),C83,subcategory,1
C831,C83.1,Small cleaved cell (diffuse),C83,subcategory,1
C832,C83.2,Mixed small and large cell (diffuse),C83,subcategory,1
C833,C83.3,Large cell (diffuse),C83,subcategory,1
C835,C83.5,Lymphoblastic (diffuse),C83,subcategory,1
C837,C83.7,Burkitt's tumour,C83,subcategory,1
C838,C83.8,Other types of diffuse non-Hodgkin's lymphoma,C83,subcategory,1
C839,C83.9,"Diffuse non-Hodgkin's lymphoma, unspecified",C83,subcategory,1
C84,C84,Peripheral and cutaneous T-cell lymphomas,C81-C96,category,0
C840,C84.0,Mycosis fungoides,C84,subcategory,1
C841,C84.1,Sezary's diease,C84,subcategory,1
C843,C84.3,Lymphoepithelioid lymphoma,C84,subcategory,1
C844,C84.4,Peripheral T-cell lymphoma,C84,subcategory,1
C845,C84.5,Other and unspecified T-cell lymphomas,C84,subcategory,1
C846,C84.6,"Anaplastic large cell lymphoma, ALK-positive",C84,subcategory,1
C847,C84.7,"Anaplastic large cell lymphoma, ALK-negative",C84,subcategory,1
C848,C84.8,"Cutaneous T-cell lymphoma, unspecified",C84,subcategory,1
C849,C84.9,"Mature T/NK-cell lymphoma, unspecified",C84,subcategory,1
C85,C85,Other and unspecified types of non-Hodgkin's lymphoma,C81-C96,category,0
C850,C85.0,Lymphosarcoma,C85,subcategory,1
C851,C85.1,"B-cell lymphoma, unspecified",C85,subcategory,1
C852,C85.2,Mediastinal (thymic) large B-cell lymphoma,C85,subcategory,1
C857,C85.7,Other specified types of non-Hodgkin's lymphoma,C85,subcategory,1
C859,C85.9,"Non-Hodgkin's lymphoma, unspecified type",C85,subcategory,1
C86,C86,Other specified types of T/NK-cell lymphoma,C81-C96,category,0
C860,C86.0,"Extranodal NK/T-cell lymphoma, nasal type",C86,subcategory,1
C862,C86.2,Enteropathy-type (intestinal) T-cell lymphoma,C86,subcategory,1
C863,C86.3,Subcutaneous panniculitis-like T-cell lymphoma,C86,subcategory,1
C864,C86.4,Blastic NK-cell lymphoma,C86,subcategory,1
C865,C86.5,Angioimmunoblastic T-cell lymphoma,C86,subcategory,1
C866,C86.6,Primary cutaneous CD30-positive T-cell proliferations,C86,subcategory,1
C88,C88,Malignant immunoproliferative diseases,C81-C96,category,0
C880,C88.0,Waldenstrom's macroglobulinaemia,C88,subcategory,1
C882,C88.2,Gamma heavy chain disease,C88,subcategory,1
C884,C88.4,Extranodal marginal zone B-cell lymphoma of mucosa-associated lymphoid tissue [MALT-lymphoma],C88,subcategory,1
C887,C88.7,Other malignant immunoproliferative diseases,C88,subcategory,1
C90,C90,Multiple myeloma and malignant plasma cell neoplasms,C81-C96,category,1
C900,C90.0,Multiple myeloma,C90,subcategory,1
C901,C90.1,Plasma cell leukaemia,C90,subcategory,1
C902,C90.2,"Plasmacytoma, extramedullary",C90,subcategory,1
C903,C90.3,Solitary plasmacytoma,C90,subcategory,1
C91,C91,Lymphoid leukaemia,C81-C96,category,0
C910,C91.0,Acute lymphoblastic leukaemia,C91,subcategory,1
C911,C91.1,Chronic lymphocytic leukaemia,C91,subcategory,1
C913,C91.3,Prolymphocytic leukaemia,C91,subcategory,1
C914,C91.4,Hairy-cell leukaemia,C91,subcategory,1
C915,C91.5,Adult T-cell leukaemia,C91,subcategory,1
C916,C91.6,Prolymphocytic leukaemia of T-cell type,C91,subcategory,1
C917,C91.7,Other lymphoid leukaemia,C91,subcategory,1
C918,C91.8,Mature B-cell leukaemia Burkitt-type,C91,subcategory,1
C919,C91.9,"Lymphoid leukaemia, unspecified",C91,subcategory,1
C92,C92,Myeloid leukaemia,C81-C96,category,0
C920,C92.0,Acute myeloid leukaemia,C92,subcategory,1
C921,C92.1,Chronic myeloid leukaemia,C92,subcategory,1
C922,C92.2,Subacute myeloid leukaemia,C92,subcategory,1
C923,C92.3,Myeloid sarcoma,C92,subcategory,1
C924,C92.4,Acute promyelocytic leukaemia,C92,subcategory,1
C925,C92.5,Acute myelomonocytic leukaemia,C92,subcategory,1
C926,C92.6,Acute myeloid leukaemia with 11q23-abnormality,C92,subcategory,1
C927,C92.7,Other myeloid leukaemia,C92,subcategory,1
C928,C92.8,Acute myeloid leukaemia with multilineage dysplasia,C92,subcategory,1
C929,C92.9,"Myeloid leukaemia, unspecified",C92,subcategory,1
C93,C93,Monocytic leukaemia,C81-C96,category,0
C930,C93.0,Acute monocytic leukaemia,C93,subcategory,1
C931,C93.1,Chronic monocytic leukaemia,C93,subcategory,1
C94,C94,Other leukaemias of specified cell type,C81-C96,category,0
C940,C94.0,Acute erythraemia and erythroleukaemia,C94,subcategory,1
C944,C94.4,Acute panmyelosis,C94,subcategory,1
C945,C94.5,Acute myelofibrosis,C94,subcategory,1
C946,C94.6,"Myelodysplastic and myeloproliferative disease, not elsewhere classified",C94,subcategory,1
C947,C94.7,Other specified leukaemias,C94,subcategory,1
C95,C95,Leukaemia of unspecified cell type,C81-C96,category,0
C950,C95.0,Acute leukaemia of unspecified cell type,C95,subcategory,1
C951,C95.1,Chronic leukaemia of unspecified cell type,C95,subcategory,1
C959,C95.9,"Leukaemia, unspecified",C95,subcategory,1
C96,C96,"Other and unspecified malignant neoplasms of lymphoid, haematopoietic and related tissue",C81-C96,category,1
C960,C96.0,Letterer-Siwe disease,C96,subcategory,1
C962,C96.2,Malignant mast cell tumour,C96,subcategory,1
C964,C96.4,Sarcoma of dendritic cells (accessory cells),C96,subcategory,1
C965,C96.5,Multifocal and unisystemic Langerhans-cell histiocytosis,C96,subcategory,1
C966,C96.6,Unifocal Langerhans-cell histiocytosis,C96,subcategory,1
C967,C96.7,"Other specified malignant neoplasms of lymphoid, haematopoietic and related tissue",C96,subcategory,1
C968,C96.8,Histiocytic sarcoma,C96,subcategory,1
C969,C96.9,"Malignant neoplasms of lymphoid, haematopoietic and related tissue, unspecified",C96,subcategory,1
C97,C97,Malignant neoplasms of independent (primary) multiple sites,C97-C97,category,1
D00,D00,"Carcinoma in situ of oral cavity, oesophagus and stomach",D00-D09,category,1
D000,D00.0,"Lip, oral cavity and pharynx",D00,subcategory,1
D001,D00.1,Oesophagus,D00,subcategory,1
D002,D00.2,Stomach,D00,subcategory,1
D01,D01,Carcinoma in situ of other and unspecified digestive organs,D00-D09,category,0
D010,D01.0,Colon,D01,subcategory,1
D011,D01.1,Rectosigmoid junction,D01,subcategory,1
D012,D01.2,Rectum,D01,subcategory,1
D013,D01.3,Anus and anal canal,D01,subcategory,1
D014,D01.4,Other and unspecified parts of intestine,D01,subcategory,1
D015,D01.5,"Liver, gallbladder and bile ducts",D01,subcategory,1
D017,D01.7,Other specified digestive organs,D01,subcategory,1
D02,D02,Carcinoma in situ of middle ear and respiratory system,D00-D09,category,0
D020,D02.0,Larynx,D02,subcategory,1
D021,D02.1,Trachea,D02,subcategory,1
D022,D02.2,Bronchus and lung,D02,subcategory,1
D023,D02.3,Other parts of respiratory system,D02,subcategory,1
D03,D03,Melanoma in situ,D00-D09,category,0
D030,D03.0,Melanoma in situ of lip,D03,subcategory,1
D031,D03.1,"Melanoma in situ of eyelid, including canthus",D03,subcategory,1
D032,D03.2,Melanoma in situ of ear and external auricular canal,D03,subcategory,1
D033,D03.3,Melanoma in situ of other and unspecified parts of face,D03,subcategory,1
D0330,D03.30,Melanoma in situ of unspecified part of face,D033,extension,1
D0339,D03.39,Melanoma in situ of other parts of face,D033,extension,1
D034,D03.4,Melanoma in situ of scalp and neck,D03,subcategory,1
D035,D03.5,Melanoma in situ of trunk,D03,subcategory,1
D036,D03.6,"Melanoma in situ of upper limb, including shoulder",D03,subcategory,1
D0360,D03.60,"Melanoma in situ of unspecified upper limb, including shoulder",D036,extension,1
D0361,D03.61,"Melanoma in situ of right upper limb, including shoulder",D036,extension,1
D0362,D03.62,"Melanoma in situ of left upper limb, including shoulder",D036,extension,1
D037,D03.7,"Melanoma in situ of lower limb, including hip",D03,subcategory,1
D0370,D03.70,"Melanoma in situ of unspecified lower limb, including hip",D037,extension,1
D0371,D03.71,"Melanoma in situ of right lower limb, including hip",D037,extension,1
D0372,D03.72,"Melanoma in situ of left lower limb, including hip",D037,extension,1
D038,D03.8,Melanoma in situ of other sites,D03,subcategory,1
D039,D03.9,"Melanoma in situ, unspecified",D03,subcategory,1
D04,D04,Carcinoma in situ of skin,D00-D09,category,0
D040,D04.0,Skin of lip,D04,subcategory,1
D041,D04.1,"Skin of eyelid, including canthus",D04,subcategory,1
D042,D04.2,Skin of ear and external auricular canal,D04,subcategory,1
D043,D04.3,Skin of other and unspecified parts of face,D04,subcategory,1
D044,D04.4,Skin of scalp and neck,D04,subcategory,1
D045,D04.5,Skin of trunk,D04,subcategory,1
D046,D04.6,"Skin of upper limb, including shoulder",D04,subcategory,1
D047,D04.7,"Skin of lower limb, including hip",D04,subcategory,1
D048,D04.8,Skin of other sites,D04,subcategory,1
D049,D04.9,"Skin, unspecified",D04,subcategory,1
D05,D05,Carcinoma in situ of breast,D00-D09,category,0
D050,D05.0,Lobular carcinoma in situ,D05,subcategory,1
D051,D05.1,Intraductal carcinoma in situ,D05,subcategory,1
D057,D05.7,Other carcinoma in situ of breast,D05,subcategory,1
D059,D05.9,"Carcinoma in situ of breast, unspecified",D05,subcategory,1
D0590,D05.90,Unspecified type of carcinoma in situ of unspecified breast,D059,extension,1
D06,D06,Carcinoma in situ of cervix uteri,D00-D09,category,1
D060,D06.0,Endocervix,D06,subcategory,1
D061,D06.1,Exocervix,D06,subcategory,1
D067,D06.7,Other parts of cervix,D06,subcategory,1
D069,D06.9,"Cervix, unspecified",D06,subcategory,1
D07,D07,Carcinoma in situ of other and unspecified genital organs,D00-D09,category,0
D070,D07.0,Endometrium,D07,subcategory,1
D071,D07.1,Vulva,D07,subcategory,1
D072,D07.2,Vagina,D07,subcategory,1
D073,D07.3,Other and unspecified female genital organs,D07,subcategory,1
D074,D07.4,Penis,D07,subcategory,1
D075,D07.5,Prostate,D07,subcategory,1
D076,D07.6,Other and unspecified male genital organs,D07,subcategory,1
D09,D09,Carcinoma in situ of other and unspecified sites,D00-D09,category,0
D090,D09.0,Bladder,D09,subcategory,1
D091,D09.1,Other and unspecified urinary organs,D09,subcategory,1
D092,D09.2,Eye,D09,subcategory,1
D093,D09.3,Thyroid and other endocrine glands,D09,subcategory,1
D097,D09.7,Carcinoma in situ of other specified sites,D09,subcategory,1
D099,D09.9,"Carcinoma in situ, unspecified",D09,subcategory,1
D10,D10,Benign neoplasm of mouth and pharynx,D10-D36,category,1
D100,D10.0,Lip,D10,subcategory,1
D101,D10.1,Tongue,D10,subcategory,1
D102,D10.2,Floor of mouth,D10,subcategory,1
D103,D10.3,Other and unspecified parts of mouth,D10,subcategory,1
D1030,D10.30,Benign neoplasm of unspecified part of mouth,D103,extension,1
D1039,D10.39,Benign neoplasm of other parts of mouth,D103,extension,1
D104,D10.4,Tonsil,D10,subcategory,1
D105,D10.5,Other parts of oropharynx,D10,subcategory,1
D106,D10.6,Nasopharynx,D10,subcategory,1
D11,D11,Benign neoplasm of major salivary glands,D10-D36,category,1
D110,D11.0,Parotid gland,D11,subcategory,1
D117,D11.7,Other major salivary glands,D11,subcategory,1
D119,D11.9,"Major salivary gland, unspecified",D11,subcategory,1
D12,D12,"Benign neoplasm of colon, rectum, anus and anal canal",D10-D36,category,0
D120,D12.0,Caecum,D12,subcategory,1
D121,D12.1,Appendix,D12,subcategory,1
D122,D12.2,Ascending colon,D12,subcategory,1
D123,D12.3,Transverse colon,D12,subcategory,1
D124,D12.4,Descending colon,D12,subcategory,1
D125,D12.5,Sigmoid colon,D12,subcategory,1
D126,D12.6,"Colon, unspecified",D12,subcategory,1
D127,D12.7,Rectosigmoid junction,D12,subcategory,1
D128,D12.8,Rectum,D12,subcategory,1
D129,D12.9,Anus and anal canal,D12,subcategory,1
D13,D13,Benign neoplasm of other and ill-defined parts of digestive system,D10-D36,category,1
D130,D13.0,Oesophagus,D13,subcategory,1
D131,D13.1,Stomach,D13,subcategory,1
D132,D13.2,Duodenum,D13,subcategory,1
D133,D13.3,Other and unspecified parts of small intestine,D13,subcategory,1
D1330,D13.30,Benign neoplasm of unspecified part of small intestine,D133,extension,1
D1339,D13.39,Benign neoplasm of other parts of small intestine,D133,extension,1
D134,D13.4,Liver,D13,subcategory,1
D135,D13.5,Extrahepatic bile ducts,D13,subcategory,1
D136,D13.6,Pancreas,D13,subcategory,1
D137,D13.7,Endocrine pancreas,D13,subcategory,1
D139,D13.9,Ill-defined sites within the digestive system,D13,subcategory,1
D14,D14,Benign neoplasm of middle ear and respiratory system,D10-D36,category,0
D140,D14.0,"Middle ear, nasal cavity and accessory sinuses",D14,subcategory,1
D141,D14.1,Larynx,D14,subcategory,1
D142,D14.2,Trachea,D14,subcategory,1
D143,D14.3,Bronchus and lung,D14,subcategory,1
D15,D15,Benign neoplasm of other and unspecified intrathoracic organs,D10-D36,category,0
D150,D15.0,Thymus,D15,subcategory,1
D151,D15.1,Heart,D15,subcategory,1
D152,D15.2,Mediastinum,D15,subcategory,1
D157,D15.7,Other specified intrathoracic organs,D15,subcategory,1
D16,D16,Benign neoplasm of bone and articular cartilage,D10-D36,category,1
D160,D16.0,Scapula and long bones of upper limb,D16,subcategory,1
D1600,D16.00,Benign neoplasm of scapula and long bones of unspecified upper limb,D160,extension,1
D161,D16.1,Short bones of upper limb,D16,subcategory,1
D162,D16.2,Long bones of lower limb,D16,subcategory,1
D1620,D16.20,Benign neoplasm of long bones of unspecified lower limb,D162,extension,1
D163,D16.3,Short bones of lower limb,D16,subcategory,1
D1630,D16.30,Benign neoplasm of short bones of unspecified lower limb,D163,extension,1
D164,D16.4,Bones of skull and face,D16,subcategory,1
D165,D16.5,Lower jaw bone,D16,subcategory,1
D166,D16.6,Vertebral column,D16,subcategory,1
D167,D16.7,"Ribs, sternum and clavicle",D16,subcategory,1
D168,D16.8,"Pelvic bones, sacrum and coccyx",D16,subcategory,1
D169,D16.9,"Bone and articular cartilage, unspecified",D16,subcategory,1
D17,D17,Benign lipomatous neoplasm,D10-D36,category,1
D170,D17.0,"Benign lipomatous neoplasm of skin and subcutaneous tissue of head, face and neck",D17,subcategory,1
D171,D17.1,Benign lipomatous neoplasm of skin and subcutaneous tissue of trunk,D17,subcategory,1
D172,D17.2,Benign lipomatous neoplasm of skin and subcutaneous tissue of limbs,D17,subcategory,1
D173,D17.3,Benign lipomatous neoplasm of skin and subcutaneous tissue of other and unspecified sites,D17,subcategory,1
D174,D17.4,Benign lipomatous neoplasm of intrathoracic organs,D17,subcategory,1
D175,D17.5,Benign lipomatous neoplasm of intra-abdominal organs,D17,subcategory,1
D176,D17.6,Benign lipomatous neoplasm of spermatic cord,D17,subcategory,1
D177,D17.7,Benign lipomatous neoplasm of other sites,D17,subcategory,1
D179,D17.9,"Benign lipomatous neoplasm, unspecified",D17,subcategory,1
D18,D18,"Haemangioma and lymphangioma, any site",D10-D36,category,1
D180,D18.0,"Haemangioma, any site",D18,subcategory,1
D181,D18.1,"Lymphangioma, any site",D18,subcategory,1
D19,D19,Benign neoplasm of mesothelial tissue,D10-D36,category,0
D191,D19.1,Mesothelial tissue of peritoneum,D19,subcategory,1
D197,D19.7,Mesothelial tissue of other sites,D19,subcategory,1
D199,D19.9,"Mesothelial tissue, unspecified",D19,subcategory,1
D20,D20,Benign neoplasm of soft tissue of retroperitoneum and peritoneum,D10-D36,category,0
D200,D20.0,Retroperitoneum,D20,subcategory,1
D201,D20.1,Peritoneum,D20,subcategory,1
D21,D21,Other benign neoplasms of connective and other soft tissue,D10-D36,category,1
D210,D21.0,"Connective and other soft tissue of head, face and neck",D21,subcategory,1
D211,D21.1,"Connective and other soft tissue of upper limb, including shoulder",D21,subcategory,1
D2110,D21.10,"Benign neoplasm of connective and other soft tissue of unspecified upper limb, including shoulder",D211,extension,1
D212,D21.2,"Connective and other soft tissue of lower limb, including hip",D21,subcategory,1
D2120,D21.20,"Benign neoplasm of connective and other soft tissue of unspecified lower limb, including hip",D212,extension,1
D213,D21.3,Connective and other soft tissue of thorax,D21,subcategory,1
D214,D21.4,Connective and other soft tissue of abdomen,D21,subcategory,1
D215,D21.5,Connective and other soft tissue of pelvis,D21,subcategory,1
D216,D21.6,"Connective and other soft tissue of trunk, unspecified",D21,subcategory,1
D219,D21.9,"Connective and other soft tissue, unspecified",D21,subcategory,1
D22,D22,Melanocytic naevi,D10-D36,category,1
D220,D22.0,Melanocytic naevi of lip,D22,subcategory,1
D221,D22.1,"Melanocytic naevi of eyelid, including canthus",D22,subcategory,1
D222,D22.2,Melanocytic naevi of ear and external auricular canal,D22,subcategory,1
D223,D22.3,Melanocytic naevi of other and unspecified parts of face,D22,subcategory,1
D224,D22.4,Melanocytic naevi of scalp and neck,D22,subcategory,1
D225,D22.5,Melanocytic naevi of trunk,D22,subcategory,1
D226,D22.6,"Melanocytic naevi of upper limb, including shoulder",D22,subcategory,1
D227,D22.7,"Melanocytic naevi of lower limb, including hip",D22,subcategory,1
D229,D22.9,"Melanocytic naevi, unspecified",D22,subcategory,1
D23,D23,Other benign neoplasms of skin,D10-D36,category,1
D230,D23.0,Skin of lip,D23,subcategory,1
D231,D23.1,"Skin of eyelid, including canthus",D23,subcategory,1
D2310,D23.10,"Other benign neoplasm of skin of unspecified eyelid, including canthus",D231,extension,1
D232,D23.2,Skin of ear and external auricular canal,D23,subcategory,1
D2320,D23.20,Other benign neoplasm of skin of unspecified ear and external auricular canal,D232,extension,1
D233,D23.3,Skin of other and unspecified parts of face,D23,subcategory,1
D2330,D23.30,Other benign neoplasm of skin of unspecified part of face,D233,extension,1
D2339,D23.39,Other benign neoplasm of skin of other parts of face,D233,extension,1
D234,D23.4,Skin of scalp and neck,D23,subcategory,1
D235,D23.5,Skin of trunk,D23,subcategory,1
D236,D23.6,"Skin of upper limb, including shoulder",D23,subcategory,1
D2360,D23.60,"Other benign neoplasm of skin of unspecified upper limb, including shoulder",D236,extension,1
D237,D23.7,"Skin of lower limb, including hip",D23,subcategory,1
D2370,D23.70,"Other benign neoplasm of skin of unspecified lower limb, including hip",D237,extension,1
D239,D23.9,"Skin, unspecified",D23,subcategory,1
D24,D24,Benign neoplasm of breast,D10-D36,category,1
D25,D25,Leiomyoma of uterus,D10-D36,category,1
D250,D25.0,Submucous leiomyoma of uterus,D25,subcategory,1
D251,D25.1,Intramural leiomyoma of uterus,D25,subcategory,1
D252,D25.2,Subserosal leiomyoma of uterus,D25,subcategory,1
D259,D25.9,"Leiomyoma of uterus, unspecified",D25,subcategory,1
D26,D26,Other benign neoplasms of uterus,D10-D36,category,0
D260,D26.0,Cervix uteri,D26,subcategory,1
D261,D26.1,Corpus uteri,D26,subcategory,1
D267,D26.7,Other parts of uterus,D26,subcategory,1
D269,D26.9,"Uterus, unspecified",D26,subcategory,1
D27,D27,Benign neoplasm of ovary,D10-D36,category,1
D28,D28,Benign neoplasm of other and unspecified female genital organs,D10-D36,category,1
D280,D28.0,Vulva,D28,subcategory,1
D281,D28.1,Vagina,D28,subcategory,1
D282,D28.2,Uterine tubes and ligaments,D28,subcategory,1
D287,D28.7,Other specified female genital organs,D28,subcategory,1
D289,D28.9,"Female genital organ, unspecified",D28,subcategory,1
D29,D29,Benign neoplasm of male genital organs,D10-D36,category,0
D290,D29.0,Penis,D29,subcategory,1
D291,D29.1,Prostate,D29,subcategory,1
D292,D29.2,Testis,D29,subcategory,1
D293,D29.3,Epididymis,D29,subcategory,1
D294,D29.4,Scrotum,D29,subcategory,1
D30,D30,Benign neoplasm of urinary organs,D10-D36,category,0
D300,D30.0,Kidney,D30,subcategory,1
D301,D30.1,Renal pelvis,D30,subcategory,1
D302,D30.2,Ureter,D30,subcategory,1
D303,D30.3,Bladder,D30,subcategory,1
D304,D30.4,Urethra,D30,subcategory,1
D307,D30.7,Other urinary organs,D30,subcategory,1
D309,D30.9,"Urinary organ, unspecified",D30,subcategory,1
D31,D31,Benign neoplasm of eye and adnexa,D10-D36,category,0
D310,D31.0,Conjunctiva,D31,subcategory,1
D312,D31.2,Retina,D31,subcategory,1
D313,D31.3,Choroid,D31,subcategory,1
D314,D31.4,Ciliary body,D31,subcategory,1
D316,D31.6,"Orbit, unspecified",D31,subcategory,1
D319,D31.9,"Eye, unspecified",D31,subcategory,1
D32,D32,Benign neoplasm of meninges,D10-D36,category,0
D320,D32.0,Cerebral meninges,D32,subcategory,1
D321,D32.1,Spinal meninges,D32,subcategory,1
D329,D32.9,"Meninges, unspecified",D32,subcategory,1
D33,D33,Benign neoplasm of brain and other parts of central nervous system,D10-D36,category,0
D330,D33.0,"Brain, supratentorial",D33,subcategory,1
D331,D33.1,"Brain, infratentorial",D33,subcategory,1
D332,D33.2,"Brain, unspecified",D33,subcategory,1
D333,D33.3,Cranial nerves,D33,subcategory,1
D334,D33.4,Spinal cord,D33,subcategory,1
D337,D33.7,Other specified parts of central nervous system,D33,subcategory,1
D339,D33.9,"Central nervous system, unspecified",D33,subcategory,1
D34,D34,Benign neoplasm of thyroid gland,D10-D36,category,1
D35,D35,Benign neoplasm of other and unspecified endocrine glands,D10-D36,category,0
D350,D35.0,Adrenal gland,D35,subcategory,1
D3500,D35.00,Benign neoplasm of unspecified adrenal gland,D350,extension,1
D351,D35.1,Parathyroid gland,D35,subcategory,1
D352,D35.2,Pituitary gland,D35,subcategory,1
D353,D35.3,Craniopharyngeal duct,D35,subcategory,1
D354,D35.4,Pineal gland,D35,subcategory,1
D355,D35.5,Carotid body,D35,subcategory,1
D359,D35.9,"Endocrine gland, unspecified",D35,subcategory,1
D36,D36,Benign neoplasm of other and unspecified sites,D10-D36,category,1
D360,D36.0,Lymph nodes,D36,subcategory,1
D361,D36.1,Peripheral nerves and autonomic nervous system,D36,subcategory,1
D367,D36.7,Other specified sites,D36,subcategory,1
D369,D36.9,Benign neoplasm of unspecified site,D36,subcategory,1
D37,D37,Neoplasm of uncertain or unknown behaviour of oral cavity and digestive organs,D37-D48,category,0
D370,D37.0,"Lip, oral cavity and pharynx",D37,subcategory,1
D371,D37.1,Stomach,D37,subcategory,1
D372,D37.2,Small intestine,D37,subcategory,1
D373,D37.3,Appendix,D37,subcategory,1
D374,D37.4,Colon,D37,subcategory,1
D375,D37.5,Rectum,D37,subcategory,1
D376,D37.6,"Liver, gallbladder and bile ducts",D37,subcategory,1
D377,D37.7,Other digestive organs,D37,subcategory,1
D379,D37.9,"Digestive organ, unspecified",D37,subcategory,1
D38,D38,Neoplasm of uncertain or unknown behaviour of middle ear and respiratory and intrathoracic organs,D37-D48,category,0
D380,D38.0,Larynx,D38,subcategory,1
D381,D38.1,"Trachea, bronchus and lung",D38,subcategory,1
D382,D38.2,Pleura,D38,subcategory,1
D383,D38.3,Mediastinum,D38,subcategory,1
D385,D38.5,Other respiratory organs,D38,subcategory,1
D39,D39,Neoplasm of uncertain or unknown behaviour of female genital organs,D37-D48,category,0
D390,D39.0,Uterus,D39,subcategory,1
D391,D39.1,Ovary,D39,subcategory,1
D397,D39.7,Other female genital organs,D39,subcategory,1
D40,D40,Neoplasm of uncertain or unknown behaviour of male genital organs,D37-D48,category,0
D400,D40.0,Prostate,D40,subcategory,1
D401,D40.1,Testis,D40,subcategory,1
D407,D40.7,Other male genital organs,D40,subcategory,1
D408,D40.8,Neoplasm of uncertain behavior of other specified male genital organs,D40,subcategory,1
D409,D40.9,"Male genital organ, unspecified",D40,subcategory,1
D41,D41,Neoplasm of uncertain or unknown behaviour of urinary organs,D37-D48,category,0
D410,D41.0,Kidney,D41,subcategory,1
D411,D41.1,Renal pelvis,D41,subcategory,1
D412,D41.2,Ureter,D41,subcategory,1
D413,D41.3,Urethra,D41,subcategory,1
D414,D41.4,Bladder,D41,subcategory,1
D42,D42,Neoplasm of uncertain or unknown behaviour of meninges,D37-D48,category,0
D420,D42.0,Cerebral meninges,D42,subcategory,1
D421,D42.1,Spinal meninges,D42,subcategory,1
D43,D43,Neoplasm of uncertain or unknown behaviour of brain and central nervous system,D37-D48,category,0
D430,D43.0,"Brain, supratentorial",D43,subcategory,1
D431,D43.1,"Brain, infratentorial",D43,subcategory,1
D432,D43.2,"Brain, unspecified",D43,subcategory,1
D433,D43.3,Cranial nerves,D43,subcategory,1
D434,D43.4,Spinal cord,D43,subcategory,1
D439,D43.9,"Central nervous system, unspecified",D43,subcategory,1
D44,D44,Neoplasm of uncertain or unknown behaviour of endocrine glands,D37-D48,category,1
D440,D44.0,Thyroid gland,D44,subcategory,1
D441,D44.1,Adrenal gland,D44,subcategory,1
D442,D44.2,Parathyroid gland,D44,subcategory,1
D443,D44.3,Pituitary gland,D44,subcategory,1
D444,D44.4,Craniopharyngeal duct,D44,subcategory,1
D445,D44.5,Pineal gland,D44,subcategory,1
D446,D44.6,Carotid body,D44,subcategory,1
D447,D44.7,Aortic body and other paraganglia,D44,subcategory,1
D448,D44.8,Pluriglandular involvement,D44,subcategory,1
D449,D44.9,"Endocrine gland, unspecified",D44,subcategory,1
D45,D45,Polycythaemia vera,D37-D48,category,1
D46,D46,Myelodysplastic syndromes,D37-D48,category,0
D460,D46.0,"Refractory anaemia without sideroblasts, so stated",D46,subcategory,1
D461,D46.1,Refractory anaemia with sideroblasts,D46,subcategory,1
D462,D46.2,Refractory anaemia with excess of blasts,D46,subcategory,1
D464,D46.4,"Refractory anaemia, unspecified",D46,subcategory,1
D465,D46.5,Refractory anaemia with multi-lineage dysplasia,D46,subcategory,1
D466,D46.6,Myelodysplastic syndrome with isolated del(5q) chromosomal abnormality,D46,subcategory,1
D467,D46.7,Other myelodysplastic syndromes,D46,subcategory,1
D469,D46.9,"Myelodysplastic syndrome, unspecified",D46,subcategory,1
D47,D47,"Other neoplasms of uncertain or unknown behaviour of lymphoid, haematopoietic and related tissue",D37-D48,category,0
D470,D47.0,Histiocytic and mast cell tumours of uncertain and unknown behaviour,D47,subcategory,1
D471,D47.1,Chronic myeloproliferative disease,D47,subcategory,1
D472,D47.2,Monoclonal gammopathy,D47,subcategory,1
D473,D47.3,Essential (haemorrhagic) thrombocythaemia,D47,subcategory,1
D474,D47.4,Osteomyelofibrosis,D47,subcategory,1
D475,D47.5,Chronic eosinophilic leukaemia [hypereosinophilic syndrome],D47,subcategory,1
D477,D47.7,"Other specified neoplasms of uncertain or unknown behaviour of lymphoid, haematopoietic and related tissue",D47,subcategory,1
D479,D47.9,"Neoplasm of uncertain or unknown behaviour of lymphoid, haematopoietic and related tissue, unspecified",D47,subcategory,1
D48,D48,Neoplasm of uncertain or unknown behaviour of other and unspecified sites,D37-D48,category,1
D480,D48.0,Bone and articular cartilage,D48,subcategory,1
D481,D48.1,Connective and other soft tissue,D48,subcategory,1
D482,D48.2,Peripheral nerves and autonomic nervous system,D48,subcategory,1
D483,D48.3,Retroperitoneum,D48,subcategory,1
D484,D48.4,Peritoneum,D48,subcategory,1
D485,D48.5,Skin,D48,subcategory,1
D486,D48.6,Breast,D48,subcategory,1
D4860,D48.60,Neoplasm of uncertain behavior of unspecified breast,D486,extension,1
D487,D48.7,Other specified sites,D48,subcategory,1
D489,D48.9,"Neoplasms of uncertain or unknown behaviour, unspecified",D48,subcategory,1
D49,D49,Neoplasms of unspecified behavior,,category,0
D492,D49.2,"Neoplasm of unspecified behavior of bone, soft tissue, and skin",D49,subcategory,1
D495,D49.5,Neoplasm of unspecified behavior of other genitourinary organs,D49,subcategory,0
D4951,D49.51,Neoplasm of unspecified behavior of kidney,D495,extension,1
D4959,D49.59,Neoplasm of unspecified behavior of other genitourinary organ,D495,extension,1
D50,D50,Iron deficiency anaemia,D50-D53,category,1
D500,D50.0,Iron deficiency anaemia secondary to blood loss (chronic),D50,subcategory,1
D501,D50.1,Sideropenic dysphagia,D50,subcategory,1
D508,D50.8,Other iron deficiency anaemias,D50,subcategory,1
D509,D50.9,"Iron deficiency anaemia, unspecified",D50,subcategory,1
D51,D51,Vitamin B12 deficiency anaemia,D50-D53,category,1
D510,D51.0,Vitamin B12 deficiency anaemia due to intrinsic factor deficiency,D51,subcategory,1
D513,D51.3,Other dietary vitamin B12 deficiency anaemia,D51,subcategory,1
D518,D51.8,Other vitamin B12 deficiency anaemias,D51,subcategory,1
D519,D51.9,"Vitamin B12 deficiency anaemia, unspecified",D51,subcategory,1
D52,D52,Folate deficiency anaemia,D50-D53,category,1
D520,D52.0,Dietary folate deficiency anaemia,D52,subcategory,1
D521,D52.1,Drug-induced folate deficiency anaemia,D52,subcategory,1
D528,D52.8,Other folate deficiency anaemias,D52,subcategory,1
D529,D52.9,"Folate deficiency anaemia, unspecified",D52,subcategory,1
D53,D53,Other nutritional anaemias,D50-D53,category,1
D530,D53.0,Protein deficiency anaemia,D53,subcategory,1
D531,D53.1,"Other megaloblastic anaemias, not elsewhere classified",D53,subcategory,1
D538,D53.8,Other specified nutritional anaemias,D53,subcategory,1
D539,D53.9,"Nutritional anaemia, unspecified",D53,subcategory,1
D55,D55,Anaemia due to enzyme disorders,D55-D59,category,1
D550,D55.0,Anaemia due to glucose-6-phosphate dehydrogenase [G6PD] deficiency,D55,subcategory,1
D552,D55.2,Anaemia due to disorders of glycolytic enzymes,D55,subcategory,1
D559,D55.9,"Anaemia due to enzyme disorder, unspecified",D55,subcategory,1
D56,D56,Thalassaemia,D55-D59,category,1
D560,D56.0,Alpha thalassaemia,D56,subcategory,1
D561,D56.1,Beta thalassaemia,D56,subcategory,1
D563,D56.3,Thalassaemia trait,D56,subcategory,1
D568,D56.8,Other thalassaemias,D56,subcategory,1
D569,D56.9,"Thalassaemia, unspecified",D56,subcategory,1
D57,D57,Sickle-cell disorders,D55-D59,category,0
D571,D57.1,Sickle-cell anaemia without crisis,D57,subcategory,1
D573,D57.3,Sickle-cell trait,D57,subcategory,1
D58,D58,Other hereditary haemolytic anaemias,D55-D59,category,1
D580,D58.0,Hereditary spherocytosis,D58,subcategory,1
D581,D58.1,Hereditary elliptocytosis,D58,subcategory,1
D582,D58.2,Other haemoglobinopathies,D58,subcategory,1
D588,D58.8,Other specified hereditary haemolytic anaemias,D58,subcategory,1
D589,D58.9,"Hereditary haemolytic anaemia, unspecified",D58,subcategory,1
D59,D59,Acquired haemolytic anaemia,D55-D59,category,1
D590,D59.0,Drug-induced autoimmune haemolytic anaemia,D59,subcategory,1
D591,D59.1,Other autoimmune haemolytic anaemias,D59,subcategory,1
D592,D59.2,Drug-induced nonautoimmune haemolytic anaemia,D59,subcategory,1
D593,D59.3,Haemolytic-uraemic syndrome,D59,subcategory,1
D594,D59.4,Other nonautoimmune haemolytic anaemias,D59,subcategory,1
D595,D59.5,Paroxysmal nocturnal haemoglobinuria [Marchiafava-Micheli],D59,subcategory,1
D598,D59.8,Other acquired haemolytic anaemias,D59,subcategory,1
D599,D59.9,"Acquired haemolytic anaemia, unspecified",D59,subcategory,1
D60,D60,Acquired pure red cell aplasia [erythroblastopenia],D60-D64,category,1
D600,D60.0,Chronic acquired pure red cell aplasia,D60,subcategory,1
D609,D60.9,"Acquired pure red cell aplasia, unspecified",D60,subcategory,1
D61,D61,Other aplastic anaemias,D60-D64,category,1
D610,D61.0,Constitutional aplastic anaemia,D61,subcategory,1
D611,D61.1,Drug-induced aplastic anaemia,D61,subcategory,1
D612,D61.2,Aplastic anaemia due to other external agents,D61,subcategory,1
D618,D61.8,Other specified aplastic anaemias,D61,subcategory,1
D619,D61.9,"Aplastic anaemia, unspecified",D61,subcategory,1
D62,D62,Acute posthaemorrhagic anaemia,D60-D64,category,1
D63,D63,Anaemia in chronic diseases classified elsewhere,D60-D64,category,0
D630,D63.0,Anaemia in neoplastic disease,D63,subcategory,1
D638,D63.8,Anaemia in other chronic diseases classified elsewhere,D63,subcategory,1
D64,D64,Other anaemias,D60-D64,category,1
D640,D64.0,Hereditary sideroblastic anaemia,D64,subcategory,1
D641,D64.1,Secondary sideroblastic anaemia due to disease,D64,subcategory,1
D642,D64.2,Secondary sideroblastic anaemia due to drugs and toxins,D64,subcategory,1
D643,D64.3,Other sideroblastic anaemias,D64,subcategory,1
D644,D64.4,Congenital dyserythropoietic anaemia,D64,subcategory,1
D648,D64.8,Other specified anaemias,D64,subcategory,1
D649,D64.9,"Anaemia, unspecified",D64,subcategory,1
D65,D65,Disseminated intravascular coagulation [defibrination syndrome],D65-D69,category,1
D66,D66,Hereditary factor VIII deficiency,D65-D69,category,1
D67,D67,Hereditary factor IX deficiency,D65-D69,category,1
D68,D68,Other coagulation defects,D65-D69,category,1
D680,D68.0,Von Willebrand's disease,D68,subcategory,1
D681,D68.1,Hereditary factor XI deficiency,D68,subcategory,1
D682,D68.2,Hereditary deficiency of other clotting factors,D68,subcategory,1
D683,D68.3,Haemorrhagic disorder due to circulating anticoagulants,D68,subcategory,1
D684,D68.4,Acquired coagulation factor deficiency,D68,subcategory,1
D685,D68.5,Primary Thrombophilia,D68,subcategory,1
D686,D68.6,Other Thrombophilia,D68,subcategory,1
D688,D68.8,Other specified coagulation defects,D68,subcategory,1
D689,D68.9,"Coagulation defect, unspecified",D68,subcategory,1
D69,D69,Purpura and other haemorrhagic conditions,D65-D69,category,1
D690,D69.0,Allergic purpura,D69,subcategory,1
D691,D69.1,Qualitative platelet defects,D69,subcategory,1
D692,D69.2,Other nonthrombocytopenic purpura,D69,subcategory,1
D693,D69.3,Idiopathic thrombocytopenic purpura,D69,subcategory,1
D694,D69.4,Other primary thrombocytopenia,D69,subcategory,1
D6949,D69.49,Other primary thrombocytopenia,D694,extension,1
D695,D69.5,Secondary thrombocytopenia,D69,subcategory,1
D696,D69.6,"Thrombocytopenia, unspecified",D69,subcategory,1
D698,D69.8,Other specified haemorrhagic conditions,D69,subcategory,1
D699,D69.9,"Haemorrhagic condition, unspecified",D69,subcategory,1
D70,D70,Agranulocytosis,D70-D77,category,1
D708,D70.8,Other neutropenia,D70,subcategory,1
D71,D71,Functional disorders of polymorphonuclear neutrophils,D70-D77,category,1
D72,D72,Other disorders of white blood cells,D70-D77,category,1
D720,D72.0,Genetic anomalies of leukocytes,D72,subcategory,1
D721,D72.1,Eosinophilia,D72,subcategory,1
D728,D72.8,Other specified disorders of white blood cells,D72,subcategory,1
D729,D72.9,"Disorder of white blood cells, unspecified",D72,subcategory,1
D73,D73,Diseases of spleen,D70-D77,category,1
D730,D73.0,Hyposplenism,D73,subcategory,1
D731,D73.1,Hypersplenism,D73,subcategory,1
D732,D73.2,Chronic congestive splenomegaly,D73,subcategory,1
D733,D73.3,Abscess of spleen,D73,subcategory,1
D734,D73.4,Cyst of spleen,D73,subcategory,1
D735,D73.5,Infarction of spleen,D73,subcategory,1
D738,D73.8,Other diseases of spleen,D73,subcategory,1
D739,D73.9,"Disease of spleen, unspecified",D73,subcategory,1
D74,D74,Methaemoglobinaemia,D70-D77,category,0
D748,D74.8,Other methaemoglobinaemias,D74,subcategory,1
D75,D75,Other diseases of blood and blood-forming organs,D70-D77,category,0
D750,D75.0,Familial erythrocytosis,D75,subcategory,1
D751,D75.1,Secondary polycythaemia,D75,subcategory,1
D752,D75.2,Essential thrombocytosis,D75,subcategory,1
D758,D75.8,Other specified diseases of blood and blood-forming organs,D75,subcategory,1
D759,D75.9,"Disease of blood and blood-forming organs, unspecified",D75,subcategory,1
D76,D76,Certain diseases involving lymphoreticular tissue and reticulohistiocytic system,D70-D77,category,0
D760,D76.0,"Langerhans' cell histiocytosis, not elsewhere classified",D76,subcategory,1
D761,D76.1,Haemophagocytic lymphohistiocytosis,D76,subcategory,1
D763,D76.3,Other histiocytosis syndromes,D76,subcategory,1
D77,D77,Other disorders of blood and blood-forming organs in diseases classified elsewhere,D70-D77,category,1
D78,D78,Intraoperative and postprocedural complications of the spleen,,category,0
D781,D78.1,Accidental puncture and laceration of the spleen during a procedure,D78,subcategory,0
D7811,D78.11,Accidental puncture and laceration of the spleen during a procedure on the spleen,D781,extension,1
D7812,D78.12,Accidental puncture and laceration of the spleen during other procedure,D781,extension,1
D80,D80,Immunodeficiency with predominantly antibody defects,D80-D89,category,1
D800,D80.0,Hereditary hypogammaglobulinaemia,D80,subcategory,1
D801,D80.1,Nonfamilial hypogammaglobulinaemia,D80,subcategory,1
D802,D80.2,Selective deficiency of immunoglobulin A [IgA],D80,subcategory,1
D803,D80.3,Selective deficiency of immunoglobulin G [IgG] subclasses,D80,subcategory,1
D804,D80.4,Selective deficiency of immunoglobulin M [IgM],D80,subcategory,1
D805,D80.5,Immunodeficiency with increased immunoglobulin M [IgM],D80,subcategory,1
D806,D80.6,Antibody deficiency with near-normal immunoglobulins or with hyperimmunoglobulinaemia,D80,subcategory,1
D808,D80.8,Other immunodeficiencies with predominantly antibody defects,D80,subcategory,1
D809,D80.9,"Immunodeficiency with predominantly antibody defects, unspecified",D80,subcategory,1
D81,D81,Combined immunodeficiencies,D80-D89,category,0
D810,D81.0,Severe combined immunodeficiency [SCID] with reticular dysgenesis,D81,subcategory,1
D82,D82,Immunodeficiency associated with other major defects,D80-D89,category,0
D823,D82.3,Immunodeficiency following hereditary defective response to Epstein-Barr virus,D82,subcategory,1
D829,D82.9,"Immunodeficiency associated with major defect, unspecified",D82,subcategory,1
D83,D83,Common variable immunodeficiency,D80-D89,category,1
D830,D83.0,Common variable immunodeficiency with predominant abnormalities of B-cell numbers and function,D83,subcategory,1
D831,D83.1,Common variable immunodeficiency with predominant immunoregulatory T-cell disorders,D83,subcategory,1
D838,D83.8,Other common variable immunodeficiencies,D83,subcategory,1
D839,D83.9,"Common variable immunodeficiency, unspecified",D83,subcategory,1
D84,D84,Other immunodeficiencies,D80-D89,category,1
D840,D84.0,Lymphocyte function antigen-1 [LFA-1] defect,D84,subcategory,1
D841,D84.1,Defects in the complement system,D84,subcategory,1
D848,D84.8,Other specified immunodeficiencies,D84,subcategory,1
D849,D84.9,"Immunodeficiency, unspecified",D84,subcategory,1
D86,D86,Sarcoidosis,D80-D89,category,1
D860,D86.0,Sarcoidosis of lung,D86,subcategory,1
D861,D86.1,Sarcoidosis of lymph nodes,D86,subcategory,1
D862,D86.2,Sarcoidosis of lung with sarcoidosis of lymph nodes,D86,subcategory,1
D863,D86.3,Sarcoidosis of skin,D86,subcategory,1
D868,D86.8,Sarcoidosis of other and combined sites,D86,subcategory,1
D869,D86.9,"Sarcoidosis, unspecified",D86,subcategory,1
D89,D89,"Other disorders involving the immune mechanism, not elsewhere classified",D80-D89,category,1
D890,D89.0,Polyclonal hypergammaglobulinaemia,D89,subcategory,1
D891,D89.1,Cryoglobulinaemia,D89,subcategory,1
D892,D89.2,"Hypergammaglobulinaemia, unspecified",D89,subcategory,1
D898,D89.8,"Other specified disorders involving the immune mechanism, not elsewhere classified",D89,subcategory,1
D899,D89.9,"Disorder involving the immune mechanism, unspecified",D89,subcategory,1
E00,E00,Congenital iodine-deficiency syndrome,E00-E07,category,1
E01,E01,Iodine-deficiency-related thyroid disorders and allied conditions,E00-E07,category,0
E010,E01.0,Iodine-deficiency-related diffuse (endemic) goitre,E01,subcategory,1
E011,E01.1,Iodine-deficiency-related multinodular (endemic) goitre,E01,subcategory,1
E012,E01.2,"Iodine-deficiency-related (endemic) goitre, unspecified",E01,subcategory,1
E018,E01.8,Other iodine-deficiency-related thyroid disorders and allied conditions,E01,subcategory,1
E02,E02,Subclinical iodine-deficiency hypothyroidism,E00-E07,category,1
E03,E03,Other hypothyroidism,E00-E07,category,1
E030,E03.0,Congenital hypothyroidism with diffuse goitre,E03,subcategory,1
E031,E03.1,Congenital hypothyroidism without goitre,E03,subcategory,1
E032,E03.2,Hypothyroidism due to medicaments and other exogenous substances,E03,subcategory,1
E033,E03.3,Postinfectious hypothyroidism,E03,subcategory,1
E034,E03.4,Atrophy of thyroid (acquired),E03,subcategory,1
E035,E03.5,Myxoedema coma,E03,subcategory,1
E038,E03.8,Other specified hypothyroidism,E03,subcategory,1
E039,E03.9,"Hypothyroidism, unspecified",E03,subcategory,1
E04,E04,Other non-toxic goitre,E00-E07,category,1
E040,E04.0,Non-toxic diffuse goitre,E04,subcategory,1
E041,E04.1,Non-toxic single thyroid nodule,E04,subcategory,1
E042,E04.2,Non-toxic multinodular goitre,E04,subcategory,1
E048,E04.8,Other specified non-toxic goitre,E04,subcategory,1
E049,E04.9,"Non-toxic goitre, unspecified",E04,subcategory,1
E05,E05,Thyrotoxicosis [hyperthyroidism],E00-E07,category,1
E050,E05.0,Thyrotoxicosis with diffuse goitre,E05,subcategory,1
E051,E05.1,Thyrotoxicosis with toxic single thyroid nodule,E05,subcategory,1
E052,E05.2,Thyrotoxicosis with toxic multinodular goitre,E05,subcategory,1
E053,E05.3,Thyrotoxicosis from ectopic thyroid tissue,E05,subcategory,1
E055,E05.5,Thyroid crisis or storm,E05,subcategory,1
E058,E05.8,Other thyrotoxicosis,E05,subcategory,1
E059,E05.9,"Thyrotoxicosis, unspecified",E05,subcategory,1
E06,E06,Thyroiditis,E00-E07,category,1
E060,E06.0,Acute thyroiditis,E06,subcategory,1
E061,E06.1,Subacute thyroiditis,E06,subcategory,1
E062,E06.2,Chronic thyroiditis with transient thyrotoxicosis,E06,subcategory,1
E063,E06.3,Autoimmune thyroiditis,E06,subcategory,1
E064,E06.4,Drug-induced thyroiditis,E06,subcategory,1
E065,E06.5,Other chronic thyroiditis,E06,subcategory,1
E069,E06.9,"Thyroiditis, unspecified",E06,subcategory,1
E07,E07,Other disorders of thyroid,E00-E07,category,1
E070,E07.0,Hypersecretion of calcitonin,E07,subcategory,1
E078,E07.8,Other specified disorders of thyroid,E07,subcategory,1
E079,E07.9,"Disorder of thyroid, unspecified",E07,subcategory,1
E08,E08,Diabetes mellitus due to underlying condition,,category,0
E084,E08.4,Diabetes mellitus due to underlying condition with neurological complications,E08,subcategory,0
E0842,E08.42,Diabetes mellitus due to underlying condition with diabetic polyneuropathy,E084,extension,1
E09,E09,Drug or chemical induced diabetes mellitus,,category,0
E094,E09.4,Drug or chemical induced diabetes mellitus with neurological complications,E09,subcategory,0
E0942,E09.42,Drug or chemical induced diabetes mellitus with neurological complications with diabetic polyneuropathy,E094,extension,1
E10,E10,Insulin-dependent diabetes mellitus,E10-E14,category,1
E100,E10.0,With coma,E10,subcategory,1
E101,E10.1,With ketoacidosis,E10,subcategory,1
E102,E10.2,With renal complications,E10,subcategory,1
E103,E10.3,With ophthalmic complications,E10,subcategory,1
E104,E10.4,With neurological complications,E10,subcategory,1
E1042,E10.42,Type 1 diabetes mellitus with diabetic polyneuropathy,E104,extension,1
E105,E10.5,With peripheral circulatory complications,E10,subcategory,1
E106,E10.6,With other specified complications,E10,subcategory,1
E107,E10.7,With multiple complications,E10,subcategory,1
E108,E10.8,With unspecified complications,E10,subcategory,1
E109,E10.9,Without complications,E10,subcategory,1
E11,E11,Non-insulin-dependent diabetes mellitus,E10-E14,category,1
E110,E11.0,With coma,E11,subcategory,1
E111,E11.1,With ketoacidosis,E11,subcategory,1
E1110,E11.10,Type 2 diabetes mellitus with ketoacidosis without coma,E111,extension,1
E112,E11.2,With renal complications,E11,subcategory,1
E113,E11.3,With ophthalmic complications,E11,subcategory,1
E114,E11.4,With neurological complications,E11,subcategory,1
E1142,E11.42,Type 2 diabetes mellitus with diabetic polyneuropathy,E114,extension,1
E115,E11.5,With peripheral circulatory complications,E11,subcategory,1
E116,E11.6,With other specified complications,E11,subcategory,1
E1169,E11.69,Type 2 diabetes mellitus with other specified complication,E116,extension,1
E117,E11.7,With multiple complications,E11,subcategory,1
E118,E11.8,With unspecified complications,E11,subcategory,1
E119,E11.9,Without complications,E11,subcategory,1
E12,E12,Malnutrition-related diabetes mellitus,E10-E14,category,0
E121,E12.1,With ketoacidosis,E12,subcategory,1
E13,E13,Other specified diabetes mellitus,E10-E14,category,1
E130,E13.0,With coma,E13,subcategory,1
E131,E13.1,With ketoacidosis,E13,subcategory,1
E1310,E13.10,Other specified diabetes mellitus with ketoacidosis without coma,E131,extension,1
E132,E13.2,With renal complications,E13,subcategory,1
E133,E13.3,With ophthalmic complications,E13,subcategory,1
E134,E13.4,With neurological complications,E13,subcategory,0
E1342,E13.42,Other specified diabetes mellitus with diabetic polyneuropathy,E134,extension,1
E138,E13.8,With unspecified complications,E13,subcategory,1
E139,E13.9,Without complications,E13,subcategory,1
E14,E14,Unspecified diabetes mellitus,E10-E14,category,1
E140,E14.0,With coma,E14,subcategory,1
E141,E14.1,With ketoacidosis,E14,subcategory,1
E142,E14.2,Withrenal complications,E14,subcategory,1
E143,E14.3,With ophthalmic complications,E14,subcategory,1
E144,E14.4,With neurological complications,E14,subcategory,1
E145,E14.5,With peripheral circulatory complications,E14,subcategory,1
E146,E14.6,With other specified complications,E14,subcategory,1
E147,E14.7,With multiple complications,E14,subcategory,1
E148,E14.8,With unspecified complications,E14,subcategory,1
E149,E14.9,Without complications,E14,subcategory,1
E15,E15,Nondiabetic hypoglycaemic coma,E15-E16,category,1
E16,E16,Other disorders of pancreatic internal secretion,E15-E16,category,1
E160,E16.0,Drug-induced hypoglycaemia without coma,E16,subcategory,1
E161,E16.1,Other hypoglycaemia,E16,subcategory,1
E162,E16.2,"Hypoglycaemia, unspecified",E16,subcategory,1
E168,E16.8,Other specified disorders of pancreatic internal secretion,E16,subcategory,1
E169,E16.9,"Disorder of pancreatic internal secretion, unspecified",E16,subcategory,1
E20,E20,Hypoparathyroidism,E20-E35,category,0
E200,E20.0,Idiopathic hypoparathyroidism,E20,subcategory,1
E208,E20.8,Other hypoparathyroidism,E20,subcategory,1
E209,E20.9,"Hypoparathyroidism, unspecified",E20,subcategory,1
E21,E21,Hyperparathyroidism and other disorders of parathyroid gland,E20-E35,category,0
E210,E21.0,Primary hyperparathyroidism,E21,subcategory,1
E211,E21.1,"Secondary hyperparathyroidism, not elsewhere classified",E21,subcategory,1
E212,E21.2,Other hyperparathyroidism,E21,subcategory,1
E213,E21.3,"Hyperparathyroidism, unspecified",E21,subcategory,1
E214,E21.4,Other specified disorders of parathyroid gland,E21,subcategory,1
E215,E21.5,"Disorder of parathyroid gland, unspecified",E21,subcategory,1
E22,E22,Hyperfunction of pituitary gland,E20-E35,category,1
E220,E22.0,Acromegaly and pituitary gigantism,E22,subcategory,1
E221,E22.1,Hyperprolactinaemia,E22,subcategory,1
E222,E22.2,Syndrome of inappropriate secretion of antidiuretic hormone,E22,subcategory,1
E228,E22.8,Other hyperfunction of pituitary gland,E22,subcategory,1
E229,E22.9,"Hyperfunction of pituitary gland, unspecified",E22,subcategory,1
E23,E23,Hypofunction and other disorders of pituitary gland,E20-E35,category,0
E230,E23.0,Hypopituitarism,E23,subcategory,1
E231,E23.1,Drug-induced hypopituitarism,E23,subcategory,1
E232,E23.2,Diabetes insipidus,E23,subcategory,1
E233,E23.3,"Hypothalamic dysfunction, not elsewhere classified",E23,subcategory,1
E236,E23.6,Other disorders of pituitary gland,E23,subcategory,1
E237,E23.7,"Disorder of pituitary gland, unspecified",E23,subcategory,1
E24,E24,Cushing's syndrome,E20-E35,category,1
E240,E24.0,Pituitary-dependent Cushing's disease,E24,subcategory,1
E241,E24.1,Nelson's syndrome,E24,subcategory,1
E242,E24.2,Drug-induced Cushing's syndrome,E24,subcategory,1
E243,E24.3,Ectopic ACTH syndrome,E24,subcategory,1
E248,E24.8,Other Cushing's syndrome,E24,subcategory,1
E249,E24.9,"Cushing's syndrome, unspecified",E24,subcategory,1
E25,E25,Adrenogenital disorders,E20-E35,category,0
E250,E25.0,Congenital adrenogenital disorders associated with enzyme deficiency,E25,subcategory,1
E259,E25.9,"Adrenogenital disorder, unspecified",E25,subcategory,1
E26,E26,Hyperaldosteronism,E20-E35,category,1
E260,E26.0,Primary hyperaldosteronism,E26,subcategory,1
E261,E26.1,Secondary hyperaldosteronism,E26,subcategory,1
E269,E26.9,"Hyperaldosteronism, unspecified",E26,subcategory,1
E27,E27,Other disorders of adrenal gland,E20-E35,category,1
E271,E27.1,Primary adrenocortical insufficiency,E27,subcategory,1
E272,E27.2,Addisonian crisis,E27,subcategory,1
E273,E27.3,Drug-induced adrenocortical insufficiency,E27,subcategory,1
E274,E27.4,Other and unspecified adrenocortical insufficiency,E27,subcategory,1
E275,E27.5,Adrenomedullary hyperfunction,E27,subcategory,1
E278,E27.8,Other specified disorders of adrenal gland,E27,subcategory,1
E279,E27.9,"Disorder of adrenal gland, unspecified",E27,subcategory,1
E28,E28,Ovarian dysfunction,E20-E35,category,1
E281,E28.1,Androgen excess,E28,subcategory,1
E282,E28.2,Polycystic ovarian syndrome,E28,subcategory,1
E283,E28.3,Primary ovarian failure,E28,subcategory,1
E288,E28.8,Other ovarian dysfunction,E28,subcategory,1
E289,E28.9,"Ovarian dysfunction, unspecified",E28,subcategory,1
E29,E29,Testicular dysfunction,E20-E35,category,1
E290,E29.0,Testicular hyperfunction,E29,subcategory,1
E291,E29.1,Testicular hypofunction,E29,subcategory,1
E298,E29.8,Other testicular dysfunction,E29,subcategory,1
E299,E29.9,"Testicular dysfunction, unspecified",E29,subcategory,1
E30,E30,"Disorders of puberty, not elsewhere classified",E20-E35,category,0
E300,E30.0,Delayed puberty,E30,subcategory,1
E308,E30.8,Other disorders of puberty,E30,subcategory,1
E309,E30.9,"Disorder of puberty, unspecified",E30,subcategory,1
E31,E31,Polyglandular dysfunction,E20-E35,category,0
E310,E31.0,Autoimmune polyglandular failure,E31,subcategory,1
E32,E32,Diseases of thymus,E20-E35,category,0
E320,E32.0,Persistent hyperplasia of thymus,E32,subcategory,1
E328,E32.8,Other diseases of thymus,E32,subcategory,1
E329,E32.9,"Disease of thymus, unspecified",E32,subcategory,1
E34,E34,Other endocrine disorders,E20-E35,category,0
E340,E34.0,Carcinoid syndrome,E34,subcategory,1
E343,E34.3,"Short stature, not elsewhere classified",E34,subcategory,1
E345,E34.5,Androgen resistance syndrome,E34,subcategory,1
E348,E34.8,Other specified endocrine disorders,E34,subcategory,1
E349,E34.9,"Endocrine disorder, unspecified",E34,subcategory,1
E35,E35,Disorders of endocrine glands in diseases classified elsewhere,E20-E35,category,0
E350,E35.0,Disorders of thyroid gland in diseases classified elsewhere,E35,subcategory,1
E351,E35.1,Disorders of adrenal glands in diseases classified elsewhere,E35,subcategory,1
E36,E36,Intraoperative complications of endocrine system,,category,0
E361,E36.1,Accidental puncture and laceration of an endocrine system organ or structure during a procedure,E36,subcategory,0
E3611,E36.11,Accidental puncture and laceration of an endocrine system organ or structure during an endocrine system procedure,E361,extension,1
E3612,E36.12,Accidental puncture and laceration of an endocrine system organ or structure during other procedure,E361,extension,1
E40,E40,Kwashiorkor,E40-E46,category,1
E41,E41,Nutritional marasmus,E40-E46,category,1
E43,E43,Unspecified severe protein-energy malnutrition,E40-E46,category,1
E44,E44,Protein-energy malnutrition of moderate and mild degree,E40-E46,category,0
E440,E44.0,Moderate protein-energy malnutrition,E44,subcategory,1
E45,E45,Retarded development following protein-energy malnutrition,E40-E46,category,1
E46,E46,Unspecified protein-energy malnutrition,E40-E46,category,1
E50,E50,Vitamin A deficiency,E50-E64,category,1
E500,E50.0,Vitamin A deficiency with conjunctival xerosis,E50,subcategory,1
E501,E50.1,Vitamin A deficiency with Bitot's spot and conjunctival xerosis,E50,subcategory,1
E502,E50.2,Vitamin A deficiency with corneal xerosis,E50,subcategory,1
E503,E50.3,Vitamin A deficiency with corneal ulceration and xerosis,E50,subcategory,1
E504,E50.4,Vitamin A deficiency with keratomalacia,E50,subcategory,1
E505,E50.5,Vitamin A deficiency with night blindness,E50,subcategory,1
E506,E50.6,Vitamin A deficiency with xerophthalmic scars of cornea,E50,subcategory,1
E507,E50.7,Other ocular manifestations of vitamin A deficiency,E50,subcategory,1
E508,E50.8,Other manifestations of vitamin A deficiency,E50,subcategory,1
E509,E50.9,"Vitamin A deficiency, unspecified",E50,subcategory,1
E51,E51,Thiamine deficiency,E50-E64,category,0
E512,E51.2,Wernicke's encephalopathy,E51,subcategory,1
E518,E51.8,Other manifestations of thiamine deficiency,E51,subcategory,1
E519,E51.9,"Thiamine deficiency, unspecified",E51,subcategory,1
E52,E52,Niacin deficiency [pellagra],E50-E64,category,1
E53,E53,Deficiency of other B group vitamins,E50-E64,category,1
E530,E53.0,Riboflavin deficiency,E53,subcategory,1
E531,E53.1,Pyridoxine deficiency,E53,subcategory,1
E538,E53.8,Deficiency of other specified B group vitamins,E53,subcategory,1
E539,E53.9,"Vitamin B deficiency, unspecified",E53,subcategory,1
E54,E54,Ascorbic acid deficiency,E50-E64,category,1
E55,E55,Vitamin D deficiency,E50-E64,category,1
E550,E55.0,"Rickets, active",E55,subcategory,1
E559,E55.9,"Vitamin D deficiency, unspecified",E55,subcategory,1
E56,E56,Other vitamin deficiencies,E50-E64,category,1
E560,E56.0,Deficiency of vitamin E,E56,subcategory,1
E561,E56.1,Deficiency of vitamin K,E56,subcategory,1
E568,E56.8,Deficiency of other vitamins,E56,subcategory,1
E569,E56.9,"Vitamin deficiency, unspecified",E56,subcategory,1
E58,E58,Dietary calcium deficiency,E50-E64,category,1
E60,E60,Dietary zinc deficiency,E50-E64,category,1
E61,E61,Deficiency of other nutrient elements,E50-E64,category,0
E610,E61.0,Copper deficiency,E61,subcategory,1
E611,E61.1,Iron deficiency,E61,subcategory,1
E612,E61.2,Magnesium deficiency,E61,subcategory,1
E618,E61.8,Deficiency of other specified nutrient elements,E61,subcategory,1
E619,E61.9,"Deficiency of nutrient element, unspecified",E61,subcategory,1
E63,E63,Other nutritional deficiencies,E50-E64,category,1
E639,E63.9,"Nutritional deficiency, unspecified",E63,subcategory,1
E64,E64,Sequelae of malnutrition and other nutritional deficiencies,E50-E64,category,0
E640,E64.0,Sequelae of protein-energy malnutrition,E64,subcategory,1
E65,E65,Localised adiposity,E65-E68,category,1
E66,E66,Obesity,E65-E68,category,1
E660,E66.0,Obesity due to excess calories,E66,subcategory,1
E661,E66.1,Drug-induced obesity,E66,subcategory,1
E662,E66.2,Extreme obesity with alveolar hypoventilation,E66,subcategory,1
E668,E66.8,Other obesity,E66,subcategory,1
E669,E66.9,"Obesity, unspecified",E66,subcategory,1
E67,E67,Other hyperalimentation,E65-E68,category,0
E670,E67.0,Hypervitaminosis A,E67,subcategory,1
E671,E67.1,Hypercarotenaemia,E67,subcategory,1
E678,E67.8,Other specified hyperalimentation,E67,subcategory,1
E70,E70,Disorders of aromatic amino-acid metabolism,E70-E90,category,1
E700,E70.0,Classical phenylketonuria,E70,subcategory,1
E701,E70.1,Other hyperphenylalaninaemias,E70,subcategory,1
E702,E70.2,Disorders of tyrosine metabolism,E70,subcategory,1
E703,E70.3,Albinism,E70,subcategory,1
E708,E70.8,Other disorders of aromatic amino-acid metabolism,E70,subcategory,1
E71,E71,Disorders of branched-chain amino-acid metabolism and fatty-acid metabolism,E70-E90,category,0
E711,E71.1,Other disorders of branched-chain amino-acid metabolism,E71,subcategory,1
E712,E71.2,"Disorder of branched-chain amino-acid metabolism, unspecified",E71,subcategory,1
E713,E71.3,Disorders of fatty-acid metabolism,E71,subcategory,1
E72,E72,Other disorders of amino-acid metabolism,E70-E90,category,0
E720,E72.0,Disorders of amino-acid transport,E72,subcategory,1
E7200,E72.00,"Disorders of amino-acid transport, unspecified",E720,extension,1
E7201,E72.01,Cystinuria,E720,extension,1
E7204,E72.04,Cystinosis,E720,extension,1
E7209,E72.09,Other disorders of amino-acid transport,E720,extension,1
E721,E72.1,Disorders of sulphur-bearing amino-acid metabolism,E72,subcategory,1
E722,E72.2,Disorders of urea cycle metabolism,E72,subcategory,1
E725,E72.5,Disorders of glycine metabolism,E72,subcategory,1
E728,E72.8,Other specified disorders of amino-acid metabolism,E72,subcategory,1
E73,E73,Lactose intolerance,E70-E90,category,1
E730,E73.0,Congenital lactase deficiency,E73,subcategory,1
E731,E73.1,Secondary lactase deficiency,E73,subcategory,1
E738,E73.8,Other lactose intolerance,E73,subcategory,1
E739,E73.9,"Lactose intolerance, unspecified",E73,subcategory,1
E74,E74,Other disorders of carbohydrate metabolism,E70-E90,category,1
E740,E74.0,Glycogen storage disease,E74,subcategory,1
E741,E74.1,Disorders of fructose metabolism,E74,subcategory,1
E742,E74.2,Disorders of galactose metabolism,E74,subcategory,1
E743,E74.3,Other disorders of intestinal carbohydrate absorption,E74,subcategory,1
E748,E74.8,Other specified disorders of carbohydrate metabolism,E74,subcategory,1
E749,E74.9,"Disorder of carbohydrate metabolism, unspecified",E74,subcategory,1
E75,E75,Disorders of sphingolipid metabolism and other lipid storage disorders,E70-E90,category,1
E750,E75.0,GM2 gangliosidosis,E75,subcategory,1
E752,E75.2,Other sphingolipidosis,E75,subcategory,1
E755,E75.5,Other lipid storage disorders,E75,subcategory,1
E756,E75.6,"Lipid storage disorder, unspecified",E75,subcategory,1
E76,E76,Disorders of glycosaminoglycan metabolism,E70-E90,category,0
E760,E76.0,"Mucopolysaccharidosis, type I",E76,subcategory,1
E761,E76.1,"Mucopolysaccharidosis, type II",E76,subcategory,1
E762,E76.2,Other mucopolysaccharidoses,E76,subcategory,1
E763,E76.3,"Mucopolysaccharidosis, unspecified",E76,subcategory,1
E77,E77,Disorders of glycoprotein metabolism,E70-E90,category,0
E778,E77.8,Other disorders of glycoprotein metabolism,E77,subcategory,1
E78,E78,Disorders of lipoprotein metabolism and other lipidaemias,E70-E90,category,1
E780,E78.0,Pure hypercholesterolaemia,E78,subcategory,1
E7800,E78.00,"Pure hypercholesterolemia, unspecified",E780,extension,1
E7801,E78.01,Familial hypercholesterolemia,E780,extension,1
E781,E78.1,Pure hyperglyceridaemia,E78,subcategory,1
E782,E78.2,Mixed hyperlipidaemia,E78,subcategory,1
E783,E78.3,Hyperchylomicronaemia,E78,subcategory,1
E784,E78.4,Other hyperlipidaemia,E78,subcategory,1
E785,E78.5,"Hyperlipidaemia, unspecified",E78,subcategory,1
E786,E78.6,Lipoprotein deficiency,E78,subcategory,1
E788,E78.8,Other disorders of lipoprotein metabolism,E78,subcategory,1
E789,E78.9,"Disorder of lipoprotein metabolism, unspecified",E78,subcategory,1
E79,E79,Disorders of purine and pyrimidine metabolism,E70-E90,category,0
E790,E79.0,Hyperuricaemia without signs of inflammatory arthritis and tophaceous disease,E79,subcategory,1
E791,E79.1,Lesch-Nyhan syndrome,E79,subcategory,1
E798,E79.8,Other disorders of purine and pyrimidine metabolism,E79,subcategory,1
E80,E80,Disorders of porphyrin and bilirubin metabolism,E70-E90,category,1
E800,E80.0,Hereditary erythropoietic porphyria,E80,subcategory,1
E801,E80.1,Porphyria cutanea tarda,E80,subcategory,1
E802,E80.2,Other porphyria,E80,subcategory,1
E804,E80.4,Gilbert's syndrome,E80,subcategory,1
E805,E80.5,Crigler-Najjar syndrome,E80,subcategory,1
E806,E80.6,Other disorders of bilirubin metabolism,E80,subcategory,1
E807,E80.7,"Disorder of bilirubin metabolism, unspecified",E80,subcategory,1
E83,E83,Disorders of mineral metabolism,E70-E90,category,1
E830,E83.0,Disorders of copper metabolism,E83,subcategory,1
E831,E83.1,Disorders of iron metabolism,E83,subcategory,1
E832,E83.2,Disorders of zinc metabolism,E83,subcategory,1
E833,E83.3,Disorders of phosphorus metabolism,E83,subcategory,1
E834,E83.4,Disorders of magnesium metabolism,E83,subcategory,1
E835,E83.5,Disorders of calcium metabolism,E83,subcategory,1
E838,E83.8,Other disorders of mineral metabolism,E83,subcategory,1
E839,E83.9,"Disorder of mineral metabolism, unspecified",E83,subcategory,1
E84,E84,Cystic fibrosis,E70-E90,category,1
E840,E84.0,Cystic fibrosis with pulmonary manifestations,E84,subcategory,1
E841,E84.1,Cystic fibrosis with intestinal manifestations,E84,subcategory,1
E849,E84.9,"Cystic fibrosis, unspecified",E84,subcategory,1
E85,E85,Amyloidosis,E70-E90,category,1
E850,E85.0,Nonneuropathic heredofamilial amyloidosis,E85,subcategory,1
E851,E85.1,Neuropathic heredofamilial amyloidosis,E85,subcategory,1
E852,E85.2,"Heredofamilial amyloidosis, unspecified",E85,subcategory,1
E853,E85.3,Secondary systemic amyloidosis,E85,subcategory,1
E854,E85.4,Organ-limited amyloidosis,E85,subcategory,1
E858,E85.8,Other amyloidosis,E85,subcategory,1
E859,E85.9,"Amyloidosis, unspecified",E85,subcategory,1
E86,E86,Volume depletion,E70-E90,category,1
E87,E87,"Other disorders of fluid, electrolyte and acid-base balance",E70-E90,category,0
E870,E87.0,Hyperosmolality and hypernatraemia,E87,subcategory,1
E871,E87.1,Hypo-osmolality and hyponatraemia,E87,subcategory,1
E872,E87.2,Acidosis,E87,subcategory,1
E873,E87.3,Alkalosis,E87,subcategory,1
E874,E87.4,Mixed disorder of acid-base balance,E87,subcategory,1
E875,E87.5,Hyperkalaemia,E87,subcategory,1
E876,E87.6,Hypokalaemia,E87,subcategory,1
E877,E87.7,Fluid overload,E87,subcategory,1
E8770,E87.70,"Fluid overload, unspecified",E877,extension,1
E8779,E87.79,Other fluid overload,E877,extension,1
E878,E87.8,"Other disorders of electrolyte and fluid balance, not elsewhere classified",E87,subcategory,1
E88,E88,Other metabolic disorders,E70-E90,category,0
E880,E88.0,"Disorders of plasma-protein metabolism, not elsewhere classified",E88,subcategory,1
E881,E88.1,"Lipodystrophy, not elsewhere classified",E88,subcategory,1
E882,E88.2,"Lipomatosis, not elsewhere classified",E88,subcategory,1
E883,E88.3,Tumour lysis syndrome,E88,subcategory,1
E888,E88.8,Other specified metabolic disorders,E88,subcategory,1
E889,E88.9,"Metabolic disorder, unspecified",E88,subcategory,1
E89,E89,"Postprocedural endocrine and metabolic disorders, not elsewhere classified",E70-E90,category,0
E890,E89.0,Postprocedural hypothyroidism,E89,subcategory,1
E891,E89.1,Postprocedural hypoinsulinaemia,E89,subcategory,1
E892,E89.2,Postprocedural hypoparathyroidism,E89,subcategory,1
E893,E89.3,Postprocedural hypopituitarism,E89,subcategory,1
E894,E89.4,Postprocedural ovarian failure,E89,subcategory,1
E8940,E89.40,Asymptomatic postprocedural ovarian failure,E894,extension,1
E8941,E89.41,Symptomatic postprocedural ovarian failure,E894,extension,1
E895,E89.5,Postprocedural testicular hypofunction,E89,subcategory,1
E896,E89.6,Postprocedural adrenocortical(-medullary) hypofunction,E89,subcategory,1
E898,E89.8,Other postprocedural endocrine and metabolic disorders,E89,subcategory,1
E899,E89.9,"Postprocedural endocrine and metabolic disorder, unspecified",E89,subcategory,1
F00,F00,Dementia in Alzheimer's disease,F00-F09,category,0
F000,F00.0,Dementia in Alzheimer's disease with early onset,F00,subcategory,1
F001,F00.1,Dementia in Alzheimer's disease with late onset,F00,subcategory,1
F002,F00.2,"Dementia in Alzheimer's disease, atypical or mixed type",F00,subcategory,1
F009,F00.9,"Dementia in Alzheimer's disease, unspecified",F00,subcategory,1
F01,F01,Vascular dementia,F00-F09,category,1
F010,F01.0,Vascular dementia of acute onset,F01,subcategory,1
F011,F01.1,Multi-infarct dementia,F01,subcategory,1
F012,F01.2,Subcortical vascular dementia,F01,subcategory,1
F013,F01.3,Mixed cortical and subcortical vascular dementia,F01,subcategory,1
F018,F01.8,Other vascular dementia,F01,subcategory,1
F019,F01.9,"Vascular dementia, unspecified",F01,subcategory,1
F02,F02,Dementia in other diseases classified elsewhere,F00-F09,category,0
F020,F02.0,Dementia in Pick's disease,F02,subcategory,1
F022,F02.2,Dementia in Huntington's disease,F02,subcategory,1
F023,F02.3,Dementia in Parkinson's disease,F02,subcategory,1
F028,F02.8,Dementia in other specified diseases classified elsewhere,F02,subcategory,1
F03,F03,Unspecified dementia,F00-F09,category,1
F04,F04,"Organic amnesic syndrome, not induced by alcohol and other psychoactive substances",F00-F09,category,1
F05,F05,"Delirium, not induced by alcohol and other psychoactive substances",F00-F09,category,1
F050,F05.0,"Delirium not superimposed on dementia, so described",F05,subcategory,1
F051,F05.1,Delirium superimposed on dementia,F05,subcategory,1
F058,F05.8,Other delirium,F05,subcategory,1
F059,F05.9,"Delirium, unspecified",F05,subcategory,1
F06,F06,Other mental disorders due to brain damage and dysfunction and to physical disease,F00-F09,category,0
F060,F06.0,Organic hallucinosis,F06,subcategory,1
F062,F06.2,Organic delusional [schizophrenia-like] disorder,F06,subcategory,1
F063,F06.3,Organic mood [affective] disorders,F06,subcategory,1
F066,F06.6,Organic emotionally labile [asthenic] disorder,F06,subcategory,1
F067,F06.7,Mild cognitive disorder,F06,subcategory,1
F068,F06.8,Other specified mental disorders due to brain damage and dysfunction and to physical disease,F06,subcategory,1
F069,F06.9,Unspecified mental disorder due to brain damage and dysfunction and to physical disease,F06,subcategory,1
F07,F07,"Personality and behavioural disorders due to brain disease, damage and dysfunction",F00-F09,category,1
F070,F07.0,Organic personality disorder,F07,subcategory,1
F071,F07.1,Postencephalitic syndrome,F07,subcategory,1
F072,F07.2,Postconcussional syndrome,F07,subcategory,1
F078,F07.8,"Other organic personality and behavioural disorders due to brain disease, damage and dysfunction",F07,subcategory,1
F0781,F07.81,Postconcussional syndrome,F078,extension,1
F079,F07.9,"Unspecified organic personality and behavioural disorder due to brain disease, damage and dysfunction",F07,subcategory,1
F09,F09,Unspecified organic or symptomatic mental disorder,F00-F09,category,1
F10,F10,Mental and behavioural disorders due to use of alcohol,F10-F19,category,1
F100,F10.0,Acute intoxication,F10,subcategory,1
F101,F10.1,Harmful use,F10,subcategory,1
F102,F10.2,Dependence syndrome,F10,subcategory,1
F1023,F10.23,Alcohol dependence with withdrawal,F102,extension,1
F103,F10.3,Withdrawal state,F10,subcategory,1
F104,F10.4,Withdrawal state with delirium,F10,subcategory,1
F105,F10.5,Psychotic disorder,F10,subcategory,1
F106,F10.6,Amnesic syndrome,F10,subcategory,1
F107,F10.7,Residual and late-onset psychotic disorder,F10,subcategory,1
F108,F10.8,Other mental and behavioural disorders,F10,subcategory,1
F109,F10.9,Unspecified mental and behavioural disorder,F10,subcategory,1
F11,F11,Mental and behavioural disorders due to use of opioids,F10-F19,category,1
F110,F11.0,Acute intoxication,F11,subcategory,1
F111,F11.1,Harmful use,F11,subcategory,1
F112,F11.2,Dependence syndrome,F11,subcategory,1
F113,F11.3,Withdrawal state,F11,subcategory,1
F115,F11.5,Psychotic disorder,F11,subcategory,1
F117,F11.7,Residual and late-onset psychotic disorder,F11,subcategory,1
F119,F11.9,Unspecified mental and behavioural disorder,F11,subcategory,1
F12,F12,Mental and behavioural disorders due to use of cannabinoids,F10-F19,category,0
F120,F12.0,Acute intoxication,F12,subcategory,1
F121,F12.1,Harmful use,F12,subcategory,1
F122,F12.2,Dependence syndrome,F12,subcategory,1
F123,F12.3,Withdrawal state,F12,subcategory,1
F125,F12.5,Psychotic disorder,F12,subcategory,1
F129,F12.9,Unspecified mental and behavioural disorder,F12,subcategory,1
F13,F13,Mental and behavioural disorders due to use of sedatives or hypnotics,F10-F19,category,0
F131,F13.1,Harmful use,F13,subcategory,1
F132,F13.2,Dependence syndrome,F13,subcategory,1
F133,F13.3,Withdrawal state,F13,subcategory,1
F139,F13.9,Unspecified mental and behavioural disorder,F13,subcategory,1
F14,F14,Mental and behavioural disorders due to use of cocaine,F10-F19,category,0
F140,F14.0,Acute intoxication,F14,subcategory,1
F141,F14.1,Harmful use,F14,subcategory,1
F142,F14.2,Dependence syndrome,F14,subcategory,1
F15,F15,"Mental and behavioural disorders due to use of other stimulants, including caffeine",F10-F19,category,1
F150,F15.0,Acute intoxication,F15,subcategory,1
F151,F15.1,Harmful use,F15,subcategory,1
F152,F15.2,Dependence syndrome,F15,subcategory,1
F153,F15.3,Withdrawal state,F15,subcategory,1
F155,F15.5,Psychotic disorder,F15,subcategory,1
F159,F15.9,Unspecified mental and behavioural disorder,F15,subcategory,1
F1592,F15.92,"Other stimulant use, unspecified with intoxication",F159,extension,1
F16,F16,Mental and behavioural disorders due to use of hallucinogens,F10-F19,category,0
F161,F16.1,Harmful use,F16,subcategory,1
F167,F16.7,Residual and late-onset psychotic disorder,F16,subcategory,1
F17,F17,Mental and behavioural disorders due to use of tobacco,F10-F19,category,0
F170,F17.0,Acute intoxication,F17,subcategory,1
F171,F17.1,Harmful use,F17,subcategory,1
F172,F17.2,Dependence syndrome,F17,subcategory,1
F1720,F17.20,"Nicotine dependence, unspecified",F172,extension,1
F173,F17.3,Withdrawal state,F17,subcategory,1
F174,F17.4,Withdrawal state with delirium,F17,subcategory,1
F179,F17.9,Unspecified mental and behavioural disorder,F17,subcategory,1
F19,F19,Mental and behavioural disorders due to multiple drug use and use of other psychoactive substances,F10-F19,category,1
F191,F19.1,Harmful use,F19,subcategory,1
F192,F19.2,Dependence syndrome,F19,subcategory,1
F193,F19.3,Withdrawal state,F19,subcategory,1
F194,F19.4,Withdrawal state with delirium,F19,subcategory,1
F195,F19.5,Psychotic disorder,F19,subcategory,1
F196,F19.6,Amnesic syndrome,F19,subcategory,1
F199,F19.9,Unspecified mental and behavioural disorder,F19,subcategory,1
F20,F20,Schizophrenia,F20-F29,category,1
F200,F20.0,Paranoid schizophrenia,F20,subcategory,1
F201,F20.1,Hebephrenic schizophrenia,F20,subcategory,1
F202,F20.2,Catatonic schizophrenia,F20,subcategory,1
F203,F20.3,Undifferentiated schizophrenia,F20,subcategory,1
F204,F20.4,Postschizophrenic depression,F20,subcategory,1
F205,F20.5,Residual schizophrenia,F20,subcategory,1
F208,F20.8,Other schizophrenia,F20,subcategory,1
F209,F20.9,"Schizophrenia, unspecified",F20,subcategory,1
F21,F21,Schizotypal disorder,F20-F29,category,1
F22,F22,Persistent delusional disorders,F20-F29,category,1
F220,F22.0,Delusional disorder,F22,subcategory,1
F228,F22.8,Other persistent delusional disorders,F22,subcategory,1
F229,F22.9,"Persistent delusional disorder, unspecified",F22,subcategory,1
F23,F23,Acute and transient psychotic disorders,F20-F29,category,1
F230,F23.0,Acute polymorphic psychotic disorder without symptoms of schizophrenia,F23,subcategory,1
F231,F23.1,Acute polymorphic psychotic disorder with symptoms of schizophrenia,F23,subcategory,1
F232,F23.2,Acute schizophrenia-like psychotic disorder,F23,subcategory,1
F233,F23.3,Other acute predominantly delusional psychotic disorders,F23,subcategory,1
F238,F23.8,Other acute and transient psychotic disorders,F23,subcategory,1
F239,F23.9,"Acute and transient psychotic disorder, unspecified",F23,subcategory,1
F25,F25,Schizoaffective disorders,F20-F29,category,1
F250,F25.0,"Schizoaffective disorder, manic type",F25,subcategory,1
F251,F25.1,"Schizoaffective disorder, depressive type",F25,subcategory,1
F252,F25.2,"Schizoaffective disorder, mixed type",F25,subcategory,1
F258,F25.8,Other schizoaffective disorders,F25,subcategory,1
F259,F25.9,"Schizoaffective disorder, unspecified",F25,subcategory,1
F28,F28,Other nonorganic psychotic disorders,F20-F29,category,1
F29,F29,Unspecified nonorganic psychosis,F20-F29,category,1
F30,F30,Manic episode,F30-F39,category,1
F300,F30.0,Hypomania,F30,subcategory,1
F301,F30.1,Mania without psychotic symptoms,F30,subcategory,1
F302,F30.2,Mania with psychotic symptoms,F30,subcategory,1
F308,F30.8,Other manic episodes,F30,subcategory,1
F309,F30.9,"Manic episode, unspecified",F30,subcategory,1
F31,F31,Bipolar affective disorder,F30-F39,category,1
F310,F31.0,"Bipolar affective disorder, current episode hypomanic",F31,subcategory,1
F311,F31.1,"Bipolar affective disorder, current episode manic without psychotic symptoms",F31,subcategory,1
F312,F31.2,"Bipolar affective disorder, current episode manic with psychotic symptoms",F31,subcategory,1
F313,F31.3,"Bipolar affective disorder, current episode mild or moderate depression",F31,subcategory,1
F314,F31.4,"Bipolar affective disorder, current episode severe depression without psychotic symptoms",F31,subcategory,1
F315,F31.5,"Bipolar affective disorder, current episode severe depression with psychotic symptoms",F31,subcategory,1
F316,F31.6,"Bipolar affective disorder, current episode mixed",F31,subcategory,1
F317,F31.7,"Bipolar affective disorder, currently in remission",F31,subcategory,1
F318,F31.8,Other bipolar affective disorders,F31,subcategory,1
F319,F31.9,"Bipolar affective disorder, unspecified",F31,subcategory,1
F32,F32,Depressive episode,F30-F39,category,1
F320,F32.0,Mild depressive episode,F32,subcategory,1
F321,F32.1,Moderate depressive episode,F32,subcategory,1
F322,F32.2,Severe depressive episode without psychotic symptoms,F32,subcategory,1
F323,F32.3,Severe depressive episode with psychotic symptoms,F32,subcategory,1
F328,F32.8,Other depressive episodes,F32,subcategory,1
F3281,F32.81,Premenstrual dysphoric disorder,F328,extension,1
F329,F32.9,"Depressive episode, unspecified",F32,subcategory,1
F33,F33,Recurrent depressive disorder,F30-F39,category,1
F330,F33.0,"Recurrent depressive disorder, current episode mild",F33,subcategory,1
F331,F33.1,"Recurrent depressive disorder, current episode moderate",F33,subcategory,1
F332,F33.2,"Recurrent depressive disorder, current episode severe without psychotic symptoms",F33,subcategory,1
F333,F33.3,"Recurrent depressive disorder, current episode severe with psychotic symptoms",F33,subcategory,1
F334,F33.4,"Recurrent depressive disorder, currently in remission",F33,subcategory,1
F338,F33.8,Other recurrent depressive disorders,F33,subcategory,1
F339,F33.9,"Recurrent depressive disorder, unspecified",F33,subcategory,1
F34,F34,Persistent mood [affective] disorders,F30-F39,category,1
F340,F34.0,Cyclothymia,F34,subcategory,1
F341,F34.1,Dysthymia,F34,subcategory,1
F348,F34.8,Other persistent mood [affective] disorders,F34,subcategory,1
F349,F34.9,"Persistent mood [affective] disorder, unspecified",F34,subcategory,1
F38,F38,Other mood [affective] disorders,F30-F39,category,1
F380,F38.0,Other single mood [affective] disorders,F38,subcategory,1
F381,F38.1,Other recurrent mood [affective] disorders,F38,subcategory,1
F388,F38.8,Other specified mood [affective] disorders,F38,subcategory,1
F39,F39,Unspecified mood [affective] disorder,F30-F39,category,1
F40,F40,Phobic anxiety disorders,F40-F48,category,1
F400,F40.0,Agoraphobia,F40,subcategory,1
F401,F40.1,Social phobias,F40,subcategory,1
F402,F40.2,Specific (isolated) phobias,F40,subcategory,1
F408,F40.8,Other phobic anxiety disorders,F40,subcategory,1
F409,F40.9,"Phobic anxiety disorder, unspecified",F40,subcategory,1
F41,F41,Other anxiety disorders,F40-F48,category,1
F410,F41.0,Panic disorder [episodic paroxysmal anxiety],F41,subcategory,1
F411,F41.1,Generalised anxiety disorder,F41,subcategory,1
F412,F41.2,Mixed anxiety and depressive disorder,F41,subcategory,1
F413,F41.3,Other mixed anxiety disorders,F41,subcategory,1
F418,F41.8,Other specified anxiety disorders,F41,subcategory,1
F419,F41.9,"Anxiety disorder, unspecified",F41,subcategory,1
F42,F42,Obsessive-compulsive disorder,F40-F48,category,1
F420,F42.0,Predominantly obsessional thoughts or ruminations,F42,subcategory,1
F421,F42.1,Predominantly compulsive acts [obsessional rituals],F42,subcategory,1
F422,F42.2,Mixed obsessional thoughts and acts,F42,subcategory,1
F428,F42.8,Other obsessive-compulsive disorders,F42,subcategory,1
F429,F42.9,"Obsessive-compulsive disorder, unspecified",F42,subcategory,1
F43,F43,"Reaction to severe stress, and adjustment disorders",F40-F48,category,1
F430,F43.0,Acute stress reaction,F43,subcategory,1
F431,F43.1,Posttraumatic stress disorder,F43,subcategory,1
F432,F43.2,Adjustment disorders,F43,subcategory,1
F4321,F43.21,Adjustment disorder with depressed mood,F432,extension,1
F438,F43.8,Other reactions to severe stress,F43,subcategory,1
F439,F43.9,"Reaction to severe stress, unspecified",F43,subcategory,1
F44,F44,Dissociative [conversion] disorders,F40-F48,category,1
F440,F44.0,Dissociative amnesia,F44,subcategory,1
F441,F44.1,Dissociative fugue,F44,subcategory,1
F442,F44.2,Dissociative stupor,F44,subcategory,1
F443,F44.3,Trance and possession disorders,F44,subcategory,1
F444,F44.4,Dissociative motor disorders,F44,subcategory,1
F445,F44.5,Dissociative convulsions,F44,subcategory,1
F446,F44.6,Dissociative anaesthesia and sensory loss,F44,subcategory,1
F447,F44.7,Mixed dissociative [conversion] disorders,F44,subcategory,1
F448,F44.8,Other dissociative [conversion] disorders,F44,subcategory,1
F449,F44.9,"Dissociative [conversion] disorder, unspecified",F44,subcategory,1
F45,F45,Somatoform disorders,F40-F48,category,1
F450,F45.0,Somatisation disorder,F45,subcategory,1
F452,F45.2,Hypochondriacal disorder,F45,subcategory,1
F453,F45.3,Somatoform autonomic dysfunction,F45,subcategory,1
F454,F45.4,Persistent somatoform pain disorder,F45,subcategory,1
F458,F45.8,Other somatoform disorders,F45,subcategory,1
F459,F45.9,"Somatoform disorder, unspecified",F45,subcategory,1
F48,F48,Other neurotic disorders,F40-F48,category,0
F480,F48.0,Neurasthenia,F48,subcategory,1
F481,F48.1,Depersonalisation-derealisation syndrome,F48,subcategory,1
F488,F48.8,Other specified neurotic disorders,F48,subcategory,1
F489,F48.9,"Neurotic disorder, unspecified",F48,subcategory,1
F50,F50,Eating disorders,F50-F59,category,1
F500,F50.0,Anorexia nervosa,F50,subcategory,1
F501,F50.1,Atypical anorexia nervosa,F50,subcategory,1
F502,F50.2,Bulimia nervosa,F50,subcategory,1
F503,F50.3,Atypical bulimia nervosa,F50,subcategory,1
F504,F50.4,Overeating associated with other psychological disturbances,F50,subcategory,1
F505,F50.5,Vomiting associated with other psychological disturbances,F50,subcategory,1
F508,F50.8,Other eating disorders,F50,subcategory,1
F509,F50.9,"Eating disorder, unspecified",F50,subcategory,1
F51,F51,Nonorganic sleep disorders,F50-F59,category,1
F510,F51.0,Nonorganic insomnia,F51,subcategory,1
F512,F51.2,Nonorganic disorder of the sleep-wake schedule,F51,subcategory,1
F513,F51.3,Sleepwalking [somnambulism],F51,subcategory,1
F514,F51.4,Sleep terrors [night terrors],F51,subcategory,1
F515,F51.5,Nightmares,F51,subcategory,1
F518,F51.8,Other nonorganic sleep disorders,F51,subcategory,1
F519,F51.9,"Nonorganic sleep disorder, unspecified",F51,subcategory,1
F52,F52,"Sexual dysfunction, not caused by organic disorder or disease",F50-F59,category,1
F520,F52.0,Lack or loss of sexual desire,F52,subcategory,1
F521,F52.1,Sexual aversion and lack of sexual enjoyment,F52,subcategory,1
F522,F52.2,Failure of genital response,F52,subcategory,1
F523,F52.3,Orgasmic dysfunction,F52,subcategory,1
F524,F52.4,Premature ejaculation,F52,subcategory,1
F526,F52.6,Nonorganic dyspareunia,F52,subcategory,1
F529,F52.9,"Unspecified sexual dysfunction, not caused by organic disorder or disease",F52,subcategory,1
F53,F53,"Mental and behavioural disorders associated with the puerperium, not elsewhere classified",F50-F59,category,1
F530,F53.0,"Mild mental and behavioural disorders associated with the puerperium, not elsewhere classified",F53,subcategory,1
F531,F53.1,"Severe mental and behavioural disorders associated with the puerperium, not elsewhere classified",F53,subcategory,1
F538,F53.8,"Other mental and behavioural disorders associated with the puerperium, not elsewhere classified",F53,subcategory,1
F539,F53.9,"Puerperal mental disorder, unspecified",F53,subcategory,1
F54,F54,Psychological and behavioural factors associated with disorders or diseases classified elsewhere,F50-F59,category,1
F55,F55,Abuse of non-dependence-producing substances,F50-F59,category,1
F59,F59,Unspecified behavioural syndromes associated with physiological disturbances and physical factors,F50-F59,category,1
F60,F60,Specific personality disorders,F60-F69,category,1
F600,F60.0,Paranoid personality disorder,F60,subcategory,1
F601,F60.1,Schizoid personality disorder,F60,subcategory,1
F602,F60.2,Dissocial personality disorder,F60,subcategory,1
F603,F60.3,Emotionally unstable personality disorder,F60,subcategory,1
F605,F60.5,Anankastic personality disorder,F60,subcategory,1
F606,F60.6,Anxious [avoidant] personality disorder,F60,subcategory,1
F607,F60.7,Dependent personality disorder,F60,subcategory,1
F608,F60.8,Other specific personality disorders,F60,subcategory,1
F609,F60.9,"Personality disorder, unspecified",F60,subcategory,1
F61,F61,Mixed and other personality disorders,F60-F69,category,1
F62,F62,"Enduring personality changes, not attributable to brain damage and disease",F60-F69,category,1
F620,F62.0,Enduring personality change after catastrophic experience,F62,subcategory,1
F628,F62.8,Other enduring personality changes,F62,subcategory,1
F629,F62.9,"Enduring personality change, unspecified",F62,subcategory,1
F63,F63,Habit and impulse disorders,F60-F69,category,0
F630,F63.0,Pathological gambling,F63,subcategory,1
F631,F63.1,Pathological fire-setting [pyromania],F63,subcategory,1
F633,F63.3,Trichotillomania,F63,subcategory,1
F638,F63.8,Other habit and impulse disorders,F63,subcategory,1
F639,F63.9,"Habit and impulse disorder, unspecified",F63,subcategory,1
F64,F64,Gender identity disorders,F60-F69,category,0
F640,F64.0,Transsexualism,F64,subcategory,1
F641,F64.1,Dual-role transvestism,F64,subcategory,1
F648,F64.8,Other gender identity disorders,F64,subcategory,1
F649,F64.9,"Gender identity disorder, unspecified",F64,subcategory,1
F65,F65,Disorders of sexual preference,F60-F69,category,1
F659,F65.9,"Disorder of sexual preference, unspecified",F65,subcategory,1
F66,F66,Psychological and behavioural disorders associated with sexual development and orientation,F60-F69,category,1
F662,F66.2,Sexual relationship disorder,F66,subcategory,1
F669,F66.9,"Psychosexual development disorder, unspecified",F66,subcategory,1
F68,F68,Other disorders of adult personality and behaviour,F60-F69,category,1
F681,F68.1,"Intentional production or feigning of symptoms or disabilities, either physical or psychological [factitious disorder]",F68,subcategory,1
F688,F68.8,Other specified disorders of adult personality and behaviour,F68,subcategory,1
F69,F69,Unspecified disorder of adult personality and behaviour,F60-F69,category,1
F70,F70,Mild mental retardation,F70-F79,category,0
F700,F70.0,"Mild mental retardation (With the statement of no, or minimal, impairment of behaviour)",F70,subcategory,1
F701,F70.1,Mild mental retardation (Significant impairment of behaviour requiring attention or treatment),F70,subcategory,1
F708,F70.8,Mild mental retardation (Other impairments of behaviour),F70,subcategory,1
F709,F70.9,Mild mental retardation (Without mention of impairment of behaviour),F70,subcategory,1
F71,F71,Moderate mental retardation,F70-F79,category,1
F711,F71.1,Moderate mental retardation (Significant impairment of behaviour requiring attention or treatment),F71,subcategory,1
F72,F72,Severe mental retardation,F70-F79,category,0
F729,F72.9,Severe mental retardation (Without mention of impairment of behaviour),F72,subcategory,1
F73,F73,Profound mental retardation,F70-F79,category,1
F739,F73.9,Profound mental retardation (Without mention of impairment of behaviour),F73,subcategory,1
F78,F78,Other mental retardation,F70-F79,category,0
F789,F78.9,Other mental retardation (Without mention of impairment of behaviour),F78,subcategory,1
F79,F79,Unspecified mental retardation,F70-F79,category,1
F790,F79.0,"Unspecified mental retardation (With the statement of no, or minimal, impairment of behaviour)",F79,subcategory,1
F799,F79.9,Unspecified mental retardation (Without mention of impairment of behaviour),F79,subcategory,1
F80,F80,Specific developmental disorders of speech and language,F80-F89,category,0
F801,F80.1,Expressive language disorder,F80,subcategory,1
F802,F80.2,Receptive language disorder,F80,subcategory,1
F809,F80.9,"Developmental disorder of speech and language, unspecified",F80,subcategory,1
F81,F81,Specific developmental disorders of scholastic skills,F80-F89,category,1
F810,F81.0,Specific reading disorder,F81,subcategory,1
F812,F81.2,Specific disorder of arithmetical skills,F81,subcategory,1
F818,F81.8,Other developmental disorders of scholastic skills,F81,subcategory,1
F819,F81.9,"Developmental disorder of scholastic skills, unspecified",F81,subcategory,1
F82,F82,Specific developmental disorder of motor function,F80-F89,category,1
F83,F83,Mixed specific developmental disorders,F80-F89,category,1
F84,F84,Pervasive developmental disorders,F80-F89,category,1
F840,F84.0,Childhood autism,F84,subcategory,1
F841,F84.1,Atypical autism,F84,subcategory,1
F843,F84.3,Other childhood disintegrative disorder,F84,subcategory,1
F844,F84.4,Overactive disorder associated with mental retardation and stereotyped movements,F84,subcategory,1
F845,F84.5,Asperger's syndrome,F84,subcategory,1
F849,F84.9,"Pervasive developmental disorder, unspecified",F84,subcategory,1
F89,F89,Unspecified disorder of psychological development,F80-F89,category,1
F90,F90,Hyperkinetic disorders,F90-F98,category,0
F900,F90.0,Disturbance of activity and attention,F90,subcategory,1
F909,F90.9,"Hyperkinetic disorder, unspecified",F90,subcategory,1
F91,F91,Conduct disorders,F90-F98,category,0
F911,F91.1,Unsocialised conduct disorder,F91,subcategory,1
F918,F91.8,Other conduct disorders,F91,subcategory,1
F92,F92,Mixed disorders of conduct and emotions,F90-F98,category,0
F929,F92.9,"Mixed disorder of conduct and emotions, unspecified",F92,subcategory,1
F93,F93,Emotional disorders with onset specific to childhood,F90-F98,category,0
F931,F93.1,Phobic anxiety disorder of childhood,F93,subcategory,1
F94,F94,Disorders of social functioning with onset specific to childhood and adolescence,F90-F98,category,0
F940,F94.0,Elective mutism,F94,subcategory,1
F941,F94.1,Reactive attachment disorder of childhood,F94,subcategory,1
F95,F95,Tic disorders,F90-F98,category,1
F951,F95.1,Chronic motor or vocal tic disorder,F95,subcategory,1
F952,F95.2,Combined vocal and multiple motor tic disorder [de la Tourette],F95,subcategory,1
F958,F95.8,Other tic disorders,F95,subcategory,1
F959,F95.9,"Tic disorder, unspecified",F95,subcategory,1
F98,F98,Other behavioural and emotional disorders with onset usually occurring in childhood and adolescence,F90-F98,category,0
F981,F98.1,Nonorganic encopresis,F98,subcategory,1
F984,F98.4,Stereotyped movement disorders,F98,subcategory,1
F985,F98.5,Stuttering [stammering],F98,subcategory,1
F986,F98.6,Cluttering,F98,subcategory,1
F988,F98.8,Other specified behavioural and emotional disorders with onset usually occurring in childhood and adolescence,F98,subcategory,1
F99,F99,"Mental disorder, not otherwise specified",F99-F99,category,1
G00,G00,"Bacterial meningitis, not elsewhere classified",G00-G09,category,1
G000,G00.0,Haemophilus meningitis,G00,subcategory,1
G001,G00.1,Pneumococcal meningitis,G00,subcategory,1
G002,G00.2,Streptococcal meningitis,G00,subcategory,1
G003,G00.3,Staphylococcal meningitis,G00,subcategory,1
G008,G00.8,Other bacterial meningitis,G00,subcategory,1
G009,G00.9,"Bacterial meningitis, unspecified",G00,subcategory,1
G01,G01,Meningitis in bacterial diseases classified elsewhere,G00-G09,category,1
G02,G02,Meningitis in other infectious and parasitic diseases classified elsewhere,G00-G09,category,0
G020,G02.0,Meningitis in viral diseases classified elsewhere,G02,subcategory,1
G021,G02.1,Meningitis in mycoses,G02,subcategory,1
G03,G03,Meningitis due to other and unspecified causes,G00-G09,category,1
G030,G03.0,Nonpyogenic meningitis,G03,subcategory,1
G031,G03.1,Chronic meningitis,G03,subcategory,1
G032,G03.2,Benign recurrent meningitis [Mollaret],G03,subcategory,1
G038,G03.8,Meningitis due to other specified causes,G03,subcategory,1
G039,G03.9,"Meningitis, unspecified",G03,subcategory,1
G04,G04,"Encephalitis, myelitis and encephalomyelitis",G00-G09,category,1
G040,G04.0,Acute disseminated encephalitis,G04,subcategory,1
G042,G04.2,"Bacterial meningoencephalitis and meningomyelitis, not elsewhere classified",G04,subcategory,1
G048,G04.8,"Other encephalitis, myelitis and encephalomyelitis",G04,subcategory,1
G049,G04.9,"Encephalitis, myelitis and encephalomyelitis, unspecified",G04,subcategory,1
G0490,G04.90,"Encephalitis and encephalomyelitis, unspecified",G049,extension,1
G0491,G04.91,"Myelitis, unspecified",G049,extension,1
G05,G05,"Encephalitis, myelitis and encephalomyelitis in diseases classified elsewhere",G00-G09,category,0
G050,G05.0,"Encephalitis, myelitis and encephalomyelitis in bacterial diseases classified elsewhere",G05,subcategory,1
G051,G05.1,"Encephalitis, myelitis and encephalomyelitis in viral diseases classified elsewhere",G05,subcategory,1
G052,G05.2,"Encephalitis, myelitis and encephalomyelitis in other infectious and parasitic diseases classified elsewhere",G05,subcategory,1
G053,G05.3,Encephalitis and encephalomyelitis in diseases classified elsewhere,G05,subcategory,1
G06,G06,Intracranial and intraspinal abscess and granuloma,G00-G09,category,0
G060,G06.0,Intracranial abscess and granuloma,G06,subcategory,1
G061,G06.1,Intraspinal abscess and granuloma,G06,subcategory,1
G062,G06.2,"Extradural and subdural abscess, unspecified",G06,subcategory,1
G07,G07,Intracranial and intraspinal abscess and granuloma in diseases classified elsewhere,G00-G09,category,1
G08,G08,Intracranial and intraspinal phlebitis and thrombophlebitis,G00-G09,category,1
G09,G09,Sequelae of inflammatory diseases of central nervous system,G00-G09,category,1
G10,G10,Huntington's disease,G10-G14,category,1
G11,G11,Hereditary ataxia,G10-G14,category,1
G111,G11.1,Early-onset cerebellar ataxia,G11,subcategory,1
G112,G11.2,Late-onset cerebellar ataxia,G11,subcategory,1
G113,G11.3,Cerebellar ataxia with defective DNA repair,G11,subcategory,1
G114,G11.4,Hereditary spastic paraplegia,G11,subcategory,1
G118,G11.8,Other hereditary ataxias,G11,subcategory,1
G119,G11.9,"Hereditary ataxia, unspecified",G11,subcategory,1
G12,G12,Spinal muscular atrophy and related syndromes,G10-G14,category,0
G120,G12.0,"Infantile spinal muscular atrophy, type I [Werdnig-Hoffman]",G12,subcategory,1
G121,G12.1,Other inherited spinal muscular atrophy,G12,subcategory,1
G122,G12.2,Motor neuron disease,G12,subcategory,1
G128,G12.8,Other spinal muscular atrophies and related syndromes,G12,subcategory,1
G129,G12.9,"Spinal muscular atrophy, unspecified",G12,subcategory,1
G13,G13,Systemic atrophies primarily affecting central nervous system in diseases classified elsewhere,G10-G14,category,0
G130,G13.0,Paraneoplastic neuromyopathy and neuropathy,G13,subcategory,1
G131,G13.1,Other systemic atrophy primarily affecting central nervous system in neoplastic disease,G13,subcategory,1
G132,G13.2,Systemic atrophy primarily affecting central nervous system in myxoedema,G13,subcategory,1
G14,G14,Postpolio syndrome,G10-G14,category,1
G20,G20,Parkinson's disease,G20-G26,category,1
G21,G21,Secondary Parkinsonism,G20-G26,category,1
G210,G21.0,Malignant neuroleptic syndrome,G21,subcategory,1
G211,G21.1,Other drug-induced secondary Parkinsonism,G21,subcategory,1
G212,G21.2,Secondary Parkinsonism due to other external agents,G21,subcategory,1
G214,G21.4,Vascular parkinsonism,G21,subcategory,1
G218,G21.8,Other secondary Parkinsonism,G21,subcategory,1
G219,G21.9,"Secondary Parkinsonism, unspecified",G21,subcategory,1
G23,G23,Other degenerative diseases of basal ganglia,G20-G26,category,0
G230,G23.0,Hallervorden-Spatz disease,G23,subcategory,1
G231,G23.1,Progressive supranuclear ophthalmoplegia [Steele-Richardson-Olszewski],G23,subcategory,1
G232,G23.2,Striatonigral degeneration,G23,subcategory,1
G233,G23.3,"Multiple system atrophy, cerebellar type",G23,subcategory,1
G238,G23.8,Other specified degenerative diseases of basal ganglia,G23,subcategory,1
G239,G23.9,"Degenerative disease of basal ganglia, unspecified",G23,subcategory,1
G24,G24,Dystonia,G20-G26,category,1
G240,G24.0,Drug-induced dystonia,G24,subcategory,1
G241,G24.1,Idiopathic familial dystonia,G24,subcategory,1
G242,G24.2,Idiopathic nonfamilial dystonia,G24,subcategory,1
G243,G24.3,Spasmodic torticollis,G24,subcategory,1
G244,G24.4,Idiopathic orofacial dystonia,G24,subcategory,1
G245,G24.5,Blepharospasm,G24,subcategory,1
G248,G24.8,Other dystonia,G24,subcategory,1
G249,G24.9,"Dystonia, unspecified",G24,subcategory,1
G25,G25,Other extrapyramidal and movement disorders,G20-G26,category,1
G250,G25.0,Essential tremor,G25,subcategory,1
G251,G25.1,Drug-induced tremor,G25,subcategory,1
G252,G25.2,Other specified forms of tremor,G25,subcategory,1
G253,G25.3,Myoclonus,G25,subcategory,1
G254,G25.4,Drug-induced chorea,G25,subcategory,1
G255,G25.5,Other chorea,G25,subcategory,1
G256,G25.6,Drug-induced tics and other tics of organic origin,G25,subcategory,1
G258,G25.8,Other specified extrapyramidal and movement disorders,G25,subcategory,1
G259,G25.9,"Extrapyramidal and movement disorder, unspecified",G25,subcategory,1
G30,G30,Alzheimer's disease,G30-G32,category,1
G300,G30.0,Alzheimer's disease with early onset,G30,subcategory,1
G301,G30.1,Alzheimer's disease with late onset,G30,subcategory,1
G308,G30.8,Other Alzheimer's disease,G30,subcategory,1
G309,G30.9,"Alzheimer's disease, unspecified",G30,subcategory,1
G31,G31,"Other degenerative diseases of nervous system, not elsewhere classified",G30-G32,category,1
G310,G31.0,Circumscribed brain atrophy,G31,subcategory,1
G311,G31.1,"Senile degeneration of brain, not elsewhere classified",G31,subcategory,1
G312,G31.2,Degeneration of nervous system due to alcohol,G31,subcategory,1
G318,G31.8,Other specified degenerative diseases of nervous system,G31,subcategory,1
G319,G31.9,"Degenerative disease of nervous system, unspecified",G31,subcategory,1
G32,G32,Other degenerative disorders of nervous system in diseases classified elsewhere,G30-G32,category,0
G320,G32.0,Subacute combined degeneration of spinal cord in diseases classified elsewhere,G32,subcategory,1
G328,G32.8,Other specified degenerative disorders of nervous system in diseases classified elsewhere,G32,subcategory,1
G35,G35,Multiple sclerosis,G35-G37,category,1
G36,G36,Other acute disseminated demyelination,G35-G37,category,0
G360,G36.0,Neuromyelitis optica [Devic],G36,subcategory,1
G369,G36.9,"Acute disseminated demyelination, unspecified",G36,subcategory,1
G37,G37,Other demyelinating diseases of central nervous system,G35-G37,category,1
G373,G37.3,Acute transverse myelitis in demyelinating disease of central nervous system,G37,subcategory,1
G374,G37.4,Subacute necrotising myelitis,G37,subcategory,1
G378,G37.8,Other specified demyelinating diseases of central nervous system,G37,subcategory,1
G379,G37.9,"Demyelinating disease of central nervous system, unspecified",G37,subcategory,1
G40,G40,Epilepsy,G40-G47,category,1
G400,G40.0,Localisation-related (focal) (partial) idiopathic epilepsy and epileptic syndromes with seizures of localised onset,G40,subcategory,1
G401,G40.1,Localisation-related (focal) (partial) symptomatic epilepsy and epileptic syndromes with simple partial seizures,G40,subcategory,1
G402,G40.2,Localisation-related (focal) (partial) symptomatic epilepsy and epileptic syndromes with complex partial seizures,G40,subcategory,1
G403,G40.3,Generalised idiopathic epilepsy and epileptic syndromes,G40,subcategory,1
G4030,G40.30,"Generalized idiopathic epilepsy and epileptic syndromes, not intractable",G403,extension,1
G404,G40.4,Other generalised epilepsy and epileptic syndromes,G40,subcategory,1
G4040,G40.40,"Other generalized epilepsy and epileptic syndromes, not intractable",G404,extension,1
G405,G40.5,Special epileptic syndromes,G40,subcategory,1
G406,G40.6,"Grand mal seizures, unspecified (with or without petit mal)",G40,subcategory,1
G407,G40.7,"Petit mal, unspecified, without grand mal seizures",G40,subcategory,1
G408,G40.8,Other epilepsy,G40,subcategory,1
G409,G40.9,"Epilepsy, unspecified",G40,subcategory,1
G41,G41,Status epilepticus,G40-G47,category,1
G410,G41.0,Grand mal status epilepticus,G41,subcategory,1
G411,G41.1,Petit mal status epilepticus,G41,subcategory,1
G412,G41.2,Complex partial status epilepticus,G41,subcategory,1
G418,G41.8,Other status epilepticus,G41,subcategory,1
G419,G41.9,"Status epilepticus, unspecified",G41,subcategory,1
G43,G43,Migraine,G40-G47,category,1
G430,G43.0,Migraine without aura [common migraine],G43,subcategory,1
G431,G43.1,Migraine with aura [classical migraine],G43,subcategory,1
G432,G43.2,Status migrainosus,G43,subcategory,1
G433,G43.3,Complicated migraine,G43,subcategory,1
G438,G43.8,Other migraine,G43,subcategory,1
G439,G43.9,"Migraine, unspecified",G43,subcategory,1
G44,G44,Other headache syndromes,G40-G47,category,1
G440,G44.0,Cluster headache syndrome,G44,subcategory,1
G441,G44.1,"Vascular headache, not elsewhere classified",G44,subcategory,1
G442,G44.2,Tension-type headache,G44,subcategory,1
G443,G44.3,Chronic posttraumatic headache,G44,subcategory,1
G444,G44.4,"Drug-induced headache, not elsewhere classified",G44,subcategory,1
G448,G44.8,Other specified headache syndromes,G44,subcategory,1
G45,G45,Transient cerebral ischaemic attacks and related syndromes,G40-G47,category,1
G450,G45.0,Vertebro-basilar artery syndrome,G45,subcategory,1
G451,G45.1,Carotid artery syndrome (hemispheric),G45,subcategory,1
G452,G45.2,Multiple and bilateral precerebral artery syndromes,G45,subcategory,1
G453,G45.3,Amaurosis fugax,G45,subcategory,1
G454,G45.4,Transient global amnesia,G45,subcategory,1
G458,G45.8,Other transient cerebral ischaemic attacks and related syndromes,G45,subcategory,1
G459,G45.9,"Transient cerebral ischaemic attack, unspecified",G45,subcategory,1
G46,G46,Vascular syndromes of brain in cerebrovascular diseases,G40-G47,category,0
G460,G46.0,Middle cerebral artery syndrome,G46,subcategory,1
G461,G46.1,Anterior cerebral artery syndrome,G46,subcategory,1
G462,G46.2,Posterior cerebral artery syndrome,G46,subcategory,1
G463,G46.3,Brain stem stroke syndrome,G46,subcategory,1
G464,G46.4,Cerebellar stroke syndrome,G46,subcategory,1
G465,G46.5,Pure motor lacunar syndrome,G46,subcategory,1
G466,G46.6,Pure sensory lacunar syndrome,G46,subcategory,1
G467,G46.7,Other lacunar syndromes,G46,subcategory,1
G468,G46.8,Other vascular syndromes of brain in cerebrovascular diseases,G46,subcategory,1
G47,G47,Sleep disorders,G40-G47,category,1
G470,G47.0,Disorders of initiating and maintaining sleep [insomnias],G47,subcategory,1
G471,G47.1,Disorders of excessive somnolence [hypersomnias],G47,subcategory,1
G472,G47.2,Disorders of the sleep-wake schedule,G47,subcategory,1
G473,G47.3,Sleep apnoea,G47,subcategory,1
G474,G47.4,Narcolepsy and cataplexy,G47,subcategory,1
G478,G47.8,Other sleep disorders,G47,subcategory,1
G479,G47.9,"Sleep disorder, unspecified",G47,subcategory,1
G50,G50,Disorders of trigeminal nerve,G50-G59,category,1
G500,G50.0,Trigeminal neuralgia,G50,subcategory,1
G501,G50.1,Atypical facial pain,G50,subcategory,1
G508,G50.8,Other disorders of trigeminal nerve,G50,subcategory,1
G509,G50.9,"Disorder of trigeminal nerve, unspecified",G50,subcategory,1
G51,G51,Facial nerve disorders,G50-G59,category,1
G510,G51.0,Bell's palsy,G51,subcategory,1
G511,G51.1,Geniculate ganglionitis,G51,subcategory,1
G512,G51.2,Melkersson's syndrome,G51,subcategory,1
G513,G51.3,Clonic hemifacial spasm,G51,subcategory,1
G514,G51.4,Facial myokymia,G51,subcategory,1
G518,G51.8,Other disorders of facial nerve,G51,subcategory,1
G519,G51.9,"Disorder of facial nerve, unspecified",G51,subcategory,1
G52,G52,Disorders of other cranial nerves,G50-G59,category,0
G520,G52.0,Disorders of olfactory nerve,G52,subcategory,1
G521,G52.1,Disorders of glossopharyngeal nerve,G52,subcategory,1
G522,G52.2,Disorders of vagus nerve,G52,subcategory,1
G523,G52.3,Disorders of hypoglossal nerve,G52,subcategory,1
G527,G52.7,Disorders of multiple cranial nerves,G52,subcategory,1
G528,G52.8,Disorders of other specified cranial nerves,G52,subcategory,1
G529,G52.9,"Cranial nerve disorder, unspecified",G52,subcategory,1
G53,G53,Cranial nerve disorders in diseases classified elsewhere,G50-G59,category,0
G530,G53.0,Postzoster neuralgia,G53,subcategory,1
G531,G53.1,Multiple cranial nerve palsies in infectious and parasitic diseases classified elsewhere,G53,subcategory,1
G532,G53.2,Multiple cranial nerve palsies in sarcoidosis,G53,subcategory,1
G533,G53.3,Multiple cranial nerve palsies in neoplastic disease,G53,subcategory,1
G538,G53.8,Other cranial nerve disorders in other diseases classified elsewhere,G53,subcategory,1
G54,G54,Nerve root and plexus disorders,G50-G59,category,1
G540,G54.0,Brachial plexus disorders,G54,subcategory,1
G541,G54.1,Lumbosacral plexus disorders,G54,subcategory,1
G542,G54.2,"Cervical root disorders, not elsewhere classified",G54,subcategory,1
G543,G54.3,"Thoracic root disorders, not elsewhere classified",G54,subcategory,1
G544,G54.4,"Lumbosacral root disorders, not elsewhere classified",G54,subcategory,1
G545,G54.5,Neuralgic amyotrophy,G54,subcategory,1
G546,G54.6,Phantom limb syndrome with pain,G54,subcategory,1
G547,G54.7,Phantom limb syndrome without pain,G54,subcategory,1
G548,G54.8,Other nerve root and plexus disorders,G54,subcategory,1
G549,G54.9,"Nerve root and plexus disorder, unspecified",G54,subcategory,1
G55,G55,Nerve root and plexus compressions in diseases classified elsewhere,G50-G59,category,1
G550,G55.0,Nerve root and plexus compressions in neoplastic disease,G55,subcategory,1
G551,G55.1,Nerve root and plexus compressions in intervertebral disk disorders,G55,subcategory,1
G552,G55.2,Nerve root and plexus compressions in spondylosis,G55,subcategory,1
G553,G55.3,Nerve root and plexus compressions in other dorsopathies,G55,subcategory,1
G558,G55.8,Nerve root and plexus compressions in other diseases classified elsewhere,G55,subcategory,1
G56,G56,Mononeuropathies of upper limb,G50-G59,category,1
G560,G56.0,Carpal tunnel syndrome,G56,subcategory,1
G5600,G56.00,"Carpal tunnel syndrome, unspecified upper limb",G560,extension,1
G561,G56.1,Other lesions of median nerve,G56,subcategory,1
G562,G56.2,Lesion of ulnar nerve,G56,subcategory,1
G5620,G56.20,"Lesion of ulnar nerve, unspecified upper limb",G562,extension,1
G563,G56.3,Lesion of radial nerve,G56,subcategory,1
G5630,G56.30,"Lesion of radial nerve, unspecified upper limb",G563,extension,1
G564,G56.4,Causalgia,G56,subcategory,1
G568,G56.8,Other mononeuropathies of upper limb,G56,subcategory,1
G569,G56.9,"Mononeuropathy of upper limb, unspecified",G56,subcategory,1
G57,G57,Mononeuropathies of lower limb,G50-G59,category,0
G570,G57.0,Lesion of sciatic nerve,G57,subcategory,1
G5700,G57.00,"Lesion of sciatic nerve, unspecified lower limb",G570,extension,1
G571,G57.1,Meralgia paraesthetica,G57,subcategory,1
G5710,G57.10,"Meralgia paresthetica, unspecified lower limb",G571,extension,1
G572,G57.2,Lesion of femoral nerve,G57,subcategory,1
G573,G57.3,Lesion of lateral popliteal nerve,G57,subcategory,1
G574,G57.4,Lesion of medial popliteal nerve,G57,subcategory,1
G575,G57.5,Tarsal tunnel syndrome,G57,subcategory,1
G576,G57.6,Lesion of plantar nerve,G57,subcategory,1
G5760,G57.60,"Lesion of plantar nerve, unspecified lower limb",G576,extension,1
G578,G57.8,Other mononeuropathies of lower limb,G57,subcategory,1
G579,G57.9,"Mononeuropathy of lower limb, unspecified",G57,subcategory,1
G58,G58,Other mononeuropathies,G50-G59,category,1
G580,G58.0,Intercostal neuropathy,G58,subcategory,1
G587,G58.7,Mononeuritis multiplex,G58,subcategory,1
G588,G58.8,Other specified mononeuropathies,G58,subcategory,1
G589,G58.9,"Mononeuropathy, unspecified",G58,subcategory,1
G59,G59,Mononeuropathy in diseases classified elsewhere,G50-G59,category,0
G590,G59.0,Diabetic mononeuropathy,G59,subcategory,1
G60,G60,Hereditary and idiopathic neuropathy,G60-G64,category,1
G600,G60.0,Hereditary motor and sensory neuropathy,G60,subcategory,1
G602,G60.2,Neuropathy in association with hereditary ataxia,G60,subcategory,1
G603,G60.3,Idiopathic progressive neuropathy,G60,subcategory,1
G608,G60.8,Other hereditary and idiopathic neuropathies,G60,subcategory,1
G609,G60.9,"Hereditary and idiopathic neuropathy, unspecified",G60,subcategory,1
G61,G61,Inflammatory polyneuropathy,G60-G64,category,0
G610,G61.0,Guillain-Barre syndrome,G61,subcategory,1
G611,G61.1,Serum neuropathy,G61,subcategory,1
G618,G61.8,Other inflammatory polyneuropathies,G61,subcategory,1
G619,G61.9,"Inflammatory polyneuropathy, unspecified",G61,subcategory,1
G62,G62,Other polyneuropathies,G60-G64,category,1
G620,G62.0,Drug-induced polyneuropathy,G62,subcategory,1
G621,G62.1,Alcoholic polyneuropathy,G62,subcategory,1
G622,G62.2,Polyneuropathy due to other toxic agents,G62,subcategory,1
G628,G62.8,Other specified polyneuropathies,G62,subcategory,1
G629,G62.9,"Polyneuropathy, unspecified",G62,subcategory,1
G63,G63,Polyneuropathy in diseases classified elsewhere,G60-G64,category,0
G630,G63.0,Polyneuropathy in infectious and parasitic diseases classified elsewhere,G63,subcategory,1
G631,G63.1,Polyneuropathy in neoplastic disease,G63,subcategory,1
G632,G63.2,Diabetic polyneuropathy,G63,subcategory,1
G633,G63.3,Polyneuropathy in other endocrine and metabolic diseases,G63,subcategory,1
G634,G63.4,Polyneuropathy in nutritional deficiency,G63,subcategory,1
G635,G63.5,Polyneuropathy in systemic connective tissue disorders,G63,subcategory,1
G636,G63.6,Polyneuropathy in other musculoskeletal disorders,G63,subcategory,1
G638,G63.8,Polyneuropathy in other diseases classified elsewhere,G63,subcategory,1
G64,G64,Other disorders of peripheral nervous system,G60-G64,category,1
G70,G70,Myasthenia gravis and other myoneural disorders,G70-G73,category,0
G700,G70.0,Myasthenia gravis,G70,subcategory,1
G702,G70.2,Congenital and developmental myasthenia,G70,subcategory,1
G708,G70.8,Other specified myoneural disorders,G70,subcategory,1
G709,G70.9,"Myoneural disorder, unspecified",G70,subcategory,1
G71,G71,Primary disorders of muscles,G70-G73,category,1
G710,G71.0,Muscular dystrophy,G71,subcategory,1
G711,G71.1,Myotonic disorders,G71,subcategory,1
G712,G71.2,Congenital myopathies,G71,subcategory,1
G713,G71.3,"Mitochondrial myopathy, not elsewhere classified",G71,subcategory,1
G718,G71.8,Other primary disorders of muscles,G71,subcategory,1
G719,G71.9,"Primary disorder of muscle, unspecified",G71,subcategory,1
G72,G72,Other myopathies,G70-G73,category,1
G720,G72.0,Drug-induced myopathy,G72,subcategory,1
G721,G72.1,Alcoholic myopathy,G72,subcategory,1
G722,G72.2,Myopathy due to other toxic agents,G72,subcategory,1
G723,G72.3,Periodic paralysis,G72,subcategory,1
G724,G72.4,"Inflammatory myopathy, not elsewhere classified",G72,subcategory,1
G728,G72.8,Other specified myopathies,G72,subcategory,1
G729,G72.9,"Myopathy, unspecified",G72,subcategory,1
G73,G73,Disorders of myoneural junction and muscle in diseases classified elsewhere,G70-G73,category,0
G730,G73.0,Myasthenic syndromes in endocrine diseases,G73,subcategory,1
G731,G73.1,Eaton-Lambert syndrome,G73,subcategory,1
G735,G73.5,Myopathy in endocrine diseases,G73,subcategory,1
G736,G73.6,Myopathy in metabolic diseases,G73,subcategory,1
G737,G73.7,Myopathy other diseases classified elsewhere,G73,subcategory,1
G80,G80,Infantile cerebral palsy,G80-G83,category,1
G800,G80.0,Spastic cerebral palsy,G80,subcategory,1
G801,G80.1,Spastic diplegia,G80,subcategory,1
G802,G80.2,Infantile hemiplegia,G80,subcategory,1
G804,G80.4,Ataxic cerebral palsy,G80,subcategory,1
G808,G80.8,Other infantile cerebral palsy,G80,subcategory,1
G809,G80.9,"Infantile cerebral palsy, unspecified",G80,subcategory,1
G81,G81,Hemiplegia,G80-G83,category,1
G810,G81.0,Flaccid hemiplegia,G81,subcategory,1
G811,G81.1,Spastic hemiplegia,G81,subcategory,1
G819,G81.9,"Hemiplegia, unspecified",G81,subcategory,1
G82,G82,Paraplegia and tetraplegia,G80-G83,category,0
G820,G82.0,Flaccid paraplegia,G82,subcategory,1
G821,G82.1,Spastic paraplegia,G82,subcategory,1
G822,G82.2,"Paraplegia, unspecified",G82,subcategory,1
G823,G82.3,Flaccid tetraplegia,G82,subcategory,1
G824,G82.4,Spastic tetraplegia,G82,subcategory,1
G825,G82.5,"Tetraplegia, unspecified",G82,subcategory,1
G83,G83,Other paralytic syndromes,G80-G83,category,0
G830,G83.0,Diplegia of upper limbs,G83,subcategory,1
G831,G83.1,Monoplegia of lower limb,G83,subcategory,1
G832,G83.2,Monoplegia of upper limb,G83,subcategory,1
G833,G83.3,"Monoplegia, unspecified",G83,subcategory,1
G834,G83.4,Cauda equina syndrome,G83,subcategory,1
G835,G83.5,Locked-in syndrome,G83,subcategory,1
G838,G83.8,Other specified paralytic syndromes,G83,subcategory,1
G839,G83.9,"Paralytic syndrome, unspecified",G83,subcategory,1
G90,G90,Disorders of autonomic nervous system,G90-G99,category,1
G900,G90.0,Idiopathic peripheral autonomic neuropathy,G90,subcategory,1
G901,G90.1,Familial dysautonomia [Riley-Day],G90,subcategory,1
G902,G90.2,Horner's syndrome,G90,subcategory,1
G903,G90.3,Multisystem degeneration,G90,subcategory,1
G904,G90.4,Autonomic dysreflexia,G90,subcategory,1
G908,G90.8,Other disorders of autonomic nervous system,G90,subcategory,1
G909,G90.9,"Disorder of autonomic nervous system, unspecified",G90,subcategory,1
G91,G91,Hydrocephalus,G90-G99,category,1
G910,G91.0,Communicating hydrocephalus,G91,subcategory,1
G911,G91.1,Obstructive hydrocephalus,G91,subcategory,1
G912,G91.2,Normal-pressure hydrocephalus,G91,subcategory,1
G913,G91.3,"Posttraumatic hydrocephalus, unspecified",G91,subcategory,1
G918,G91.8,Other hydrocephalus,G91,subcategory,1
G919,G91.9,"Hydrocephalus, unspecified",G91,subcategory,1
G92,G92,Toxic encephalopathy,G90-G99,category,1
G93,G93,Other disorders of brain,G90-G99,category,1
G930,G93.0,Cerebral cysts,G93,subcategory,1
G931,G93.1,"Anoxic brain damage, not elsewhere classified",G93,subcategory,1
G932,G93.2,Benign intracranial hypertension,G93,subcategory,1
G933,G93.3,Postviral fatigue syndrome,G93,subcategory,1
G934,G93.4,"Encephalopathy, unspecified",G93,subcategory,1
G935,G93.5,Compression of brain,G93,subcategory,1
G936,G93.6,Cerebral oedema,G93,subcategory,1
G938,G93.8,Other specified disorders of brain,G93,subcategory,1
G939,G93.9,"Disorder of brain, unspecified",G93,subcategory,1
G94,G94,Other disorders of brain in diseases classified elsewhere,G90-G99,category,0
G941,G94.1,Hydrocephalus in neoplastic disease,G94,subcategory,1
G942,G94.2,Hydrocephalus in other diseases classified elsewhere,G94,subcategory,1
G948,G94.8,Other specified disorders of brain in diseases classified elsewhere,G94,subcategory,1
G95,G95,Other diseases of spinal cord,G90-G99,category,1
G950,G95.0,Syringomyelia and syringobulbia,G95,subcategory,1
G951,G95.1,Vascular myelopathies,G95,subcategory,1
G952,G95.2,"Cord compression, unspecified",G95,subcategory,1
G958,G95.8,Other specified diseases of spinal cord,G95,subcategory,1
G959,G95.9,"Disease of spinal cord, unspecified",G95,subcategory,1
G96,G96,Other disorders of central nervous system,G90-G99,category,0
G960,G96.0,Cerebrospinal fluid leak,G96,subcategory,1
G961,G96.1,"Disorders of meninges, not elsewhere classified",G96,subcategory,1
G968,G96.8,Other specified disorders of central nervous system,G96,subcategory,1
G969,G96.9,"Disorder of central nervous system, unspecified",G96,subcategory,1
G97,G97,"Postprocedural disorders of nervous system, not elsewhere classified",G90-G99,category,0
G970,G97.0,Cerebrospinal fluid leak from spinal puncture,G97,subcategory,1
G971,G97.1,Other reaction to spinal and lumbar puncture,G97,subcategory,1
G974,G97.4,Accidental puncture and laceration of a nervous system organ or structure during a procedure,G97,subcategory,0
G9748,G97.48,Accidental puncture and laceration of other nervous system organ or structure during a nervous system procedure,G974,extension,1
G9749,G97.49,Accidental puncture and laceration of other nervous system organ or structure during other procedure,G974,extension,1
G978,G97.8,Other postprocedural disorders of nervous system,G97,subcategory,1
G979,G97.9,"Postprocedural disorder of nervous system, unspecified",G97,subcategory,1
G98,G98,"Other disorders of nervous system, not elsewhere classified",G90-G99,category,1
G99,G99,Other disorders of nervous system in diseases classified elsewhere,G90-G99,category,0
G990,G99.0,Autonomic neuropathy in endocrine and metabolic diseases,G99,subcategory,1
G991,G99.1,Other disorders of autonomic nervous system in other diseases classified elsewhere,G99,subcategory,1
G992,G99.2,Myelopathy in diseases classified elsewhere,G99,subcategory,1
G998,G99.8,Other specified disorders of nervous system in diseases classified elsewhere,G99,subcategory,1
H00,H00,Hordeolum and chalazion,H00-H06,category,1
H000,H00.0,Hordeolum and other deep inflammation of eyelid,H00,subcategory,1
H001,H00.1,Chalazion,H00,subcategory,1
H0019,H00.19,"Chalazion unspecified eye, unspecified eyelid",H001,extension,1
H01,H01,Other inflammation of eyelid,H00-H06,category,1
H010,H01.0,Blepharitis,H01,subcategory,1
H011,H01.1,Non-infectious dermatoses of eyelid,H01,subcategory,1
H018,H01.8,Other specified inflammation of eyelid,H01,subcategory,1
H019,H01.9,"Inflammation of eyelid, unspecified",H01,subcategory,1
H02,H02,Other disorders of eyelid,H00-H06,category,1
H020,H02.0,Entropion and trichiasis of eyelid,H02,subcategory,1
H021,H02.1,Ectropion of eyelid,H02,subcategory,1
H022,H02.2,Lagophthalmos,H02,subcategory,1
H023,H02.3,Blepharochalasis,H02,subcategory,1
H024,H02.4,Ptosis of eyelid,H02,subcategory,1
H025,H02.5,Other disorders affecting eyelid function,H02,subcategory,1
H026,H02.6,Xanthelasma of eyelid,H02,subcategory,1
H027,H02.7,Other degenerative disorders of eyelid and periocular area,H02,subcategory,1
H028,H02.8,Other specified disorders of eyelid,H02,subcategory,1
H029,H02.9,"Disorder of eyelid, unspecified",H02,subcategory,1
H03,H03,Disorders of eyelid in diseases classified elsewhere,H00-H06,category,0
H030,H03.0,Parasitic infestation of eyelid in diseases classified elsewhere,H03,subcategory,1
H031,H03.1,Involvement of eyelid in other infectious diseases classified elsewhere,H03,subcategory,1
H038,H03.8,Involvement of eyelid in other diseases classified elsewhere,H03,subcategory,1
H04,H04,Disorders of lachrymal system,H00-H06,category,1
H040,H04.0,Dacryoadenitis,H04,subcategory,1
H041,H04.1,Other disorders of lachrymal gland,H04,subcategory,1
H042,H04.2,Epiphora,H04,subcategory,1
H043,H04.3,Acute and unspecified inflammation of lachrymal passages,H04,subcategory,1
H044,H04.4,Chronic inflammation of lachrymal passages,H04,subcategory,1
H045,H04.5,Stenosis and insufficiency of lachrymal passages,H04,subcategory,1
H046,H04.6,Other changes in lachrymal passages,H04,subcategory,1
H048,H04.8,Other disorders of lachrymal system,H04,subcategory,1
H049,H04.9,"Disorder of lachrymal system, unspecified",H04,subcategory,1
H05,H05,Disorders of orbit,H00-H06,category,1
H050,H05.0,Acute inflammation of orbit,H05,subcategory,1
H051,H05.1,Chronic inflammatory disorders of orbit,H05,subcategory,1
H052,H05.2,Exophthalmic conditions,H05,subcategory,1
H053,H05.3,Deformity of orbit,H05,subcategory,1
H054,H05.4,Enophthalmos,H05,subcategory,1
H055,H05.5,Retained (old) foreign body following penetrating wound of orbit,H05,subcategory,1
H058,H05.8,Other disorders of orbit,H05,subcategory,1
H059,H05.9,"Disorder of orbit, unspecified",H05,subcategory,1
H06,H06,Disorders of lachrymal system and orbit in diseases classified elsewhere,H00-H06,category,0
H060,H06.0,Disorders of lachrymal system in diseases classified elsewhere,H06,subcategory,1
H062,H06.2,Dysthyroid exophthalmos,H06,subcategory,1
H063,H06.3,Other disorders of orbit in diseases classified elsewhere,H06,subcategory,1
H10,H10,Conjunctivitis,H10-H13,category,1
H100,H10.0,Mucopurulent conjunctivitis,H10,subcategory,1
H101,H10.1,Acute atopic conjunctivitis,H10,subcategory,1
H102,H10.2,Other acute conjunctivitis,H10,subcategory,1
H103,H10.3,"Acute conjunctivitis, unspecified",H10,subcategory,1
H104,H10.4,Chronic conjunctivitis,H10,subcategory,1
H105,H10.5,Blepharoconjunctivitis,H10,subcategory,1
H108,H10.8,Other conjunctivitis,H10,subcategory,1
H109,H10.9,"Conjunctivitis, unspecified",H10,subcategory,1
H11,H11,Other disorders of conjunctiva,H10-H13,category,1
H110,H11.0,Pterygium,H11,subcategory,1
H111,H11.1,Conjunctival degenerations and deposits,H11,subcategory,1
H112,H11.2,Conjunctival scars,H11,subcategory,1
H113,H11.3,Conjunctival haemorrhage,H11,subcategory,1
H114,H11.4,Other conjunctival vascular disorders and cysts,H11,subcategory,1
H118,H11.8,Other specified disorders of conjunctiva,H11,subcategory,1
H119,H11.9,"Disorder of conjunctiva, unspecified",H11,subcategory,1
H13,H13,Disorders of conjunctiva in diseases classified elsewhere,H10-H13,category,0
H131,H13.1,Conjunctivitis in infectious and parasitic diseases classified elsewhere,H13,subcategory,1
H132,H13.2,Conjunctivitis in other diseases classified elsewhere,H13,subcategory,1
H133,H13.3,Ocular pemphigoid,H13,subcategory,1
H138,H13.8,Other disorders of conjunctiva in diseases classified elsewhere,H13,subcategory,1
H15,H15,Disorders of sclera,H15-H22,category,1
H150,H15.0,Scleritis,H15,subcategory,1
H151,H15.1,Episcleritis,H15,subcategory,1
H158,H15.8,Other disorders of sclera,H15,subcategory,1
H159,H15.9,"Disorder of sclera, unspecified",H15,subcategory,1
H16,H16,Keratitis,H15-H22,category,1
H160,H16.0,Corneal ulcer,H16,subcategory,1
H161,H16.1,Other superficial keratitis without conjunctivitis,H16,subcategory,1
H162,H16.2,Keratoconjunctivitis,H16,subcategory,1
H163,H16.3,Interstitial and deep keratitis,H16,subcategory,1
H164,H16.4,Corneal neovascularisation,H16,subcategory,1
H168,H16.8,Other keratitis,H16,subcategory,1
H169,H16.9,"Keratitis, unspecified",H16,subcategory,1
H17,H17,Corneal scars and opacities,H15-H22,category,1
H171,H17.1,Other central corneal opacity,H17,subcategory,1
H178,H17.8,Other corneal scars and opacities,H17,subcategory,1
H179,H17.9,"Corneal scar and opacity, unspecified",H17,subcategory,1
H18,H18,Other disorders of cornea,H15-H22,category,1
H180,H18.0,Corneal pigmentations and deposits,H18,subcategory,1
H181,H18.1,Bullous keratopathy,H18,subcategory,1
H182,H18.2,Other corneal oedema,H18,subcategory,1
H183,H18.3,Changes in corneal membranes,H18,subcategory,1
H184,H18.4,Corneal degeneration,H18,subcategory,1
H185,H18.5,Hereditary corneal dystrophies,H18,subcategory,1
H186,H18.6,Keratoconus,H18,subcategory,1
H187,H18.7,Other corneal deformities,H18,subcategory,1
H188,H18.8,Other specified disorders of cornea,H18,subcategory,1
H189,H18.9,"Disorder of cornea, unspecified",H18,subcategory,1
H19,H19,Disorders of sclera and cornea in diseases classified elsewhere,H15-H22,category,1
H190,H19.0,Scleritis and episcleritis in diseases classified elsewhere,H19,subcategory,1
H191,H19.1,Herpesviral keratitis and keratoconjunctivitis,H19,subcategory,1
H192,H19.2,Keratitis and keratoconjunctivitis in other infectious and parasitic diseases classified elsewhere,H19,subcategory,1
H193,H19.3,Keratitis and keratoconjunctivitis in other diseases classified elsewhere,H19,subcategory,1
H198,H19.8,Other disorders of sclera and cornea in diseases classified elsewhere,H19,subcategory,1
H20,H20,Iridocyclitis,H15-H22,category,1
H200,H20.0,Acute and subacute iridocyclitis,H20,subcategory,1
H201,H20.1,Chronic iridocyclitis,H20,subcategory,1
H202,H20.2,Lens-induced iridocyclitis,H20,subcategory,1
H208,H20.8,Other iridocyclitis,H20,subcategory,1
H209,H20.9,"Iridocyclitis, unspecified",H20,subcategory,1
H21,H21,Other disorders of iris and ciliary body,H15-H22,category,1
H210,H21.0,Hyphaema,H21,subcategory,1
H211,H21.1,Other vascular disorders of iris and ciliary body,H21,subcategory,1
H212,H21.2,Degeneration of iris and ciliary body,H21,subcategory,1
H213,H21.3,"Cyst of iris, ciliary body and anterior chamber",H21,subcategory,1
H214,H21.4,Pupillary membranes,H21,subcategory,1
H215,H21.5,Other adhesions and disruptions of iris and ciliary body,H21,subcategory,1
H218,H21.8,Other specified disorders of iris and ciliary body,H21,subcategory,1
H219,H21.9,"Disorder of iris and ciliary body, unspecified",H21,subcategory,1
H22,H22,Disorders of iris and ciliary body in diseases classified elsewhere,H15-H22,category,0
H220,H22.0,Iridocyclitis in infectious and parasitic diseases classified elsewhere,H22,subcategory,1
H221,H22.1,Iridocyclitis in other diseases classified elsewhere,H22,subcategory,1
H25,H25,Senile cataract,H25-H28,category,1
H250,H25.0,Senile incipient cataract,H25,subcategory,1
H251,H25.1,Senile nuclear cataract,H25,subcategory,1
H252,H25.2,"Senile cataract, morgagnian type",H25,subcategory,1
H258,H25.8,Other senile cataract,H25,subcategory,1
H259,H25.9,"Senile cataract, unspecified",H25,subcategory,1
H26,H26,Other cataract,H25-H28,category,1
H260,H26.0,"Infantile, juvenile and presenile cataract",H26,subcategory,1
H261,H26.1,Traumatic cataract,H26,subcategory,1
H262,H26.2,Complicated cataract,H26,subcategory,1
H263,H26.3,Drug-induced cataract,H26,subcategory,1
H264,H26.4,After-cataract,H26,subcategory,1
H268,H26.8,Other specified cataract,H26,subcategory,1
H269,H26.9,"Cataract, unspecified",H26,subcategory,1
H27,H27,Other disorders of lens,H25-H28,category,1
H270,H27.0,Aphakia,H27,subcategory,1
H271,H27.1,Dislocation of lens,H27,subcategory,1
H278,H27.8,Other specified disorders of lens,H27,subcategory,1
H279,H27.9,"Disorder of lens, unspecified",H27,subcategory,1
H28,H28,Cataract and other disorders of lens in diseases classified elsewhere,H25-H28,category,0
H280,H28.0,Diabetic cataract,H28,subcategory,1
H281,H28.1,"Cataract in other endocrine, nutritional and metabolic diseases",H28,subcategory,1
H282,H28.2,Cataract in other diseases classified elsewhere,H28,subcategory,1
H30,H30,Chorioretinal inflammation,H30-H36,category,1
H300,H30.0,Focal chorioretinal inflammation,H30,subcategory,1
H301,H30.1,Disseminated chorioretinal inflammation,H30,subcategory,1
H302,H30.2,Posterior cyclitis,H30,subcategory,1
H308,H30.8,Other chorioretinal inflammations,H30,subcategory,1
H309,H30.9,"Chorioretinal inflammation, unspecified",H30,subcategory,1
H31,H31,Other disorders of choroid,H30-H36,category,1
H310,H31.0,Chorioretinal scars,H31,subcategory,1
H311,H31.1,Choroidal degeneration,H31,subcategory,1
H312,H31.2,Hereditary choroidal dystrophy,H31,subcategory,1
H313,H31.3,Choroidal haemorrhage and rupture,H31,subcategory,1
H314,H31.4,Choroidal detachment,H31,subcategory,1
H318,H31.8,Other specified disorders of choroid,H31,subcategory,1
H319,H31.9,"Disorder of choroid, unspecified",H31,subcategory,1
H32,H32,Chorioretinal disorders in diseases classified elsewhere,H30-H36,category,0
H320,H32.0,Chorioretinal inflammation in infectious and parasitic diseases classified elsewhere,H32,subcategory,1
H328,H32.8,Other chorioretinal disorders in diseases classified elsewhere,H32,subcategory,1
H33,H33,Retinal detachments and breaks,H30-H36,category,1
H330,H33.0,Retinal detachment with retinal break,H33,subcategory,1
H331,H33.1,Retinoschisis and retinal cysts,H33,subcategory,1
H332,H33.2,Serous retinal detachment,H33,subcategory,1
H3320,H33.20,"Serous retinal detachment, unspecified eye",H332,extension,1
H333,H33.3,Retinal breaks without detachment,H33,subcategory,1
H334,H33.4,Traction detachment of retina,H33,subcategory,1
H335,H33.5,Other retinal detachments,H33,subcategory,1
H34,H34,Retinal vascular occlusions,H30-H36,category,1
H340,H34.0,Transient retinal artery occlusion,H34,subcategory,1
H341,H34.1,Central retinal artery occlusion,H34,subcategory,1
H342,H34.2,Other retinal artery occlusions,H34,subcategory,1
H348,H34.8,Other retinal vascular occlusions,H34,subcategory,1
H349,H34.9,"Retinal vascular occlusion, unspecified",H34,subcategory,1
H35,H35,Other retinal disorders,H30-H36,category,1
H350,H35.0,Background retinopathy and retinal vascular changes,H35,subcategory,1
H351,H35.1,Retinopathy of prematurity,H35,subcategory,1
H352,H35.2,Other proliferative retinopathy,H35,subcategory,1
H353,H35.3,Degeneration of macula and posterior pole,H35,subcategory,1
H354,H35.4,Peripheral retinal degeneration,H35,subcategory,1
H355,H35.5,Hereditary retinal dystrophy,H35,subcategory,1
H356,H35.6,Retinal haemorrhage,H35,subcategory,1
H357,H35.7,Separation of retinal layers,H35,subcategory,1
H358,H35.8,Other specified retinal disorders,H35,subcategory,1
H359,H35.9,"Retinal disorder, unspecified",H35,subcategory,1
H36,H36,Retinal disorders in diseases classified elsewhere,H30-H36,category,0
H360,H36.0,Diabetic retinopathy,H36,subcategory,1
H368,H36.8,Other retinal disorders in diseases classified elsewhere,H36,subcategory,1
H40,H40,Glaucoma,H40-H42,category,1
H400,H40.0,Glaucoma suspect,H40,subcategory,1
H401,H40.1,Primary open-angle glaucoma,H40,subcategory,1
H402,H40.2,Primary angle-closure glaucoma,H40,subcategory,1
H403,H40.3,Glaucoma secondary to eye trauma,H40,subcategory,1
H404,H40.4,Glaucoma secondary to eye inflammation,H40,subcategory,1
H405,H40.5,Glaucoma secondary to other eye disorders,H40,subcategory,1
H406,H40.6,Glaucoma secondary to drugs,H40,subcategory,1
H408,H40.8,Other glaucoma,H40,subcategory,1
H409,H40.9,"Glaucoma, unspecified",H40,subcategory,1
H43,H43,Disorders of vitreous body,H43-H45,category,1
H430,H43.0,Vitreous prolapse,H43,subcategory,1
H431,H43.1,Vitreous haemorrhage,H43,subcategory,1
H432,H43.2,Crystalline deposits in vitreous body,H43,subcategory,1
H433,H43.3,Other vitreous opacities,H43,subcategory,1
H438,H43.8,Other disorders of vitreous body,H43,subcategory,1
H439,H43.9,"Disorder of vitreous body, unspecified",H43,subcategory,1
H44,H44,Disorders of globe,H43-H45,category,0
H440,H44.0,Purulent endophthalmitis,H44,subcategory,1
H441,H44.1,Other endophthalmitis,H44,subcategory,1
H442,H44.2,Degenerative myopia,H44,subcategory,1
H443,H44.3,Other degenerative disorders of globe,H44,subcategory,1
H444,H44.4,Hypotony of eye,H44,subcategory,1
H445,H44.5,Degenerated conditions of globe,H44,subcategory,1
H446,H44.6,"Retained (old) intraocular foreign body, magnetic",H44,subcategory,1
H447,H44.7,"Retained (old) intraocular foreign body, nonmagnetic",H44,subcategory,1
H448,H44.8,Other disorders of globe,H44,subcategory,1
H449,H44.9,"Disorder of globe, unspecified",H44,subcategory,1
H45,H45,Disorders of vitreous body and globe in diseases classified elsewhere,H43-H45,category,0
H450,H45.0,Vitreous haemorrhage in diseases classified elsewhere,H45,subcategory,1
H458,H45.8,Other disorders of vitreous body and globe in diseases classified elsewhere,H45,subcategory,1
H46,H46,Optic neuritis,H46-H48,category,1
H47,H47,Other disorders of optic [2nd] nerve and visual pathways,H46-H48,category,1
H470,H47.0,"Disorders of optic nerve, not elsewhere classified",H47,subcategory,1
H471,H47.1,"Papilloedema, unspecified",H47,subcategory,1
H472,H47.2,Optic atrophy,H47,subcategory,1
H473,H47.3,Other disorders of optic disk,H47,subcategory,1
H474,H47.4,Disorders of optic chiasm,H47,subcategory,1
H475,H47.5,Disorders of other visual pathways,H47,subcategory,1
H476,H47.6,Disorders of visual cortex,H47,subcategory,1
H477,H47.7,"Disorder of visual pathways, unspecified",H47,subcategory,1
H48,H48,Disorders of optic [2nd] nerve and visual pathways in diseases classified elsewhere,H46-H48,category,0
H481,H48.1,Retrobulbar neuritis in diseases classified elsewhere,H48,subcategory,1
H488,H48.8,Other disorders of optic nerve and visual pathways in diseases classified elsewhere,H48,subcategory,1
H49,H49,Paralytic strabismus,H49-H52,category,1
H490,H49.0,Third [oculomotor] nerve palsy,H49,subcategory,1
H491,H49.1,Fourth [trochlear] nerve palsy,H49,subcategory,1
H492,H49.2,Sixth [abducent] nerve palsy,H49,subcategory,1
H494,H49.4,Progressive external ophthalmoplegia,H49,subcategory,1
H498,H49.8,Other paralytic strabismus,H49,subcategory,1
H499,H49.9,"Paralytic strabismus, unspecified",H49,subcategory,1
H50,H50,Other strabismus,H49-H52,category,1
H500,H50.0,Convergent concomitant strabismus,H50,subcategory,1
H501,H50.1,Divergent concomitant strabismus,H50,subcategory,1
H502,H50.2,Vertical strabismus,H50,subcategory,1
H503,H50.3,Intermittent heterotropia,H50,subcategory,1
H504,H50.4,Other and unspecified heterotropia,H50,subcategory,1
H505,H50.5,Heterophoria,H50,subcategory,1
H506,H50.6,Mechanical strabismus,H50,subcategory,1
H508,H50.8,Other specified strabismus,H50,subcategory,1
H509,H50.9,"Strabismus, unspecified",H50,subcategory,1
H51,H51,Other disorders of binocular movement,H49-H52,category,1
H510,H51.0,Palsy of conjugate gaze,H51,subcategory,1
H511,H51.1,Convergence insufficiency and excess,H51,subcategory,1
H512,H51.2,Internuclear ophthalmoplegia,H51,subcategory,1
H518,H51.8,Other specified disorders of binocular movement,H51,subcategory,1
H519,H51.9,"Disorder of binocular movement, unspecified",H51,subcategory,1
H52,H52,Disorders of refraction and accommodation,H49-H52,category,1
H520,H52.0,Hypermetropia,H52,subcategory,1
H521,H52.1,Myopia,H52,subcategory,1
H5213,H52.13,"Myopia, bilateral",H521,extension,1
H522,H52.2,Astigmatism,H52,subcategory,1
H523,H52.3,Anisometropia and aniseikonia,H52,subcategory,1
H524,H52.4,Presbyopia,H52,subcategory,1
H526,H52.6,Other disorders of refraction,H52,subcategory,1
H527,H52.7,"Disorder of refraction, unspecified",H52,subcategory,1
H53,H53,Visual disturbances,H53-H54,category,1
H530,H53.0,Amblyopia ex anopsia,H53,subcategory,1
H531,H53.1,Subjective visual disturbances,H53,subcategory,1
H532,H53.2,Diplopia,H53,subcategory,1
H533,H53.3,Other disorders of binocular vision,H53,subcategory,1
H534,H53.4,Visual field defects,H53,subcategory,1
H535,H53.5,Colour vision deficiencies,H53,subcategory,1
H536,H53.6,Night blindness,H53,subcategory,1
H538,H53.8,Other visual disturbances,H53,subcategory,1
H539,H53.9,"Visual disturbance, unspecified",H53,subcategory,1
H54,H54,Blindness and low vision,H53-H54,category,1
H540,H54.0,"Blindness, both eyes",H54,subcategory,1
H541,H54.1,"Blindness, one eye, low vision, other eye",H54,subcategory,1
H542,H54.2,"Low vision, both eyes",H54,subcategory,1
H543,H54.3,"Unqualified visual loss, both eyes",H54,subcategory,1
H544,H54.4,"Blindness, one eye",H54,subcategory,1
H545,H54.5,"Low vision, one eye",H54,subcategory,1
H546,H54.6,"Unqualified visual loss, one eye",H54,subcategory,1
H547,H54.7,Unspecified visual loss,H54,subcategory,1
H549,H54.9,Unspecified visual impairment (binocular),H54,subcategory,1
H55,H55,Nystagmus and other irregular eye movements,H55-H59,category,1
H57,H57,Other disorders of eye and adnexa,H55-H59,category,1
H570,H57.0,Anomalies of pupillary function,H57,subcategory,1
H571,H57.1,Ocular pain,H57,subcategory,1
H578,H57.8,Other specified disorders of eye and adnexa,H57,subcategory,1
H579,H57.9,"Disorder of eye and adnexa, unspecified",H57,subcategory,1
H58,H58,Other disorders of eye and adnexa in diseases classified elsewhere,H55-H59,category,0
H581,H58.1,Visual disturbances in diseases classified elsewhere,H58,subcategory,1
H588,H58.8,Visual disturbances in diseases classified elsewhere,H58,subcategory,1
H59,H59,"Postprocedural disorders of eye and adnexa, not elsewhere classified",H55-H59,category,0
H590,H59.0,Vitreous syndrome following cataract surgery,H59,subcategory,1
H592,H59.2,Accidental puncture and laceration of eye and adnexa during a procedure,H59,subcategory,0
H5921,H59.21,Accidental puncture and laceration of eye and adnexa during an ophthalmic procedure,H592,extension,1
H5922,H59.22,Accidental puncture and laceration of eye and adnexa during other procedure,H592,extension,1
H598,H59.8,Other postprocedural disorders of eye and adnexa,H59,subcategory,1
H599,H59.9,"Postprocedural disorder of eye and adnexa, unspecified",H59,subcategory,1
H60,H60,Otitis externa,H60-H62,category,1
H600,H60.0,Abscess of external ear,H60,subcategory,1
H601,H60.1,Cellulitis of external ear,H60,subcategory,1
H602,H60.2,Malignant otitis externa,H60,subcategory,1
H603,H60.3,Other infective otitis externa,H60,subcategory,1
H604,H60.4,Cholesteatoma of external ear,H60,subcategory,1
H605,H60.5,"Acute otitis externa, non-infective",H60,subcategory,1
H608,H60.8,Other otitis externa,H60,subcategory,1
H609,H60.9,"Otitis externa, unspecified",H60,subcategory,1
H61,H61,Other disorders of external ear,H60-H62,category,1
H610,H61.0,Perichondritis of external ear,H61,subcategory,1
H611,H61.1,Non-infective disorders of pinna,H61,subcategory,1
H612,H61.2,Impacted cerumen,H61,subcategory,1
H613,H61.3,Acquired stenosis of external ear canal,H61,subcategory,1
H618,H61.8,Other specified disorders of external ear,H61,subcategory,1
H619,H61.9,"Disorder of external ear, unspecified",H61,subcategory,1
H62,H62,Disorders of external ear in diseases classified elsewhere,H60-H62,category,0
H620,H62.0,Otitis externa in bacterial diseases classified elsewhere,H62,subcategory,1
H621,H62.1,Otitis externa in viral diseases classified elsewhere,H62,subcategory,1
H622,H62.2,Otitis externa in mycoses,H62,subcategory,1
H623,H62.3,Otitis externa in other infectious and parasitic diseases classified elsewhere,H62,subcategory,1
H624,H62.4,Otitis externa in other diseases classified elsewhere,H62,subcategory,1
H628,H62.8,Other disorders of external ear in diseases classified elsewhere,H62,subcategory,1
H65,H65,Nonsuppurative otitis media,H65-H75,category,1
H650,H65.0,Acute serous otitis media,H65,subcategory,1
H651,H65.1,Other acute nonsuppurative otitis media,H65,subcategory,1
H652,H65.2,Chronic serous otitis media,H65,subcategory,1
H653,H65.3,Chronic mucoid otitis media,H65,subcategory,1
H654,H65.4,Other chronic nonsuppurative otitis media,H65,subcategory,1
H659,H65.9,"Nonsuppurative otitis media, unspecified",H65,subcategory,1
H6590,H65.90,"Unspecified nonsuppurative otitis media, unspecified ear",H659,extension,1
H66,H66,Suppurative and unspecified otitis media,H65-H75,category,1
H660,H66.0,Acute suppurative otitis media,H66,subcategory,1
H661,H66.1,Chronic tubotympanic suppurative otitis media,H66,subcategory,1
H662,H66.2,Chronic atticoantral suppurative otitis media,H66,subcategory,1
H6623,H66.23,"Chronic atticoantral suppurative otitis media, bilateral",H662,extension,1
H663,H66.3,Other chronic suppurative otitis media,H66,subcategory,1
H664,H66.4,"Suppurative otitis media, unspecified",H66,subcategory,1
H669,H66.9,"Otitis media, unspecified",H66,subcategory,1
H6690,H66.90,"Otitis media, unspecified, unspecified ear",H669,extension,1
H67,H67,Otitis media in diseases classified elsewhere,H65-H75,category,0
H670,H67.0,Otitis media in bacterial diseases classified elsewhere,H67,subcategory,1
H671,H67.1,Otitis media in viral diseases classified elsewhere,H67,subcategory,1
H678,H67.8,Otitis media in other diseases classified elsewhere,H67,subcategory,1
H68,H68,Eustachian salpingitis and obstruction,H65-H75,category,0
H680,H68.0,Eustachian salpingitis,H68,subcategory,1
H681,H68.1,Obstruction of Eustachian tube,H68,subcategory,1
H69,H69,Other disorders of Eustachian tube,H65-H75,category,1
H690,H69.0,Patulous Eustachian tube,H69,subcategory,1
H698,H69.8,Other specified disorders of Eustachian tube,H69,subcategory,1
H699,H69.9,"Eustachian tube disorder, unspecified",H69,subcategory,1
H6990,H69.90,"Unspecified Eustachian tube disorder, unspecified ear",H699,extension,1
H70,H70,Mastoiditis and related conditions,H65-H75,category,1
H700,H70.0,Acute mastoiditis,H70,subcategory,1
H701,H70.1,Chronic mastoiditis,H70,subcategory,1
H702,H70.2,Petrositis,H70,subcategory,1
H708,H70.8,Other mastoiditis and related conditions,H70,subcategory,1
H709,H70.9,"Mastoiditis, unspecified",H70,subcategory,1
H71,H71,Cholesteatoma of middle ear,H65-H75,category,1
H72,H72,Perforation of tympanic membrane,H65-H75,category,1
H720,H72.0,Central perforation of tympanic membrane,H72,subcategory,1
H721,H72.1,Attic perforation of tympanic membrane,H72,subcategory,1
H722,H72.2,Other marginal perforations of tympanic membrane,H72,subcategory,1
H728,H72.8,Other perforations of tympanic membrane,H72,subcategory,1
H729,H72.9,"Perforation of tympanic membrane, unspecified",H72,subcategory,1
H73,H73,Other disorders of tympanic membrane,H65-H75,category,0
H730,H73.0,Acute myringitis,H73,subcategory,1
H731,H73.1,Chronic myringitis,H73,subcategory,1
H738,H73.8,Other specified disorders of tympanic membrane,H73,subcategory,1
H739,H73.9,"Disorder of tympanic membrane, unspecified",H73,subcategory,1
H74,H74,Other disorders of middle ear and mastoid,H65-H75,category,1
H740,H74.0,Tympanosclerosis,H74,subcategory,1
H741,H74.1,Adhesive middle ear disease,H74,subcategory,1
H742,H74.2,Discontinuity and dislocation of ear ossicles,H74,subcategory,1
H743,H74.3,Other acquired abnormalities of ear ossicles,H74,subcategory,1
H744,H74.4,Polyp of middle ear,H74,subcategory,1
H748,H74.8,Other specified disorders of middle ear and mastoid,H74,subcategory,1
H749,H74.9,"Disorder of middle ear and mastoid, unspecified",H74,subcategory,1
H75,H75,Other disorders of middle ear and mastoid in diseases classified elsewhere,H65-H75,category,0
H750,H75.0,Mastoiditis in infectious and parasitic diseases classified elsewhere,H75,subcategory,1
H758,H75.8,Other specified disorders of middle ear and mastoid in diseases classified elsewhere,H75,subcategory,1
H80,H80,Otosclerosis,H80-H83,category,1
H800,H80.0,"Otosclerosis involving oval window, nonobliterative",H80,subcategory,1
H802,H80.2,Cochlear otosclerosis,H80,subcategory,1
H808,H80.8,Other otosclerosis,H80,subcategory,1
H809,H80.9,"Otosclerosis, unspecified",H80,subcategory,1
H8093,H80.93,"Unspecified otosclerosis, bilateral",H809,extension,1
H81,H81,Disorders of vestibular function,H80-H83,category,1
H810,H81.0,Meniere's disease,H81,subcategory,1
H811,H81.1,Benign paroxysmal vertigo,H81,subcategory,1
H812,H81.2,Vestibular neuronitis,H81,subcategory,1
H813,H81.3,Other peripheral vertigo,H81,subcategory,1
H814,H81.4,Vertigo of central origin,H81,subcategory,1
H818,H81.8,Other disorders of vestibular function,H81,subcategory,1
H819,H81.9,"Disorder of vestibular function, unspecified",H81,subcategory,1
H8193,H81.93,"Unspecified disorder of vestibular function, bilateral",H819,extension,1
H82,H82,Vertiginous syndromes in diseases classified elsewhere,H80-H83,category,1
H83,H83,Other diseases of inner ear,H80-H83,category,0
H830,H83.0,Labyrinthitis,H83,subcategory,1
H831,H83.1,Labyrinthine fistula,H83,subcategory,1
H832,H83.2,Labyrinthine dysfunction,H83,subcategory,1
H833,H83.3,Noise effects on inner ear,H83,subcategory,1
H838,H83.8,Other specified diseases of inner ear,H83,subcategory,1
H839,H83.9,"Disease of inner ear, unspecified",H83,subcategory,1
H8393,H83.93,"Unspecified disease of inner ear, bilateral",H839,extension,1
H90,H90,Conductive and sensorineural hearing loss,H90-H95,category,1
H900,H90.0,"Conductive hearing loss, bilateral",H90,subcategory,1
H901,H90.1,"Conductive hearing loss, unilateral with unrestricted hearing on the contralateral side",H90,subcategory,1
H902,H90.2,"Conductive hearing loss, unspecified",H90,subcategory,1
H903,H90.3,"Sensorineural hearing loss, bilateral",H90,subcategory,1
H904,H90.4,"Sensorineural hearing loss, unilateral with unrestricted hearing on the contralateral side",H90,subcategory,1
H905,H90.5,"Sensorineural hearing loss, unspecified",H90,subcategory,1
H906,H90.6,"Mixed conductive and sensorineural hearing loss, bilateral",H90,subcategory,1
H907,H90.7,"Mixed conductive and sensorineural hearing loss, unilateral with unrestricted hearing on the contralateral side",H90,subcategory,1
H908,H90.8,"Mixed conductive and sensorineural hearing loss, unspecified",H90,subcategory,1
H91,H91,Other hearing loss,H90-H95,category,1
H910,H91.0,Ototoxic hearing loss,H91,subcategory,1
H911,H91.1,Presbycusis,H91,subcategory,1
H912,H91.2,Sudden idiopathic hearing loss,H91,subcategory,1
H913,H91.3,"Deaf mutism, not elsewhere classified",H91,subcategory,1
H918,H91.8,Other specified hearing loss,H91,subcategory,1
H919,H91.9,"Hearing loss, unspecified",H91,subcategory,1
H9190,H91.90,"Unspecified hearing loss, unspecified ear",H919,extension,1
H92,H92,Otalgia and effusion of ear,H90-H95,category,0
H920,H92.0,Otalgia,H92,subcategory,1
H921,H92.1,Otorrhoea,H92,subcategory,1
H922,H92.2,Otorrhagia,H92,subcategory,1
H93,H93,"Other disorders of ear, not elsewhere classified",H90-H95,category,1
H931,H93.1,Tinnitus,H93,subcategory,1
H932,H93.2,Other abnormal auditory perceptions,H93,subcategory,1
H933,H93.3,Disorders of acoustic nerve,H93,subcategory,1
H938,H93.8,Other specified disorders of ear,H93,subcategory,1
H939,H93.9,"Disorder of ear, unspecified",H93,subcategory,1
H9393,H93.93,"Unspecified disorder of ear, bilateral",H939,extension,1
H94,H94,Other disorders of ear in diseases classified elsewhere,H90-H95,category,0
H940,H94.0,Acoustic neuritis in infectious and parasitic diseases classified elsewhere,H94,subcategory,1
H948,H94.8,Other specified disorders of ear in diseases classified elsewhere,H94,subcategory,1
H95,H95,"Postprocedural disorders of ear and mastoid process, not elsewhere classified",H90-H95,category,0
H950,H95.0,Recurrent cholesteatoma of postmastoidectomy cavity,H95,subcategory,1
H951,H95.1,Other disorders following mastoidectomy,H95,subcategory,1
H953,H95.3,Accidental puncture and laceration of ear and mastoid process during a procedure,H95,subcategory,0
H9531,H95.31,Accidental puncture and laceration of the ear and mastoid process during a procedure on the ear and mastoid process,H953,extension,1
H9532,H95.32,Accidental puncture and laceration of the ear and mastoid process during other procedure,H953,extension,1
H958,H95.8,Other postprocedural disorders of ear and mastoid process,H95,subcategory,1
H959,H95.9,"Postprocedural disorder of ear and mastoid process, unspecified",H95,subcategory,1
I00,I00,Rheumatic fever without mention of heart involvement,I00-I02,category,1
I01,I01,Rheumatic fever with heart involvement,I00-I02,category,0
I010,I01.0,Acute rheumatic pericarditis,I01,subcategory,1
I018,I01.8,Other acute rheumatic heart disease,I01,subcategory,1
I019,I01.9,"Acute rheumatic heart disease, unspecified",I01,subcategory,1
I02,I02,Rheumatic chorea,I00-I02,category,0
I020,I02.0,Rheumatic chorea with heart involvement,I02,subcategory,1
I029,I02.9,Rheumatic chorea without heart involvement,I02,subcategory,1
I05,I05,Rheumatic mitral valve diseases,I05-I09,category,1
I050,I05.0,Mitral stenosis,I05,subcategory,1
I051,I05.1,Rheumatic mitral insufficiency,I05,subcategory,1
I052,I05.2,Mitral stenosis with insufficiency,I05,subcategory,1
I058,I05.8,Other mitral valve diseases,I05,subcategory,1
I059,I05.9,"Mitral valve disease, unspecified",I05,subcategory,1
I06,I06,Rheumatic aortic valve diseases,I05-I09,category,1
I060,I06.0,Rheumatic aortic stenosis,I06,subcategory,1
I061,I06.1,Rheumatic aortic insufficiency,I06,subcategory,1
I062,I06.2,Rheumatic aortic stenosis with insufficiency,I06,subcategory,1
I068,I06.8,Other rheumatic aortic valve diseases,I06,subcategory,1
I069,I06.9,"Rheumatic aortic valve disease, unspecified",I06,subcategory,1
I07,I07,Rheumatic tricuspid valve diseases,I05-I09,category,1
I070,I07.0,Tricuspid stenosis,I07,subcategory,1
I071,I07.1,Tricuspid insufficiency,I07,subcategory,1
I072,I07.2,Tricuspid stenosis with insufficiency,I07,subcategory,1
I078,I07.8,Other tricuspid valve diseases,I07,subcategory,1
I079,I07.9,"Tricuspid valve disease, unspecified",I07,subcategory,1
I08,I08,Multiple valve diseases,I05-I09,category,0
I080,I08.0,Disorders of both mitral and aortic valves,I08,subcategory,1
I081,I08.1,Disorders of both mitral and tricuspid valves,I08,subcategory,1
I082,I08.2,Disorders of both aortic and tricuspid valves,I08,subcategory,1
I083,I08.3,"Combined disorders of mitral, aortic and tricuspid valves",I08,subcategory,1
I088,I08.8,Other multiple valve diseases,I08,subcategory,1
I089,I08.9,"Multiple valve disease, unspecified",I08,subcategory,1
I09,I09,Other rheumatic heart diseases,I05-I09,category,1
I091,I09.1,"Rheumatic diseases of endocardium, valve unspecified",I09,subcategory,1
I092,I09.2,Chronic rheumatic pericarditis,I09,subcategory,1
I099,I09.9,"Rheumatic heart disease, unspecified",I09,subcategory,1
I10,I10,Essential (primary) hypertension,I10-I15,category,1
I11,I11,Hypertensive heart disease,I10-I15,category,1
I110,I11.0,Hypertensive heart disease with (congestive) heart failure,I11,subcategory,1
I119,I11.9,Hypertensive heart disease without (congestive) heart failure,I11,subcategory,1
I12,I12,Hypertensive renal disease,I10-I15,category,0
I120,I12.0,Hypertensive renal disease with renal failure,I12,subcategory,1
I129,I12.9,Hypertensive renal disease without renal failure,I12,subcategory,1
I13,I13,Hypertensive heart and renal disease,I10-I15,category,0
I130,I13.0,Hypertensive heart and renal disease with (congestive) heart failure,I13,subcategory,1
I131,I13.1,Hypertensive heart and renal disease with renal failure,I13,subcategory,1
I132,I13.2,Hypertensive heart and renal disease with both (congestive) heart failure and renal failure,I13,subcategory,1
I139,I13.9,"Hypertensive heart and renal disease, unspecified",I13,subcategory,1
I15,I15,Secondary hypertension,I10-I15,category,1
I150,I15.0,Renovascular hypertension,I15,subcategory,1
I151,I15.1,Hypertension secondary to other renal disorders,I15,subcategory,1
I158,I15.8,Other secondary hypertension,I15,subcategory,1
I159,I15.9,"Seconday hypertension, unspecified",I15,subcategory,1
I16,I16,Hypertensive crisis,,category,0
I169,I16.9,"Hypertensive crisis, unspecified",I16,subcategory,1
I20,I20,Angina pectoris,I20-I25,category,1
I200,I20.0,Unstable angina,I20,subcategory,1
I201,I20.1,Angina pectoris with documented spasm,I20,subcategory,1
I208,I20.8,Other forms of angina pectoris,I20,subcategory,1
I209,I20.9,"Angina pectoris, unspecified",I20,subcategory,1
I21,I21,Acute myocardial infarction,I20-I25,category,1
I210,I21.0,Acute transmural myocardial infarction of anterior wall,I21,subcategory,1
I211,I21.1,Acute transmural myocardial infarction of inferior wall,I21,subcategory,1
I212,I21.2,Acute transmural myocardial infarction of other sites,I21,subcategory,1
I213,I21.3,Acute transmural myocardial infarction of unspecified site,I21,subcategory,1
I214,I21.4,Acute subendocardial myocardial infarction,I21,subcategory,1
I219,I21.9,"Acute myocardial infarction, unspecified",I21,subcategory,1
I22,I22,Subsequent myocardial infarction,I20-I25,category,1
I220,I22.0,Subsequent myocardial infarction of anterior wall,I22,subcategory,1
I221,I22.1,Subsequent myocardial infarction of inferior wall,I22,subcategory,1
I228,I22.8,Subsequent myocardial infarction of other sites,I22,subcategory,1
I229,I22.9,Subsequent myocardial infarction of unspecified site,I22,subcategory,1
I23,I23,Certain current complications following acute myocardial infarction,I20-I25,category,0
I230,I23.0,Haemopericardium as current complication following acute myocardial infarction,I23,subcategory,1
I231,I23.1,Atrial septal defect as current complication following acute myocardial infarction,I23,subcategory,1
I232,I23.2,Ventricular septal defect as current complication following acute myocardial infarction,I23,subcategory,1
I233,I23.3,Rupture of cardiac wall without haemopericardium as current complication following acute myocardial infarction,I23,subcategory,1
I236,I23.6,"Thrombosis of atrium, auricular appendage and ventricle as current complications following acute myocardial infarction",I23,subcategory,1
I238,I23.8,Other current complications following acute myocardial infarction,I23,subcategory,1
I24,I24,Other acute ischaemic heart diseases,I20-I25,category,0
I240,I24.0,Coronary thrombosis not resulting in myocardial infarction,I24,subcategory,1
I241,I24.1,Dressler's syndrome,I24,subcategory,1
I248,I24.8,Other forms of acute ischaemic heart disease,I24,subcategory,1
I249,I24.9,"Acute ischaemic heart disease, unspecified",I24,subcategory,1
I25,I25,Chronic ischaemic heart disease,I20-I25,category,1
I250,I25.0,"Atherosclerotic cardiovascular disease, so described",I25,subcategory,1
I251,I25.1,Atherosclerotic heart disease,I25,subcategory,1
I252,I25.2,Old myocardial infarction,I25,subcategory,1
I253,I25.3,Aneurysm of heart,I25,subcategory,1
I254,I25.4,Coronary artery aneurysm,I25,subcategory,1
I255,I25.5,Ischaemic cardiomyopathy,I25,subcategory,1
I256,I25.6,Silent myocardial ischaemia,I25,subcategory,1
I258,I25.8,Other forms of chronic ischaemic heart disease,I25,subcategory,1
I2589,I25.89,Other forms of chronic ischemic heart disease,I258,extension,1
I259,I25.9,"Chronic ischaemic heart disease, unspecified",I25,subcategory,1
I26,I26,Pulmonary embolism,I26-I28,category,1
I260,I26.0,Pulmonary embolism with mention of acute cor pulmonale,I26,subcategory,1
I269,I26.9,Pulmonary embolism without mention of acute cor pulmonale,I26,subcategory,1
I27,I27,Other pulmonary heart diseases,I26-I28,category,0
I270,I27.0,Primary pulmonary hypertension,I27,subcategory,1
I271,I27.1,Kyphoscoliotic heart disease,I27,subcategory,1
I272,I27.2,Other secondary pulmonary hypertension,I27,subcategory,1
I278,I27.8,Other specified pulmonary heart diseases,I27,subcategory,1
I279,I27.9,"Pulmonary heart disease, unspecified",I27,subcategory,1
I28,I28,Other diseases of pulmonary vessels,I26-I28,category,1
I280,I28.0,Arteriovenous fistula of pulmonary vessels,I28,subcategory,1
I281,I28.1,Aneurysm of pulmonary artery,I28,subcategory,1
I288,I28.8,Other specified diseases of pulmonary vessels,I28,subcategory,1
I289,I28.9,"Disease of pulmonary vessels, unspecified",I28,subcategory,1
I30,I30,Acute pericarditis,I30-I52,category,1
I300,I30.0,Acute nonspecific idiopathic pericarditis,I30,subcategory,1
I301,I30.1,Infective pericarditis,I30,subcategory,1
I308,I30.8,Other forms of acute pericarditis,I30,subcategory,1
I309,I30.9,"Acute pericarditis, unspecified",I30,subcategory,1
I31,I31,Other diseases of pericardium,I30-I52,category,1
I310,I31.0,Chronic adhesive pericarditis,I31,subcategory,1
I311,I31.1,Chronic constrictive pericarditis,I31,subcategory,1
I312,I31.2,"Haemopericardium, not elsewhere classified",I31,subcategory,1
I313,I31.3,Pericardial effusion (noninflammatory),I31,subcategory,1
I318,I31.8,Other specified diseases of pericardium,I31,subcategory,1
I319,I31.9,"Disease of pericardium, unspecified",I31,subcategory,1
I32,I32,Pericarditis in diseases classified elsewhere,I30-I52,category,0
I320,I32.0,Pericarditis in bacterial diseases classified elsewhere,I32,subcategory,1
I321,I32.1,Pericarditis in other infectious and parasitic diseases classified elsewhere,I32,subcategory,1
I328,I32.8,Pericarditis in other diseases classified elsewhere,I32,subcategory,1
I33,I33,Acute and subacute endocarditis,I30-I52,category,0
I330,I33.0,Acute and subacute infective endocarditis,I33,subcategory,1
I339,I33.9,"Acute endocarditis, unspecified",I33,subcategory,1
I34,I34,Nonrheumatic mitral valve disorders,I30-I52,category,1
I340,I34.0,Mitral (valve) insufficiency,I34,subcategory,1
I341,I34.1,Mitral (valve) prolapse,I34,subcategory,1
I342,I34.2,Nonrheumatic mitral (valve) stenosis,I34,subcategory,1
I348,I34.8,Other nonrheumatic mitral valve disorders,I34,subcategory,1
I349,I34.9,"Nonrheumatic mitral valve disorder, unspecified",I34,subcategory,1
I35,I35,Nonrheumatic aortic valve disorders,I30-I52,category,1
I350,I35.0,Aortic (valve) stenosis,I35,subcategory,1
I351,I35.1,Aortic (valve) insufficiency,I35,subcategory,1
I352,I35.2,Aortic (valve) stenosis with insufficiency,I35,subcategory,1
I358,I35.8,Other aortic valve disorders,I35,subcategory,1
I359,I35.9,"Aortic valve disorder, unspecified",I35,subcategory,1
I36,I36,Nonrheumatic tricuspid valve disorders,I30-I52,category,1
I360,I36.0,Nonrheumatic tricuspid (valve) stenosis,I36,subcategory,1
I361,I36.1,Nonrheumatic tricuspid (valve) insufficiency,I36,subcategory,1
I368,I36.8,Other nonrheumatic tricuspid valve disorders,I36,subcategory,1
I369,I36.9,"Nonrheumatic tricuspid valve disorder, unspecified",I36,subcategory,1
I37,I37,Pulmonary valve disorders,I30-I52,category,1
I370,I37.0,Pulmonary valve stenosis,I37,subcategory,1
I371,I37.1,Pulmonary valve insufficiency,I37,subcategory,1
I378,I37.8,Other pulmonary valve disorders,I37,subcategory,1
I379,I37.9,"Pulmonary valve disorder, unspecified",I37,subcategory,1
I38,I38,"Endocarditis, valve unspecified",I30-I52,category,1
I39,I39,Endocarditis and heart valve disorders in diseases classified elsewhere,I30-I52,category,0
I390,I39.0,Mitral valve disorders in diseases classified elsewhere,I39,subcategory,1
I391,I39.1,Aortic valve disorders in diseases classified elsewhere,I39,subcategory,1
I393,I39.3,Pulmonary valve disorders in diseases classified elsewhere,I39,subcategory,1
I398,I39.8,"Endocarditis, valve unspecified, in diseases classified elsewhere",I39,subcategory,1
I40,I40,Acute myocarditis,I30-I52,category,1
I400,I40.0,Infective myocarditis,I40,subcategory,1
I408,I40.8,Other acute myocarditis,I40,subcategory,1
I409,I40.9,"Acute myocarditis, unspecified",I40,subcategory,1
I41,I41,Myocarditis in diseases classified elsewhere,I30-I52,category,0
I411,I41.1,Myocarditis in viral diseases classified elsewhere,I41,subcategory,1
I42,I42,Cardiomyopathy,I30-I52,category,1
I420,I42.0,Dilated cardiomyopathy,I42,subcategory,1
I421,I42.1,Obstructive hypertrophic cardiomyopathy,I42,subcategory,1
I422,I42.2,Other hypertrophic cardiomyopathy,I42,subcategory,1
I424,I42.4,Endocardial fibroelastosis,I42,subcategory,1
I425,I42.5,Other restrictive cardiomyopathy,I42,subcategory,1
I426,I42.6,Alcoholic cardiomyopathy,I42,subcategory,1
I427,I42.7,Cardiomyopathy due to drugs and other external agents,I42,subcategory,1
I428,I42.8,Other cardiomyopathies,I42,subcategory,1
I429,I42.9,"Cardiomyopathy, unspecified",I42,subcategory,1
I43,I43,Cardiomyopathy in diseases classified elsewhere,I30-I52,category,0
I430,I43.0,Cardiomyopathy in infectious and parasitic diseases classified elsewhere,I43,subcategory,1
I431,I43.1,Cardiomyopathy in metabolic diseases,I43,subcategory,1
I432,I43.2,Cardiomyopathy in nutritional diseases,I43,subcategory,1
I438,I43.8,Cardiomyopathy in other diseases classified elsewhere,I43,subcategory,1
I44,I44,Atrioventricular and left bundle-branch block,I30-I52,category,1
I440,I44.0,"Atrioventricular block, first degree",I44,subcategory,1
I441,I44.1,"Atrioventricular block, second degree",I44,subcategory,1
I442,I44.2,"Atrioventricular block, complete",I44,subcategory,1
I443,I44.3,Other and unspecified atrioventricular block,I44,subcategory,1
I444,I44.4,Left anterior fascicular block,I44,subcategory,1
I445,I44.5,Left posterior fascicular block,I44,subcategory,1
I446,I44.6,Other and unspecified fascicular block,I44,subcategory,1
I447,I44.7,"Left bundle-branch block, unspecified",I44,subcategory,1
I45,I45,Other conduction disorders,I30-I52,category,1
I450,I45.0,Right fascicular block,I45,subcategory,1
I451,I45.1,Other and unspecified right bundle-branch block,I45,subcategory,1
I4510,I45.10,Unspecified right bundle-branch block,I451,extension,1
I452,I45.2,Bifascicular block,I45,subcategory,1
I453,I45.3,Trifascicular block,I45,subcategory,1
I454,I45.4,Nonspecific intraventricular block,I45,subcategory,1
I455,I45.5,Other specified heart block,I45,subcategory,1
I456,I45.6,Preexcitation syndrome,I45,subcategory,1
I458,I45.8,Other specified conduction disorders,I45,subcategory,1
I459,I45.9,"Conduction disorder, unspecified",I45,subcategory,1
I46,I46,Cardiac arrest,I30-I52,category,1
I460,I46.0,Cardiac arrest with successful resuscitation,I46,subcategory,1
I461,I46.1,"Sudden cardiac death, so described",I46,subcategory,1
I469,I46.9,"Cardiac arrest, unspecified",I46,subcategory,1
I47,I47,Paroxysmal tachycardia,I30-I52,category,1
I470,I47.0,Reentry ventricular arrhythmia,I47,subcategory,1
I471,I47.1,Supraventricular tachycardia,I47,subcategory,1
I472,I47.2,Ventricular tachycardia,I47,subcategory,1
I479,I47.9,"Paroxysmal tachycardia, unspecified",I47,subcategory,1
I48,I48,Atrial fibrillation and flutter,I30-I52,category,1
I480,I48.0,Paroxysmal atrial fibrillation,I48,subcategory,1
I481,I48.1,Persistent atrial fibrillation,I48,subcategory,1
I482,I48.2,Chronic atrial fibrillation,I48,subcategory,1
I483,I48.3,Typical atrial flutter,I48,subcategory,1
I484,I48.4,Atypical atrial flutter,I48,subcategory,1
I489,I48.9,"Atrial fibrillation and atrial flutter,  unspecified",I48,subcategory,1
I49,I49,Other cardiac arrhythmias,I30-I52,category,1
I490,I49.0,Ventricular fibrillation and flutter,I49,subcategory,1
I491,I49.1,Atrial premature depolarisation,I49,subcategory,1
I492,I49.2,Junctional premature depolarisation,I49,subcategory,1
I493,I49.3,Ventricular premature depolarisation,I49,subcategory,1
I494,I49.4,Other and unspecified premature depolarisation,I49,subcategory,1
I495,I49.5,Sick sinus syndrome,I49,subcategory,1
I498,I49.8,Other specified cardiac arrhythmias,I49,subcategory,1
I499,I49.9,"Cardiac arrhythmia, unspecified",I49,subcategory,1
I50,I50,Heart failure,I30-I52,category,1
I500,I50.0,Congestive heart failure,I50,subcategory,1
I501,I50.1,Left ventricular failure,I50,subcategory,1
I508,I50.8,Other heart failure,I50,subcategory,0
I5081,I50.81,Right heart failure,I508,extension,1
I5082,I50.82,Biventricular heart failure,I508,extension,1
I5083,I50.83,High output heart failure,I508,extension,1
I5084,I50.84,End stage heart failure,I508,extension,1
I5089,I50.89,Other heart failure,I508,extension,1
I509,I50.9,"Heart failure, unspecified",I50,subcategory,1
I51,I51,Complications and ill-defined descriptions of heart disease,I30-I52,category,1
I510,I51.0,"Cardiac septal defect, acquired",I51,subcategory,1
I511,I51.1,"Rupture of chordae tendineae, not elsewhere classified",I51,subcategory,1
I512,I51.2,"Rupture of papillary muscle, not elsewhere classified",I51,subcategory,1
I513,I51.3,"Intracardiac thrombosis, not elsewhere classified",I51,subcategory,1
I514,I51.4,"Myocarditis, unspecified",I51,subcategory,1
I515,I51.5,Myocardial degeneration,I51,subcategory,1
I516,I51.6,"Cardiovascular disease, unspecified",I51,subcategory,1
I517,I51.7,Cardiomegaly,I51,subcategory,1
I518,I51.8,Other ill-defined heart diseases,I51,subcategory,1
I519,I51.9,"Heart disease, unspecified",I51,subcategory,1
I52,I52,Other heart disorders in diseases classified elsewhere,I30-I52,category,0
I520,I52.0,Other heart disorders in bacterial diseases classified elsewhere,I52,subcategory,1
I528,I52.8,Other heart disorders in other diseases classified elsewhere,I52,subcategory,1
I60,I60,Subarachnoid haemorrhage,I60-I69,category,1
I600,I60.0,Subarachnoid haemorrhage from carotid siphon and bifurcation,I60,subcategory,1
I601,I60.1,Subarachnoid haemorrhage from middle cerebral artery,I60,subcategory,1
I602,I60.2,Subarachnoid haemorrhage from anterior communicating artery,I60,subcategory,1
I603,I60.3,Subarachnoid haemorrhage from posterior communicating artery,I60,subcategory,1
I604,I60.4,Subarachnoid haemorrhage from basilar artery,I60,subcategory,1
I605,I60.5,Subarachnoid haemorrhage from vertebral artery,I60,subcategory,1
I606,I60.6,Subarachnoid haemorrhage from other intracranial arteries,I60,subcategory,1
I607,I60.7,"Subarachnoid haemorrhage from intracranial artery, unspecified",I60,subcategory,1
I608,I60.8,Other subarachnoid haemorrhage,I60,subcategory,1
I609,I60.9,"Subarachnoid haemorrhage, unspecified",I60,subcategory,1
I61,I61,Intracerebral haemorrhage,I60-I69,category,1
I610,I61.0,"Intracerebral haemorrhage in hemisphere, subcortical",I61,subcategory,1
I611,I61.1,"Intracerebral haemorrhage in hemisphere, cortical",I61,subcategory,1
I612,I61.2,"Intracerebral haemorrhage in hemisphere, unspecified",I61,subcategory,1
I613,I61.3,Intracerebral haemorrhage in brain stem,I61,subcategory,1
I614,I61.4,Intracerebral haemorrhage in cerebellum,I61,subcategory,1
I615,I61.5,"Intracerebral haemorrhage, intraventricular",I61,subcategory,1
I616,I61.6,"Intracerebral haemorrhage, multiple localised",I61,subcategory,1
I618,I61.8,Other intracerebral haemorrhage,I61,subcategory,1
I619,I61.9,"Intracerebral haemorrhage, unspecified",I61,subcategory,1
I62,I62,Other nontraumatic intracranial haemorrhage,I60-I69,category,1
I620,I62.0,Subdural haemorrhage (acute) (nontraumatic),I62,subcategory,1
I621,I62.1,Nontraumatic extradural haemorrhage,I62,subcategory,1
I629,I62.9,"Intracranial haemorrhage (nontraumatic), unspecified",I62,subcategory,1
I63,I63,Cerebral infarction,I60-I69,category,1
I630,I63.0,Cerebral infarction due to thrombosis of precerebral arteries,I63,subcategory,1
I631,I63.1,Cerebral infarction due to embolism of precerebral arteries,I63,subcategory,1
I632,I63.2,Cerebral infarction due to unspecified occlusion or stenosis of precerebral arteries,I63,subcategory,1
I633,I63.3,Cerebral infarction due to thrombosis of cerebral arteries,I63,subcategory,1
I634,I63.4,Cerebral infarction due to embolism of cerebral arteries,I63,subcategory,1
I635,I63.5,Cerebral infarction due to unspecified occlusion or stenosis of cerebral arteries,I63,subcategory,1
I636,I63.6,"Cerebral infarction due to cerebral venous thrombosis, nonpyogenic",I63,subcategory,1
I638,I63.8,Other cerebral infarction,I63,subcategory,1
I639,I63.9,"Cerebral infarction, unspecified",I63,subcategory,1
I64,I64,"Stroke, not specified as haemorrhage or infarction",I60-I69,category,1
I65,I65,"Occlusion and stenosis of precerebral arteries, not resulting in cerebral infarction",I60-I69,category,0
I650,I65.0,Occlusion and stenosis of vertebral artery,I65,subcategory,1
I651,I65.1,Occlusion and stenosis of basilar artery,I65,subcategory,1
I652,I65.2,Occlusion and stenosis of carotid artery,I65,subcategory,1
I653,I65.3,Occlusion and stenosis of multiple and bilateral precerebral arteries,I65,subcategory,1
I658,I65.8,Occlusion and stenosis of other precerebral artery,I65,subcategory,1
I659,I65.9,Occlusion and stenosis of unspecified precerebral artery,I65,subcategory,1
I66,I66,"Occlusion and stenosis of cerebral arteries, not resulting in cerebral infarction",I60-I69,category,1
I660,I66.0,Occlusion and stenosis of middle cerebral artery,I66,subcategory,1
I661,I66.1,Occlusion and stenosis of anterior cerebral artery,I66,subcategory,1
I662,I66.2,Occlusion and stenosis of posterior cerebral artery,I66,subcategory,1
I663,I66.3,Occlusion and stenosis of cerebellar arteries,I66,subcategory,1
I664,I66.4,Occlusion and stenosis of multiple and bilateral cerebral arteries,I66,subcategory,1
I668,I66.8,Occlusion and stenosis of other cerebral artery,I66,subcategory,1
I669,I66.9,Occlusion and stenosis of unspecified cerebral artery,I66,subcategory,1
I67,I67,Other cerebrovascular diseases,I60-I69,category,1
I670,I67.0,"Dissection of cerebral arteries, nonruptured",I67,subcategory,1
I671,I67.1,"Cerebral aneurysm, nonruptured",I67,subcategory,1
I672,I67.2,Cerebral atherosclerosis,I67,subcategory,1
I673,I67.3,Progressive vascular leukoencephalopathy,I67,subcategory,1
I674,I67.4,Hypertensive encephalopathy,I67,subcategory,1
I676,I67.6,Nonpyogenic thrombosis of intracranial venous system,I67,subcategory,1
I677,I67.7,"Cerebral arteritis, not elsewhere classified",I67,subcategory,1
I678,I67.8,Other specified cerebrovascular diseases,I67,subcategory,1
I6784,I67.84,Cerebral vasospasm and vasoconstriction,I678,extension,1
I679,I67.9,"Cerebrovascular disease, unspecified",I67,subcategory,1
I68,I68,Cerebrovascular disorders in diseases classified elsewhere,I60-I69,category,0
I680,I68.0,Cerebral amyloid angiopathy,I68,subcategory,1
I688,I68.8,Other cerebrovascular disorders in diseases classified elsewhere,I68,subcategory,1
I69,I69,Sequelae of cerebrovascular disease,I60-I69,category,0
I690,I69.0,Sequelae of subarachnoid haemorrhage,I69,subcategory,1
I691,I69.1,Sequelae of intracerebral haemorrhage,I69,subcategory,1
I692,I69.2,Sequelae of other nontraumatic intracranial haemorrhage,I69,subcategory,1
I693,I69.3,Sequelae of cerebral infarction,I69,subcategory,1
I694,I69.4,"Sequelae of stroke, not specified as haemorrhage or infarction",I69,subcategory,1
I698,I69.8,Sequelae of other and unspecified cerebrovascular diseases,I69,subcategory,1
I699,I69.9,Sequelae of unspecified cerebrovascular diseases,I69,subcategory,0
I6990,I69.90,Unspecified sequelae of unspecified cerebrovascular disease,I699,extension,1
I70,I70,Atherosclerosis,I70-I79,category,1
I700,I70.0,Atherosclerosis of aorta,I70,subcategory,1
I7000,I70.00,Atherosclerosis of aorta (without gangrene),I700,extension,1
I7001,I70.01,Atherosclerosis of aorta (with gangrene),I700,extension,1
I701,I70.1,Atherosclerosis of renal artery,I70,subcategory,1
I7010,I70.10,Atherosclerosis of renal artery (without gangrene),I701,extension,1
I7011,I70.11,Atherosclerosis of renal artery (with gangrene),I701,extension,1
I702,I70.2,Atherosclerosis of arteries of the extremities,I70,subcategory,1
I7020,I70.20,Atherosclerosis of arteries of extremities (without gangrene),I702,extension,1
I7021,I70.21,Atherosclerosis of arteries of extremities (with gangrene),I702,extension,1
I708,I70.8,Atherosclerosis of other arteries,I70,subcategory,1
I7080,I70.80,Atherosclerosis of other arteries (without gangrene),I708,extension,1
I7081,I70.81,Atherosclerosis of other arteries (with gangrene),I708,extension,1
I709,I70.9,Generalised and unspecified atherosclerosis,I70,subcategory,1
I7090,I70.90,Generalized and unspecified atherosclerosis (without gangrene),I709,extension,1
I7091,I70.91,Generalized and unspecified atherosclerosis (with gangrene),I709,extension,1
I71,I71,Aortic aneurysm and dissection,I70-I79,category,1
I710,I71.0,Dissection of aorta [any part],I71,subcategory,1
I711,I71.1,"Thoracic aortic aneurysm, ruptured",I71,subcategory,1
I712,I71.2,"Thoracic aortic aneurysm, without mention of rupture",I71,subcategory,1
I713,I71.3,"Abdominal aortic aneurysm, ruptured",I71,subcategory,1
I714,I71.4,"Abdominal aortic aneurysm, without mention of rupture",I71,subcategory,1
I715,I71.5,"Thoracoabdominal aortic aneurysm, ruptured",I71,subcategory,1
I716,I71.6,"Thoracoabdominal aortic aneurysm, without mention of rupture",I71,subcategory,1
I718,I71.8,"Aortic aneurysm of unspecified site, ruptured",I71,subcategory,1
I719,I71.9,"Aortic aneurysm of unspecified site, without mention of rupture",I71,subcategory,1
I72,I72,Other aneurysm,I70-I79,category,1
I720,I72.0,Aneurysm of carotid artery,I72,subcategory,1
I721,I72.1,Aneurysm of artery of upper extremity,I72,subcategory,1
I722,I72.2,Aneurysm of renal artery,I72,subcategory,1
I723,I72.3,Aneurysm of iliac artery,I72,subcategory,1
I724,I72.4,Aneurysm of artery of lower extremity,I72,subcategory,1
I725,I72.5,Aneurysm and dissection of other precerebral arteries,I72,subcategory,1
I726,I72.6,Aneurysm and dissection of vertebral artery,I72,subcategory,1
I728,I72.8,Aneurysm of other specified arteries,I72,subcategory,1
I729,I72.9,Aneurysm of unspecified site,I72,subcategory,1
I73,I73,Other peripheral vascular diseases,I70-I79,category,1
I730,I73.0,Raynaud's syndrome,I73,subcategory,1
I7300,I73.00,Raynaud's syndrome without gangrene,I730,extension,1
I731,I73.1,Thromboangiitis obliterans [Buerger],I73,subcategory,1
I738,I73.8,Other specified peripheral vascular diseases,I73,subcategory,1
I739,I73.9,"Peripheral vascular disease, unspecified",I73,subcategory,1
I74,I74,Arterial embolism and thrombosis,I70-I79,category,1
I740,I74.0,Embolism and thrombosis of abdominal aorta,I74,subcategory,1
I741,I74.1,Embolism and thrombosis of other and unspecified parts of aorta,I74,subcategory,1
I742,I74.2,Embolism and thrombosis of arteries of the upper extremities,I74,subcategory,1
I743,I74.3,Embolism and thrombosis of arteries of the lower extremities,I74,subcategory,1
I744,I74.4,"Embolism and thrombosis of arteries of extremities, unspecified",I74,subcategory,1
I745,I74.5,Embolism and thrombosis of iliac artery,I74,subcategory,1
I748,I74.8,Embolism and thrombosis of other arteries,I74,subcategory,1
I749,I74.9,Embolism and thrombosis of unspecified artery,I74,subcategory,1
I77,I77,Other disorders of arteries and arterioles,I70-I79,category,1
I770,I77.0,"Arteriovenous fistula, acquired",I77,subcategory,1
I771,I77.1,Stricture of artery,I77,subcategory,1
I772,I77.2,Rupture of artery,I77,subcategory,1
I773,I77.3,Arterial fibromuscular dysplasia,I77,subcategory,1
I774,I77.4,Coeliac artery compression syndrome,I77,subcategory,1
I776,I77.6,"Arteritis, unspecified",I77,subcategory,1
I778,I77.8,Other specified disorders of arteries and arterioles,I77,subcategory,1
I779,I77.9,"Disorder of arteries and arterioles, unspecified",I77,subcategory,1
I78,I78,Diseases of capillaries,I70-I79,category,1
I780,I78.0,Hereditary haemorrhagic telangiectasia,I78,subcategory,1
I781,I78.1,"Naevus, nonneoplastic",I78,subcategory,1
I788,I78.8,Other diseases of capillaries,I78,subcategory,1
I789,I78.9,"Disease of capillaries, unspecified",I78,subcategory,1
I79,I79,"Disorders of arteries, arterioles and capillaries in diseases classified elsewhere",I70-I79,category,0
I790,I79.0,Aneurysm of aorta in diseases classified elsewhere,I79,subcategory,1
I792,I79.2,Peripheral angiopathy in diseases classified elsewhere,I79,subcategory,1
I798,I79.8,"Other disorders of arteries, arterioles and capillaries in diseases classified elsewhere",I79,subcategory,1
I80,I80,Phlebitis and thrombophlebitis,I80-I89,category,1
I800,I80.0,Phlebitis and thrombophlebitis of superficial vessels of lower extremities,I80,subcategory,1
I801,I80.1,Phlebitis and thrombophlebitis of femoral vein,I80,subcategory,1
I802,I80.2,Phlebitis and thrombophlebitis of other deep vessels of lower extremities,I80,subcategory,1
I803,I80.3,"Phlebitis and thrombophlebitis of lower extremities, unspecified",I80,subcategory,1
I808,I80.8,Phlebitis and thrombophlebitis of other sites,I80,subcategory,1
I809,I80.9,Phlebitis and thrombophlebitis of unspecified site,I80,subcategory,1
I81,I81,Portal vein thrombosis,I80-I89,category,1
I82,I82,Other venous embolism and thrombosis,I80-I89,category,1
I820,I82.0,Budd-Chiari syndrome,I82,subcategory,1
I821,I82.1,Thrombophlebitis migrans,I82,subcategory,1
I822,I82.2,Embolism and thrombosis of vena cava,I82,subcategory,1
I823,I82.3,Embolism and thrombosis of renal vein,I82,subcategory,1
I828,I82.8,Embolism and thrombosis of other specified veins,I82,subcategory,1
I829,I82.9,Embolism and thrombosis of unspecified vein,I82,subcategory,1
I83,I83,Varicose veins of lower extremities,I80-I89,category,1
I830,I83.0,Varicose veins of lower extremities with ulcer,I83,subcategory,1
I8300,I83.00,Varicose veins of unspecified lower extremity with ulcer,I830,extension,1
I8301,I83.01,Varicose veins of right lower extremity with ulcer,I830,extension,1
I8302,I83.02,Varicose veins of left lower extremity with ulcer,I830,extension,1
I831,I83.1,Varicose veins of lower extremities with inflammation,I83,subcategory,1
I8310,I83.10,Varicose veins of unspecified lower extremity with inflammation,I831,extension,1
I832,I83.2,Varicose veins of lower extremities with both ulcer and inflammation,I83,subcategory,1
I839,I83.9,Varicose veins of lower extremities without ulcer or inflammation,I83,subcategory,1
I8390,I83.90,Asymptomatic varicose veins of unspecified lower extremity,I839,extension,1
I84,I84,Haemorrhoids,I80-I89,category,0
I840,I84.0,Internal thrombosed haemorrhoids,I84,subcategory,1
I841,I84.1,Internal haemorrhoids with other complications,I84,subcategory,1
I842,I84.2,Internal haemorrhoids without complication,I84,subcategory,1
I843,I84.3,External thrombosed haemorrhoids,I84,subcategory,1
I844,I84.4,External haemorrhoids with other complications,I84,subcategory,1
I845,I84.5,External haemorrhoids without complication,I84,subcategory,1
I846,I84.6,Residual haemorrhoidal skin tags,I84,subcategory,1
I847,I84.7,Unspecified thrombosed haemorrhoids,I84,subcategory,1
I848,I84.8,Unspecified haemorrhoids with other complications,I84,subcategory,1
I849,I84.9,Unspecified haemorrhoids without complication,I84,subcategory,1
I85,I85,Oesophageal varices,I80-I89,category,1
I850,I85.0,Oesophageal varices with bleeding,I85,subcategory,1
I859,I85.9,Oesophageal varices without bleeding,I85,subcategory,1
I86,I86,Varicose veins of other sites,I80-I89,category,1
I860,I86.0,Sublingual varices,I86,subcategory,1
I861,I86.1,Scrotal varices,I86,subcategory,1
I862,I86.2,Pelvic varices,I86,subcategory,1
I863,I86.3,Vulval varices,I86,subcategory,1
I864,I86.4,Gastric varices,I86,subcategory,1
I868,I86.8,Varicose veins of other specified sites,I86,subcategory,1
I87,I87,Other disorders of veins,I80-I89,category,1
I870,I87.0,Postphlebitic syndrome,I87,subcategory,1
I871,I87.1,Compression of vein,I87,subcategory,1
I872,I87.2,Venous insufficiency (chronic) (peripheral),I87,subcategory,1
I878,I87.8,Other specified disorders of veins,I87,subcategory,1
I879,I87.9,"Disorder of vein, unspecified",I87,subcategory,1
I88,I88,Nonspecific lymphadenitis,I80-I89,category,1
I880,I88.0,Nonspecific mesenteric lymphadenitis,I88,subcategory,1
I881,I88.1,"Chronic lymphadenitis, except mesenteric",I88,subcategory,1
I888,I88.8,Other nonspecific lymphadenitis,I88,subcategory,1
I889,I88.9,"Nonspecific lymphadenitis, unspecified",I88,subcategory,1
I89,I89,Other non-infective disorders of lymphatic vessels and lymph nodes,I80-I89,category,1
I890,I89.0,"Lymphoedema, not elsewhere classified",I89,subcategory,1
I891,I89.1,Lymphangitis,I89,subcategory,1
I898,I89.8,Other specified non-infective disorders of lymphatic vessels and lymph nodes,I89,subcategory,1
I899,I89.9,"Non-infective disorder of lymphatic vessels and lymph nodes, unspecified",I89,subcategory,1
I95,I95,Hypotension,I95-I99,category,1
I950,I95.0,Idiopathic hypotension,I95,subcategory,1
I951,I95.1,Orthostatic hypotension,I95,subcategory,1
I952,I95.2,Hypotension due to drugs,I95,subcategory,1
I958,I95.8,Other hypotension,I95,subcategory,1
I959,I95.9,"Hypotension, unspecified",I95,subcategory,1
I96,I96,"Gangrene, not elsewhere classified",,category,1
I97,I97,"Postprocedural disorders of circulatory system, not elsewhere classified",I95-I99,category,0
I970,I97.0,Postcardiotomy syndrome,I97,subcategory,1
I971,I97.1,Other functional disturbances following cardiac surgery,I97,subcategory,1
I9711,I97.11,Postprocedural cardiac insufficiency,I971,extension,1
I9713,I97.13,Postprocedural heart failure,I971,extension,1
I9719,I97.19,Other postprocedural cardiac functional disturbances,I971,extension,1
I972,I97.2,Postmastectomy lymphoedema syndrome,I97,subcategory,1
I975,I97.5,Accidental puncture and laceration of a circulatory system organ or structure during a procedure,I97,subcategory,0
I9751,I97.51,Accidental puncture and laceration of a circulatory system organ or structure during a circulatory system procedure,I975,extension,1
I9752,I97.52,Accidental puncture and laceration of a circulatory system organ or structure during other procedure,I975,extension,1
I977,I97.7,Intraoperative cardiac functional disturbances,I97,subcategory,0
I9771,I97.71,Intraoperative cardiac arrest,I977,extension,1
I9779,I97.79,Other intraoperative cardiac functional disturbances,I977,extension,1
I978,I97.8,"Other postprocedural disorders of circulatory system, not elsewhere classified",I97,subcategory,1
I9788,I97.88,"Other intraoperative complications of the circulatory system, not elsewhere classified",I978,extension,1
I9789,I97.89,"Other postprocedural complications and disorders of the circulatory system, not elsewhere classified",I978,extension,1
I979,I97.9,"Postprocedural disorder of circulatory system, unspecified",I97,subcategory,1
I98,I98,Other disorders of circulatory system in diseases classified elsewhere,I95-I99,category,0
I980,I98.0,Cardiovascular syphilis,I98,subcategory,1
I982,I98.2,Oesophageal varices in diseases classified elsewhere,I98,subcategory,1
I983,I98.3,Oesophageal varices with bleeding in diseases classified elsewhere,I98,subcategory,1
I988,I98.8,Other specified disorders of circulatory system in diseases classified elsewhere,I98,subcategory,1
I99,I99,Other and unspecified disorders of circulatory system,I95-I99,category,1
I999,I99.9,Unspecified disorder of circulatory system,I99,subcategory,1
J00,J00,Acute nasopharyngitis [common cold],J00-J06,category,1
J01,J01,Acute sinusitis,J00-J06,category,1
J010,J01.0,Acute maxillary sinusitis,J01,subcategory,1
J011,J01.1,Acute frontal sinusitis,J01,subcategory,1
J012,J01.2,Acute ethmoidal sinusitis,J01,subcategory,1
J013,J01.3,Acute sphenoidal sinusitis,J01,subcategory,1
J014,J01.4,Acute pansinusitis,J01,subcategory,1
J018,J01.8,Other acute sinusitis,J01,subcategory,1
J019,J01.9,"Acute sinusitis, unspecified",J01,subcategory,1
J0190,J01.90,"Acute sinusitis, unspecified",J019,extension,1
J02,J02,Acute pharyngitis,J00-J06,category,1
J020,J02.0,Streptococcal pharyngitis,J02,subcategory,1
J028,J02.8,Acute pharyngitis due to other specified organisms,J02,subcategory,1
J029,J02.9,"Acute pharyngitis, unspecified",J02,subcategory,1
J03,J03,Acute tonsillitis,J00-J06,category,1
J030,J03.0,Streptococcal tonsillitis,J03,subcategory,1
J038,J03.8,Acute tonsillitis due to other specified organisms,J03,subcategory,1
J039,J03.9,"Acute tonsillitis, unspecified",J03,subcategory,1
J04,J04,Acute laryngitis and tracheitis,J00-J06,category,1
J040,J04.0,Acute laryngitis,J04,subcategory,1
J041,J04.1,Acute tracheitis,J04,subcategory,1
J042,J04.2,Acute laryngotracheitis,J04,subcategory,1
J05,J05,Acute obstructive laryngitis [croup] and epiglottitis,J00-J06,category,0
J050,J05.0,Acute obstructive laryngitis [croup],J05,subcategory,1
J051,J05.1,Acute epiglottitis,J05,subcategory,1
J06,J06,Acute upper respiratory infections of multiple and unspecified sites,J00-J06,category,1
J060,J06.0,Acute laryngopharyngitis,J06,subcategory,1
J068,J06.8,Other acute upper respiratory infections of multiple sites,J06,subcategory,1
J069,J06.9,"Acute upper respiratory infection, unspecified",J06,subcategory,1
J09,J09,Influenza due to certain identified influenza virus,J09-J18,category,1
J10,J10,Influenza due to identified influenza virus,J09-J18,category,1
J100,J10.0,"Influenza with pneumonia, influenza virus identified",J10,subcategory,1
J101,J10.1,"Influenza with other respiratory manifestations, influenza virus identified",J10,subcategory,1
J108,J10.8,"Influenza with other manifestations, influenza virus identified",J10,subcategory,1
J11,J11,"Influenza, virus not identified",J09-J18,category,1
J110,J11.0,"Influenza with pneumonia, virus not identified",J11,subcategory,1
J111,J11.1,"Influenza with other respiratory manifestations, virus not identified",J11,subcategory,1
J118,J11.8,"Influenza with other manifestations, virus not identified",J11,subcategory,1
J12,J12,"Viral pneumonia, not elsewhere classified",J09-J18,category,1
J121,J12.1,Respiratory syncytial virus pneumonia,J12,subcategory,1
J122,J12.2,Parainfluenza virus pneumonia,J12,subcategory,1
J123,J12.3,Human metapneumovirus pneumonia,J12,subcategory,1
J128,J12.8,Other viral pneumonia,J12,subcategory,1
J129,J12.9,"Viral pneumonia, unspecified",J12,subcategory,1
J13,J13,Pneumonia due to Streptococcus pneumoniae,J09-J18,category,1
J14,J14,Pneumonia due to Haemophilus influenzae,J09-J18,category,1
J15,J15,"Bacterial pneumonia, not elsewhere classified",J09-J18,category,1
J150,J15.0,Pneumonia due to Klebsiella pneumoniae,J15,subcategory,1
J151,J15.1,Pneumonia due to Pseudomonas,J15,subcategory,1
J152,J15.2,Pneumonia due to staphylococcus,J15,subcategory,1
J153,J15.3,"Pneumonia due to streptococcus, group B",J15,subcategory,1
J154,J15.4,Pneumonia due to other streptococci,J15,subcategory,1
J155,J15.5,Pneumonia due to Escherichia coli,J15,subcategory,1
J156,J15.6,Pneumonia due to other aerobic Gram-negative bacteria,J15,subcategory,1
J157,J15.7,Pneumonia due to Mycoplasma pneumoniae,J15,subcategory,1
J158,J15.8,Other bacterial pneumonia,J15,subcategory,1
J159,J15.9,"Bacterial pneumonia, unspecified",J15,subcategory,1
J16,J16,"Pneumonia due to other infectious organisms, not elsewhere classified",J09-J18,category,0
J160,J16.0,Chlamydial pneumonia,J16,subcategory,1
J168,J16.8,Pneumonia due to other specified infectious organisms,J16,subcategory,1
J17,J17,Pneumonia in diseases classified elsewhere,J09-J18,category,1
J170,J17.0,Pneumonia in bacterial diseases classified elsewhere,J17,subcategory,1
J171,J17.1,Pneumonia in viral diseases classified elsewhere,J17,subcategory,1
J172,J17.2,Pneumonia in mycoses,J17,subcategory,1
J173,J17.3,Pneumonia in parasitic diseases,J17,subcategory,1
J178,J17.8,Pneumonia in other diseases classified elsewhere,J17,subcategory,1
J18,J18,"Pneumonia, organism unspecified",J09-J18,category,1
J180,J18.0,"Bronchopneumonia, unspecified",J18,subcategory,1
J181,J18.1,"Lobar pneumonia, unspecified",J18,subcategory,1
J182,J18.2,"Hypostatic pneumonia, unspecified",J18,subcategory,1
J188,J18.8,"Other pneumonia, organism unspecified",J18,subcategory,1
J189,J18.9,"Pneumonia, unspecified",J18,subcategory,1
J20,J20,Acute bronchitis,J20-J22,category,1
J200,J20.0,Acute bronchitis due to Mycoplasma pneumoniae,J20,subcategory,1
J201,J20.1,Acute bronchitis due to Haemophilus influenzae,J20,subcategory,1
J202,J20.2,Acute bronchitis due to streptococcus,J20,subcategory,1
J203,J20.3,Acute bronchitis due to coxsackie virus,J20,subcategory,1
J204,J20.4,Acute bronchitis due to parainfluenza virus,J20,subcategory,1
J205,J20.5,Acute bronchitis due to respiratory syncytial virus,J20,subcategory,1
J206,J20.6,Acute bronchitis due to rhinovirus,J20,subcategory,1
J208,J20.8,Acute bronchitis due to other specified organisms,J20,subcategory,1
J209,J20.9,"Acute bronchitis, unspecified",J20,subcategory,1
J21,J21,Acute bronchiolitis,J20-J22,category,1
J210,J21.0,Acute bronchiolitis due to respiratory syncytial virus,J21,subcategory,1
J218,J21.8,Acute bronchiolitis due to other specified organisms,J21,subcategory,1
J219,J21.9,"Acute bronchiolitis, unspecified",J21,subcategory,1
J22,J22,Unspecified acute lower respiratory infection,J20-J22,category,1
J30,J30,Vasomotor and allergic rhinitis,J30-J39,category,1
J300,J30.0,Vasomotor rhinitis,J30,subcategory,1
J301,J30.1,Allergic rhinitis due to pollen,J30,subcategory,1
J302,J30.2,Other seasonal allergic rhinitis,J30,subcategory,1
J303,J30.3,Other allergic rhinitis,J30,subcategory,1
J304,J30.4,"Allergic rhinitis, unspecified",J30,subcategory,1
J308,J30.8,Other allergic rhinitis,J30,subcategory,0
J3089,J30.89,Other allergic rhinitis,J308,extension,1
J309,J30.9,"Allergic rhinitis, unspecified",J30,subcategory,1
J31,J31,"Chronic rhinitis, nasopharyngitis and pharyngitis",J30-J39,category,1
J310,J31.0,Chronic rhinitis,J31,subcategory,1
J311,J31.1,Chronic nasopharyngitis,J31,subcategory,1
J312,J31.2,Chronic pharyngitis,J31,subcategory,1
J32,J32,Chronic sinusitis,J30-J39,category,1
J320,J32.0,Chronic maxillary sinusitis,J32,subcategory,1
J321,J32.1,Chronic frontal sinusitis,J32,subcategory,1
J322,J32.2,Chronic ethmoidal sinusitis,J32,subcategory,1
J323,J32.3,Chronic sphenoidal sinusitis,J32,subcategory,1
J324,J32.4,Chronic pansinusitis,J32,subcategory,1
J328,J32.8,Other chronic sinusitis,J32,subcategory,1
J329,J32.9,"Chronic sinusitis, unspecified",J32,subcategory,1
J33,J33,Nasal polyp,J30-J39,category,1
J330,J33.0,Polyp of nasal cavity,J33,subcategory,1
J331,J33.1,Polypoid sinus degeneration,J33,subcategory,1
J338,J33.8,Other polyp of sinus,J33,subcategory,1
J339,J33.9,"Nasal polyp, unspecified",J33,subcategory,1
J34,J34,Other disorders of nose and nasal sinuses,J30-J39,category,1
J340,J34.0,"Abscess, furuncle and carbuncle of nose",J34,subcategory,1
J341,J34.1,Cyst and mucocele of nose and nasal sinus,J34,subcategory,1
J342,J34.2,Deviated nasal septum,J34,subcategory,1
J343,J34.3,Hypertrophy of nasal turbinates,J34,subcategory,1
J348,J34.8,Other specified disorders of nose and nasal sinuses,J34,subcategory,1
J35,J35,Chronic diseases of tonsils and adenoids,J30-J39,category,1
J350,J35.0,Chronic tonsillitis,J35,subcategory,1
J351,J35.1,Hypertrophy of tonsils,J35,subcategory,1
J352,J35.2,Hypertrophy of adenoids,J35,subcategory,1
J353,J35.3,Hypertrophy of tonsils with hypertrophy of adenoids,J35,subcategory,1
J358,J35.8,Other chronic diseases of tonsils and adenoids,J35,subcategory,1
J359,J35.9,"Chronic disease of tonsils and adenoids, unspecified",J35,subcategory,1
J36,J36,Peritonsillar abscess,J30-J39,category,1
J37,J37,Chronic laryngitis and laryngotracheitis,J30-J39,category,0
J370,J37.0,Chronic laryngitis,J37,subcategory,1
J371,J37.1,Chronic laryngotracheitis,J37,subcategory,1
J38,J38,"Diseases of vocal cords and larynx, not elsewhere classified",J30-J39,category,1
J380,J38.0,Paralysis of vocal cords and larynx,J38,subcategory,1
J381,J38.1,Polyp of vocal cord and larynx,J38,subcategory,1
J382,J38.2,Nodules of vocal cords,J38,subcategory,1
J383,J38.3,Other diseases of vocal cords,J38,subcategory,1
J384,J38.4,Oedema of larynx,J38,subcategory,1
J385,J38.5,Laryngeal spasm,J38,subcategory,1
J386,J38.6,Stenosis of larynx,J38,subcategory,1
J387,J38.7,Other diseases of larynx,J38,subcategory,1
J39,J39,Other diseases of upper respiratory tract,J30-J39,category,1
J390,J39.0,Retropharyngeal and parapharyngeal abscess,J39,subcategory,1
J391,J39.1,Other abscess of pharynx,J39,subcategory,1
J392,J39.2,Other diseases of pharynx,J39,subcategory,1
J393,J39.3,"Upper respiratory tract hypersensitivity reaction, site unspecified",J39,subcategory,1
J398,J39.8,Other specified diseases of upper respiratory tract,J39,subcategory,1
J399,J39.9,"Disease of upper respiratory tract, unspecified",J39,subcategory,1
J40,J40,"Bronchitis, not specified as acute or chronic",J40-J47,category,1
J41,J41,Simple and mucopurulent chronic bronchitis,J40-J47,category,0
J410,J41.0,Simple chronic bronchitis,J41,subcategory,1
J411,J41.1,Mucopurulent chronic bronchitis,J41,subcategory,1
J418,J41.8,Mixed simple and mucopurulent chronic bronchitis,J41,subcategory,1
J42,J42,Unspecified chronic bronchitis,J40-J47,category,1
J43,J43,Emphysema,J40-J47,category,1
J430,J43.0,MacLeod's syndrome,J43,subcategory,1
J431,J43.1,Panlobular emphysema,J43,subcategory,1
J432,J43.2,Centrilobular emphysema,J43,subcategory,1
J438,J43.8,Other emphysema,J43,subcategory,1
J439,J43.9,"Emphysema, unspecified",J43,subcategory,1
J44,J44,Other chronic obstructive pulmonary disease,J40-J47,category,1
J440,J44.0,Chronic obstructive pulmonary disease with acute lower respiratory infection,J44,subcategory,1
J441,J44.1,"Chronic obstructive pulmonary disease with acute exacerbation, unspecified",J44,subcategory,1
J448,J44.8,Other specified chronic obstructive pulmonary disease,J44,subcategory,1
J449,J44.9,"Chronic obstructive pulmonary disease, unspecified",J44,subcategory,1
J45,J45,Asthma,J40-J47,category,1
J450,J45.0,Predominantly allergic asthma,J45,subcategory,1
J451,J45.1,Nonallergic asthma,J45,subcategory,1
J458,J45.8,Mixed asthma,J45,subcategory,1
J459,J45.9,"Asthma, unspecified",J45,subcategory,1
J4590,J45.90,Unspecified asthma,J459,extension,1
J4599,J45.99,Other asthma,J459,extension,1
J46,J46,Status asthmaticus,J40-J47,category,1
J47,J47,Bronchiectasis,J40-J47,category,1
J60,J60,Coalworker's pneumoconiosis,J60-J70,category,1
J61,J61,Pneumoconiosis due to asbestos and other mineral fibres,J60-J70,category,1
J62,J62,Pneumoconiosis due to dust containing silica,J60-J70,category,1
J628,J62.8,Pneumoconiosis due to other dust containing silica,J62,subcategory,1
J63,J63,Pneumoconiosis due to other inorganic dusts,J60-J70,category,0
J634,J63.4,Siderosis,J63,subcategory,1
J635,J63.5,Stannosis,J63,subcategory,1
J638,J63.8,Pneumoconiosis due to other specified inorganic dusts,J63,subcategory,1
J64,J64,Unspecified pneumoconiosis,J60-J70,category,1
J66,J66,Airway disease due to specific organic dust,J60-J70,category,0
J660,J66.0,Byssinosis,J66,subcategory,1
J67,J67,Hypersensitivity pneumonitis due to organic dust,J60-J70,category,0
J670,J67.0,Farmer's lung,J67,subcategory,1
J672,J67.2,Bird fancier's lung,J67,subcategory,1
J676,J67.6,Maple-bark-stripper's lung,J67,subcategory,1
J677,J67.7,Air-conditioner and humidifier lung,J67,subcategory,1
J678,J67.8,Hypersensitivity pneumonitis due to other organic dusts,J67,subcategory,1
J679,J67.9,Hypersensitivity pneumonitis due to unspecified organic dust,J67,subcategory,1
J68,J68,"Respiratory conditions due to inhalation of chemicals, gases, fumes and vapours",J60-J70,category,1
J680,J68.0,"Bronchitis and pneumonitis due to chemicals, gases, fumes and vapours",J68,subcategory,1
J683,J68.3,"Other acute and subacute respiratory conditions due to chemicals, gases, fumes and vapours",J68,subcategory,1
J684,J68.4,"Chronic respiratory conditions due to chemicals, gases, fumes and vapours",J68,subcategory,1
J688,J68.8,"Other respiratory conditions due to chemicals, gases, fumes and vapours",J68,subcategory,1
J689,J68.9,"Unspecified respiratory condition due to chemicals, gases, fumes and vapours",J68,subcategory,1
J69,J69,Pneumonitis due to solids and liquids,J60-J70,category,0
J690,J69.0,Pneumonitis due to food and vomit,J69,subcategory,1
J698,J69.8,Pneumonitis due to other solids and liquids,J69,subcategory,1
J70,J70,Respiratory conditions due to other external agents,J60-J70,category,1
J700,J70.0,Acute pulmonary manifestations due to radiation,J70,subcategory,1
J701,J70.1,Chronic and other pulmonary manifestations due to radiation,J70,subcategory,1
J702,J70.2,Acute drug-induced interstitial lung disorders,J70,subcategory,1
J703,J70.3,Chronic drug-induced interstitial lung disorders,J70,subcategory,1
J704,J70.4,"Drug-induced interstitial lung disorder, unspecified",J70,subcategory,1
J708,J70.8,Respiratory conditions due to other specified external agents,J70,subcategory,1
J709,J70.9,Respiratory conditions due to unspecified external agent,J70,subcategory,1
J80,J80,Adult respiratory distress syndrome,J80-J84,category,1
J81,J81,Pulmonary oedema,J80-J84,category,1
J82,J82,"Pulmonary eosinophilia, not elsewhere classified",J80-J84,category,1
J84,J84,Other interstitial pulmonary diseases,J80-J84,category,1
J840,J84.0,Alveolar and parietoalveolar conditions,J84,subcategory,1
J841,J84.1,Other interstitial pulmonary diseases with fibrosis,J84,subcategory,1
J848,J84.8,Other specified interstitial pulmonary diseases,J84,subcategory,1
J849,J84.9,"Interstitial pulmonary disease, unspecified",J84,subcategory,1
J85,J85,Abscess of lung and mediastinum,J85-J86,category,1
J850,J85.0,Gangrene and necrosis of lung,J85,subcategory,1
J851,J85.1,Abscess of lung with pneumonia,J85,subcategory,1
J852,J85.2,Abscess of lung without pneumonia,J85,subcategory,1
J853,J85.3,Abscess of mediastinum,J85,subcategory,1
J86,J86,Pyothorax,J85-J86,category,1
J860,J86.0,Pyothorax with fistula,J86,subcategory,1
J869,J86.9,Pyothorax without fistula,J86,subcategory,1
J90,J90,"Pleural effusion, not elsewhere classified",J90-J94,category,1
J91,J91,Pleural effusion in conditions classified elsewhere,J90-J94,category,1
J918,J91.8,Pleural effusion in other conditions classified elsewhere,J91,subcategory,1
J92,J92,Pleural plaque,J90-J94,category,1
J920,J92.0,Pleural plaque with presence of asbestos,J92,subcategory,1
J929,J92.9,Pleural plaque without asbestos,J92,subcategory,1
J93,J93,Pneumothorax,J90-J94,category,1
J930,J93.0,Spontaneous tension pneumothorax,J93,subcategory,1
J931,J93.1,Other spontaneous pneumothorax,J93,subcategory,1
J938,J93.8,Other pneumothorax,J93,subcategory,1
J939,J93.9,"Pneumothorax, unspecified",J93,subcategory,1
J94,J94,Other pleural conditions,J90-J94,category,0
J940,J94.0,Chylous effusion,J94,subcategory,1
J941,J94.1,Fibrothorax,J94,subcategory,1
J942,J94.2,Haemothorax,J94,subcategory,1
J948,J94.8,Other specified pleural conditions,J94,subcategory,1
J949,J94.9,"Pleural condition, unspecified",J94,subcategory,1
J95,J95,"Postprocedural respiratory disorders, not elsewhere classified",J95-J99,category,0
J950,J95.0,Tracheostomy malfunction,J95,subcategory,1
J952,J95.2,Acute pulmonary insufficiency following nonthoracic surgery,J95,subcategory,1
J953,J95.3,Chronic pulmonary insufficiency following surgery,J95,subcategory,1
J954,J95.4,Mendelson's syndrome,J95,subcategory,1
J955,J95.5,Postprocedural subglottic stenosis,J95,subcategory,1
J957,J95.7,Accidental puncture and laceration of a respiratory system organ or structure during a procedure,J95,subcategory,0
J9571,J95.71,Accidental puncture and laceration of a respiratory system organ or structure during a respiratory system procedure,J957,extension,1
J9572,J95.72,Accidental puncture and laceration of a respiratory system organ or structure during other procedure,J957,extension,1
J958,J95.8,Other postprocedural respiratory disorders,J95,subcategory,1
J959,J95.9,"Postprocedural respiratory disorder, unspecified",J95,subcategory,1
J96,J96,"Respiratory failure, not elsewhere classified",J95-J99,category,1
J960,J96.0,Acute respiratory failure,J96,subcategory,1
J9600,J96.00,Acute respiratory failure; Type I [hypoxic],J960,extension,1
J9601,J96.01,Acute respiratory failure; Type II [hypercapnic],J960,extension,1
J9609,J96.09,Acute respiratory failure; Type unspecified,J960,extension,1
J961,J96.1,Chronic respiratory failure,J96,subcategory,1
J9610,J96.10,Chronic respiratory failure; Type I [hypoxic],J961,extension,1
J9611,J96.11,Chronic respiratory failure; Type II [hypercapnic],J961,extension,1
J9619,J96.19,Chronic respiratory failure; Type unspecified,J961,extension,1
J969,J96.9,"Respiratory failure, unspecified",J96,subcategory,1
J9690,J96.90,"Respiratory failure, unspecified; Type I [hypoxic]",J969,extension,1
J9691,J96.91,Respiratory failure unspecified; Type II [hypercapnic],J969,extension,1
J9699,J96.99,"Respiratory failure, unspecified; Type unspecified",J969,extension,1
J98,J98,Other respiratory disorders,J95-J99,category,1
J980,J98.0,"Diseases of bronchus, not elsewhere classified",J98,subcategory,1
J981,J98.1,Pulmonary collapse,J98,subcategory,1
J9811,J98.11,Atelectasis,J981,extension,1
J9819,J98.19,Other pulmonary collapse,J981,extension,1
J982,J98.2,Interstitial emphysema,J98,subcategory,1
J984,J98.4,Other disorders of lung,J98,subcategory,1
J985,J98.5,"Diseases of mediastinum, not elsewhere classified",J98,subcategory,1
J986,J98.6,Disorders of diaphragm,J98,subcategory,1
J988,J98.8,Other specified respiratory disorders,J98,subcategory,1
J989,J98.9,"Respiratory disorder, unspecified",J98,subcategory,1
J99,J99,Respiratory disorders in diseases classified elsewhere,J95-J99,category,0
J990,J99.0,Rheumatoid lung disease,J99,subcategory,1
J991,J99.1,Respiratory disorders in other diffuse connective tissue disorders,J99,subcategory,1
J998,J99.8,Respiratory disorders in other diseases classified elsewhere,J99,subcategory,1
K00,K00,Disorders of tooth development and eruption,K00-K14,category,1
K000,K00.0,Anodontia,K00,subcategory,1
K001,K00.1,Supernumerary teeth,K00,subcategory,1
K002,K00.2,Abnormalities of size and form of teeth,K00,subcategory,1
K006,K00.6,Disturbances in tooth eruption,K00,subcategory,1
K007,K00.7,Teething syndrome,K00,subcategory,1
K008,K00.8,Other disorders of tooth development,K00,subcategory,1
K009,K00.9,"Disorder of tooth development, unspecified",K00,subcategory,1
K01,K01,Embedded and impacted teeth,K00-K14,category,0
K010,K01.0,Embedded teeth,K01,subcategory,1
K011,K01.1,Impacted teeth,K01,subcategory,1
K02,K02,Dental caries,K00-K14,category,1
K020,K02.0,Caries limited to enamel,K02,subcategory,1
K021,K02.1,Caries of dentin,K02,subcategory,1
K022,K02.2,Caries of cementum,K02,subcategory,1
K028,K02.8,Other dental caries,K02,subcategory,1
K029,K02.9,"Dental caries, unspecified",K02,subcategory,1
K03,K03,Other diseases of hard tissues of teeth,K00-K14,category,1
K030,K03.0,Excessive attrition of teeth,K03,subcategory,1
K031,K03.1,Abrasion of teeth,K03,subcategory,1
K032,K03.2,Erosion of teeth,K03,subcategory,1
K033,K03.3,Pathological resorption of teeth,K03,subcategory,1
K035,K03.5,Ankylosis of teeth,K03,subcategory,1
K036,K03.6,Deposits [accretions] on teeth,K03,subcategory,1
K038,K03.8,Other specified diseases of hard tissues of teeth,K03,subcategory,1
K039,K03.9,"Disease of hard tissues of teeth, unspecified",K03,subcategory,1
K04,K04,Diseases of pulp and periapical tissues,K00-K14,category,1
K040,K04.0,Pulpitis,K04,subcategory,1
K041,K04.1,Necrosis of pulp,K04,subcategory,1
K044,K04.4,Acute apical periodontitis of pulpal origin,K04,subcategory,1
K045,K04.5,Chronic apical periodontitis,K04,subcategory,1
K046,K04.6,Periapical abscess with sinus,K04,subcategory,1
K047,K04.7,Periapical abscess without sinus,K04,subcategory,1
K048,K04.8,Radicular cyst,K04,subcategory,1
K049,K04.9,Other and unspecified diseases of pulp and periapical tissues,K04,subcategory,1
K0490,K04.90,Unspecified diseases of pulp and periapical tissues,K049,extension,1
K0499,K04.99,Other diseases of pulp and periapical tissues,K049,extension,1
K05,K05,Gingivitis and periodontal diseases,K00-K14,category,1
K050,K05.0,Acute gingivitis,K05,subcategory,1
K051,K05.1,Chronic gingivitis,K05,subcategory,1
K052,K05.2,Acute periodontitis,K05,subcategory,1
K053,K05.3,Chronic periodontitis,K05,subcategory,1
K054,K05.4,Periodontosis,K05,subcategory,1
K055,K05.5,Other periodontal diseases,K05,subcategory,1
K056,K05.6,"Periodontal disease, unspecified",K05,subcategory,1
K06,K06,Other disorders of gingiva and edentulous alveolar ridge,K00-K14,category,1
K060,K06.0,Gingival recession,K06,subcategory,1
K061,K06.1,Gingival enlargement,K06,subcategory,1
K062,K06.2,Gingival and edentulous alveolar ridge lesions associated with trauma,K06,subcategory,1
K063,K06.3,Horizontal alveolar bone loss,K06,subcategory,1
K068,K06.8,Other specified disorders of gingiva and edentulous alveolar ridge,K06,subcategory,1
K069,K06.9,"Disorder of gingiva and edentulous alveolar ridge, unspecified",K06,subcategory,1
K07,K07,Dentofacial anomalies [including malocclusion],K00-K14,category,0
K070,K07.0,Major anomalies of jaw size,K07,subcategory,1
K071,K07.1,Anomalies of jaw-cranial base relationship,K07,subcategory,1
K072,K07.2,Anomalies of dental arch relationship,K07,subcategory,1
K073,K07.3,Anomalies of tooth position,K07,subcategory,1
K074,K07.4,"Malocclusion, unspecified",K07,subcategory,1
K075,K07.5,Dentofacial functional abnormalities,K07,subcategory,1
K076,K07.6,Temporomandibular joint disorders,K07,subcategory,1
K078,K07.8,Other dentofacial anomalies,K07,subcategory,1
K079,K07.9,"Dentofacial anomaly, unspecified",K07,subcategory,1
K08,K08,Other disorders of teeth and supporting structures,K00-K14,category,1
K080,K08.0,Exfoliation of teeth due to systemic causes,K08,subcategory,1
K081,K08.1,"Loss of teeth due to accident, extraction or local periodontal disease",K08,subcategory,1
K082,K08.2,Atrophy of edentulous alveolar ridge,K08,subcategory,1
K083,K08.3,Retained dental root,K08,subcategory,1
K088,K08.8,Other specified disorders of teeth and supporting structures,K08,subcategory,1
K089,K08.9,"Disorder of teeth and supporting structures, unspecified",K08,subcategory,1
K09,K09,"Cysts of oral region, not elsewhere classified",K00-K14,category,1
K090,K09.0,Developmental odontogenic cysts,K09,subcategory,1
K091,K09.1,Developmental (nonodontogenic) cysts of oral region,K09,subcategory,1
K092,K09.2,Other cysts of jaw,K09,subcategory,1
K098,K09.8,"Other cysts of oral region, not elsewhere classified",K09,subcategory,1
K099,K09.9,"Cyst of oral region, unspecified",K09,subcategory,1
K10,K10,Other diseases of jaws,K00-K14,category,1
K100,K10.0,Developmental disorders of jaws,K10,subcategory,1
K101,K10.1,"Giant cell granuloma, central",K10,subcategory,1
K102,K10.2,Inflammatory conditions of jaws,K10,subcategory,1
K103,K10.3,Alveolitis of jaws,K10,subcategory,1
K108,K10.8,Other specified diseases of jaws,K10,subcategory,1
K109,K10.9,"Disease of jaws, unspecified",K10,subcategory,1
K11,K11,Diseases of salivary glands,K00-K14,category,1
K110,K11.0,Atrophy of salivary gland,K11,subcategory,1
K111,K11.1,Hypertrophy of salivary gland,K11,subcategory,1
K112,K11.2,Sialoadenitis,K11,subcategory,1
K1120,K11.20,"Sialoadenitis, unspecified",K112,extension,1
K113,K11.3,Abscess of salivary gland,K11,subcategory,1
K114,K11.4,Fistula of salivary gland,K11,subcategory,1
K115,K11.5,Sialolithiasis,K11,subcategory,1
K116,K11.6,Mucocele of salivary gland,K11,subcategory,1
K117,K11.7,Disturbances of salivary secretion,K11,subcategory,1
K118,K11.8,Other diseases of salivary glands,K11,subcategory,1
K119,K11.9,"Disease of salivary gland, unspecified",K11,subcategory,1
K12,K12,Stomatitis and related lesions,K00-K14,category,1
K120,K12.0,Recurrent oral aphthae,K12,subcategory,1
K121,K12.1,Other forms of stomatitis,K12,subcategory,1
K122,K12.2,Cellulitis and abscess of mouth,K12,subcategory,1
K123,K12.3,Oral mucositis (ulcerative),K12,subcategory,1
K13,K13,Other diseases of lip and oral mucosa,K00-K14,category,1
K130,K13.0,Diseases of lips,K13,subcategory,1
K131,K13.1,Cheek and lip biting,K13,subcategory,1
K132,K13.2,"Leukoplakia and other disturbances of oral epithelium, including tongue",K13,subcategory,1
K133,K13.3,Hairy leukoplakia,K13,subcategory,1
K134,K13.4,Granuloma and granuloma-like lesions of oral mucosa,K13,subcategory,1
K135,K13.5,Oral submucous fibrosis,K13,subcategory,1
K136,K13.6,Irritative hyperplasia of oral mucosa,K13,subcategory,1
K137,K13.7,Other and unspecified lesions of oral mucosa,K13,subcategory,1
K1370,K13.70,Unspecified lesions of oral mucosa,K137,extension,1
K1379,K13.79,Other lesions of oral mucosa,K137,extension,1
K14,K14,Diseases of tongue,K00-K14,category,1
K140,K14.0,Glossitis,K14,subcategory,1
K141,K14.1,Geographic tongue,K14,subcategory,1
K142,K14.2,Median rhomboid glossitis,K14,subcategory,1
K143,K14.3,Hypertrophy of tongue papillae,K14,subcategory,1
K144,K14.4,Atrophy of tongue papillae,K14,subcategory,1
K145,K14.5,Plicated tongue,K14,subcategory,1
K146,K14.6,Glossodynia,K14,subcategory,1
K148,K14.8,Other diseases of tongue,K14,subcategory,1
K149,K14.9,"Disease of tongue, unspecified",K14,subcategory,1
K20,K20,Oesophagitis,K20-K31,category,1
K208,K20.8,Other esophagitis,K20,subcategory,1
K209,K20.9,"Esophagitis, unspecified",K20,subcategory,1
K21,K21,Gastro-oesophageal reflux disease,K20-K31,category,1
K210,K21.0,Gastro-oesophageal reflux disease with oesophagitis,K21,subcategory,1
K219,K21.9,Gastro-oesophageal reflux disease without oesophagitis,K21,subcategory,1
K22,K22,Other diseases of oesophagus,K20-K31,category,1
K220,K22.0,Achalasia of cardia,K22,subcategory,1
K221,K22.1,Ulcer of oesophagus,K22,subcategory,1
K222,K22.2,Oesophageal obstruction,K22,subcategory,1
K223,K22.3,Perforation of oesophagus,K22,subcategory,1
K224,K22.4,Dyskinesia of oesophagus,K22,subcategory,1
K225,K22.5,"Diverticulum of oesophagus, acquired",K22,subcategory,1
K226,K22.6,Gastro-oesophageal laceration-haemorrhage syndrome,K22,subcategory,1
K227,K22.7,Barrett's oesophagus,K22,subcategory,1
K228,K22.8,Other specified diseases of oesophagus,K22,subcategory,1
K229,K22.9,"Disease of oesophagus, unspecified",K22,subcategory,1
K23,K23,Disorders of oesophagus in diseases classified elsewhere,K20-K31,category,0
K230,K23.0,Tuberculous oesophagitis,K23,subcategory,1
K238,K23.8,Disorders of oesophagus in other diseases classified elsewhere,K23,subcategory,1
K25,K25,Gastric ulcer,K20-K31,category,1
K250,K25.0,Acute with haemorrhage,K25,subcategory,1
K251,K25.1,Acute with perforation,K25,subcategory,1
K252,K25.2,Acute with both haemorrhage and perforation,K25,subcategory,1
K253,K25.3,Acute without haemorrhage or perforation,K25,subcategory,1
K254,K25.4,Chronic or unspecified with haemorrhage,K25,subcategory,1
K255,K25.5,Chronic or unspecified with perforation,K25,subcategory,1
K256,K25.6,Chronic or unspecified with both haemorrhage and perforation,K25,subcategory,1
K257,K25.7,Chronic without haemorrhage or perforation,K25,subcategory,1
K259,K25.9,"Unspecified as acute or chronic, without haemorrhage or perforation",K25,subcategory,1
K26,K26,Duodenal ulcer,K20-K31,category,1
K260,K26.0,Acute with haemorrhage,K26,subcategory,1
K261,K26.1,Acute with perforation,K26,subcategory,1
K262,K26.2,Acute with both haemorrhage and perforation,K26,subcategory,1
K263,K26.3,Acute without haemorrhage or perforation,K26,subcategory,1
K264,K26.4,Chronic or unspecified with haemorrhage,K26,subcategory,1
K265,K26.5,Chronic or unspecified with perforation,K26,subcategory,1
K266,K26.6,Chronic or unspecified with both haemorrhage and perforation,K26,subcategory,1
K267,K26.7,Chronic without haemorrhage or perforation,K26,subcategory,1
K269,K26.9,"Unspecified as acute or chronic, without haemorrhage or perforation",K26,subcategory,1
K27,K27,"Peptic ulcer, site unspecified",K20-K31,category,1
K270,K27.0,Acute with haemorrhage,K27,subcategory,1
K271,K27.1,Acute with perforation,K27,subcategory,1
K272,K27.2,Acute with both haemorrhage and perforation,K27,subcategory,1
K273,K27.3,Acute without haemorrhage or perforation,K27,subcategory,1
K274,K27.4,Chronic or unspecified with haemorrhage,K27,subcategory,1
K275,K27.5,Chronic or unspecified with perforation,K27,subcategory,1
K276,K27.6,Chronic or unspecified with both haemorrhage and perforation,K27,subcategory,1
K277,K27.7,Chronic without haemorrhage or perforation,K27,subcategory,1
K279,K27.9,"Unspecified as acute or chronic, without haemorrhage or perforation",K27,subcategory,1
K28,K28,Gastrojejunal ulcer,K20-K31,category,1
K280,K28.0,Acute with haemorrhage,K28,subcategory,1
K283,K28.3,Acute without haemorrhage or perforation,K28,subcategory,1
K284,K28.4,Chronic or unspecified with haemorrhage,K28,subcategory,1
K289,K28.9,"Unspecified as acute or chronic, without haemorrhage or perforation",K28,subcategory,1
K29,K29,Gastritis and duodenitis,K20-K31,category,1
K290,K29.0,Acute haemorrhagic gastritis,K29,subcategory,1
K291,K29.1,Other acute gastritis,K29,subcategory,1
K292,K29.2,Alcoholic gastritis,K29,subcategory,1
K293,K29.3,Chronic superficial gastritis,K29,subcategory,1
K294,K29.4,Chronic atrophic gastritis,K29,subcategory,1
K295,K29.5,"Chronic gastritis, unspecified",K29,subcategory,1
K296,K29.6,Other gastritis,K29,subcategory,1
K297,K29.7,"Gastritis, unspecified",K29,subcategory,1
K298,K29.8,Duodenitis,K29,subcategory,1
K299,K29.9,"Gastroduodenitis, unspecified",K29,subcategory,1
K30,K30,Dyspepsia,K20-K31,category,1
K31,K31,Other diseases of stomach and duodenum,K20-K31,category,1
K310,K31.0,Acute dilatation of stomach,K31,subcategory,1
K311,K31.1,Adult hypertrophic pyloric stenosis,K31,subcategory,1
K312,K31.2,Hourglass stricture and stenosis of stomach,K31,subcategory,1
K313,K31.3,"Pylorospasm, not elsewhere classified",K31,subcategory,1
K314,K31.4,Gastric diverticulum,K31,subcategory,1
K315,K31.5,Obstruction of duodenum,K31,subcategory,1
K316,K31.6,Fistula of stomach and duodenum,K31,subcategory,1
K317,K31.7,Polyp of stomach and duodenum,K31,subcategory,1
K318,K31.8,Other specified diseases of stomach and duodenum,K31,subcategory,1
K3189,K31.89,Other diseases of stomach and duodenum,K318,extension,1
K319,K31.9,"Disease of stomach and duodenum, unspecified",K31,subcategory,1
K35,K35,Acute appendicitis,K35-K38,category,1
K350,K35.0,Acute appendicitis with generalised peritonitis,K35,subcategory,1
K351,K35.1,Acute appendicitis with peritoneal abscess,K35,subcategory,1
K352,K35.2,Acute appendicitis with generalized peritonitis,K35,subcategory,1
K353,K35.3,Acute appendicitis with localized peritonitis,K35,subcategory,1
K358,K35.8,"Acute appendicitis, other and unspecified",K35,subcategory,1
K3580,K35.80,Unspecified acute appendicitis,K358,extension,1
K3589,K35.89,Other acute appendicitis,K358,extension,1
K359,K35.9,"Acute appendicitis, unspecified",K35,subcategory,1
K36,K36,Other appendicitis,K35-K38,category,1
K37,K37,Unspecified appendicitis,K35-K38,category,1
K38,K38,Other diseases of appendix,K35-K38,category,1
K380,K38.0,Hyperplasia of appendix,K38,subcategory,1
K381,K38.1,Appendicular concretions,K38,subcategory,1
K382,K38.2,Diverticulum of appendix,K38,subcategory,1
K383,K38.3,Fistula of appendix,K38,subcategory,1
K388,K38.8,Other specified diseases of appendix,K38,subcategory,1
K389,K38.9,"Disease of appendix, unspecified",K38,subcategory,1
K40,K40,Inguinal hernia,K40-K46,category,1
K400,K40.0,"Bilateral inguinal hernia, with obstruction, without gangrene",K40,subcategory,1
K401,K40.1,"Bilateral inguinal hernia, with gangrene",K40,subcategory,1
K402,K40.2,"Bilateral inguinal hernia, without obstruction or gangrene",K40,subcategory,1
K403,K40.3,"Unilateral or unspecified inguinal hernia, with obstruction, without gangrene",K40,subcategory,1
K404,K40.4,"Unilateral or unspecified inguinal hernia, with gangrene",K40,subcategory,1
K409,K40.9,"Unilateral or unspecified inguinal hernia, without obstruction or gangrene",K40,subcategory,1
K41,K41,Femoral hernia,K40-K46,category,1
K410,K41.0,"Bilateral femoral hernia, with obstruction, without gangrene",K41,subcategory,1
K412,K41.2,"Bilateral femoral hernia, without obstruction or gangrene",K41,subcategory,1
K413,K41.3,"Unilateral or unspecified femoral hernia, with obstruction, without gangrene",K41,subcategory,1
K414,K41.4,"Unilateral or unspecified femoral hernia, with gangrene",K41,subcategory,1
K419,K41.9,"Unilateral or unspecified femoral hernia, without obstruction or gangrene",K41,subcategory,1
K42,K42,Umbilical hernia,K40-K46,category,1
K420,K42.0,"Umbilical hernia with obstruction, without gangrene",K42,subcategory,1
K421,K42.1,Umbilical hernia with gangrene,K42,subcategory,1
K429,K42.9,Umbilical hernia without obstruction or gangrene,K42,subcategory,1
K43,K43,Ventral hernia,K40-K46,category,1
K430,K43.0,"Ventral hernia with obstruction, without gangrene",K43,subcategory,1
K431,K43.1,Ventral hernia with gangrene,K43,subcategory,1
K432,K43.2,Incisional hernia without obstruction or gangrene,K43,subcategory,1
K433,K43.3,"Parastomal hernia with obstruction,  without gangrene",K43,subcategory,1
K434,K43.4,Parastomal hernia with gangrene,K43,subcategory,1
K435,K43.5,Parastomal hernia without obstruction or gangrene,K43,subcategory,1
K436,K43.6,"Other and unspecified ventral hernia with obstruction, without gangrene",K43,subcategory,1
K437,K43.7,Other and unspecified ventral hernia with gangrene,K43,subcategory,1
K439,K43.9,Ventral hernia without obstruction or gangrene,K43,subcategory,1
K44,K44,Diaphragmatic hernia,K40-K46,category,1
K440,K44.0,"Diaphragmatic hernia with obstruction, without gangrene",K44,subcategory,1
K441,K44.1,Diaphragmatic hernia with gangrene,K44,subcategory,1
K449,K44.9,Diaphragmatic hernia without obstruction or gangrene,K44,subcategory,1
K45,K45,Other abdominal hernia,K40-K46,category,1
K450,K45.0,"Other specified abdominal hernia with obstruction, without gangrene",K45,subcategory,1
K451,K45.1,Other specified abdominal hernia with gangrene,K45,subcategory,1
K458,K45.8,Other specified abdominal hernia without obstruction or gangrene,K45,subcategory,1
K46,K46,Unspecified abdominal hernia,K40-K46,category,1
K460,K46.0,"Unspecified abdominal hernia with obstruction, without gangrene",K46,subcategory,1
K461,K46.1,Unspecified abdominal hernia with gangrene,K46,subcategory,1
K469,K46.9,Unspecified abdominal hernia without obstruction or gangrene,K46,subcategory,1
K50,K50,Crohn's disease [regional enteritis],K50-K52,category,1
K500,K50.0,Crohn's disease of small intestine,K50,subcategory,1
K5000,K50.00,Crohn's disease of small intestine without complications,K500,extension,1
K501,K50.1,Crohn's disease of large intestine,K50,subcategory,1
K5010,K50.10,Crohn's disease of large intestine without complications,K501,extension,1
K508,K50.8,Other Crohn's disease,K50,subcategory,1
K5080,K50.80,Crohn's disease of both small and large intestine without complications,K508,extension,1
K509,K50.9,"Crohn's disease, unspecified",K50,subcategory,1
K5090,K50.90,"Crohn's disease, unspecified, without complications",K509,extension,1
K51,K51,Ulcerative colitis,K50-K52,category,1
K510,K51.0,Ulcerative (chronic) enterocolitis,K51,subcategory,1
K511,K51.1,Ulcerative (chronic) ileocolitis,K51,subcategory,1
K512,K51.2,Ulcerative (chronic) proctitis,K51,subcategory,1
K513,K51.3,Ulcerative (chronic) rectosigmoiditis,K51,subcategory,1
K514,K51.4,Pseudopolyposis of colon,K51,subcategory,1
K515,K51.5,Mucosal proctocolitis,K51,subcategory,1
K518,K51.8,Other ulcerative colitis,K51,subcategory,1
K519,K51.9,"Ulcerative colitis, unspecified",K51,subcategory,1
K5190,K51.90,"Ulcerative colitis, unspecified, without complications",K519,extension,1
K52,K52,Other non-infective gastro-enteritis and colitis,K50-K52,category,1
K520,K52.0,Gastro-enteritis and colitis due to radiation,K52,subcategory,1
K521,K52.1,Toxic gastro-enteritis and colitis,K52,subcategory,1
K522,K52.2,Allergic and dietetic gastro-enteritis and colitis,K52,subcategory,1
K523,K52.3,Indeterminate colitis,K52,subcategory,1
K528,K52.8,Other specified non-infective gastro-enteritis and colitis,K52,subcategory,1
K5289,K52.89,Other specified noninfective gastroenteritis and colitis,K528,extension,1
K529,K52.9,"Non-infective gastro-enteritis and colitis, unspecified",K52,subcategory,1
K55,K55,Vascular disorders of intestine,K55-K64,category,1
K550,K55.0,Acute vascular disorders of intestine,K55,subcategory,1
K5501,K55.01,Acute (reversible) ischemia of small intestine,K550,extension,1
K5502,K55.02,Acute infarction of small intestine,K550,extension,1
K5503,K55.03,Acute (reversible) ischemia of large intestine,K550,extension,1
K5504,K55.04,Acute infarction of large intestine,K550,extension,1
K5505,K55.05,"Acute (reversible) ischemia of intestine, part unspecified",K550,extension,1
K5506,K55.06,"Acute infarction of intestine, part unspecified",K550,extension,1
K551,K55.1,Chronic vascular disorders of intestine,K55,subcategory,1
K552,K55.2,Angiodysplasia of colon,K55,subcategory,1
K553,K55.3,Angiodysplasia of small intestine,K55,subcategory,0
K5530,K55.30,"Necrotizing enterocolitis, unspecified",K553,extension,1
K5531,K55.31,Stage 1 necrotizing enterocolitis,K553,extension,1
K5532,K55.32,Stage 2 necrotizing enterocolitis,K553,extension,1
K5533,K55.33,Stage 3 necrotizing enterocolitis,K553,extension,1
K558,K55.8,Other vascular disorders of intestine,K55,subcategory,1
K559,K55.9,"Vascular disorder of intestine, unspecified",K55,subcategory,1
K56,K56,Paralytic ileus and intestinal obstruction without hernia,K55-K64,category,1
K560,K56.0,Paralytic ileus,K56,subcategory,1
K561,K56.1,Intussusception,K56,subcategory,1
K562,K56.2,Volvulus,K56,subcategory,1
K563,K56.3,Gallstone ileus,K56,subcategory,1
K564,K56.4,Other impaction of intestine,K56,subcategory,1
K565,K56.5,Intestinal adhesions [bands] with obstruction,K56,subcategory,1
K566,K56.6,Other and unspecified intestinal obstruction,K56,subcategory,1
K5660,K56.60,Unspecified intestinal obstruction,K566,extension,1
K567,K56.7,"Ileus, unspecified",K56,subcategory,1
K57,K57,Diverticular disease of intestine,K55-K64,category,1
K570,K57.0,Diverticular disease of small intestine with perforation and abscess,K57,subcategory,1
K571,K57.1,Diverticular disease of small intestine without perforation or abscess,K57,subcategory,1
K572,K57.2,Diverticular disease of large intestine with perforation and abscess,K57,subcategory,1
K573,K57.3,Diverticular disease of large intestine without perforation or abscess,K57,subcategory,1
K574,K57.4,Diverticular disease of both small and large intestine with perforation and abscess,K57,subcategory,1
K575,K57.5,Diverticular disease of both small and large intestine without perforation or abscess,K57,subcategory,1
K578,K57.8,"Diverticular disease of intestine, part unspecified, with perforation and abscess",K57,subcategory,1
K579,K57.9,"Diverticular disease of intestine, part unspecified, without perforation or abscess",K57,subcategory,1
K58,K58,Irritable bowel syndrome,K55-K64,category,1
K580,K58.0,Irritable bowel syndrome with diarrhoea,K58,subcategory,1
K581,K58.1,Irritable bowel syndrome with predominant diarrhoea [IBS-D],K58,subcategory,1
K582,K58.2,Irritable bowel syndrome with predominant constipation [IBS-C],K58,subcategory,1
K588,K58.8,Other and unspecified irritable bowel syndrome,K58,subcategory,1
K589,K58.9,Irritable bowel syndrome without diarrhoea,K58,subcategory,1
K59,K59,Other functional intestinal disorders,K55-K64,category,0
K590,K59.0,Constipation,K59,subcategory,1
K5903,K59.03,Drug induced constipation,K590,extension,1
K5904,K59.04,Chronic idiopathic constipation,K590,extension,1
K5909,K59.09,Other constipation,K590,extension,1
K591,K59.1,Functional diarrhoea,K59,subcategory,1
K592,K59.2,"Neurogenic bowel, not elsewhere classified",K59,subcategory,1
K593,K59.3,"Megacolon, not elsewhere classified",K59,subcategory,1
K5931,K59.31,Toxic megacolon,K593,extension,1
K594,K59.4,Anal spasm,K59,subcategory,1
K598,K59.8,Other specified functional intestinal disorders,K59,subcategory,1
K599,K59.9,"Functional intestinal disorder, unspecified",K59,subcategory,1
K60,K60,Fissure and fistula of anal and rectal regions,K55-K64,category,1
K600,K60.0,Acute anal fissure,K60,subcategory,1
K601,K60.1,Chronic anal fissure,K60,subcategory,1
K602,K60.2,"Anal fissure, unspecified",K60,subcategory,1
K603,K60.3,Anal fistula,K60,subcategory,1
K604,K60.4,Rectal fistula,K60,subcategory,1
K605,K60.5,Anorectal fistula,K60,subcategory,1
K61,K61,Abscess of anal and rectal regions,K55-K64,category,0
K610,K61.0,Anal abscess,K61,subcategory,1
K611,K61.1,Rectal abscess,K61,subcategory,1
K612,K61.2,Anorectal abscess,K61,subcategory,1
K613,K61.3,Ischiorectal abscess,K61,subcategory,1
K614,K61.4,Intrasphincteric abscess,K61,subcategory,1
K62,K62,Other diseases of anus and rectum,K55-K64,category,1
K620,K62.0,Anal polyp,K62,subcategory,1
K621,K62.1,Rectal polyp,K62,subcategory,1
K622,K62.2,Anal prolapse,K62,subcategory,1
K623,K62.3,Rectal prolapse,K62,subcategory,1
K624,K62.4,Stenosis of anus and rectum,K62,subcategory,1
K625,K62.5,Haemorrhage of anus and rectum,K62,subcategory,1
K626,K62.6,Ulcer of anus and rectum,K62,subcategory,1
K627,K62.7,Radiation proctitis,K62,subcategory,1
K628,K62.8,Other specified diseases of anus and rectum,K62,subcategory,1
K629,K62.9,"Disease of anus and rectum, unspecified",K62,subcategory,1
K63,K63,Other diseases of intestine,K55-K64,category,1
K630,K63.0,Abscess of intestine,K63,subcategory,1
K631,K63.1,Perforation of intestine (nontraumatic),K63,subcategory,1
K632,K63.2,Fistula of intestine,K63,subcategory,1
K633,K63.3,Ulcer of intestine,K63,subcategory,1
K634,K63.4,Enteroptosis,K63,subcategory,1
K635,K63.5,Polyp of colon,K63,subcategory,1
K638,K63.8,Other specified diseases of intestine,K63,subcategory,1
K639,K63.9,"Disease of intestine, unspecified",K63,subcategory,1
K64,K64,Haemorrhoids and perianal venous thrombosis,K55-K64,category,1
K640,K64.0,First degree haemorrhoids,K64,subcategory,1
K641,K64.1,Second degree haemorrhoids,K64,subcategory,1
K642,K64.2,Third degree haemorrhoids,K64,subcategory,1
K643,K64.3,Fourth degree haemorrhoids,K64,subcategory,1
K644,K64.4,Residual haemorrhoidal skin tags,K64,subcategory,1
K645,K64.5,Perianal venous thrombosis,K64,subcategory,1
K648,K64.8,Other specified haemorrhoids,K64,subcategory,1
K649,K64.9,"Haemorrhoids,  unspecified",K64,subcategory,1
K65,K65,Peritonitis,K65-K67,category,1
K650,K65.0,Acute peritonitis,K65,subcategory,1
K658,K65.8,Other peritonitis,K65,subcategory,1
K659,K65.9,"Peritonitis, unspecified",K65,subcategory,1
K66,K66,Other disorders of peritoneum,K65-K67,category,0
K660,K66.0,Peritoneal adhesions,K66,subcategory,1
K661,K66.1,Haemoperitoneum,K66,subcategory,1
K668,K66.8,Other specified disorders of peritoneum,K66,subcategory,1
K669,K66.9,"Disorder of peritoneum, unspecified",K66,subcategory,1
K67,K67,Disorders of peritoneum in infectious diseases classified elsewhere,K65-K67,category,0
K670,K67.0,Chlamydial peritonitis,K67,subcategory,1
K671,K67.1,Gonococcal peritonitis,K67,subcategory,1
K672,K67.2,Syphilitic peritonitis,K67,subcategory,1
K673,K67.3,Tuberculous peritonitis,K67,subcategory,1
K70,K70,Alcoholic liver disease,K70-K77,category,1
K700,K70.0,Alcoholic fatty liver,K70,subcategory,1
K701,K70.1,Alcoholic hepatitis,K70,subcategory,1
K7010,K70.10,Alcoholic hepatitis without ascites,K701,extension,1
K702,K70.2,Alcoholic fibrosis and sclerosis of liver,K70,subcategory,1
K703,K70.3,Alcoholic cirrhosis of liver,K70,subcategory,1
K704,K70.4,Alcoholic hepatic failure,K70,subcategory,1
K709,K70.9,"Alcoholic liver disease, unspecified",K70,subcategory,1
K71,K71,Toxic liver disease,K70-K77,category,1
K710,K71.0,Toxic liver disease with cholestasis,K71,subcategory,1
K711,K71.1,Toxic liver disease with hepatic necrosis,K71,subcategory,1
K712,K71.2,Toxic liver disease with acute hepatitis,K71,subcategory,1
K715,K71.5,Toxic liver disease with chronic active hepatitis,K71,subcategory,1
K716,K71.6,"Toxic liver disease with hepatitis, not elsewhere classified",K71,subcategory,1
K717,K71.7,Toxic liver disease with fibrosis and cirrhosis of liver,K71,subcategory,1
K718,K71.8,Toxic liver disease with other disorders of liver,K71,subcategory,1
K719,K71.9,"Toxic liver disease, unspecified",K71,subcategory,1
K72,K72,"Hepatic failure, not elsewhere classified",K70-K77,category,1
K720,K72.0,Acute and subacute hepatic failure,K72,subcategory,1
K721,K72.1,Chronic hepatic failure,K72,subcategory,1
K729,K72.9,"Hepatic failure, unspecified",K72,subcategory,1
K73,K73,"Chronic hepatitis, not elsewhere classified",K70-K77,category,1
K730,K73.0,"Chronic persistent hepatitis, not elsewhere classified",K73,subcategory,1
K731,K73.1,"Chronic lobular hepatitis, not elsewhere classified",K73,subcategory,1
K732,K73.2,"Chronic active hepatitis, not elsewhere classified",K73,subcategory,1
K738,K73.8,"Other chronic hepatitis, not elsewhere classified",K73,subcategory,1
K739,K73.9,"Chronic hepatitis, unspecified",K73,subcategory,1
K74,K74,Fibrosis and cirrhosis of liver,K70-K77,category,0
K740,K74.0,Hepatic fibrosis,K74,subcategory,1
K741,K74.1,Hepatic sclerosis,K74,subcategory,1
K742,K74.2,Hepatic fibrosis with hepatic sclerosis,K74,subcategory,1
K743,K74.3,Primary biliary cirrhosis,K74,subcategory,1
K744,K74.4,Secondary biliary cirrhosis,K74,subcategory,1
K745,K74.5,"Biliary cirrhosis, unspecified",K74,subcategory,1
K746,K74.6,Other and unspecified cirrhosis of liver,K74,subcategory,1
K7460,K74.60,Unspecified cirrhosis of liver,K746,extension,1
K7469,K74.69,Other cirrhosis of liver,K746,extension,1
K75,K75,Other inflammatory liver diseases,K70-K77,category,1
K750,K75.0,Abscess of liver,K75,subcategory,1
K751,K75.1,Phlebitis of portal vein,K75,subcategory,1
K752,K75.2,Nonspecific reactive hepatitis,K75,subcategory,1
K753,K75.3,"Granulomatous hepatitis, not elsewhere classified",K75,subcategory,1
K754,K75.4,Autoimmune hepatitis,K75,subcategory,1
K758,K75.8,Other specified inflammatory liver diseases,K75,subcategory,1
K759,K75.9,"Inflammatory liver disease, unspecified",K75,subcategory,1
K76,K76,Other diseases of liver,K70-K77,category,1
K760,K76.0,"Fatty (change of) liver, not elsewhere classified",K76,subcategory,1
K761,K76.1,Chronic passive congestion of liver,K76,subcategory,1
K762,K76.2,Central haemorrhagic necrosis of liver,K76,subcategory,1
K763,K76.3,Infarction of liver,K76,subcategory,1
K764,K76.4,Peliosis hepatis,K76,subcategory,1
K765,K76.5,Hepatic veno-occlusive disease,K76,subcategory,1
K766,K76.6,Portal hypertension,K76,subcategory,1
K767,K76.7,Hepatorenal syndrome,K76,subcategory,1
K768,K76.8,Other specified diseases of liver,K76,subcategory,1
K7689,K76.89,Other specified diseases of liver,K768,extension,1
K769,K76.9,"Liver disease, unspecified",K76,subcategory,1
K77,K77,Liver disorders in diseases classified elsewhere,K70-K77,category,1
K770,K77.0,Liver disorders in infectious and parasitic diseases classified elsewhere,K77,subcategory,1
K778,K77.8,Liver disorders in other diseases classified elsewhere,K77,subcategory,1
K80,K80,Cholelithiasis,K80-K87,category,1
K800,K80.0,Calculus of gallbladder with acute cholecystitis,K80,subcategory,1
K801,K80.1,Calculus of gallbladder with other cholecystitis,K80,subcategory,1
K802,K80.2,Calculus of gallbladder without cholecystitis,K80,subcategory,1
K803,K80.3,Calculus of bile duct with cholangitis,K80,subcategory,1
K804,K80.4,Calculus of bile duct with cholecystitis,K80,subcategory,1
K805,K80.5,Calculus of bile duct without cholangitis or cholecystitis,K80,subcategory,1
K808,K80.8,Other cholelithiasis,K80,subcategory,1
K81,K81,Cholecystitis,K80-K87,category,1
K810,K81.0,Acute cholecystitis,K81,subcategory,1
K811,K81.1,Chronic cholecystitis,K81,subcategory,1
K818,K81.8,Other cholecystitis,K81,subcategory,1
K819,K81.9,"Cholecystitis, unspecified",K81,subcategory,1
K82,K82,Other diseases of gallbladder,K80-K87,category,1
K820,K82.0,Obstruction of gallbladder,K82,subcategory,1
K821,K82.1,Hydrops of gallbladder,K82,subcategory,1
K822,K82.2,Perforation of gallbladder,K82,subcategory,1
K823,K82.3,Fistula of gallbladder,K82,subcategory,1
K824,K82.4,Cholesterolosis of gallbladder,K82,subcategory,1
K828,K82.8,Other specified diseases of gallbladder,K82,subcategory,1
K829,K82.9,"Disease of gallbladder, unspecified",K82,subcategory,1
K83,K83,Other diseases of biliary tract,K80-K87,category,1
K830,K83.0,Cholangitis,K83,subcategory,1
K831,K83.1,Obstruction of bile duct,K83,subcategory,1
K832,K83.2,Perforation of bile duct,K83,subcategory,1
K833,K83.3,Fistula of bile duct,K83,subcategory,1
K834,K83.4,Spasm of sphincter of Oddi,K83,subcategory,1
K835,K83.5,Biliary cyst,K83,subcategory,1
K838,K83.8,Other specified diseases of biliary tract,K83,subcategory,1
K839,K83.9,"Disease of biliary tract, unspecified",K83,subcategory,1
K85,K85,Acute pancreatitis,K80-K87,category,1
K850,K85.0,Idiopathic acute pancreatitis,K85,subcategory,1
K851,K85.1,Biliary acute pancreatitis,K85,subcategory,1
K852,K85.2,Alcohol-induced acute pancreatitis,K85,subcategory,1
K853,K85.3,Drug-induced acute pancreatitis,K85,subcategory,1
K858,K85.8,Other acute pancreatitis,K85,subcategory,1
K859,K85.9,"Acute pancreatitis, unspecified",K85,subcategory,1
K8590,K85.90,"Acute pancreatitis without necrosis or infection, unspecified",K859,extension,1
K8591,K85.91,"Acute pancreatitis with uninfected necrosis, unspecified",K859,extension,1
K8592,K85.92,"Acute pancreatitis with infected necrosis, unspecified",K859,extension,1
K86,K86,Other diseases of pancreas,K80-K87,category,1
K860,K86.0,Alcohol-induced chronic pancreatitis,K86,subcategory,1
K861,K86.1,Other chronic pancreatitis,K86,subcategory,1
K862,K86.2,Cyst of pancreas,K86,subcategory,1
K863,K86.3,Pseudocyst of pancreas,K86,subcategory,1
K868,K86.8,Other specified diseases of pancreas,K86,subcategory,1
K8681,K86.81,Exocrine pancreatic insufficiency,K868,extension,1
K8689,K86.89,Other specified diseases of pancreas,K868,extension,1
K869,K86.9,"Disease of pancreas, unspecified",K86,subcategory,1
K87,K87,"Disorders of gallbladder, biliary tract and pancreas in diseases classified elsewhere",K80-K87,category,0
K871,K87.1,Disorders of pancreas in diseases classified elsewhere,K87,subcategory,1
K90,K90,Intestinal malabsorption,K90-K93,category,1
K900,K90.0,Coeliac disease,K90,subcategory,1
K901,K90.1,Tropical sprue,K90,subcategory,1
K902,K90.2,"Blind loop syndrome, not elsewhere classified",K90,subcategory,1
K903,K90.3,Pancreatic steatorrhoea,K90,subcategory,1
K904,K90.4,"Malabsorption due to intolerance, not elsewhere classified",K90,subcategory,1
K9041,K90.41,Non-celiac gluten sensitivity,K904,extension,1
K9049,K90.49,"Malabsorption due to intolerance, not elsewhere classified",K904,extension,1
K908,K90.8,Other intestinal malabsorption,K90,subcategory,1
K9089,K90.89,Other intestinal malabsorption,K908,extension,1
K909,K90.9,"Intestinal malabsorption, unspecified",K90,subcategory,1
K91,K91,"Postprocedural disorders of digestive system, not elsewhere classified",K90-K93,category,0
K910,K91.0,Vomiting following gastro-intestinal surgery,K91,subcategory,1
K911,K91.1,Postgastric surgery syndromes,K91,subcategory,1
K912,K91.2,"Postsurgical malabsorption, not elsewhere classified",K91,subcategory,1
K913,K91.3,Postoperative intestinal obstruction,K91,subcategory,1
K914,K91.4,Colostomy and enterostomy malfunction,K91,subcategory,1
K915,K91.5,Postcholecystectomy syndrome,K91,subcategory,1
K917,K91.7,Accidental puncture and laceration of a digestive system organ or structure during a procedure,K91,subcategory,0
K9171,K91.71,Accidental puncture and laceration of a digestive system organ or structure during a digestive system procedure,K917,extension,1
K9172,K91.72,Accidental puncture and laceration of a digestive system organ or structure during other procedure,K917,extension,1
K918,K91.8,"Other postprocedural disorders of digestive system, not elsewhere classified",K91,subcategory,1
K919,K91.9,"Postprocedural disorder of digestive system, unspecified",K91,subcategory,1
K92,K92,Other diseases of digestive system,K90-K93,category,1
K920,K92.0,Haematemesis,K92,subcategory,1
K921,K92.1,Melaena,K92,subcategory,1
K922,K92.2,"Gastro-intestinal haemorrhage, unspecified",K92,subcategory,1
K928,K92.8,Other specified diseases of digestive system,K92,subcategory,1
K929,K92.9,"Disease of digestive system, unspecified",K92,subcategory,1
K93,K93,Disorders of other digestive organs in diseases classified elsewhere,K90-K93,category,0
K930,K93.0,"Tuberculous disorders of intestines, peritoneum and mesenteric glands",K93,subcategory,1
K938,K93.8,Disorders of other specified digestive organs in diseases classified elsewhere,K93,subcategory,1
L00,L00,Staphylococcal scalded skin syndrome,L00-L08,category,1
L01,L01,Impetigo,L00-L08,category,0
L010,L01.0,Impetigo [any organism] [any site],L01,subcategory,1
L011,L01.1,Impetiginisation of other dermatoses,L01,subcategory,1
L02,L02,"Cutaneous abscess, furuncle and carbuncle",L00-L08,category,1
L020,L02.0,"Cutaneous abscess, furuncle and carbuncle of face",L02,subcategory,1
L021,L02.1,"Cutaneous abscess, furuncle and carbuncle of neck",L02,subcategory,1
L022,L02.2,"Cutaneous abscess, furuncle and carbuncle of trunk",L02,subcategory,1
L023,L02.3,"Cutaneous abscess, furuncle and carbuncle of buttock",L02,subcategory,1
L024,L02.4,"Cutaneous abscess, furuncle and carbuncle of limb",L02,subcategory,1
L028,L02.8,"Cutaneous abscess, furuncle and carbuncle of other sites",L02,subcategory,1
L029,L02.9,"Cutaneous abscess, furuncle and carbuncle, unspecified",L02,subcategory,1
L03,L03,Cellulitis,L00-L08,category,1
L030,L03.0,Cellulitis of finger and toe,L03,subcategory,1
L031,L03.1,Cellulitis of other parts of limb,L03,subcategory,1
L0311,L03.11,Cellulitis of other parts of limb,L031,extension,1
L0312,L03.12,Acute lymphangitis of other parts of limb,L031,extension,1
L032,L03.2,Cellulitis of face,L03,subcategory,1
L0321,L03.21,Cellulitis and acute lymphangitis of face,L032,extension,1
L0322,L03.22,Cellulitis and acute lymphangitis of neck,L032,extension,1
L033,L03.3,Cellulitis of trunk,L03,subcategory,1
L0331,L03.31,Cellulitis of trunk,L033,extension,1
L0332,L03.32,Acute lymphangitis of trunk,L033,extension,1
L038,L03.8,Cellulitis of other sites,L03,subcategory,1
L0381,L03.81,Cellulitis of other sites,L038,extension,1
L0389,L03.89,Acute lymphangitis of other sites,L038,extension,1
L039,L03.9,"Cellulitis, unspecified",L03,subcategory,1
L0390,L03.90,"Cellulitis, unspecified",L039,extension,1
L0391,L03.91,"Acute lymphangitis, unspecified",L039,extension,1
L04,L04,Acute lymphadenitis,L00-L08,category,1
L040,L04.0,"Acute lymphadenitis of face, head and neck",L04,subcategory,1
L041,L04.1,Acute lymphadenitis of trunk,L04,subcategory,1
L042,L04.2,Acute lymphadenitis of upper limb,L04,subcategory,1
L048,L04.8,Acute lymphadenitis of other sites,L04,subcategory,1
L049,L04.9,"Acute lymphadenitis, unspecified",L04,subcategory,1
L05,L05,Pilonidal cyst,L00-L08,category,1
L050,L05.0,Pilonidal cyst with abscess,L05,subcategory,1
L0501,L05.01,Pilonidal cyst with abscess,L050,extension,1
L0502,L05.02,Pilonidal sinus with abscess,L050,extension,1
L059,L05.9,Pilonidal cyst without abscess,L05,subcategory,1
L0591,L05.91,Pilonidal cyst without abscess,L059,extension,1
L0592,L05.92,Pilonidal sinus without abscess,L059,extension,1
L08,L08,Other local infections of skin and subcutaneous tissue,L00-L08,category,1
L080,L08.0,Pyoderma,L08,subcategory,1
L081,L08.1,Erythrasma,L08,subcategory,1
L088,L08.8,Other specified local infections of skin and subcutaneous tissue,L08,subcategory,1
L0889,L08.89,Other specified local infections of the skin and subcutaneous tissue,L088,extension,1
L089,L08.9,"Local infection of skin and subcutaneous tissue, unspecified",L08,subcategory,1
L10,L10,Pemphigus,L10-L14,category,1
L100,L10.0,Pemphigus vulgaris,L10,subcategory,1
L101,L10.1,Pemphigus vegetans,L10,subcategory,1
L102,L10.2,Pemphigus foliaceus,L10,subcategory,1
L104,L10.4,Pemphigus erythematosus,L10,subcategory,1
L108,L10.8,Other pemphigus,L10,subcategory,1
L109,L10.9,"Pemphigus, unspecified",L10,subcategory,1
L11,L11,Other acantholytic disorders,L10-L14,category,0
L110,L11.0,Acquired keratosis follicularis,L11,subcategory,1
L111,L11.1,Transient acantholytic dermatosis [Grover],L11,subcategory,1
L118,L11.8,Other specified acantholytic disorders,L11,subcategory,1
L119,L11.9,"Acantholytic disorder, unspecified",L11,subcategory,1
L12,L12,Pemphigoid,L10-L14,category,1
L120,L12.0,Bullous pemphigoid,L12,subcategory,1
L121,L12.1,Cicatricial pemphigoid,L12,subcategory,1
L128,L12.8,Other pemphigoid,L12,subcategory,1
L129,L12.9,"Pemphigoid, unspecified",L12,subcategory,1
L13,L13,Other bullous disorders,L10-L14,category,1
L130,L13.0,Dermatitis herpetiformis,L13,subcategory,1
L131,L13.1,Subcorneal pustular dermatitis,L13,subcategory,1
L138,L13.8,Other specified bullous disorders,L13,subcategory,1
L139,L13.9,"Bullous disorder, unspecified",L13,subcategory,1
L20,L20,Atopic dermatitis,L20-L30,category,1
L200,L20.0,Besnier's prurigo,L20,subcategory,1
L208,L20.8,Other atopic dermatitis,L20,subcategory,1
L2081,L20.81,Atopic neurodermatitis,L208,extension,1
L2082,L20.82,Flexural eczema,L208,extension,1
L2084,L20.84,Intrinsic (allergic) eczema,L208,extension,1
L2089,L20.89,Other atopic dermatitis,L208,extension,1
L209,L20.9,"Atopic dermatitis, unspecified",L20,subcategory,1
L21,L21,Seborrhoeic dermatitis,L20-L30,category,1
L210,L21.0,Seborrhoea capitis,L21,subcategory,1
L218,L21.8,Other seborrhoeic dermatitis,L21,subcategory,1
L219,L21.9,"Seborrhoeic dermatitis, unspecified",L21,subcategory,1
L22,L22,Diaper [napkin] dermatitis,L20-L30,category,1
L23,L23,Allergic contact dermatitis,L20-L30,category,0
L230,L23.0,Allergic contact dermatitis due to metals,L23,subcategory,1
L231,L23.1,Allergic contact dermatitis due to adhesives,L23,subcategory,1
L232,L23.2,Allergic contact dermatitis due to cosmetics,L23,subcategory,1
L233,L23.3,Allergic contact dermatitis due to drugs in contact with the skin,L23,subcategory,1
L234,L23.4,Allergic contact dermatitis due to dyes,L23,subcategory,1
L235,L23.5,Allergic contact dermatitis due to other chemical products,L23,subcategory,1
L237,L23.7,"Allergic contact dermatitis due to plants, except food",L23,subcategory,1
L238,L23.8,Allergic contact dermatitis due to other agents,L23,subcategory,1
L239,L23.9,"Allergic contact dermatitis, unspecified cause",L23,subcategory,1
L24,L24,Irritant contact dermatitis,L20-L30,category,1
L240,L24.0,Irritant contact dermatitis due to detergents,L24,subcategory,1
L241,L24.1,Irritant contact dermatitis due to oils and greases,L24,subcategory,1
L242,L24.2,Irritant contact dermatitis due to solvents,L24,subcategory,1
L243,L24.3,Irritant contact dermatitis due to cosmetics,L24,subcategory,1
L244,L24.4,Irritant contact dermatitis due to drugs in contact with the skin,L24,subcategory,1
L245,L24.5,Irritant contact dermatitis due to other chemical products,L24,subcategory,1
L247,L24.7,"Irritant contact dermatitis due to plants, except food",L24,subcategory,1
L248,L24.8,Irritant contact dermatitis due to other agents,L24,subcategory,1
L249,L24.9,"Irritant contact dermatitis, unspecified cause",L24,subcategory,1
L25,L25,Unspecified contact dermatitis,L20-L30,category,1
L250,L25.0,Unspecified contact dermatitis due to cosmetics,L25,subcategory,1
L251,L25.1,Unspecified contact dermatitis due to drugs in contact with the skin,L25,subcategory,1
L252,L25.2,Unspecified contact dermatitis due to dyes,L25,subcategory,1
L253,L25.3,Unspecified contact dermatitis due to other chemical products,L25,subcategory,1
L255,L25.5,"Unspecified contact dermatitis due to plants, except food",L25,subcategory,1
L258,L25.8,Unspecified contact dermatitis due to other agents,L25,subcategory,1
L259,L25.9,"Unspecified contact dermatitis, unspecified cause",L25,subcategory,1
L26,L26,Exfoliative dermatitis,L20-L30,category,1
L27,L27,Dermatitis due to substances taken internally,L20-L30,category,1
L270,L27.0,Generalised skin eruption due to drugs and medicaments,L27,subcategory,1
L271,L27.1,Localised skin eruption due to drugs and medicaments,L27,subcategory,1
L272,L27.2,Dermatitis due to ingested food,L27,subcategory,1
L278,L27.8,Dermatitis due to other substances taken internally,L27,subcategory,1
L279,L27.9,Dermatitis due to unspecified substance taken internally,L27,subcategory,1
L28,L28,Lichen simplex chronicus and prurigo,L20-L30,category,0
L280,L28.0,Lichen simplex chronicus,L28,subcategory,1
L281,L28.1,Prurigo nodularis,L28,subcategory,1
L282,L28.2,Other prurigo,L28,subcategory,1
L29,L29,Pruritus,L20-L30,category,1
L290,L29.0,Pruritus ani,L29,subcategory,1
L291,L29.1,Pruritus scroti,L29,subcategory,1
L292,L29.2,Pruritus vulvae,L29,subcategory,1
L293,L29.3,"Anogenital pruritus, unspecified",L29,subcategory,1
L298,L29.8,Other pruritus,L29,subcategory,1
L299,L29.9,"Pruritus, unspecified",L29,subcategory,1
L30,L30,Other dermatitis,L20-L30,category,1
L300,L30.0,Nummular dermatitis,L30,subcategory,1
L301,L30.1,Dyshidrosis [pompholyx],L30,subcategory,1
L302,L30.2,Cutaneous autosensitisation,L30,subcategory,1
L303,L30.3,Infective dermatitis,L30,subcategory,1
L304,L30.4,Erythema intertrigo,L30,subcategory,1
L305,L30.5,Pityriasis alba,L30,subcategory,1
L308,L30.8,Other specified dermatitis,L30,subcategory,1
L309,L30.9,"Dermatitis, unspecified",L30,subcategory,1
L40,L40,Psoriasis,L40-L45,category,1
L400,L40.0,Psoriasis vulgaris,L40,subcategory,1
L401,L40.1,Generalised pustular psoriasis,L40,subcategory,1
L402,L40.2,Acrodermatitis continua,L40,subcategory,1
L403,L40.3,Pustulosis palmaris et plantaris,L40,subcategory,1
L404,L40.4,Guttate psoriasis,L40,subcategory,1
L405,L40.5,Arthropathic psoriasis,L40,subcategory,1
L4054,L40.54,Psoriatic juvenile arthropathy,L405,extension,1
L4059,L40.59,Other psoriatic arthropathy,L405,extension,1
L408,L40.8,Other psoriasis,L40,subcategory,1
L409,L40.9,"Psoriasis, unspecified",L40,subcategory,1
L41,L41,Parapsoriasis,L40-L45,category,1
L410,L41.0,Pityriasis lichenoides et varioliformis acuta,L41,subcategory,1
L411,L41.1,Pityriasis lichenoides chronica,L41,subcategory,1
L412,L41.2,Lymphomatoid papulosis,L41,subcategory,1
L413,L41.3,Small plaque parapsoriasis,L41,subcategory,1
L414,L41.4,Large plaque parapsoriasis,L41,subcategory,1
L415,L41.5,Retiform parapsoriasis,L41,subcategory,1
L419,L41.9,"Parapsoriasis, unspecified",L41,subcategory,1
L42,L42,Pityriasis rosea,L40-L45,category,1
L43,L43,Lichen planus,L40-L45,category,1
L430,L43.0,Hypertrophic lichen planus,L43,subcategory,1
L431,L43.1,Bullous lichen planus,L43,subcategory,1
L432,L43.2,Lichenoid drug reaction,L43,subcategory,1
L433,L43.3,Subacute (active) lichen planus,L43,subcategory,1
L438,L43.8,Other lichen planus,L43,subcategory,1
L439,L43.9,"Lichen planus, unspecified",L43,subcategory,1
L44,L44,Other papulosquamous disorders,L40-L45,category,0
L440,L44.0,Pityriasis rubra pilaris,L44,subcategory,1
L441,L44.1,Lichen nitidus,L44,subcategory,1
L443,L44.3,Lichen ruber moniliformis,L44,subcategory,1
L448,L44.8,Other specified papulosquamous disorders,L44,subcategory,1
L50,L50,Urticaria,L50-L54,category,1
L500,L50.0,Allergic urticaria,L50,subcategory,1
L501,L50.1,Idiopathic urticaria,L50,subcategory,1
L502,L50.2,Urticaria due to cold and heat,L50,subcategory,1
L503,L50.3,Dermatographic urticaria,L50,subcategory,1
L505,L50.5,Cholinergic urticaria,L50,subcategory,1
L506,L50.6,Contact urticaria,L50,subcategory,1
L508,L50.8,Other urticaria,L50,subcategory,1
L509,L50.9,"Urticaria, unspecified",L50,subcategory,1
L51,L51,Erythema multiforme,L50-L54,category,1
L510,L51.0,Nonbullous erythema multiforme,L51,subcategory,1
L511,L51.1,Bullous erythema multiforme,L51,subcategory,1
L512,L51.2,Toxic epidermal necrolysis [Lyell],L51,subcategory,1
L518,L51.8,Other erythema multiforme,L51,subcategory,1
L519,L51.9,"Erythema multiforme, unspecified",L51,subcategory,1
L52,L52,Erythema nodosum,L50-L54,category,1
L53,L53,Other erythematous conditions,L50-L54,category,1
L530,L53.0,Toxic erythema,L53,subcategory,1
L531,L53.1,Erythema annulare centrifugum,L53,subcategory,1
L532,L53.2,Erythema marginatum,L53,subcategory,1
L538,L53.8,Other specified erythematous conditions,L53,subcategory,1
L539,L53.9,"Erythematous condition, unspecified",L53,subcategory,1
L54,L54,Erythema in diseases classified elsewhere,L50-L54,category,0
L540,L54.0,Erythema marginatum in acute rheumatic fever,L54,subcategory,1
L55,L55,Sunburn,L55-L59,category,1
L550,L55.0,Sunburn of first degree,L55,subcategory,1
L551,L55.1,Sunburn of second degree,L55,subcategory,1
L552,L55.2,Sunburn of third degree,L55,subcategory,1
L558,L55.8,Other sunburn,L55,subcategory,1
L559,L55.9,"Sunburn, unspecified",L55,subcategory,1
L56,L56,Other acute skin changes due to ultraviolet radiation,L55-L59,category,1
L560,L56.0,Drug phototoxic response,L56,subcategory,1
L561,L56.1,Drug photoallergic response,L56,subcategory,1
L562,L56.2,Photocontact dermatitis [berloque dermatitis],L56,subcategory,1
L563,L56.3,Solar urticaria,L56,subcategory,1
L564,L56.4,Polymorphous light eruption,L56,subcategory,1
L568,L56.8,Other specified acute skin changes due to ultraviolet radiation,L56,subcategory,1
L569,L56.9,"Acute skin change due to ultraviolet radiation, unspecified",L56,subcategory,1
L57,L57,Skin changes due to chronic exposure to nonionising radiation,L55-L59,category,0
L570,L57.0,Actinic keratosis,L57,subcategory,1
L572,L57.2,Cutis rhomboidalis nuchae,L57,subcategory,1
L573,L57.3,Poikiloderma of Civatte,L57,subcategory,1
L574,L57.4,Cutis laxa senilis,L57,subcategory,1
L575,L57.5,Actinic granuloma,L57,subcategory,1
L578,L57.8,Other skin changes due to chronic exposure to nonionising radiation,L57,subcategory,1
L579,L57.9,"Skin changes due to chronic exposure to nonionising radiation, unspecified",L57,subcategory,1
L58,L58,Radiodermatitis,L55-L59,category,1
L581,L58.1,Chronic radiodermatitis,L58,subcategory,1
L589,L58.9,"Radiodermatitis, unspecified",L58,subcategory,1
L59,L59,Other disorders of skin and subcutaneous tissue related to radiation,L55-L59,category,0
L590,L59.0,Erythema ab igne [dermatitis ab igne],L59,subcategory,1
L598,L59.8,Other specified disorders of skin and subcutaneous tissue related to radiation,L59,subcategory,1
L599,L59.9,"Disorder of skin and subcutaneous tissue related to radiation, unspecified",L59,subcategory,1
L60,L60,Nail disorders,L60-L75,category,1
L600,L60.0,Ingrowing nail,L60,subcategory,1
L601,L60.1,Onycholysis,L60,subcategory,1
L602,L60.2,Onychogryphosis,L60,subcategory,1
L603,L60.3,Nail dystrophy,L60,subcategory,1
L604,L60.4,Beau's lines,L60,subcategory,1
L605,L60.5,Yellow nail syndrome,L60,subcategory,1
L608,L60.8,Other nail disorders,L60,subcategory,1
L609,L60.9,"Nail disorder, unspecified",L60,subcategory,1
L62,L62,Nail disorders in diseases classified elsewhere,L60-L75,category,0
L620,L62.0,Clubbed nail pachydermoperiostosis,L62,subcategory,1
L63,L63,Alopecia areata,L60-L75,category,1
L630,L63.0,Alopecia (capitis) totalis,L63,subcategory,1
L631,L63.1,Alopecia universalis,L63,subcategory,1
L638,L63.8,Other alopecia areata,L63,subcategory,1
L639,L63.9,"Alopecia areata, unspecified",L63,subcategory,1
L64,L64,Androgenic alopecia,L60-L75,category,1
L640,L64.0,Drug-induced androgenic alopecia,L64,subcategory,1
L648,L64.8,Other androgenic alopecia,L64,subcategory,1
L649,L64.9,"Androgenic alopecia, unspecified",L64,subcategory,1
L65,L65,Other nonscarring hair loss,L60-L75,category,1
L650,L65.0,Telogen effluvium,L65,subcategory,1
L658,L65.8,Other specified nonscarring hair loss,L65,subcategory,1
L659,L65.9,"Nonscarring hair loss, unspecified",L65,subcategory,1
L66,L66,Cicatricial alopecia [scarring hair loss],L60-L75,category,1
L660,L66.0,Pseudopelade,L66,subcategory,1
L661,L66.1,Lichen planopilaris,L66,subcategory,1
L662,L66.2,Folliculitis decalvans,L66,subcategory,1
L663,L66.3,Perifolliculitis capitis abscedens,L66,subcategory,1
L664,L66.4,Folliculitis ulerythematosa reticulata,L66,subcategory,1
L668,L66.8,Other cicatricial alopecia,L66,subcategory,1
L669,L66.9,"Cicatricial alopecia, unspecified",L66,subcategory,1
L67,L67,Hair colour and hair shaft abnormalities,L60-L75,category,1
L678,L67.8,Other hair colour and hair shaft abnormalities,L67,subcategory,1
L679,L67.9,"Hair colour and hair shaft abnormality, unspecified",L67,subcategory,1
L68,L68,Hypertrichosis,L60-L75,category,1
L680,L68.0,Hirsutism,L68,subcategory,1
L681,L68.1,Acquired hypertrichosis lanuginosa,L68,subcategory,1
L682,L68.2,Localised hypertrichosis,L68,subcategory,1
L683,L68.3,Polytrichia,L68,subcategory,1
L688,L68.8,Other hypertrichosis,L68,subcategory,1
L689,L68.9,"Hypertrichosis, unspecified",L68,subcategory,1
L70,L70,Acne,L60-L75,category,1
L700,L70.0,Acne vulgaris,L70,subcategory,1
L701,L70.1,Acne conglobata,L70,subcategory,1
L702,L70.2,Acne varioliformis,L70,subcategory,1
L705,L70.5,Acne excoriee des jeunes filles,L70,subcategory,1
L708,L70.8,Other acne,L70,subcategory,1
L709,L70.9,"Acne, unspecified",L70,subcategory,1
L71,L71,Rosacea,L60-L75,category,1
L710,L71.0,Perioral dermatitis,L71,subcategory,1
L711,L71.1,Rhinophyma,L71,subcategory,1
L718,L71.8,Other rosacea,L71,subcategory,1
L719,L71.9,"Rosacea, unspecified",L71,subcategory,1
L72,L72,Follicular cysts of skin and subcutaneous tissue,L60-L75,category,1
L720,L72.0,Epidermal cyst,L72,subcategory,1
L721,L72.1,Trichilemmal cyst,L72,subcategory,1
L722,L72.2,Steatocystoma multiplex,L72,subcategory,1
L723,L72.3,Sebaceous cyst,L72,subcategory,1
L728,L72.8,Other follicular cysts of skin and subcutaneous tissue,L72,subcategory,1
L729,L72.9,"Follicular cyst of skin and subcutaneous tissue, unspecified",L72,subcategory,1
L73,L73,Other follicular disorders,L60-L75,category,1
L730,L73.0,Acne keloid,L73,subcategory,1
L731,L73.1,Pseudofolliculitis barbae,L73,subcategory,1
L732,L73.2,Hidradenitis suppurativa,L73,subcategory,1
L738,L73.8,Other specified follicular disorders,L73,subcategory,1
L739,L73.9,"Follicular disorder, unspecified",L73,subcategory,1
L74,L74,Eccrine sweat disorders,L60-L75,category,1
L740,L74.0,Miliaria rubra,L74,subcategory,1
L741,L74.1,Miliaria crystallina,L74,subcategory,1
L742,L74.2,Miliaria profunda,L74,subcategory,1
L743,L74.3,"Miliaria, unspecified",L74,subcategory,1
L744,L74.4,Anhidrosis,L74,subcategory,1
L748,L74.8,Other eccrine sweat disorders,L74,subcategory,1
L749,L74.9,"Eccrine sweat disorder, unspecified",L74,subcategory,1
L75,L75,Apocrine sweat disorders,L60-L75,category,1
L750,L75.0,Bromhidrosis,L75,subcategory,1
L751,L75.1,Chromhidrosis,L75,subcategory,1
L752,L75.2,Apocrine miliaria,L75,subcategory,1
L759,L75.9,"Apocrine sweat disorder, unspecified",L75,subcategory,1
L76,L76,Intraoperative and postprocedural complications of skin and subcutaneous tissue,,category,0
L761,L76.1,Accidental puncture and laceration of skin and subcutaneous tissue during a procedure,L76,subcategory,0
L7611,L76.11,Accidental puncture and laceration of skin and subcutaneous tissue during a dermatologic procedure,L761,extension,1
L7612,L76.12,Accidental puncture and laceration of skin and subcutaneous tissue during other procedure,L761,extension,1
L80,L80,Vitiligo,L80-L99,category,1
L81,L81,Other disorders of pigmentation,L80-L99,category,1
L810,L81.0,Postinflammatory hyperpigmentation,L81,subcategory,1
L811,L81.1,Chloasma,L81,subcategory,1
L812,L81.2,Freckles,L81,subcategory,1
L813,L81.3,Cafe au lait spots,L81,subcategory,1
L814,L81.4,Other melanin hyperpigmentation,L81,subcategory,1
L815,L81.5,"Leukoderma, not elsewhere classified",L81,subcategory,1
L816,L81.6,Other disorders of diminished melanin formation,L81,subcategory,1
L817,L81.7,Pigmented purpuric dermatosis,L81,subcategory,1
L818,L81.8,Other specified disorders of pigmentation,L81,subcategory,1
L819,L81.9,"Disorder of pigmentation, unspecified",L81,subcategory,1
L82,L82,Seborrhoeic keratosis,L80-L99,category,1
L83,L83,Acanthosis nigricans,L80-L99,category,1
L84,L84,Corns and callosities,L80-L99,category,1
L85,L85,Other epidermal thickening,L80-L99,category,0
L850,L85.0,Acquired ichthyosis,L85,subcategory,1
L851,L85.1,Acquired keratosis [keratoderma] palmaris et plantaris,L85,subcategory,1
L852,L85.2,Keratosis punctata (palmaris et plantaris),L85,subcategory,1
L853,L85.3,Xerosis cutis,L85,subcategory,1
L858,L85.8,Other specified epidermal thickening,L85,subcategory,1
L859,L85.9,"Epidermal thickening, unspecified",L85,subcategory,1
L86,L86,Keratoderma in diseases classified elsewhere,L80-L99,category,1
L87,L87,Transepidermal elimination disorders,L80-L99,category,0
L870,L87.0,Keratosis follicularis et parafollicularis in cutem penetrans [Kyrle],L87,subcategory,1
L871,L87.1,Reactive perforating collagenosis,L87,subcategory,1
L872,L87.2,Elastosis perforans serpiginosa,L87,subcategory,1
L88,L88,Pyoderma gangrenosum,L80-L99,category,1
L89,L89,Decubitus ulcer,L80-L99,category,1
L890,L89.0,Stage I decubitus ulcer and pressure area,L89,subcategory,1
L891,L89.1,Stage II decubitus ulcer,L89,subcategory,1
L892,L89.2,Stage III decubitus ulcer,L89,subcategory,1
L893,L89.3,Stage IV decubitus ulcer,L89,subcategory,1
L899,L89.9,"Decubitus ulcer and pressure area, unspecified",L89,subcategory,1
L90,L90,Atrophic disorders of skin,L80-L99,category,1
L900,L90.0,Lichen sclerosus et atrophicus,L90,subcategory,1
L901,L90.1,Anetoderma of Schweninger-Buzzi,L90,subcategory,1
L902,L90.2,Anetoderma of Jadassohn-Pellizzari,L90,subcategory,1
L903,L90.3,Atrophoderma of Pasini and Pierini,L90,subcategory,1
L904,L90.4,Acrodermatitis chronica atrophicans,L90,subcategory,1
L905,L90.5,Scar conditions and fibrosis of skin,L90,subcategory,1
L906,L90.6,Striae atrophicae,L90,subcategory,1
L908,L90.8,Other atrophic disorders of skin,L90,subcategory,1
L909,L90.9,"Atrophic disorder of skin, unspecified",L90,subcategory,1
L91,L91,Hypertrophic disorders of skin,L80-L99,category,0
L910,L91.0,Keloid scar,L91,subcategory,1
L918,L91.8,Other hypertrophic disorders of skin,L91,subcategory,1
L919,L91.9,"Hypertrophic disorder of skin, unspecified",L91,subcategory,1
L92,L92,Granulomatous disorders of skin and subcutaneous tissue,L80-L99,category,1
L920,L92.0,Granuloma annulare,L92,subcategory,1
L921,L92.1,"Necrobiosis lipoidica, not elsewhere classified",L92,subcategory,1
L922,L92.2,Granuloma faciale [eosinophilic granuloma of skin],L92,subcategory,1
L923,L92.3,Foreign body granuloma of skin and subcutaneous tissue,L92,subcategory,1
L928,L92.8,Other granulomatous disorders of skin and subcutaneous tissue,L92,subcategory,1
L929,L92.9,"Granulomatous disorder of skin and subcutaneous tissue, unspecified",L92,subcategory,1
L93,L93,Lupus erythematosus,L80-L99,category,1
L930,L93.0,Discoid lupus erythematosus,L93,subcategory,1
L931,L93.1,Subacute cutaneous lupus erythematosus,L93,subcategory,1
L932,L93.2,Other local lupus erythematosus,L93,subcategory,1
L94,L94,Other localised connective tissue disorders,L80-L99,category,0
L940,L94.0,Localised scleroderma [morphea],L94,subcategory,1
L942,L94.2,Calcinosis cutis,L94,subcategory,1
L943,L94.3,Sclerodactyly,L94,subcategory,1
L944,L94.4,Gottron's papules,L94,subcategory,1
L946,L94.6,Ainhum,L94,subcategory,1
L948,L94.8,Other specified localised connective tissue disorders,L94,subcategory,1
L949,L94.9,"Localised connective tissue disorder, unspecified",L94,subcategory,1
L95,L95,"Vasculitis limited to skin, not elsewhere classified",L80-L99,category,0
L950,L95.0,Livedoid vasculitis,L95,subcategory,1
L958,L95.8,Other vasculitis limited to skin,L95,subcategory,1
L959,L95.9,"Vasculitis limited to skin, unspecified",L95,subcategory,1
L97,L97,"Ulcer of lower limb, not elsewhere classified",L80-L99,category,1
L98,L98,"Other disorders of skin and subcutaneous tissue, not elsewhere classified",L80-L99,category,1
L980,L98.0,Pyogenic granuloma,L98,subcategory,1
L981,L98.1,Factitial dermatitis,L98,subcategory,1
L982,L98.2,Febrile neutrophilic dermatosis [Sweet],L98,subcategory,1
L983,L98.3,Eosinophilic cellulitis [Wells],L98,subcategory,1
L984,L98.4,"Chronic ulcer of skin, not elsewhere classified",L98,subcategory,1
L985,L98.5,Mucinosis of skin,L98,subcategory,1
L986,L98.6,Other infiltrative disorders of skin and subcutaneous tissue,L98,subcategory,1
L987,L98.7,Excessive and redundant skin and subcutaneous tissue,L98,subcategory,1
L988,L98.8,Other specified disorders of skin and subcutaneous tissue,L98,subcategory,1
L989,L98.9,"Disorder of skin and subcutaneous tissue, unspecified",L98,subcategory,1
L99,L99,Other disorders of skin and subcutaneous tissue in diseases classified elsewhere,L80-L99,category,0
L990,L99.0,Amyloidosis of skin,L99,subcategory,1
L998,L99.8,Other specified disorders of skin and subcutaneous tissue in diseases classified elsewhere,L99,subcategory,1
M00,M00,Pyogenic arthritis,M00-M03,category,1
M000,M00.0,Staphylococcal arthritis and polyarthritis,M00,subcategory,1
M0000,M00.00,Staphylococcal arthritis and polyarthritis (Multiple sites),M000,extension,1
M0001,M00.01,Staphylococcal arthritis and polyarthritis (Shoulder region),M000,extension,1
M0002,M00.02,Staphylococcal arthritis and polyarthritis (Upper arm),M000,extension,1
M0003,M00.03,Staphylococcal arthritis and polyarthritis (Forearm),M000,extension,1
M0005,M00.05,Staphylococcal arthritis and polyarthritis (Pelvic region and thigh),M000,extension,1
M0006,M00.06,Staphylococcal arthritis and polyarthritis (Lower leg),M000,extension,1
M0007,M00.07,Staphylococcal arthritis and polyarthritis (Ankle and foot),M000,extension,1
M001,M00.1,Pneumococcal arthritis and polyarthritis,M00,subcategory,1
M0012,M00.12,Pneumococcal arthritis and polyarthritis (Upper arm),M001,extension,1
M0016,M00.16,Pneumococcal arthritis and polyarthritis (Lower leg),M001,extension,1
M002,M00.2,Other streptococcal arthritis and polyarthritis,M00,subcategory,0
M0020,M00.20,Other streptococcal arthritis and polyarthritis (Multiple sites),M002,extension,1
M0021,M00.21,Other streptococcal arthritis and polyarthritis (Shoulder region),M002,extension,1
M0022,M00.22,Other streptococcal arthritis and polyarthritis (Upper arm),M002,extension,1
M0023,M00.23,Other streptococcal arthritis and polyarthritis (Forearm),M002,extension,1
M0025,M00.25,Other streptococcal arthritis and polyarthritis (Pelvic region and thigh),M002,extension,1
M0026,M00.26,Other streptococcal arthritis and polyarthritis (Lower leg),M002,extension,1
M0027,M00.27,Other streptococcal arthritis and polyarthritis (Ankle and foot),M002,extension,1
M0029,M00.29,Other streptococcal arthritis and polyarthritis (Site unspecified),M002,extension,1
M008,M00.8,Arthritis and polyarthritis due to other specified bacterial agents,M00,subcategory,1
M0081,M00.81,Arthritis and polyarthritis due to other specified bacterial agents (Shoulder region),M008,extension,1
M0082,M00.82,Arthritis and polyarthritis due to other specified bacterial agents (Upper arm),M008,extension,1
M0085,M00.85,Arthritis and polyarthritis due to other specified bacterial agents (Pelvic region and thigh),M008,extension,1
M0086,M00.86,Arthritis and polyarthritis due to other specified bacterial agents (Lower leg),M008,extension,1
M0087,M00.87,Arthritis and polyarthritis due to other specified bacterial agents (Ankle and foot),M008,extension,1
M009,M00.9,"Pyogenic arthritis, unspecified",M00,subcategory,1
M0090,M00.90,"Pyogenic arthritis, unspecified (Multiple sites)",M009,extension,1
M0091,M00.91,"Pyogenic arthritis, unspecified (Shoulder region)",M009,extension,1
M0092,M00.92,"Pyogenic arthritis, unspecified (Upper arm)",M009,extension,1
M0093,M00.93,"Pyogenic arthritis, unspecified (Forearm)",M009,extension,1
M0094,M00.94,"Pyogenic arthritis, unspecified (Hand)",M009,extension,1
M0095,M00.95,"Pyogenic arthritis, unspecified (Pelvic region and thigh)",M009,extension,1
M0096,M00.96,"Pyogenic arthritis, unspecified (Lower leg)",M009,extension,1
M0097,M00.97,"Pyogenic arthritis, unspecified (Ankle and foot)",M009,extension,1
M0098,M00.98,"Pyogenic arthritis, unspecified (Other)",M009,extension,1
M0099,M00.99,"Pyogenic arthritis, unspecified (Site unspecified)",M009,extension,1
M01,M01,Direct infections of joint in infectious and parasitic diseases classified elsewhere,M00-M03,category,1
M011,M01.1,Tuberculous arthritis,M01,subcategory,1
M013,M01.3,Arthritis in other bacterial diseases classified elsewhere,M01,subcategory,1
M015,M01.5,Arthritis in other viral diseases classified elsewhere,M01,subcategory,1
M018,M01.8,Arthritis in other infectious and parasitic diseases classified elsewhere,M01,subcategory,1
M02,M02,Reactive arthropathies,M00-M03,category,1
M021,M02.1,Postdysenteric arthropathy,M02,subcategory,1
M023,M02.3,Reiter's disease,M02,subcategory,1
M0230,M02.30,Reiter's disease (Multiple sites),M023,extension,1
M0239,M02.39,Reiter's disease (Site unspecified),M023,extension,1
M028,M02.8,Other reactive arthropathies,M02,subcategory,1
M0281,M02.81,Other reactive arthropathies (Shoulder region),M028,extension,1
M0284,M02.84,Other reactive arthropathies (Hand),M028,extension,1
M0286,M02.86,Other reactive arthropathies (Lower leg),M028,extension,1
M0287,M02.87,Other reactive arthropathies (Ankle and foot),M028,extension,1
M029,M02.9,"Reactive arthopathy, unspecified",M02,subcategory,1
M0290,M02.90,"Reactive arthropathy, unspecified (Multiple sites)",M029,extension,1
M0296,M02.96,"Reactive arthropathy, unspecified (Lower leg)",M029,extension,1
M0297,M02.97,"Reactive arthropathy, unspecified (Ankle and foot)",M029,extension,1
M0299,M02.99,"Reactive arthropathy, unspecified (Site unspecified)",M029,extension,1
M03,M03,Postinfective and reactive arthropathies in diseases classified elsewhere,M00-M03,category,1
M032,M03.2,Other postinfectious arthropathies in diseases classified elsewhere,M03,subcategory,0
M0320,M03.20,Other postinfectious arthropathies in diseases classified elsewhere (Multiple sites),M032,extension,1
M0326,M03.26,Other postinfectious arthropathies in diseases classified elsewhere (Lower leg),M032,extension,1
M036,M03.6,Reactive arthropathy in other diseases classified elsewhere,M03,subcategory,1
M0369,M03.69,Reactive arthropathy in other diseases classified elsewhere (Site unspecified),M036,extension,1
M05,M05,Seropositive rheumatoid arthritis,M05-M14,category,1
M050,M05.0,Felty's syndrome,M05,subcategory,1
M0500,M05.00,Felty's syndrome (Multiple sites),M050,extension,1
M0504,M05.04,Felty's syndrome (Hand),M050,extension,1
M0509,M05.09,Felty's syndrome (Site unspecified),M050,extension,1
M051,M05.1,Rheumatoid lung disease,M05,subcategory,1
M0510,M05.10,Rheumatoid lung disease (Multiple sites),M051,extension,1
M0518,M05.18,Rheumatoid lung disease (Other),M051,extension,1
M0519,M05.19,Rheumatoid lung disease (Site unspecified),M051,extension,1
M052,M05.2,Rheumatoid vasculitis,M05,subcategory,1
M0520,M05.20,Rheumatoid vasculitis (Multiple sites),M052,extension,1
M0524,M05.24,Rheumatoid vasculitis (Hand),M052,extension,1
M0526,M05.26,Rheumatoid vasculitis (Lower leg),M052,extension,1
M0528,M05.28,Rheumatoid vasculitis (Other),M052,extension,1
M0529,M05.29,Rheumatoid vasculitis (Site unspecified),M052,extension,1
M053,M05.3,Rheumatoid arthritis with involvement of other organs and systems,M05,subcategory,1
M058,M05.8,Other seropositive rheumatoid arthritis,M05,subcategory,1
M0580,M05.80,Other seropositive rheumatoid arthritis (Multiple sites),M058,extension,1
M0584,M05.84,Other seropositive rheumatoid arthritis (Hand),M058,extension,1
M0586,M05.86,Other seropositive rheumatoid arthritis (Lower leg),M058,extension,1
M0589,M05.89,Other seropositive rheumatoid arthritis (Site unspecified),M058,extension,1
M059,M05.9,"Seropositive rheumatoid arthritis, unspecified",M05,subcategory,1
M0590,M05.90,"Seropositive rheumatoid arthritis, unspecified (Multiple sites)",M059,extension,1
M0591,M05.91,"Seropositive rheumatoid arthritis, unspecified (Shoulder region)",M059,extension,1
M0592,M05.92,"Seropositive rheumatoid arthritis, unspecified (Upper arm)",M059,extension,1
M0593,M05.93,"Seropositive rheumatoid arthritis, unspecified (Forearm)",M059,extension,1
M0594,M05.94,"Seropositive rheumatoid arthritis, unspecified (Hand)",M059,extension,1
M0595,M05.95,"Seropositive rheumatoid arthritis, unspecified (Pelvic region and thigh)",M059,extension,1
M0596,M05.96,"Seropositive rheumatoid arthritis, unspecified (Lower leg)",M059,extension,1
M0597,M05.97,"Seropositive rheumatoid arthritis, unspecified (Ankle and foot)",M059,extension,1
M0599,M05.99,"Seropositive rheumatoid arthritis, unspecified (Site unspecified)",M059,extension,1
M06,M06,Other rheumatoid arthritis,M05-M14,category,1
M060,M06.0,Seronegative rheumatoid arthritis,M06,subcategory,1
M0600,M06.00,Seronegative rheumatoid arthritis (Multiple sites),M060,extension,1
M0601,M06.01,Seronegative rheumatoid arthritis (Shoulder region),M060,extension,1
M0602,M06.02,Seronegative rheumatoid arthritis (Upper arm),M060,extension,1
M0603,M06.03,Seronegative rheumatoid arthritis (Forearm),M060,extension,1
M0604,M06.04,Seronegative rheumatoid arthritis (Hand),M060,extension,1
M0605,M06.05,Seronegative rheumatoid arthritis (Pelvic region and thigh),M060,extension,1
M0606,M06.06,Seronegative rheumatoid arthritis (Lower leg),M060,extension,1
M0607,M06.07,Seronegative rheumatoid arthritis (Ankle and foot),M060,extension,1
M0609,M06.09,Seronegative rheumatoid arthritis (Site unspecified),M060,extension,1
M061,M06.1,Adult-onset Still's disease,M06,subcategory,1
M0610,M06.10,Adult-onset Still's disease (Multiple sites),M061,extension,1
M0611,M06.11,Adult-onset Still's disease (Shoulder region),M061,extension,1
M0619,M06.19,Adult-onset Still's disease (Site unspecified),M061,extension,1
M062,M06.2,Rheumatoid bursitis,M06,subcategory,1
M0622,M06.22,Rheumatoid bursitis (Upper arm),M062,extension,1
M063,M06.3,Rheumatoid nodule,M06,subcategory,1
M0630,M06.30,Rheumatoid nodule (Multiple sites),M063,extension,1
M0632,M06.32,Rheumatoid nodule (Upper arm),M063,extension,1
M0633,M06.33,Rheumatoid nodule (Forearm),M063,extension,1
M0634,M06.34,Rheumatoid nodule (Hand),M063,extension,1
M0636,M06.36,Rheumatoid nodule (Lower leg),M063,extension,1
M0637,M06.37,Rheumatoid nodule (Ankle and foot),M063,extension,1
M0639,M06.39,Rheumatoid nodule (Site unspecified),M063,extension,1
M064,M06.4,Inflammatory polyarthropathy,M06,subcategory,1
M0640,M06.40,Inflammatory polyarthropathy (Multiple sites),M064,extension,1
M0644,M06.44,Inflammatory polyarthropathy (Hand),M064,extension,1
M0645,M06.45,Inflammatory polyarthropathy (Pelvic region and thigh),M064,extension,1
M0646,M06.46,Inflammatory polyarthropathy (Lower leg),M064,extension,1
M0649,M06.49,Inflammatory polyarthropathy (Site unspecified),M064,extension,1
M068,M06.8,Other specified rheumatoid arthritis,M06,subcategory,1
M0680,M06.80,Other specified rheumatoid arthritis (Multiple sites),M068,extension,1
M0687,M06.87,Other specified rheumatoid arthritis (Ankle and foot),M068,extension,1
M0688,M06.88,Other specified rheumatoid arthritis (Other),M068,extension,1
M0689,M06.89,Other specified rheumatoid arthritis (Site unspecified),M068,extension,1
M069,M06.9,"Rheumatoid arthritis, unspecified",M06,subcategory,1
M0690,M06.90,"Rheumatoid arthritis, unspecified (Multiple sites)",M069,extension,1
M0691,M06.91,"Rheumatoid arthritis, unspecified (Shoulder region)",M069,extension,1
M0692,M06.92,"Rheumatoid arthritis, unspecified (Upper arm)",M069,extension,1
M0693,M06.93,"Rheumatoid arthritis, unspecified (Forearm)",M069,extension,1
M0694,M06.94,"Rheumatoid arthritis, unspecified (Hand)",M069,extension,1
M0695,M06.95,"Rheumatoid arthritis, unspecified (Pelvic region and thigh)",M069,extension,1
M0696,M06.96,"Rheumatoid arthritis, unspecified (Lower leg)",M069,extension,1
M0697,M06.97,"Rheumatoid arthritis, unspecified (Ankle and foot)",M069,extension,1
M0698,M06.98,"Rheumatoid arthritis, unspecified (Other)",M069,extension,1
M0699,M06.99,"Rheumatoid arthritis, unspecified (Site unspecified)",M069,extension,1
M07,M07,Psoriatic and enteropathic arthropathies,M05-M14,category,0
M070,M07.0,Distal interphalangeal psoriatic arthropathy,M07,subcategory,1
M0709,M07.09,Distal interphalangeal psoriatic arthropathy (Site unspecified),M070,extension,1
M071,M07.1,Arthritis mutilans,M07,subcategory,1
M072,M07.2,Psoriatic spondylitis,M07,subcategory,1
M0720,M07.20,Psoriatic spondylitis (Multiple sites),M072,extension,1
M0726,M07.26,Psoriatic spondylitis (Lower leg),M072,extension,1
M0728,M07.28,Psoriatic spondylitis (Other),M072,extension,1
M0729,M07.29,Psoriatic spondylitis (Site unspecified),M072,extension,1
M073,M07.3,Other psoriatic arthropathies,M07,subcategory,1
M0730,M07.30,Other psoriatic arthropathies (Multiple sites),M073,extension,1
M0731,M07.31,Other psoriatic arthropathies (Shoulder region),M073,extension,1
M0733,M07.33,Other psoriatic arthropathies (Forearm),M073,extension,1
M0734,M07.34,Other psoriatic arthropathies (Hand),M073,extension,1
M0735,M07.35,Other psoriatic arthropathies (Pelvic region and thigh),M073,extension,1
M0736,M07.36,Other psoriatic arthropathies (Lower leg),M073,extension,1
M0737,M07.37,Other psoriatic arthropathies (Ankle and foot),M073,extension,1
M0738,M07.38,Other psoriatic arthropathies (Other),M073,extension,1
M0739,M07.39,Other psoriatic arthropathies (Site unspecified),M073,extension,1
M074,M07.4,Arthropathy in Crohn's disease [regional enteritis],M07,subcategory,1
M0740,M07.40,Arthropathy in Crohn's disease [regional enteritis] (Multiple sites),M074,extension,1
M0741,M07.41,Arthropathy in Crohn's disease [regional enteritis] (Shoulder region),M074,extension,1
M0749,M07.49,Arthropathy in Crohn's disease [regional enteritis] (Site unspecified),M074,extension,1
M075,M07.5,Arthropathy in ulcerative colitis,M07,subcategory,1
M076,M07.6,Other enteropathic arthropathies,M07,subcategory,1
M08,M08,Juvenile arthritis,M05-M14,category,1
M080,M08.0,Juvenile rheumatoid arthritis,M08,subcategory,1
M0800,M08.00,Juvenile rheumatoid arthritis (Multiple sites),M080,extension,1
M0804,M08.04,Juvenile rheumatoid arthritis (Hand),M080,extension,1
M0805,M08.05,Juvenile rheumatoid arthritis (Pelvic region and thigh),M080,extension,1
M0806,M08.06,Juvenile rheumatoid arthritis (Lower leg),M080,extension,1
M0808,M08.08,Juvenile rheumatoid arthritis (Other),M080,extension,1
M0809,M08.09,Juvenile rheumatoid arthritis (Site unspecified),M080,extension,1
M081,M08.1,Juvenile ankylosing spondylitis,M08,subcategory,0
M0810,M08.10,Juvenile ankylosing spondylitis (Multiple sites),M081,extension,1
M082,M08.2,Juvenile arthritis with systemic onset,M08,subcategory,1
M0820,M08.20,Juvenile arthritis with systemic onset (Multiple sites),M082,extension,1
M0822,M08.22,Juvenile arthritis with systemic onset (Upper arm),M082,extension,1
M0826,M08.26,Juvenile arthritis with systemic onset (Lower leg),M082,extension,1
M0829,M08.29,Juvenile arthritis with systemic onset (Site unspecified),M082,extension,1
M084,M08.4,Pauciarticular juvenile arthritis,M08,subcategory,0
M0844,M08.44,Pauciarticular juvenile arthritis (Hand),M084,extension,1
M089,M08.9,"Juvenile arthritis, unspecified",M08,subcategory,1
M0890,M08.90,"Juvenile arthritis, unspecified (Multiple sites)",M089,extension,1
M0899,M08.99,"Juvenile arthritis, unspecified (Site unspecified)",M089,extension,1
M09,M09,Juvenile arthritis in diseases classified elsewhere,M05-M14,category,0
M090,M09.0,Juvenile arthritis in psoriasis,M09,subcategory,1
M0909,M09.09,Juvenile arthritis in psoriasis (Site unspecified),M090,extension,1
M092,M09.2,Juvenile arthritis in ulcerative colitis,M09,subcategory,1
M10,M10,Gout,M05-M14,category,1
M100,M10.0,Idiopathic gout,M10,subcategory,1
M1000,M10.00,Idiopathic gout (Multiple sites),M100,extension,1
M1001,M10.01,Idiopathic gout (Shoulder region),M100,extension,1
M1002,M10.02,Idiopathic gout (Upper arm),M100,extension,1
M1003,M10.03,Idiopathic gout (Forearm),M100,extension,1
M1004,M10.04,Idiopathic gout (Hand),M100,extension,1
M1006,M10.06,Idiopathic gout (Lower leg),M100,extension,1
M1007,M10.07,Idiopathic gout (Ankle and foot),M100,extension,1
M1009,M10.09,Idiopathic gout (Site unspecified),M100,extension,1
M101,M10.1,Lead-induced gout,M10,subcategory,1
M102,M10.2,Drug-induced gout,M10,subcategory,1
M1029,M10.29,Drug-induced gout (Site unspecified),M102,extension,1
M103,M10.3,Gout due to impairment of renal function,M10,subcategory,1
M1039,M10.39,Gout due to impairment of renal function (Site unspecified),M103,extension,1
M104,M10.4,Other secondary gout,M10,subcategory,1
M1040,M10.40,Other secondary gout (Multiple sites),M104,extension,1
M1045,M10.45,Other secondary gout (Pelvic region and thigh),M104,extension,1
M109,M10.9,"Gout, unspecified",M10,subcategory,1
M1090,M10.90,"Gout, unspecified (Multiple sites)",M109,extension,1
M1091,M10.91,"Gout, unspecified (Shoulder region)",M109,extension,1
M1092,M10.92,"Gout, unspecified (Upper arm)",M109,extension,1
M1093,M10.93,"Gout, unspecified (Forearm)",M109,extension,1
M1094,M10.94,"Gout, unspecified (Hand)",M109,extension,1
M1095,M10.95,"Gout, unspecified (Pelvic region and thigh)",M109,extension,1
M1096,M10.96,"Gout, unspecified (Lower leg)",M109,extension,1
M1097,M10.97,"Gout, unspecified (Ankle and foot)",M109,extension,1
M1099,M10.99,"Gout, unspecified (Site unspecified)",M109,extension,1
M11,M11,Other crystal arthropathies,M05-M14,category,1
M110,M11.0,Hydroxyapatite deposition disease,M11,subcategory,0
M1107,M11.07,Hydroxyapatite deposition disease (Ankle and foot),M110,extension,1
M111,M11.1,Familial chondrocalcinosis,M11,subcategory,1
M1116,M11.16,Familial chondrocalcinosis (Lower leg),M111,extension,1
M112,M11.2,Other chondrocalcinosis,M11,subcategory,1
M1120,M11.20,Other chondrocalcinosis (Multiple sites),M112,extension,1
M1121,M11.21,Other chondrocalcinosis (Shoulder region),M112,extension,1
M1123,M11.23,Other chondrocalcinosis (Forearm),M112,extension,1
M1124,M11.24,Other chondrocalcinosis (Hand),M112,extension,1
M1125,M11.25,Other chondrocalcinosis (Pelvic region and thigh),M112,extension,1
M1126,M11.26,Other chondrocalcinosis (Lower leg),M112,extension,1
M1127,M11.27,Other chondrocalcinosis (Ankle and foot),M112,extension,1
M1128,M11.28,Other chondrocalcinosis (Other),M112,extension,1
M1129,M11.29,Other chondrocalcinosis (Site unspecified),M112,extension,1
M118,M11.8,Other specified crystal arthropathies,M11,subcategory,1
M1180,M11.80,Other specified crystal arthropathies (Multiple sites),M118,extension,1
M1182,M11.82,Other specified crystal arthropathies (Upper arm),M118,extension,1
M1183,M11.83,Other specified crystal arthropathies (Forearm),M118,extension,1
M1184,M11.84,Other specified crystal arthropathies (Hand),M118,extension,1
M1185,M11.85,Other specified crystal arthropathies (Pelvic region and thigh),M118,extension,1
M1186,M11.86,Other specified crystal arthropathies (Lower leg),M118,extension,1
M1187,M11.87,Other specified crystal arthropathies (Ankle and foot),M118,extension,1
M1189,M11.89,Other specified crystal arthropathies (Site unspecified),M118,extension,1
M119,M11.9,"Crystal arthropathy, unspecified",M11,subcategory,1
M1190,M11.90,"Crystal arthropathy, unspecified (Multiple sites)",M119,extension,1
M1191,M11.91,"Crystal arthropathy, unspecified (Shoulder region)",M119,extension,1
M1193,M11.93,"Crystal arthropathy, unspecified (Forearm)",M119,extension,1
M1196,M11.96,"Crystal arthropathy, unspecified (Lower leg)",M119,extension,1
M1197,M11.97,"Crystal arthropathy, unspecified (Ankle and foot)",M119,extension,1
M1199,M11.99,"Crystal arthropathy, unspecified (Site unspecified)",M119,extension,1
M12,M12,Other specific arthropathies,M05-M14,category,0
M120,M12.0,Chronic postrheumatic arthropathy [Jaccoud],M12,subcategory,1
M1204,M12.04,Chronic postrheumatic arthropathy [Jaccoud] (Hand),M120,extension,1
M1207,M12.07,Chronic postrheumatic arthropathy [Jaccoud] (Ankle and foot),M120,extension,1
M1209,M12.09,Chronic postrheumatic arthropathy [Jaccoud] (Site unspecified),M120,extension,1
M122,M12.2,Villonodular synovitis (pigmented),M12,subcategory,1
M1223,M12.23,Villonodular synovitis (pigmented) (Forearm),M122,extension,1
M1224,M12.24,Villonodular synovitis (pigmented) (Hand),M122,extension,1
M1226,M12.26,Villonodular synovitis (pigmented) (Lower leg),M122,extension,1
M1227,M12.27,Villonodular synovitis (pigmented) (Ankle and foot),M122,extension,1
M123,M12.3,Palindromic rheumatism,M12,subcategory,1
M1230,M12.30,Palindromic rheumatism (Multiple sites),M123,extension,1
M1231,M12.31,Palindromic rheumatism (Shoulder region),M123,extension,1
M1239,M12.39,Palindromic rheumatism (Site unspecified),M123,extension,1
M125,M12.5,Traumatic arthropathy,M12,subcategory,1
M1253,M12.53,Traumatic arthropathy (Forearm),M125,extension,1
M1255,M12.55,Traumatic arthropathy (Pelvic region and thigh),M125,extension,1
M1256,M12.56,Traumatic arthropathy (Lower leg),M125,extension,1
M1257,M12.57,Traumatic arthropathy (Ankle and foot),M125,extension,1
M128,M12.8,"Other specific arthropathies, not elsewhere classified",M12,subcategory,1
M1280,M12.80,"Other specific arthropathies, not elsewhere classified (Multiple sites)",M128,extension,1
M1288,M12.88,"Other specific arthropathies, not elsewhere classified (Other)",M128,extension,1
M1289,M12.89,"Other specific arthropathies, not elsewhere classified (Site unspecified)",M128,extension,1
M129,M12.9,"Arthropathy, unspecified",M12,subcategory,1
M13,M13,Other arthritis,M05-M14,category,1
M130,M13.0,"Polyarthritis, unspecified",M13,subcategory,1
M1300,M13.00,"Polyarthritis, unspecified (Multiple sites)",M130,extension,1
M1304,M13.04,"Polyarthritis, unspecified (Hand)",M130,extension,1
M1305,M13.05,"Polyarthritis, unspecified (Pelvic region and thigh)",M130,extension,1
M1306,M13.06,"Polyarthritis, unspecified (Lower leg)",M130,extension,1
M1307,M13.07,"Polyarthritis, unspecified (Ankle and foot)",M130,extension,1
M1309,M13.09,"Polyarthritis, unspecified (Site unspecified)",M130,extension,1
M131,M13.1,"Monoarthritis, not elsewhere classified",M13,subcategory,1
M1310,M13.10,"Monoarthritis, not elsewhere classified (Multiple sites)",M131,extension,1
M1311,M13.11,"Monoarthritis, not elsewhere classified (Shoulder region)",M131,extension,1
M1312,M13.12,"Monoarthritis, not elsewhere classified (Upper arm)",M131,extension,1
M1313,M13.13,"Monoarthritis, not elsewhere classified (Forearm)",M131,extension,1
M1314,M13.14,"Monoarthritis, not elsewhere classified (Hand)",M131,extension,1
M1315,M13.15,"Monoarthritis, not elsewhere classified (Pelvic region and thigh)",M131,extension,1
M1316,M13.16,"Monoarthritis, not elsewhere classified (Lower leg)",M131,extension,1
M1317,M13.17,"Monoarthritis, not elsewhere classified (Ankle and foot)",M131,extension,1
M1319,M13.19,"Monoarthritis, not elsewhere classified (Site unspecified)",M131,extension,1
M138,M13.8,Other specified arthritis,M13,subcategory,1
M1380,M13.80,Other specified arthritis (Multiple sites),M138,extension,1
M1381,M13.81,Other specified arthritis (Shoulder region),M138,extension,1
M1382,M13.82,Other specified arthritis (Upper arm),M138,extension,1
M1383,M13.83,Other specified arthritis (Forearm),M138,extension,1
M1384,M13.84,Other specified arthritis (Hand),M138,extension,1
M1385,M13.85,Other specified arthritis (Pelvic region and thigh),M138,extension,1
M1386,M13.86,Other specified arthritis (Lower leg),M138,extension,1
M1387,M13.87,Other specified arthritis (Ankle and foot),M138,extension,1
M1389,M13.89,Other specified arthritis (Site unspecified),M138,extension,1
M139,M13.9,"Arthritis, unspecified",M13,subcategory,1
M1390,M13.90,"Arthritis, unspecified (Multiple sites)",M139,extension,1
M1391,M13.91,"Arthritis, unspecified (Shoulder region)",M139,extension,1
M1392,M13.92,"Arthritis, unspecified (Upper arm)",M139,extension,1
M1393,M13.93,"Arthritis, unspecified (Forearm)",M139,extension,1
M1394,M13.94,"Arthritis, unspecified (Hand)",M139,extension,1
M1395,M13.95,"Arthritis, unspecified (Pelvic region and thigh)",M139,extension,1
M1396,M13.96,"Arthritis, unspecified (Lower leg)",M139,extension,1
M1397,M13.97,"Arthritis, unspecified (Ankle and foot)",M139,extension,1
M1398,M13.98,"Arthritis, unspecified (Other)",M139,extension,1
M1399,M13.99,"Arthritis, unspecified (Site unspecified)",M139,extension,1
M14,M14,Arthropathies in other diseases classified elsewhere,M05-M14,category,1
M142,M14.2,Diabetic arthropathy,M14,subcategory,1
M144,M14.4,Arthropathy in amyloidosis,M14,subcategory,1
M145,M14.5,"Arthropathies in other endocrine, nutritional and metabolic disorders",M14,subcategory,1
M146,M14.6,Neuropathic arthropathy,M14,subcategory,1
M148,M14.8,Arthropathies in other specified diseases classified elsewhere,M14,subcategory,1
M15,M15,Polyarthrosis,M15-M19,category,1
M150,M15.0,Primary generalised (osteo)arthrosis,M15,subcategory,1
M1500,M15.00,"Primary generalized (osteo)arthrosis, Multiple sites",M150,extension,1
M151,M15.1,Heberden's nodes (with arthropathy),M15,subcategory,1
M152,M15.2,Bouchard's nodes (with arthropathy),M15,subcategory,1
M153,M15.3,Secondary multiple arthrosis,M15,subcategory,1
M154,M15.4,Erosive (osteo)arthrosis,M15,subcategory,1
M158,M15.8,Other polyarthrosis,M15,subcategory,1
M159,M15.9,"Polyarthrosis, unspecified",M15,subcategory,1
M1599,M15.99,"Polyosteoarthritis, unspecified",M159,extension,1
M16,M16,Coxarthrosis [arthrosis of hip],M15-M19,category,1
M160,M16.0,"Primary coxarthrosis, bilateral",M16,subcategory,1
M161,M16.1,Other primary coxarthrosis,M16,subcategory,1
M162,M16.2,"Coxarthrosis resulting from dysplasia, bilateral",M16,subcategory,1
M163,M16.3,Other dysplastic coxarthrosis,M16,subcategory,1
M164,M16.4,"Posttraumatic coxarthrosis, bilateral",M16,subcategory,1
M165,M16.5,Other posttraumatic coxarthrosis,M16,subcategory,1
M166,M16.6,"Other secondary coxarthrosis, bilateral",M16,subcategory,1
M167,M16.7,Other secondary coxarthrosis,M16,subcategory,1
M169,M16.9,"Coxarthrosis, unspecified",M16,subcategory,1
M17,M17,Gonarthrosis [arthrosis of knee],M15-M19,category,1
M170,M17.0,"Primary gonarthrosis, bilateral",M17,subcategory,1
M171,M17.1,Other primary gonarthrosis,M17,subcategory,1
M1710,M17.10,"Unilateral primary osteoarthritis, unspecified knee",M171,extension,1
M172,M17.2,"Posttraumatic gonarthrosis, bilateral",M17,subcategory,1
M173,M17.3,Other posttraumatic gonarthrosis,M17,subcategory,1
M174,M17.4,"Other secondary gonarthrosis, bilateral",M17,subcategory,1
M175,M17.5,Other secondary gonarthrosis,M17,subcategory,1
M179,M17.9,"Gonarthrosis, unspecified",M17,subcategory,1
M18,M18,Arthrosis of first carpometacarpal joint,M15-M19,category,1
M180,M18.0,"Primary arthrosis of first carpometacarpal joints, bilateral",M18,subcategory,1
M181,M18.1,Other primary arthrosis of first carpometacarpal joint,M18,subcategory,1
M182,M18.2,"Posttraumatic arthrosis of first carpometacarpal joints, bilateral",M18,subcategory,1
M183,M18.3,Other posttraumatic arthrosis of first carpometacarpal joint,M18,subcategory,1
M185,M18.5,Other secondary arthrosis of first carpometacarpal joint,M18,subcategory,1
M189,M18.9,"Arthrosis of first carpometacarpal joint, unspecified",M18,subcategory,1
M19,M19,Other arthrosis,M15-M19,category,1
M190,M19.0,Primary arthrosis of other joints,M19,subcategory,1
M1900,M19.00,Primary arthrosis of other joints (Multiple sites),M190,extension,1
M1901,M19.01,Primary arthrosis of other joints (Shoulder region),M190,extension,1
M1902,M19.02,Primary arthrosis of other joints (Upper arm),M190,extension,1
M1903,M19.03,Primary arthrosis of other joints (Forearm),M190,extension,1
M1904,M19.04,Primary arthrosis of other joints (Hand),M190,extension,1
M1905,M19.05,Primary arthrosis of other joints (Pelvic region and thigh),M190,extension,1
M1906,M19.06,Primary arthrosis of other joints-Lower leg,M190,extension,1
M1907,M19.07,Primary arthrosis of other joints (Ankle and foot),M190,extension,1
M1908,M19.08,Primary arthrosis of other joints (Other),M190,extension,1
M1909,M19.09,Primary arthrosis of other joints (Site unspecified),M190,extension,1
M191,M19.1,Posttraumatic arthrosis of other joints,M19,subcategory,1
M1910,M19.10,Post-traumatic arthrosis of other joints (Multiple sites),M191,extension,1
M1911,M19.11,Post-traumatic arthrosis of other joints (Shoulder region),M191,extension,1
M1912,M19.12,Post-traumatic arthrosis of other joints (Upper arm),M191,extension,1
M1913,M19.13,Post-traumatic arthrosis of other joints (Forearm),M191,extension,1
M1914,M19.14,Post-traumatic arthrosis of other joints (Hand),M191,extension,1
M1915,M19.15,Post-traumatic arthrosis of other joints (Pelvic region and thigh),M191,extension,1
M1916,M19.16,Post-traumatic arthrosis of other joints-Lower leg,M191,extension,1
M1917,M19.17,Post-traumatic arthrosis of other joints (Ankle and foot),M191,extension,1
M1918,M19.18,Post-traumatic arthrosis of other joints (Other),M191,extension,1
M1919,M19.19,Post-traumatic arthrosis of other joints (Site unspecified),M191,extension,1
M192,M19.2,Other secondary arthrosis,M19,subcategory,1
M1920,M19.20,Other secondary arthrosis (Multiple sites),M192,extension,1
M1921,M19.21,Other secondary arthrosis (Shoulder region),M192,extension,1
M1922,M19.22,Other secondary arthrosis (Upper arm),M192,extension,1
M1923,M19.23,Other secondary arthrosis (Forearm),M192,extension,1
M1924,M19.24,Other secondary arthrosis (Hand),M192,extension,1
M1925,M19.25,Other secondary arthrosis (Pelvic region and thigh),M192,extension,1
M1927,M19.27,Other secondary arthrosis (Ankle and foot),M192,extension,1
M1929,M19.29,Other secondary arthrosis (Site unspecified),M192,extension,1
M198,M19.8,Other specified arthrosis,M19,subcategory,1
M1980,M19.80,Other specified arthrosis (Multiple sites),M198,extension,1
M1981,M19.81,Other specified arthrosis (Shoulder region),M198,extension,1
M1983,M19.83,Other specified arthrosis (Forearm),M198,extension,1
M1984,M19.84,Other specified arthrosis (Hand),M198,extension,1
M1985,M19.85,Other specified arthrosis (Pelvic region and thigh),M198,extension,1
M1986,M19.86,Other specified arthrosis (Lower leg),M198,extension,1
M1987,M19.87,Other specified arthrosis (Ankle and foot),M198,extension,1
M1988,M19.88,Other specified arthrosis (Other),M198,extension,1
M1989,M19.89,Other specified arthrosis (Site unspecified),M198,extension,1
M199,M19.9,"Arthrosis, unspecified",M19,subcategory,1
M1990,M19.90,"Arthrosis, unspecified (Multiple sites)",M199,extension,1
M1991,M19.91,"Arthrosis, unspecified (Shoulder region)",M199,extension,1
M1992,M19.92,"Arthrosis, unspecified (Upper arm)",M199,extension,1
M1993,M19.93,"Arthrosis, unspecified (Forearm)",M199,extension,1
M1994,M19.94,"Arthrosis, unspecified (Hand)",M199,extension,1
M1995,M19.95,"Arthrosis, unspecified (Pelvic region and thigh)",M199,extension,1
M1996,M19.96,"Arthrosis, unspecified-Lower leg",M199,extension,1
M1997,M19.97,"Arthrosis, unspecified (Ankle and foot)",M199,extension,1
M1998,M19.98,"Arthrosis, unspecified (Other)",M199,extension,1
M1999,M19.99,"Arthrosis, unspecified (Site unspecified)",M199,extension,1
M20,M20,Acquired deformities of fingers and toes,M20-M25,category,1
M200,M20.0,Deformity of finger(s),M20,subcategory,1
M2001,M20.01,Mallet finger,M200,extension,1
M201,M20.1,Hallux valgus (acquired),M20,subcategory,1
M2010,M20.10,"Hallux valgus (acquired), unspecified foot",M201,extension,1
M202,M20.2,Hallux rigidus,M20,subcategory,1
M2020,M20.20,"Hallux rigidus, unspecified foot",M202,extension,1
M203,M20.3,Other deformity of hallux (acquired),M20,subcategory,1
M204,M20.4,Other hammer toe(s) (acquired),M20,subcategory,1
M2040,M20.40,"Other hammer toe(s) (acquired), unspecified foot",M204,extension,1
M205,M20.5,Other deformities of toe(s) (acquired),M20,subcategory,1
M206,M20.6,"Acquired deformity of toe(s), unspecified",M20,subcategory,1
M2060,M20.60,"Acquired deformities of toe(s), unspecified, unspecified foot",M206,extension,1
M21,M21,Other acquired deformities of limbs,M20-M25,category,1
M210,M21.0,"Valgus deformity, not elsewhere classified",M21,subcategory,1
M2102,M21.02,"Valgus deformity, not elsewhere classified (Upper arm)",M210,extension,1
M2105,M21.05,"Valgus deformity, not elsewhere classified (Pelvic region and thigh)",M210,extension,1
M2106,M21.06,"Valgus deformity, not elsewhere classified (Lower leg)",M210,extension,1
M2107,M21.07,"Valgus deformity, not elsewhere classified (Ankle and foot)",M210,extension,1
M2109,M21.09,"Valgus deformity, not elsewhere classified (Site unspecified)",M210,extension,1
M211,M21.1,"Varus deformity, not elsewhere classified",M21,subcategory,1
M2111,M21.11,"Varus deformity, not elsewhere classified (Shoulder region)",M211,extension,1
M2112,M21.12,"Varus deformity, not elsewhere classified (Upper arm)",M211,extension,1
M2114,M21.14,"Varus deformity, not elsewhere classified (Hand)",M211,extension,1
M2115,M21.15,"Varus deformity, not elsewhere classified (Pelvic region and thigh)",M211,extension,1
M2116,M21.16,"Varus deformity, not elsewhere classified (Lower leg)",M211,extension,1
M2117,M21.17,"Varus deformity, not elsewhere classified (Ankle and foot)",M211,extension,1
M2119,M21.19,"Varus deformity, not elsewhere classified (Site unspecified)",M211,extension,1
M212,M21.2,Flexion deformity,M21,subcategory,1
M2120,M21.20,Flexion deformity (Multiple sites),M212,extension,1
M2121,M21.21,Flexion deformity (Shoulder region),M212,extension,1
M2122,M21.22,Flexion deformity (Upper arm),M212,extension,1
M2123,M21.23,Flexion deformity (Forearm),M212,extension,1
M2124,M21.24,Flexion deformity (Hand),M212,extension,1
M2125,M21.25,Flexion deformity (Pelvic region and thigh),M212,extension,1
M2126,M21.26,Flexion deformity (Lower leg),M212,extension,1
M2127,M21.27,Flexion deformity (Ankle and foot),M212,extension,1
M2128,M21.28,Flexion deformity (Other),M212,extension,1
M2129,M21.29,Flexion deformity (Site unspecified),M212,extension,1
M213,M21.3,Wrist or foot drop (acquired),M21,subcategory,1
M2133,M21.33,Wrist or foot drop (acquired) (Forearm),M213,extension,1
M2134,M21.34,Wrist or foot drop (acquired) (Hand),M213,extension,1
M2136,M21.36,Wrist or foot drop (acquired)-Lower leg,M213,extension,1
M2137,M21.37,Wrist or foot drop (acquired) (Ankle and foot),M213,extension,1
M214,M21.4,Flat foot [pes planus] (acquired),M21,subcategory,1
M2147,M21.47,Flat foot [pes planus] (acquired)-Ankle/foot,M214,extension,1
M215,M21.5,"Acquired clawhand, clubhand, clawfoot and clubfoot",M21,subcategory,1
M2154,M21.54,"Acquired clawhand, clubhand, clawfoot and clubfoot (Hand)",M215,extension,1
M2157,M21.57,"Acquired clawhand, clubhand, clawfoot and clubfoot (Ankle and foot)",M215,extension,1
M216,M21.6,Other acquired deformities of ankle and foot,M21,subcategory,1
M2161,M21.61,Other acquired deformities of ankle and foot-Shldr region,M216,extension,1
M2162,M21.62,Other acquired deformities of ankle and foot-Upper arm,M216,extension,1
M2167,M21.67,Other acquired deformities of ankle and foot-Ankle/foot,M216,extension,1
M217,M21.7,Unequal limb length (acquired),M21,subcategory,1
M2173,M21.73,Unequal limb length (acquired) (Forearm),M217,extension,1
M2175,M21.75,Unequal limb length (acquired) (Pelvic region and thigh),M217,extension,1
M2176,M21.76,Unequal limb length (acquired) (Lower leg),M217,extension,1
M218,M21.8,Other specified acquired deformities of limbs,M21,subcategory,1
M2180,M21.80,Other specified acquired deformities of limbs (Multiple sites),M218,extension,1
M2182,M21.82,Other specified acquired deformities of limbs (Upper arm),M218,extension,1
M2183,M21.83,Other specified acquired deformities of limbs (Forearm),M218,extension,1
M2184,M21.84,Other specified acquired deformities of limbs (Hand),M218,extension,1
M2185,M21.85,Other specified acquired deformities of limbs (Pelvic region and thigh),M218,extension,1
M2186,M21.86,Other specified acquired deformities of limbs (Lower leg),M218,extension,1
M2187,M21.87,Other specified acquired deformities of limbs (Ankle and foot),M218,extension,1
M219,M21.9,"Acquired deformity of limb, unspecified",M21,subcategory,1
M2191,M21.91,"Acquired deformity of limb, unspecified (Shoulder region)",M219,extension,1
M2192,M21.92,"Acquired deformity of limb, unspecified (Upper arm)",M219,extension,1
M2194,M21.94,"Acquired deformity of limb, unspecified (Hand)",M219,extension,1
M2195,M21.95,"Acquired deformity of limb, unspecified (Pelvic region and thigh)",M219,extension,1
M2196,M21.96,"Acquired deformity of limb, unspecified (Lower leg)",M219,extension,1
M2197,M21.97,"Acquired deformity of limb, unspecified (Ankle and foot)",M219,extension,1
M2199,M21.99,"Acquired deformity of limb, unspecified (Site unspecified)",M219,extension,1
M22,M22,Disorders of patella,M20-M25,category,1
M220,M22.0,Recurrent dislocation of patella,M22,subcategory,1
M221,M22.1,Recurrent subluxation of patella,M22,subcategory,1
M2210,M22.10,"Recurrent subluxation of patella, unspecified knee",M221,extension,1
M222,M22.2,Patellofemoral disorders,M22,subcategory,1
M223,M22.3,Other derangements of patella,M22,subcategory,1
M224,M22.4,Chondromalacia patellae,M22,subcategory,1
M2240,M22.40,"Chondromalacia patellae, unspecified knee",M224,extension,1
M228,M22.8,Other disorders of patella,M22,subcategory,1
M229,M22.9,"Disorder of patella, unspecified",M22,subcategory,1
M23,M23,Internal derangement of knee,M20-M25,category,1
M230,M23.0,Cystic meniscus,M23,subcategory,1
M2300,M23.00,Cystic meniscus (Multiple sites),M230,extension,1
M2301,M23.01,Cystic meniscus (Anterior cruciate ligament or Anterior horn of medial meniscus),M230,extension,1
M2302,M23.02,Cystic meniscus (Posterior cruciate ligament or Posterior horn of medial meniscus),M230,extension,1
M2303,M23.03,Cystic meniscus (Medial collateral ligament or Other and unspecified medial meniscus),M230,extension,1
M2304,M23.04,Cystic meniscus (Lateral collateral ligament or Anterior horn of lateral meniscus),M230,extension,1
M2306,M23.06,Cystic meniscus (Other and unspecified lateral meniscus),M230,extension,1
M2309,M23.09,Cystic meniscus (Unspecified ligament or Unspecified meniscus),M230,extension,1
M231,M23.1,Discoid meniscus (congenital),M23,subcategory,1
M2310,M23.10,Discoid meniscus (congenital) (Multiple sites),M231,extension,1
M2314,M23.14,Discoid meniscus (congenital) (Lateral collateral ligament or Anterior horn of lateral meniscus),M231,extension,1
M2316,M23.16,Discoid meniscus (congenital) (Other and unspecified lateral meniscus),M231,extension,1
M232,M23.2,Derangement of meniscus due to old tear or injury,M23,subcategory,1
M2320,M23.20,Derangement of meniscus due to old tear or injury (Multiple sites),M232,extension,1
M2321,M23.21,Derangement of meniscus due to old tear or injury (Anterior cruciate ligament or Anterior horn of medial meniscus),M232,extension,1
M2322,M23.22,Derangement of meniscus due to old tear or injury (Posterior cruciate ligament or Posterior horn of medial meniscus),M232,extension,1
M2323,M23.23,Derangement of meniscus due to old tear or injury (Medial collateral ligament or Other and unspecified medial meniscus),M232,extension,1
M2324,M23.24,Derangement of meniscus due to old tear or injury (Lateral collateral ligament or Anterior horn of lateral meniscus),M232,extension,1
M2325,M23.25,Derangement of meniscus due to old tear or injury (Posterior horn of lateral meniscus),M232,extension,1
M2326,M23.26,Derangement of meniscus due to old tear or injury (Other and unspecified lateral meniscus),M232,extension,1
M2327,M23.27,Derangement of meniscus due to old tear or injury-Capsular,M232,extension,1
M2329,M23.29,Derangement of meniscus due to old tear or injury (Unspecified ligament or Unspecified meniscus),M232,extension,1
M233,M23.3,Other meniscus derangements,M23,subcategory,1
M2330,M23.30,Other meniscus derangements (Multiple sites),M233,extension,1
M2331,M23.31,Other meniscus derangements (Anterior cruciate ligament or Anterior horn of medial meniscus),M233,extension,1
M2332,M23.32,Other meniscus derangements (Posterior cruciate ligament or Posterior horn of medial meniscus),M233,extension,1
M2333,M23.33,Other meniscus derangements (Medial collateral ligament or Other and unspecified medial meniscus),M233,extension,1
M2334,M23.34,Other meniscus derangements (Lateral collateral ligament or Anterior horn of lateral meniscus),M233,extension,1
M2335,M23.35,Other meniscus derangements (Posterior horn of lateral meniscus),M233,extension,1
M2336,M23.36,Other meniscus derangements (Other and unspecified lateral meniscus),M233,extension,1
M2337,M23.37,Other meniscus derangements-Capsular lig,M233,extension,1
M2339,M23.39,Other meniscus derangements (Unspecified ligament or Unspecified meniscus),M233,extension,1
M234,M23.4,Loose body in knee,M23,subcategory,1
M2340,M23.40,Loose body in knee-Mult sites,M234,extension,1
M2341,M23.41,Loose body in knee-Ant lig/hrn men,M234,extension,1
M2342,M23.42,Loose body in knee-Pst lig/hrn men,M234,extension,1
M2343,M23.43,Loose body in knee-Med lig/oth men,M234,extension,1
M2344,M23.44,Loose body in knee-Lat lig/ant men,M234,extension,1
M2346,M23.46,Loose body in knee-O/unsp lat men,M234,extension,1
M2347,M23.47,Loose body in knee-Capsular lig,M234,extension,1
M2349,M23.49,Loose body in knee-Unspec lig/men,M234,extension,1
M235,M23.5,Chronic instability of knee,M23,subcategory,1
M2350,M23.50,Chronic instability of knee (Multiple sites),M235,extension,1
M2351,M23.51,Chronic instability of knee (Anterior cruciate ligament or Anterior horn of medial meniscus),M235,extension,1
M2352,M23.52,Chronic instability of knee (Posterior cruciate ligament or Posterior horn of medial meniscus),M235,extension,1
M2353,M23.53,Chronic instability of knee (Medial collateral ligament or Other and unspecified medial meniscus),M235,extension,1
M2354,M23.54,Chronic instability of knee (Lateral collateral ligament or Anterior horn of lateral meniscus),M235,extension,1
M2355,M23.55,Chronic instability of knee (Posterior horn of lateral meniscus),M235,extension,1
M2356,M23.56,Chronic instability of knee (Other and unspecified lateral meniscus),M235,extension,1
M2357,M23.57,Chronic instability of knee (Capsular ligament),M235,extension,1
M2359,M23.59,Chronic instability of knee (Unspecified ligament or Unspecified meniscus),M235,extension,1
M236,M23.6,Other spontaneous disruption of ligament(s) of knee,M23,subcategory,1
M2360,M23.60,Other spontaneous disruption of ligament(s) of knee (Multiple sites),M236,extension,1
M2361,M23.61,Other spontaneous disruption of ligament(s) of knee (Anterior cruciate ligament or Anterior horn of medial meniscus),M236,extension,1
M2362,M23.62,Other spontaneous disruption of ligament(s) of knee (Posterior cruciate ligament or Posterior horn of medial meniscus),M236,extension,1
M2367,M23.67,Other spontaneous disruption of ligament(s) of knee (Capsular ligament),M236,extension,1
M2369,M23.69,Other spontaneous disruption of ligament(s) of knee (Unspecified ligament or Unspecified meniscus),M236,extension,1
M238,M23.8,Other internal derangements of knee,M23,subcategory,1
M2380,M23.80,Other internal derangements of knee (Multiple sites),M238,extension,1
M2381,M23.81,Other internal derangements of knee (Anterior cruciate ligament or Anterior horn of medial meniscus),M238,extension,1
M2382,M23.82,Other internal derangements of knee (Posterior cruciate ligament or Posterior horn of medial meniscus),M238,extension,1
M2383,M23.83,Other internal derangements of knee (Medial collateral ligament or Other and unspecified medial meniscus),M238,extension,1
M2384,M23.84,Other internal derangements of knee (Lateral collateral ligament or Anterior horn of lateral meniscus),M238,extension,1
M2385,M23.85,Other internal derangements of knee (Posterior horn of lateral meniscus),M238,extension,1
M2386,M23.86,Other internal derangements of knee (Other and unspecified lateral meniscus),M238,extension,1
M2387,M23.87,Other internal derangements of knee (Capsular ligament),M238,extension,1
M2389,M23.89,Other internal derangements of knee (Unspecified ligament or Unspecified meniscus),M238,extension,1
M239,M23.9,"Internal derangement of knee, unspecified",M23,subcategory,1
M2390,M23.90,"Internal derangement of knee, unspecified (Multiple sites)",M239,extension,1
M2391,M23.91,"Internal derangement of knee, unspecified (Anterior cruciate ligament or Anterior horn of medial meniscus)",M239,extension,1
M2392,M23.92,"Internal derangement of knee, unspecified (Posterior cruciate ligament or Posterior horn of medial meniscus)",M239,extension,1
M2393,M23.93,"Internal derangement of knee, unspecified (Medial collateral ligament or Other and unspecified medial meniscus)",M239,extension,1
M2394,M23.94,"Internal derangement of knee, unspecified (Lateral collateral ligament or Anterior horn of lateral meniscus)",M239,extension,1
M2397,M23.97,"Internal derangement of knee, unspecified (Capsular ligament)",M239,extension,1
M2399,M23.99,"Internal derangement of knee, unspecified (Unspecified ligament or Unspecified meniscus)",M239,extension,1
M24,M24,Other specific joint derangements,M20-M25,category,0
M240,M24.0,Loose body in joint,M24,subcategory,1
M2401,M24.01,Loose body in joint (Shoulder region),M240,extension,1
M2402,M24.02,Loose body in joint (Upper arm),M240,extension,1
M2403,M24.03,Loose body in joint (Forearm),M240,extension,1
M2404,M24.04,Loose body in joint (Hand),M240,extension,1
M2405,M24.05,Loose body in joint (Pelvic region and thigh),M240,extension,1
M2406,M24.06,Loose body in joint-Lower leg,M240,extension,1
M2407,M24.07,Loose body in joint (Ankle and foot),M240,extension,1
M241,M24.1,Other articular cartilage disorders,M24,subcategory,1
M2410,M24.10,Other articular cartilage disorders (Multiple sites),M241,extension,1
M2411,M24.11,Other articular cartilage disorders (Shoulder region),M241,extension,1
M2413,M24.13,Other articular cartilage disorders (Forearm),M241,extension,1
M2414,M24.14,Other articular cartilage disorders (Hand),M241,extension,1
M2415,M24.15,Other articular cartilage disorders (Pelvic region and thigh),M241,extension,1
M2416,M24.16,Other articular cartilage disorders (Lower leg),M241,extension,1
M2417,M24.17,Other articular cartilage disorders (Ankle and foot),M241,extension,1
M242,M24.2,Disorder of ligament,M24,subcategory,1
M2420,M24.20,Disorder of ligament (Multiple sites),M242,extension,1
M2421,M24.21,Disorder of ligament (Shoulder region),M242,extension,1
M2422,M24.22,Disorder of ligament (Upper arm),M242,extension,1
M2423,M24.23,Disorder of ligament (Forearm),M242,extension,1
M2424,M24.24,Disorder of ligament (Hand),M242,extension,1
M2425,M24.25,Disorder of ligament (Pelvic region and thigh),M242,extension,1
M2426,M24.26,Disorder of ligament (Lower leg),M242,extension,1
M2427,M24.27,Disorder of ligament (Ankle and foot),M242,extension,1
M2428,M24.28,Disorder of ligament (Other),M242,extension,1
M2429,M24.29,Disorder of ligament (Site unspecified),M242,extension,1
M243,M24.3,"Pathological dislocation and subluxation of joint, not elsewhere classified",M24,subcategory,1
M2431,M24.31,"Pathological dislocation and subluxation of joint, not elsewhere classified (Shoulder region)",M243,extension,1
M2433,M24.33,"Pathological dislocation and subluxation of joint, not elsewhere classified (Forearm)",M243,extension,1
M2434,M24.34,"Pathological dislocation and subluxation of joint, not elsewhere classified (Hand)",M243,extension,1
M2435,M24.35,"Pathological dislocation and subluxation of joint, not elsewhere classified (Pelvic region and thigh)",M243,extension,1
M2437,M24.37,"Pathological dislocation and subluxation of joint, not elsewhere classified (Ankle and foot)",M243,extension,1
M244,M24.4,Recurrent dislocation and subluxation of joint,M24,subcategory,1
M2441,M24.41,Recurrent dislocation and subluxation of joint (Shoulder region),M244,extension,1
M2442,M24.42,Recurrent dislocation and subluxation of joint (Upper arm),M244,extension,1
M2443,M24.43,Recurrent dislocation and subluxation of joint (Forearm),M244,extension,1
M2444,M24.44,Recurrent dislocation and subluxation of joint (Hand),M244,extension,1
M2445,M24.45,Recurrent dislocation and subluxation of joint (Pelvic region and thigh),M244,extension,1
M2446,M24.46,Recurrent dislocation and subluxation of joint (Lower leg),M244,extension,1
M2447,M24.47,Recurrent dislocation and subluxation of joint (Ankle and foot),M244,extension,1
M245,M24.5,Contracture of joint,M24,subcategory,1
M2450,M24.50,Contracture of joint (Multiple sites),M245,extension,1
M2451,M24.51,Contracture of joint (Shoulder region),M245,extension,1
M2452,M24.52,Contracture of joint (Upper arm),M245,extension,1
M2453,M24.53,Contracture of joint (Forearm),M245,extension,1
M2454,M24.54,Contracture of joint (Hand),M245,extension,1
M2455,M24.55,Contracture of joint (Pelvic region and thigh),M245,extension,1
M2456,M24.56,Contracture of joint (Lower leg),M245,extension,1
M2457,M24.57,Contracture of joint (Ankle and foot),M245,extension,1
M2459,M24.59,Contracture of joint (Site unspecified),M245,extension,1
M246,M24.6,Ankylosis of joint,M24,subcategory,1
M2460,M24.60,Ankylosis of joint (Multiple sites),M246,extension,1
M2461,M24.61,Ankylosis of joint (Shoulder region),M246,extension,1
M2464,M24.64,Ankylosis of joint (Hand),M246,extension,1
M2465,M24.65,Ankylosis of joint (Pelvic region and thigh),M246,extension,1
M2466,M24.66,Ankylosis of joint (Lower leg),M246,extension,1
M2467,M24.67,Ankylosis of joint (Ankle and foot),M246,extension,1
M247,M24.7,Protrusio acetabuli,M24,subcategory,1
M2475,M24.75,Protrusio acetabuli-Pelvic/thigh,M247,extension,1
M2478,M24.78,Protrusio acetabuli-Other,M247,extension,1
M2479,M24.79,Protrusio acetabuli-Site unspec,M247,extension,1
M248,M24.8,"Other specific joint derangements, not elsewhere classified",M24,subcategory,1
M2480,M24.80,"Other specific joint derangements, not elsewhere classified (Multiple sites)",M248,extension,1
M2481,M24.81,"Other specific joint derangements, not elsewhere classified (Shoulder region)",M248,extension,1
M2482,M24.82,"Other specific joint derangements, not elsewhere classified (Upper arm)",M248,extension,1
M2483,M24.83,"Other specific joint derangements, not elsewhere classified (Forearm)",M248,extension,1
M2484,M24.84,"Other specific joint derangements, not elsewhere classified (Hand)",M248,extension,1
M2485,M24.85,"Other specific joint derangements, not elsewhere classified (Pelvic region and thigh)",M248,extension,1
M2486,M24.86,"Other specific joint derangements, not elsewhere classified (Lower leg)",M248,extension,1
M2487,M24.87,"Other specific joint derangements, not elsewhere classified (Ankle and foot)",M248,extension,1
M2488,M24.88,"Other specific joint derangements, not elsewhere classified (Other)",M248,extension,1
M2489,M24.89,"Other specific joint derangements, not elsewhere classified (Site unspecified)",M248,extension,1
M249,M24.9,"Joint derangement, unspecified",M24,subcategory,1
M2491,M24.91,"Joint derangement, unspecified (Shoulder region)",M249,extension,1
M2493,M24.93,"Joint derangement, unspecified (Forearm)",M249,extension,1
M2494,M24.94,"Joint derangement, unspecified (Hand)",M249,extension,1
M2496,M24.96,"Joint derangement, unspecified (Lower leg)",M249,extension,1
M2497,M24.97,"Joint derangement, unspecified (Ankle and foot)",M249,extension,1
M25,M25,"Other joint disorders, not elsewhere classified",M20-M25,category,1
M250,M25.0,Haemarthrosis,M25,subcategory,1
M2501,M25.01,Haemarthrosis (Shoulder region),M250,extension,1
M2502,M25.02,Haemarthrosis (Upper arm),M250,extension,1
M2504,M25.04,Haemarthrosis (Hand),M250,extension,1
M2505,M25.05,Haemarthrosis (Pelvic region and thigh),M250,extension,1
M2506,M25.06,Haemarthrosis (Lower leg),M250,extension,1
M2507,M25.07,Haemarthrosis (Ankle and foot),M250,extension,1
M2508,M25.08,Haemarthrosis (Other),M250,extension,1
M251,M25.1,Fistula of joint,M25,subcategory,0
M2511,M25.11,Fistula of joint (Shoulder region),M251,extension,1
M2512,M25.12,Fistula of joint (Upper arm),M251,extension,1
M2516,M25.16,Fistula of joint (Lower leg),M251,extension,1
M2517,M25.17,Fistula of joint (Ankle and foot),M251,extension,1
M252,M25.2,Flail joint,M25,subcategory,1
M2521,M25.21,Flail joint (Shoulder region),M252,extension,1
M2526,M25.26,Flail joint (Lower leg),M252,extension,1
M2527,M25.27,Flail joint (Ankle and foot),M252,extension,1
M253,M25.3,Other instability of joint,M25,subcategory,1
M2531,M25.31,Other instability of joint (Shoulder region),M253,extension,1
M2532,M25.32,Other instability of joint (Upper arm),M253,extension,1
M2533,M25.33,Other instability of joint (Forearm),M253,extension,1
M2534,M25.34,Other instability of joint (Hand),M253,extension,1
M2535,M25.35,Other instability of joint (Pelvic region and thigh),M253,extension,1
M2536,M25.36,Other instability of joint (Lower leg),M253,extension,1
M2537,M25.37,Other instability of joint (Ankle and foot),M253,extension,1
M2539,M25.39,Other instability of joint (Site unspecified),M253,extension,1
M254,M25.4,Effusion of joint,M25,subcategory,1
M2540,M25.40,Effusion of joint (Multiple sites),M254,extension,1
M2541,M25.41,Effusion of joint (Shoulder region),M254,extension,1
M2542,M25.42,Effusion of joint (Upper arm),M254,extension,1
M2543,M25.43,Effusion of joint (Forearm),M254,extension,1
M2544,M25.44,Effusion of joint (Hand),M254,extension,1
M2545,M25.45,Effusion of joint (Pelvic region and thigh),M254,extension,1
M2546,M25.46,Effusion of joint (Lower leg),M254,extension,1
M2547,M25.47,Effusion of joint (Ankle and foot),M254,extension,1
M2548,M25.48,Effusion of joint (Other),M254,extension,1
M2549,M25.49,Effusion of joint (Site unspecified),M254,extension,1
M255,M25.5,Pain in joint,M25,subcategory,1
M2550,M25.50,Pain in joint (Multiple sites),M255,extension,1
M2551,M25.51,Pain in joint (Shoulder region),M255,extension,1
M2552,M25.52,Pain in joint (Upper arm),M255,extension,1
M2553,M25.53,Pain in joint (Forearm),M255,extension,1
M2554,M25.54,Pain in joint (Hand),M255,extension,1
M2555,M25.55,Pain in joint (Pelvic region and thigh),M255,extension,1
M2556,M25.56,Pain in joint (Lower leg),M255,extension,1
M2557,M25.57,Pain in joint (Ankle and foot),M255,extension,1
M2558,M25.58,Pain in joint (Other),M255,extension,1
M2559,M25.59,Pain in joint (Site unspecified),M255,extension,1
M256,M25.6,"Stiffness of joint, not elsewhere classified",M25,subcategory,1
M2560,M25.60,"Stiffness of joint, not elsewhere classified (Multiple sites)",M256,extension,1
M2561,M25.61,"Stiffness of joint, not elsewhere classified (Shoulder region)",M256,extension,1
M2562,M25.62,"Stiffness of joint, not elsewhere classified (Upper arm)",M256,extension,1
M2563,M25.63,"Stiffness of joint, not elsewhere classified (Forearm)",M256,extension,1
M2564,M25.64,"Stiffness of joint, not elsewhere classified (Hand)",M256,extension,1
M2565,M25.65,"Stiffness of joint, not elsewhere classified (Pelvic region and thigh)",M256,extension,1
M2566,M25.66,"Stiffness of joint, not elsewhere classified (Lower leg)",M256,extension,1
M2567,M25.67,"Stiffness of joint, not elsewhere classified (Ankle and foot)",M256,extension,1
M2568,M25.68,"Stiffness of joint, not elsewhere classified (Other)",M256,extension,1
M2569,M25.69,"Stiffness of joint, not elsewhere classified (Site unspecified)",M256,extension,1
M257,M25.7,Osteophyte,M25,subcategory,1
M2570,M25.70,Osteophyte (Multiple sites),M257,extension,1
M2571,M25.71,Osteophyte (Shoulder region),M257,extension,1
M2572,M25.72,Osteophyte (Upper arm),M257,extension,1
M2573,M25.73,Osteophyte (Forearm),M257,extension,1
M2574,M25.74,Osteophyte (Hand),M257,extension,1
M2575,M25.75,Osteophyte (Pelvic region and thigh),M257,extension,1
M2576,M25.76,Osteophyte (Lower leg),M257,extension,1
M2577,M25.77,Osteophyte (Ankle and foot),M257,extension,1
M2578,M25.78,Osteophyte (Other),M257,extension,1
M2579,M25.79,Osteophyte (Site unspecified),M257,extension,1
M258,M25.8,Other specified joint disorders,M25,subcategory,1
M2580,M25.80,Other specified joint disorders (Multiple sites),M258,extension,1
M2581,M25.81,Other specified joint disorders (Shoulder region),M258,extension,1
M2582,M25.82,Other specified joint disorders (Upper arm),M258,extension,1
M2583,M25.83,Other specified joint disorders (Forearm),M258,extension,1
M2584,M25.84,Other specified joint disorders (Hand),M258,extension,1
M2585,M25.85,Other specified joint disorders (Pelvic region and thigh),M258,extension,1
M2586,M25.86,Other specified joint disorders (Lower leg),M258,extension,1
M2587,M25.87,Other specified joint disorders (Ankle and foot),M258,extension,1
M2588,M25.88,Other specified joint disorders (Other),M258,extension,1
M259,M25.9,"Joint disorder, unspecified",M25,subcategory,1
M2590,M25.90,"Joint disorder, unspecified (Multiple sites)",M259,extension,1
M2591,M25.91,"Joint disorder, unspecified (Shoulder region)",M259,extension,1
M2592,M25.92,"Joint disorder, unspecified (Upper arm)",M259,extension,1
M2593,M25.93,"Joint disorder, unspecified (Forearm)",M259,extension,1
M2594,M25.94,"Joint disorder, unspecified (Hand)",M259,extension,1
M2595,M25.95,"Joint disorder, unspecified (Pelvic region and thigh)",M259,extension,1
M2596,M25.96,"Joint disorder, unspecified (Lower leg)",M259,extension,1
M2597,M25.97,"Joint disorder, unspecified (Ankle and foot)",M259,extension,1
M2598,M25.98,"Joint disorder, unspecified (Other)",M259,extension,1
M2599,M25.99,"Joint disorder, unspecified (Site unspecified)",M259,extension,1
M26,M26,Dentofacial anomalies [including malocclusion],,category,0
M269,M26.9,"Dentofacial anomaly, unspecified",M26,subcategory,1
M27,M27,Other diseases of jaws,,category,0
M272,M27.2,Inflammatory conditions of jaws,M27,subcategory,1
M274,M27.4,Other and unspecified cysts of jaw,M27,subcategory,0
M2749,M27.49,Other cysts of jaw,M274,extension,1
M30,M30,Polyarteritis nodosa and related conditions,M30-M36,category,1
M300,M30.0,Polyarteritis nodosa,M30,subcategory,1
M301,M30.1,Polyarteritis with lung involvement [Churg-Strauss],M30,subcategory,1
M302,M30.2,Juvenile polyarteritis,M30,subcategory,1
M303,M30.3,Mucocutaneous lymph node syndrome [Kawasaki],M30,subcategory,1
M308,M30.8,Other conditions related to polyarteritis nodosa,M30,subcategory,1
M31,M31,Other necrotising vasculopathies,M30-M36,category,0
M310,M31.0,Hypersensitivity angiitis,M31,subcategory,1
M311,M31.1,Thrombotic microangiopathy,M31,subcategory,1
M312,M31.2,Lethal midline granuloma,M31,subcategory,1
M313,M31.3,Wegener's granulomatosis,M31,subcategory,1
M3130,M31.30,Wegener's granulomatosis without renal involvement,M313,extension,1
M314,M31.4,Aortic arch syndrome [Takayasu],M31,subcategory,1
M315,M31.5,Giant cell arteritis with polymyalgia rheumatica,M31,subcategory,1
M316,M31.6,Other giant cell arteritis,M31,subcategory,1
M317,M31.7,Microscopic polyangiitis,M31,subcategory,1
M318,M31.8,Other specified necrotising vasculopathies,M31,subcategory,1
M319,M31.9,"Necrotising vasculopathy, unspecified",M31,subcategory,1
M32,M32,Systemic lupus erythematosus,M30-M36,category,1
M320,M32.0,Drug-induced systemic lupus erythematosus,M32,subcategory,1
M321,M32.1,Systemic lupus erythematosus with organ or system involvement,M32,subcategory,1
M3210,M32.10,"Systemic lupus erythematosus, organ or system involvement unspecified",M321,extension,1
M328,M32.8,Other forms of systemic lupus erythematosus,M32,subcategory,1
M329,M32.9,"Systemic lupus erythematosus, unspecified",M32,subcategory,1
M33,M33,Dermatopolymyositis,M30-M36,category,0
M330,M33.0,Juvenile dermatomyositis,M33,subcategory,0
M3303,M33.03,Juvenile dermatomyositis without myopathy,M330,extension,1
M331,M33.1,Other dermatomyositis,M33,subcategory,1
M3313,M33.13,Other dermatomyositis without myopathy,M331,extension,1
M332,M33.2,Polymyositis,M33,subcategory,1
M339,M33.9,"Dermatopolymyositis, unspecified",M33,subcategory,1
M3390,M33.90,"Dermatopolymyositis, unspecified, organ involvement unspecified",M339,extension,1
M3393,M33.93,"Dermatopolymyositis, unspecified without myopathy",M339,extension,1
M34,M34,Systemic sclerosis,M30-M36,category,1
M340,M34.0,Progressive systemic sclerosis,M34,subcategory,1
M341,M34.1,CR(E)ST syndrome,M34,subcategory,1
M342,M34.2,Systemic sclerosis induced by drugs and chemicals,M34,subcategory,1
M348,M34.8,Other forms of systemic sclerosis,M34,subcategory,1
M349,M34.9,"Systemic sclerosis, unspecified",M34,subcategory,1
M35,M35,Other systemic involvement of connective tissue,M30-M36,category,1
M350,M35.0,Sicca syndrome [Sjogren],M35,subcategory,1
M3500,M35.00,"Sjogren syndrome, unspecified",M350,extension,1
M3501,M35.01,Sjogren syndrome with keratoconjunctivitis,M350,extension,1
M351,M35.1,Other overlap syndromes,M35,subcategory,1
M352,M35.2,Behcet's disease,M35,subcategory,1
M353,M35.3,Polymyalgia rheumatica,M35,subcategory,1
M354,M35.4,Diffuse (eosinophilic) fasciitis,M35,subcategory,1
M355,M35.5,Multifocal fibrosclerosis,M35,subcategory,1
M357,M35.7,Hypermobility syndrome,M35,subcategory,1
M358,M35.8,Other specified systemic involvement of connective tissue,M35,subcategory,1
M359,M35.9,"Systemic involvement of connective tissue, unspecified",M35,subcategory,1
M3599,M35.99,"Systemic involvement of connective tissue, unspecified, Site unspecified",M359,extension,1
M36,M36,Systemic disorders of connective tissue in diseases classified elsewhere,M30-M36,category,0
M360,M36.0,Dermato(poly)myositis in neoplastic disease,M36,subcategory,1
M362,M36.2,Haemophilic arthropathy,M36,subcategory,1
M363,M36.3,Arthropathy in other blood disorders,M36,subcategory,1
M364,M36.4,Arthropathy in hypersensitivity reactions classified elsewhere,M36,subcategory,1
M368,M36.8,Systemic disorders of connective tissue in other diseases classified elsewhere,M36,subcategory,1
M40,M40,Kyphosis and lordosis,M40-M43,category,1
M400,M40.0,Postural kyphosis,M40,subcategory,1
M4004,M40.04,Postural kyphosis (Thoracic region),M400,extension,1
M4005,M40.05,Postural kyphosis (Thoracolumbar region),M400,extension,1
M401,M40.1,Other secondary kyphosis,M40,subcategory,1
M4010,M40.10,Other secondary kyphosis (Multiple sites in spine),M401,extension,1
M4014,M40.14,Other secondary kyphosis (Thoracic region),M401,extension,1
M4015,M40.15,Other secondary kyphosis (Thoracolumbar region),M401,extension,1
M4019,M40.19,Other secondary kyphosis (Site unspecified),M401,extension,1
M402,M40.2,Other and unspecified kyphosis,M40,subcategory,1
M4020,M40.20,Other and unspecified kyphosis (Multiple sites in spine),M402,extension,1
M4022,M40.22,Other and unspecified kyphosis (Cervical region),M402,extension,1
M4024,M40.24,Other and unspecified kyphosis (Thoracic region),M402,extension,1
M4025,M40.25,Other and unspecified kyphosis (Thoracolumbar region),M402,extension,1
M4026,M40.26,Other and unspecified kyphosis (Lumbar region),M402,extension,1
M4027,M40.27,Other and unspecified kyphosis (Lumbosacral region),M402,extension,1
M4028,M40.28,Other and unspecified kyphosis (Sacral and sacrococcygeal region),M402,extension,1
M4029,M40.29,Other and unspecified kyphosis (Site unspecified),M402,extension,1
M403,M40.3,Flatback syndrome,M40,subcategory,1
M404,M40.4,Other lordosis,M40,subcategory,1
M4042,M40.42,Other lordosis (Cervical region),M404,extension,1
M4046,M40.46,Other lordosis (Lumbar region),M404,extension,1
M405,M40.5,"Lordosis, unspecified",M40,subcategory,1
M4052,M40.52,"Lordosis, unspecified (Cervical region)",M405,extension,1
M4054,M40.54,"Lordosis, unspecified (Thoracic region)",M405,extension,1
M4056,M40.56,"Lordosis, unspecified (Lumbar region)",M405,extension,1
M4057,M40.57,"Lordosis, unspecified (Lumbosacral region)",M405,extension,1
M4058,M40.58,"Lordosis, unspecified (Sacral and sacrococcygeal region)",M405,extension,1
M4059,M40.59,"Lordosis, unspecified (Site unspecified)",M405,extension,1
M41,M41,Scoliosis,M40-M43,category,1
M411,M41.1,Juvenile idiopathic scoliosis,M41,subcategory,1
M4110,M41.10,Juvenile idiopathic scoliosis (Multiple sites in spine),M411,extension,1
M4115,M41.15,Juvenile idiopathic scoliosis (Thoracolumbar region),M411,extension,1
M4116,M41.16,Juvenile idiopathic scoliosis (Lumbar region),M411,extension,1
M4119,M41.19,Juvenile idiopathic scoliosis (Site unspecified),M411,extension,1
M412,M41.2,Other idiopathic scoliosis,M41,subcategory,1
M4120,M41.20,Other idiopathic scoliosis (Multiple sites in spine),M412,extension,1
M4124,M41.24,Other idiopathic scoliosis (Thoracic region),M412,extension,1
M4125,M41.25,Other idiopathic scoliosis (Thoracolumbar region),M412,extension,1
M4126,M41.26,Other idiopathic scoliosis (Lumbar region),M412,extension,1
M4127,M41.27,Other idiopathic scoliosis (Lumbosacral region),M412,extension,1
M4129,M41.29,Other idiopathic scoliosis (Site unspecified),M412,extension,1
M413,M41.3,Thoracogenic scoliosis,M41,subcategory,1
M4134,M41.34,Thoracogenic scoliosis (Thoracic region),M413,extension,1
M4135,M41.35,Thoracogenic scoliosis (Thoracolumbar region),M413,extension,1
M4139,M41.39,Thoracogenic scoliosis-Site unspe,M413,extension,1
M414,M41.4,Neuromuscular scoliosis,M41,subcategory,1
M4149,M41.49,Neuromuscular scoliosis (Site unspecified),M414,extension,1
M415,M41.5,Other secondary scoliosis,M41,subcategory,1
M4154,M41.54,Other secondary scoliosis (Thoracic region),M415,extension,1
M4155,M41.55,Other secondary scoliosis (Thoracolumbar region),M415,extension,1
M4156,M41.56,Other secondary scoliosis (Lumbar region),M415,extension,1
M4159,M41.59,Other secondary scoliosis (Site unspecified),M415,extension,1
M418,M41.8,Other forms of scoliosis,M41,subcategory,1
M4180,M41.80,Other forms of scoliosis (Multiple sites in spine),M418,extension,1
M4184,M41.84,Other forms of scoliosis (Thoracic region),M418,extension,1
M4185,M41.85,Other forms of scoliosis (Thoracolumbar region),M418,extension,1
M4186,M41.86,Other forms of scoliosis (Lumbar region),M418,extension,1
M4187,M41.87,Other forms of scoliosis (Lumbosacral region),M418,extension,1
M4189,M41.89,Other forms of scoliosis (Site unspecified),M418,extension,1
M419,M41.9,"Scoliosis, unspecified",M41,subcategory,1
M4190,M41.90,"Scoliosis, unspecified (Multiple sites in spine)",M419,extension,1
M4192,M41.92,"Scoliosis, unspecified (Cervical region)",M419,extension,1
M4193,M41.93,"Scoliosis, unspecified (Cervicothoracic region)",M419,extension,1
M4194,M41.94,"Scoliosis, unspecified (Thoracic region)",M419,extension,1
M4195,M41.95,"Scoliosis, unspecified (Thoracolumbar region)",M419,extension,1
M4196,M41.96,"Scoliosis, unspecified (Lumbar region)",M419,extension,1
M4197,M41.97,"Scoliosis, unspecified (Lumbosacral region)",M419,extension,1
M4198,M41.98,"Scoliosis, unspecified (Sacral and sacrococcygeal region)",M419,extension,1
M4199,M41.99,"Scoliosis, unspecified (Site unspecified)",M419,extension,1
M42,M42,Spinal osteochondrosis,M40-M43,category,0
M420,M42.0,Juvenile osteochondrosis of spine,M42,subcategory,1
M4204,M42.04,Juvenile osteochondrosis of spine (Thoracic region),M420,extension,1
M4209,M42.09,Juvenile osteochondrosis of spine (Site unspecified),M420,extension,1
M421,M42.1,Adult osteochondrosis of spine,M42,subcategory,1
M429,M42.9,"Spinal osteochondrosis, unspecified",M42,subcategory,1
M4290,M42.90,"Spinal osteochondrosis, unspecified (Multiple sites in spine)",M429,extension,1
M4292,M42.92,"Spinal osteochondrosis, unspecified (Cervical region)",M429,extension,1
M4296,M42.96,"Spinal osteochondrosis, unspecified (Lumbar region)",M429,extension,1
M4299,M42.99,"Spinal osteochondrosis, unspecified (Site unspecified)",M429,extension,1
M43,M43,Other deforming dorsopathies,M40-M43,category,0
M430,M43.0,Spondylolysis,M43,subcategory,1
M4300,M43.00,Spondylolysis (Multiple sites in spine),M430,extension,1
M4302,M43.02,Spondylolysis (Cervical region),M430,extension,1
M4303,M43.03,Spondylolysis (Cervicothoracic region),M430,extension,1
M4304,M43.04,Spondylolysis (Thoracic region),M430,extension,1
M4305,M43.05,Spondylolysis (Thoracolumbar region),M430,extension,1
M4306,M43.06,Spondylolysis (Lumbar region),M430,extension,1
M4307,M43.07,Spondylolysis (Lumbosacral region),M430,extension,1
M4308,M43.08,Spondylolysis (Sacral and sacrococcygeal region),M430,extension,1
M4309,M43.09,Spondylolysis (Site unspecified),M430,extension,1
M431,M43.1,Spondylolisthesis,M43,subcategory,1
M4310,M43.10,Spondylolisthesis (Multiple sites in spine),M431,extension,1
M4312,M43.12,Spondylolisthesis (Cervical region),M431,extension,1
M4313,M43.13,Spondylolisthesis (Cervicothoracic region),M431,extension,1
M4314,M43.14,Spondylolisthesis (Thoracic region),M431,extension,1
M4315,M43.15,Spondylolisthesis (Thoracolumbar region),M431,extension,1
M4316,M43.16,Spondylolisthesis (Lumbar region),M431,extension,1
M4317,M43.17,Spondylolisthesis (Lumbosacral region),M431,extension,1
M4318,M43.18,Spondylolisthesis (Sacral and sacrococcygeal region),M431,extension,1
M4319,M43.19,Spondylolisthesis (Site unspecified),M431,extension,1
M432,M43.2,Other fusion of spine,M43,subcategory,1
M4320,M43.20,Other fusion of spine (Multiple sites in spine),M432,extension,1
M4322,M43.22,Other fusion of spine (Cervical region),M432,extension,1
M4324,M43.24,Other fusion of spine (Thoracic region),M432,extension,1
M4326,M43.26,Other fusion of spine (Lumbar region),M432,extension,1
M4327,M43.27,Other fusion of spine (Lumbosacral region),M432,extension,1
M4328,M43.28,Other fusion of spine (Sacral and sacrococcygeal region),M432,extension,1
M4329,M43.29,Other fusion of spine (Site unspecified),M432,extension,1
M433,M43.3,Recurrent atlantoaxial subluxation with myelopathy,M43,subcategory,0
M4332,M43.32,Recurrent atlantoaxial subluxation with myelopathy (Cervical region),M433,extension,1
M434,M43.4,Other recurrent atlantoaxial subluxation,M43,subcategory,1
M4341,M43.41,Other recurrent atlantoaxial subluxation-Occipit-atl-axl,M434,extension,1
M435,M43.5,Other recurrent vertebral subluxation,M43,subcategory,1
M436,M43.6,Torticollis,M43,subcategory,1
M4362,M43.62,Torticollis-Cervical,M436,extension,1
M4369,M43.69,Torticollis-Site unspe,M436,extension,1
M438,M43.8,Other specified deforming dorsopathies,M43,subcategory,1
M4380,M43.80,Other specified deforming dorsopathies (Multiple sites in spine),M438,extension,1
M4382,M43.82,Other specified deforming dorsopathies (Cervical region),M438,extension,1
M4386,M43.86,Other specified deforming dorsopathies (Lumbar region),M438,extension,1
M4387,M43.87,Other specified deforming dorsopathies (Lumbosacral region),M438,extension,1
M4389,M43.89,Other specified deforming dorsopathies (Site unspecified),M438,extension,1
M439,M43.9,"Deforming dorsopathy, unspecified",M43,subcategory,1
M4390,M43.90,"Deforming dorsopathy, unspecified (Multiple sites in spine)",M439,extension,1
M4392,M43.92,"Deforming dorsopathy, unspecified (Cervical region)",M439,extension,1
M4393,M43.93,"Deforming dorsopathy, unspecified (Cervicothoracic region)",M439,extension,1
M4394,M43.94,"Deforming dorsopathy, unspecified (Thoracic region)",M439,extension,1
M4395,M43.95,"Deforming dorsopathy, unspecified (Thoracolumbar region)",M439,extension,1
M4396,M43.96,"Deforming dorsopathy, unspecified (Lumbar region)",M439,extension,1
M4399,M43.99,"Deforming dorsopathy, unspecified (Site unspecified)",M439,extension,1
M45,M45,Ankylosing spondylitis,M45-M49,category,1
M459,M45.9,Ankylosing spondylitis of unspecified sites in spine,M45,subcategory,1
M46,M46,Other inflammatory spondylopathies,M45-M49,category,1
M460,M46.0,Spinal enthesopathy,M46,subcategory,1
M4600,M46.00,Spinal enthesopathy (Multiple sites in spine),M460,extension,1
M4602,M46.02,Spinal enthesopathy (Cervical region),M460,extension,1
M4606,M46.06,Spinal enthesopathy (Lumbar region),M460,extension,1
M461,M46.1,"Sacro-iliitis, not elsewhere classified",M46,subcategory,1
M4617,M46.17,"Sacroiliitis, not elsewhere classified-Lumbosacral",M461,extension,1
M4618,M46.18,"Sacroiliitis, not elsewhere classified-Sacral/sacrococ",M461,extension,1
M4619,M46.19,"Sacroiliitis, not elsewhere classified-Site unspe",M461,extension,1
M462,M46.2,Osteomyelitis of vertebra,M46,subcategory,1
M4620,M46.20,Osteomyelitis of vertebra (Multiple sites in spine),M462,extension,1
M4622,M46.22,Osteomyelitis of vertebra (Cervical region),M462,extension,1
M4624,M46.24,Osteomyelitis of vertebra (Thoracic region),M462,extension,1
M4625,M46.25,Osteomyelitis of vertebra (Thoracolumbar region),M462,extension,1
M4626,M46.26,Osteomyelitis of vertebra (Lumbar region),M462,extension,1
M4627,M46.27,Osteomyelitis of vertebra (Lumbosacral region),M462,extension,1
M4628,M46.28,Osteomyelitis of vertebra (Sacral and sacrococcygeal region),M462,extension,1
M4629,M46.29,Osteomyelitis of vertebra (Site unspecified),M462,extension,1
M463,M46.3,Infection of intervertebral disk (pyogenic),M46,subcategory,1
M4630,M46.30,Infection of intervertebral disc (pyogenic) (Multiple sites in spine),M463,extension,1
M4632,M46.32,Infection of intervertebral disc (pyogenic) (Cervical region),M463,extension,1
M4634,M46.34,Infection of intervertebral disc (pyogenic) (Thoracic region),M463,extension,1
M4636,M46.36,Infection of intervertebral disc (pyogenic) (Lumbar region),M463,extension,1
M4637,M46.37,Infection of intervertebral disc (pyogenic) (Lumbosacral region),M463,extension,1
M464,M46.4,"Discitis, unspecified",M46,subcategory,1
M4640,M46.40,"Discitis, unspecified (Multiple sites in spine)",M464,extension,1
M4642,M46.42,"Discitis, unspecified (Cervical region)",M464,extension,1
M4644,M46.44,"Discitis, unspecified (Thoracic region)",M464,extension,1
M4645,M46.45,"Discitis, unspecified (Thoracolumbar region)",M464,extension,1
M4646,M46.46,"Discitis, unspecified (Lumbar region)",M464,extension,1
M4647,M46.47,"Discitis, unspecified (Lumbosacral region)",M464,extension,1
M4649,M46.49,"Discitis, unspecified (Site unspecified)",M464,extension,1
M465,M46.5,Other infective spondylopathies,M46,subcategory,1
M4652,M46.52,Other infective spondylopathies (Cervical region),M465,extension,1
M4656,M46.56,Other infective spondylopathies (Lumbar region),M465,extension,1
M468,M46.8,Other specified inflammatory spondylopathies,M46,subcategory,1
M4680,M46.80,Other specified inflammatory spondylopathies (Multiple sites in spine),M468,extension,1
M4682,M46.82,Other specified inflammatory spondylopathies (Cervical region),M468,extension,1
M4686,M46.86,Other specified inflammatory spondylopathies (Lumbar region),M468,extension,1
M4689,M46.89,Other specified inflammatory spondylopathies (Site unspecified),M468,extension,1
M469,M46.9,"Inflammatory spondylopathy, unspecified",M46,subcategory,1
M4690,M46.90,"Inflammatory spondylopathy, unspecified (Multiple sites in spine)",M469,extension,1
M4691,M46.91,"Inflammatory spondylopathy, unspecified (Occipito-atlanto-axial region)",M469,extension,1
M4692,M46.92,"Inflammatory spondylopathy, unspecified (Cervical region)",M469,extension,1
M4693,M46.93,"Inflammatory spondylopathy, unspecified (Cervicothoracic region)",M469,extension,1
M4694,M46.94,"Inflammatory spondylopathy, unspecified (Thoracic region)",M469,extension,1
M4696,M46.96,"Inflammatory spondylopathy, unspecified (Lumbar region)",M469,extension,1
M4697,M46.97,"Inflammatory spondylopathy, unspecified (Lumbosacral region)",M469,extension,1
M4698,M46.98,"Inflammatory spondylopathy, unspecified (Sacral and sacrococcygeal region)",M469,extension,1
M4699,M46.99,"Inflammatory spondylopathy, unspecified (Site unspecified)",M469,extension,1
M47,M47,Spondylosis,M45-M49,category,1
M470,M47.0,Anterior spinal and vertebral artery compression syndromes,M47,subcategory,1
M4702,M47.02,Anterior spinal and vertebral artery compression syndromes (Cervical region),M470,extension,1
M4706,M47.06,Anterior spinal and vertebral artery compression syndromes (Lumbar region),M470,extension,1
M471,M47.1,Other spondylosis with myelopathy,M47,subcategory,1
M4710,M47.10,Other spondylosis with myelopathy (Multiple sites in spine),M471,extension,1
M4712,M47.12,Other spondylosis with myelopathy (Cervical region),M471,extension,1
M4713,M47.13,Other spondylosis with myelopathy (Cervicothoracic region),M471,extension,1
M4714,M47.14,Other spondylosis with myelopathy (Thoracic region),M471,extension,1
M4715,M47.15,Other spondylosis with myelopathy (Thoracolumbar region),M471,extension,1
M4716,M47.16,Other spondylosis with myelopathy (Lumbar region),M471,extension,1
M4717,M47.17,Other spondylosis with myelopathy (Lumbosacral region),M471,extension,1
M472,M47.2,Other spondylosis with radiculopathy,M47,subcategory,1
M4720,M47.20,Other spondylosis with radiculopathy (Multiple sites in spine),M472,extension,1
M4722,M47.22,Other spondylosis with radiculopathy (Cervical region),M472,extension,1
M4723,M47.23,Other spondylosis with radiculopathy (Cervicothoracic region),M472,extension,1
M4724,M47.24,Other spondylosis with radiculopathy (Thoracic region),M472,extension,1
M4725,M47.25,Other spondylosis with radiculopathy (Thoracolumbar region),M472,extension,1
M4726,M47.26,Other spondylosis with radiculopathy (Lumbar region),M472,extension,1
M4727,M47.27,Other spondylosis with radiculopathy (Lumbosacral region),M472,extension,1
M4729,M47.29,Other spondylosis with radiculopathy (Site unspecified),M472,extension,1
M478,M47.8,Other spondylosis,M47,subcategory,1
M4780,M47.80,Other spondylosis (Multiple sites in spine),M478,extension,1
M4781,M47.81,Other spondylosis (Occipito-atlanto-axial region),M478,extension,1
M4782,M47.82,Other spondylosis (Cervical region),M478,extension,1
M4783,M47.83,Other spondylosis (Cervicothoracic region),M478,extension,1
M4784,M47.84,Other spondylosis (Thoracic region),M478,extension,1
M4785,M47.85,Other spondylosis (Thoracolumbar region),M478,extension,1
M4786,M47.86,Other spondylosis (Lumbar region),M478,extension,1
M4787,M47.87,Other spondylosis (Lumbosacral region),M478,extension,1
M4788,M47.88,Other spondylosis (Sacral and sacrococcygeal region),M478,extension,1
M4789,M47.89,Other spondylosis (Site unspecified),M478,extension,1
M479,M47.9,"Spondylosis, unspecified",M47,subcategory,1
M4790,M47.90,"Spondylosis, unspecified (Multiple sites in spine)",M479,extension,1
M4791,M47.91,"Spondylosis, unspecified (Occipito-atlanto-axial region)",M479,extension,1
M4792,M47.92,"Spondylosis, unspecified (Cervical region)",M479,extension,1
M4793,M47.93,"Spondylosis, unspecified (Cervicothoracic region)",M479,extension,1
M4794,M47.94,"Spondylosis, unspecified (Thoracic region)",M479,extension,1
M4795,M47.95,"Spondylosis, unspecified (Thoracolumbar region)",M479,extension,1
M4796,M47.96,"Spondylosis, unspecified (Lumbar region)",M479,extension,1
M4797,M47.97,"Spondylosis, unspecified (Lumbosacral region)",M479,extension,1
M4798,M47.98,"Spondylosis, unspecified (Sacral and sacrococcygeal region)",M479,extension,1
M4799,M47.99,"Spondylosis, unspecified (Site unspecified)",M479,extension,1
M48,M48,Other spondylopathies,M45-M49,category,1
M480,M48.0,Spinal stenosis,M48,subcategory,1
M4800,M48.00,Spinal stenosis (Multiple sites in spine),M480,extension,1
M4801,M48.01,Spinal stenosis (Occipito-atlanto-axial region),M480,extension,1
M4802,M48.02,Spinal stenosis (Cervical region),M480,extension,1
M4803,M48.03,Spinal stenosis (Cervicothoracic region),M480,extension,1
M4804,M48.04,Spinal stenosis (Thoracic region),M480,extension,1
M4805,M48.05,Spinal stenosis (Thoracolumbar region),M480,extension,1
M4806,M48.06,Spinal stenosis (Lumbar region),M480,extension,1
M4807,M48.07,Spinal stenosis (Lumbosacral region),M480,extension,1
M4808,M48.08,Spinal stenosis (Sacral and sacrococcygeal region),M480,extension,1
M4809,M48.09,Spinal stenosis (Site unspecified),M480,extension,1
M481,M48.1,Ankylosing hyperostosis [Forestier],M48,subcategory,1
M4812,M48.12,Ankylosing hyperostosis [Forestier] (Cervical region),M481,extension,1
M4814,M48.14,Ankylosing hyperostosis [Forestier] (Thoracic region),M481,extension,1
M4816,M48.16,Ankylosing hyperostosis [Forestier] (Lumbar region),M481,extension,1
M4817,M48.17,Ankylosing hyperostosis [Forestier] (Lumbosacral region),M481,extension,1
M4819,M48.19,Ankylosing hyperostosis [Forestier] (Site unspecified),M481,extension,1
M482,M48.2,Kissing spine,M48,subcategory,1
M4826,M48.26,Kissing spine (Lumbar region),M482,extension,1
M483,M48.3,Traumatic spondylopathy,M48,subcategory,1
M4835,M48.35,Traumatic spondylopathy (Thoracolumbar region),M483,extension,1
M4836,M48.36,Traumatic spondylopathy (Lumbar region),M483,extension,1
M484,M48.4,Fatigue fracture of vertebra,M48,subcategory,1
M4840,M48.40,Fatigue fracture of vertebra (Multiple sites in spine),M484,extension,1
M4841,M48.41,Fatigue fracture of vertebra (Occipito-atlanto-axial region),M484,extension,1
M4842,M48.42,Fatigue fracture of vertebra (Cervical region),M484,extension,1
M4843,M48.43,Fatigue fracture of vertebra (Cervicothoracic region),M484,extension,1
M4844,M48.44,Fatigue fracture of vertebra (Thoracic region),M484,extension,1
M4845,M48.45,Fatigue fracture of vertebra (Thoracolumbar region),M484,extension,1
M4846,M48.46,Fatigue fracture of vertebra (Lumbar region),M484,extension,1
M4847,M48.47,Fatigue fracture of vertebra (Lumbosacral region),M484,extension,1
M4848,M48.48,Fatigue fracture of vertebra (Sacral and sacrococcygeal region),M484,extension,1
M4849,M48.49,Fatigue fracture of vertebra (Site unspecified),M484,extension,1
M485,M48.5,"Collapsed vertebra, not elsewhere classified",M48,subcategory,1
M4850,M48.50,"Collapsed vertebra, not elsewhere classified (Multiple sites in spine)",M485,extension,1
M4852,M48.52,"Collapsed vertebra, not elsewhere classified (Cervical region)",M485,extension,1
M4854,M48.54,"Collapsed vertebra, not elsewhere classified (Thoracic region)",M485,extension,1
M4855,M48.55,"Collapsed vertebra, not elsewhere classified (Thoracolumbar region)",M485,extension,1
M4856,M48.56,"Collapsed vertebra, not elsewhere classified (Lumbar region)",M485,extension,1
M4857,M48.57,"Collapsed vertebra, not elsewhere classified (Lumbosacral region)",M485,extension,1
M4858,M48.58,"Collapsed vertebra, not elsewhere classified (Sacral and sacrococcygeal region)",M485,extension,1
M4859,M48.59,"Collapsed vertebra, not elsewhere classified (Site unspecified)",M485,extension,1
M488,M48.8,Other specified spondylopathies,M48,subcategory,1
M4880,M48.80,Other specified spondylopathies (Multiple sites in spine),M488,extension,1
M4882,M48.82,Other specified spondylopathies (Cervical region),M488,extension,1
M4884,M48.84,Other specified spondylopathies (Thoracic region),M488,extension,1
M4886,M48.86,Other specified spondylopathies (Lumbar region),M488,extension,1
M4887,M48.87,Other specified spondylopathies (Lumbosacral region),M488,extension,1
M4888,M48.88,Other specified spondylopathies (Sacral and sacrococcygeal region),M488,extension,1
M4889,M48.89,Other specified spondylopathies (Site unspecified),M488,extension,1
M489,M48.9,"Spondylopathy, unspecified",M48,subcategory,1
M4890,M48.90,"Spondylopathy, unspecified (Multiple sites in spine)",M489,extension,1
M4892,M48.92,"Spondylopathy, unspecified (Cervical region)",M489,extension,1
M4893,M48.93,"Spondylopathy, unspecified (Cervicothoracic region)",M489,extension,1
M4894,M48.94,"Spondylopathy, unspecified (Thoracic region)",M489,extension,1
M4896,M48.96,"Spondylopathy, unspecified (Lumbar region)",M489,extension,1
M4897,M48.97,"Spondylopathy, unspecified (Lumbosacral region)",M489,extension,1
M4899,M48.99,"Spondylopathy, unspecified (Site unspecified)",M489,extension,1
M49,M49,Spondylopathies in diseases classified elsewhere,M45-M49,category,1
M490,M49.0,Tuberculosis of spine,M49,subcategory,1
M4902,M49.02,Tuberculosis of spine (Cervical region),M490,extension,1
M4906,M49.06,Tuberculosis of spine (Lumbar region),M490,extension,1
M493,M49.3,Spondylopathy in other infectious and parasitic diseases classified elsewhere,M49,subcategory,1
M494,M49.4,Neuropathic spondylopathy,M49,subcategory,1
M4949,M49.49,Neuropathic spondylopathy (Site unspecified),M494,extension,1
M495,M49.5,Collapsed vertebra in diseases classified elsewhere,M49,subcategory,1
M4950,M49.50,Collapsed vertebra in diseases classified elsewhere (Multiple sites in spine),M495,extension,1
M4951,M49.51,Collapsed vertebra in diseases classified elsewhere (Occipito-atlanto-axial region),M495,extension,1
M4952,M49.52,Collapsed vertebra in diseases classified elsewhere (Cervical region),M495,extension,1
M4953,M49.53,Collapsed vertebra in diseases classified elsewhere (Cervicothoracic region),M495,extension,1
M4954,M49.54,Collapsed vertebra in diseases classified elsewhere (Thoracic region),M495,extension,1
M4955,M49.55,Collapsed vertebra in diseases classified elsewhere (Thoracolumbar region),M495,extension,1
M4956,M49.56,Collapsed vertebra in diseases classified elsewhere (Lumbar region),M495,extension,1
M4957,M49.57,Collapsed vertebra in diseases classified elsewhere (Lumbosacral region),M495,extension,1
M4958,M49.58,Collapsed vertebra in diseases classified elsewhere (Sacral and sacrococcygeal region),M495,extension,1
M498,M49.8,Spondylopathy in other diseases classified elsewhere,M49,subcategory,1
M4986,M49.86,Spondylopathy in other diseases classified elsewhere (Lumbar region),M498,extension,1
M50,M50,Cervical disk disorders,M50-M54,category,1
M500,M50.0,Cervical disk disorder with myelopathy,M50,subcategory,1
M501,M50.1,Cervical disk disorder with radiculopathy,M50,subcategory,1
M502,M50.2,Other cervical disk displacement,M50,subcategory,1
M5020,M50.20,"Other cervical disc displacement, unspecified cervical region",M502,extension,1
M503,M50.3,Other cervical disk degeneration,M50,subcategory,1
M508,M50.8,Other cervical disk disorders,M50,subcategory,1
M509,M50.9,"Cervical disk disorder, unspecified",M50,subcategory,1
M51,M51,Other intervertebral disk disorders,M50-M54,category,1
M510,M51.0,Lumbar and other intervertebral disk disorders with myelopathy,M51,subcategory,1
M511,M51.1,Lumbar and other intervertebral disk disorders with radiculopathy,M51,subcategory,1
M5116,M51.16,"Intervertebral disc disorders w radiculopathy, lumbar region",M511,extension,1
M512,M51.2,Other specified intervertebral disk displacement,M51,subcategory,1
M513,M51.3,Other specified intervertebral disk degeneration,M51,subcategory,1
M5137,M51.37,"Other intervertebral disc degeneration, lumbosacral region",M513,extension,1
M514,M51.4,Schmorl's nodes,M51,subcategory,1
M518,M51.8,Other specified intervertebral disk disorders,M51,subcategory,1
M519,M51.9,"Intervertebral disk disorder, unspecified",M51,subcategory,1
M53,M53,"Other dorsopathies, not elsewhere classified",M50-M54,category,1
M530,M53.0,Cervicocranial syndrome,M53,subcategory,1
M531,M53.1,Cervicobrachial syndrome,M53,subcategory,1
M532,M53.2,Spinal instabilities,M53,subcategory,1
M5322,M53.22,Spinal instabilities (Cervical region),M532,extension,1
M5326,M53.26,Spinal instabilities (Lumbar region),M532,extension,1
M5327,M53.27,Spinal instabilities (Lumbosacral region),M532,extension,1
M5328,M53.28,Spinal instabilities (Sacral and sacrococcygeal region),M532,extension,1
M5329,M53.29,Spinal instabilities (Site unspecified),M532,extension,1
M533,M53.3,"Sacrococcygeal disorders, not elsewhere classified",M53,subcategory,1
M5335,M53.35,"Sacrococcygeal disorders, not elsewhere classified-Thoracol",M533,extension,1
M5338,M53.38,"Sacrococcygeal disorders, not elsewhere classified-Sacral/s",M533,extension,1
M5339,M53.39,"Sacrococcygeal disorders, not elsewhere classified-Site uns",M533,extension,1
M538,M53.8,Other specified dorsopathies,M53,subcategory,1
M5380,M53.80,Other specified dorsopathies (Multiple sites in spine),M538,extension,1
M5382,M53.82,Other specified dorsopathies (Cervical region),M538,extension,1
M5386,M53.86,Other specified dorsopathies (Lumbar region),M538,extension,1
M5387,M53.87,Other specified dorsopathies (Lumbosacral region),M538,extension,1
M5388,M53.88,Other specified dorsopathies (Sacral and sacrococcygeal region),M538,extension,1
M539,M53.9,"Dorsopathy, unspecified",M53,subcategory,1
M5392,M53.92,"Dorsopathy, unspecified (Cervical region)",M539,extension,1
M5394,M53.94,"Dorsopathy, unspecified (Thoracic region)",M539,extension,1
M5396,M53.96,"Dorsopathy, unspecified (Lumbar region)",M539,extension,1
M5399,M53.99,"Dorsopathy, unspecified (Site unspecified)",M539,extension,1
M54,M54,Dorsalgia,M50-M54,category,1
M540,M54.0,Panniculitis affecting regions of neck and back,M54,subcategory,1
M5404,M54.04,Panniculitis affecting regions of neck and back (Thoracic region),M540,extension,1
M5406,M54.06,Panniculitis affecting regions of neck and back (Lumbar region),M540,extension,1
M5408,M54.08,Panniculitis affecting regions of neck and back (Sacral and sacrococcygeal region),M540,extension,1
M541,M54.1,Radiculopathy,M54,subcategory,1
M5410,M54.10,Radiculopathy (Multiple sites in spine),M541,extension,1
M5411,M54.11,Radiculopathy (Occipito-atlanto-axial region),M541,extension,1
M5412,M54.12,Radiculopathy (Cervical region),M541,extension,1
M5413,M54.13,Radiculopathy (Cervicothoracic region),M541,extension,1
M5414,M54.14,Radiculopathy (Thoracic region),M541,extension,1
M5415,M54.15,Radiculopathy (Thoracolumbar region),M541,extension,1
M5416,M54.16,Radiculopathy (Lumbar region),M541,extension,1
M5417,M54.17,Radiculopathy (Lumbosacral region),M541,extension,1
M5418,M54.18,Radiculopathy (Sacral and sacrococcygeal region),M541,extension,1
M5419,M54.19,Radiculopathy (Site unspecified),M541,extension,1
M542,M54.2,Cervicalgia,M54,subcategory,1
M5421,M54.21,Cervicalgia (Occipito-atlanto-axial region),M542,extension,1
M5422,M54.22,Cervicalgia (Cervical region),M542,extension,1
M5423,M54.23,Cervicalgia (Cervicothoracic region),M542,extension,1
M5428,M54.28,Cervicalgia-Sacral/sacrococ,M542,extension,1
M5429,M54.29,Cervicalgia-Site unspe,M542,extension,1
M543,M54.3,Sciatica,M54,subcategory,1
M5430,M54.30,Sciatica (Multiple sites in spine),M543,extension,1
M5435,M54.35,Sciatica (Thoracolumbar region),M543,extension,1
M5436,M54.36,Sciatica (Lumbar region),M543,extension,1
M5437,M54.37,Sciatica (Lumbosacral region),M543,extension,1
M5438,M54.38,Sciatica (Sacral and sacrococcygeal region),M543,extension,1
M5439,M54.39,Sciatica (Site unspecified),M543,extension,1
M544,M54.4,Lumbago with sciatica,M54,subcategory,1
M5440,M54.40,Lumbago with sciatica (Multiple sites in spine),M544,extension,1
M5446,M54.46,Lumbago with sciatica (Lumbar region),M544,extension,1
M5447,M54.47,Lumbago with sciatica (Lumbosacral region),M544,extension,1
M5449,M54.49,Lumbago with sciatica (Site unspecified),M544,extension,1
M545,M54.5,Low back pain,M54,subcategory,1
M5450,M54.50,Low back pain (Multiple sites in spine),M545,extension,1
M5452,M54.52,Low back pain-Cervical,M545,extension,1
M5453,M54.53,Low back pain-Cervicothoracic,M545,extension,1
M5454,M54.54,Low back pain-Thoracic,M545,extension,1
M5455,M54.55,Low back pain (Thoracolumbar region),M545,extension,1
M5456,M54.56,Low back pain (Lumbar region),M545,extension,1
M5457,M54.57,Low back pain (Lumbosacral region),M545,extension,1
M5458,M54.58,Low back pain (Sacral and sacrococcygeal region),M545,extension,1
M5459,M54.59,Low back pain (Site unspecified),M545,extension,1
M546,M54.6,Pain in thoracic spine,M54,subcategory,1
M5463,M54.63,Pain in thoracic spine (Cervicothoracic region),M546,extension,1
M5464,M54.64,Pain in thoracic spine (Thoracic region),M546,extension,1
M5465,M54.65,Pain in thoracic spine (Thoracolumbar region),M546,extension,1
M5466,M54.66,Pain in thoracic spine-Lumbar,M546,extension,1
M548,M54.8,Other dorsalgia,M54,subcategory,1
M5480,M54.80,Other dorsalgia (Multiple sites in spine),M548,extension,1
M5481,M54.81,Other dorsalgia (Occipito-atlanto-axial region),M548,extension,1
M5482,M54.82,Other dorsalgia (Cervical region),M548,extension,1
M5484,M54.84,Other dorsalgia (Thoracic region),M548,extension,1
M5486,M54.86,Other dorsalgia (Lumbar region),M548,extension,1
M5487,M54.87,Other dorsalgia (Lumbosacral region),M548,extension,1
M5488,M54.88,Other dorsalgia (Sacral and sacrococcygeal region),M548,extension,1
M5489,M54.89,Other dorsalgia (Site unspecified),M548,extension,1
M549,M54.9,"Dorsalgia, unspecified",M54,subcategory,1
M5490,M54.90,"Dorsalgia, unspecified (Multiple sites in spine)",M549,extension,1
M5491,M54.91,"Dorsalgia, unspecified (Occipito-atlanto-axial region)",M549,extension,1
M5492,M54.92,"Dorsalgia, unspecified (Cervical region)",M549,extension,1
M5493,M54.93,"Dorsalgia, unspecified (Cervicothoracic region)",M549,extension,1
M5494,M54.94,"Dorsalgia, unspecified (Thoracic region)",M549,extension,1
M5495,M54.95,"Dorsalgia, unspecified (Thoracolumbar region)",M549,extension,1
M5496,M54.96,"Dorsalgia, unspecified (Lumbar region)",M549,extension,1
M5497,M54.97,"Dorsalgia, unspecified (Lumbosacral region)",M549,extension,1
M5498,M54.98,"Dorsalgia, unspecified (Sacral and sacrococcygeal region)",M549,extension,1
M5499,M54.99,"Dorsalgia, unspecified (Site unspecified)",M549,extension,1
M60,M60,Myositis,M60-M63,category,1
M600,M60.0,Infective myositis,M60,subcategory,1
M6000,M60.00,Infective myositis (Multiple sites),M600,extension,1
M6001,M60.01,Infective myositis (Shoulder region),M600,extension,1
M6004,M60.04,Infective myositis (Hand),M600,extension,1
M6005,M60.05,Infective myositis (Pelvic region and thigh),M600,extension,1
M6006,M60.06,Infective myositis (Lower leg),M600,extension,1
M6008,M60.08,Infective myositis (Other),M600,extension,1
M601,M60.1,Interstitial myositis,M60,subcategory,0
M6018,M60.18,Interstitial myositis (Other),M601,extension,1
M602,M60.2,"Foreign body granuloma of soft tissue, not elsewhere classified",M60,subcategory,1
M6021,M60.21,"Foreign body granuloma of soft tissue, not elsewhere classified (Shoulder region)",M602,extension,1
M6023,M60.23,"Foreign body granuloma of soft tissue, not elsewhere classified (Forearm)",M602,extension,1
M6024,M60.24,"Foreign body granuloma of soft tissue, not elsewhere classified (Hand)",M602,extension,1
M6026,M60.26,"Foreign body granuloma of soft tissue, not elsewhere classified (Lower leg)",M602,extension,1
M6028,M60.28,"Foreign body granuloma of soft tissue, not elsewhere classified (Other)",M602,extension,1
M608,M60.8,Other myositis,M60,subcategory,1
M6080,M60.80,Other myositis (Multiple sites),M608,extension,1
M6082,M60.82,Other myositis (Upper arm),M608,extension,1
M6085,M60.85,Other myositis (Pelvic region and thigh),M608,extension,1
M6088,M60.88,Other myositis (Other),M608,extension,1
M6089,M60.89,Other myositis (Site unspecified),M608,extension,1
M609,M60.9,"Myositis, unspecified",M60,subcategory,1
M6090,M60.90,"Myositis, unspecified (Multiple sites)",M609,extension,1
M6091,M60.91,"Myositis, unspecified (Shoulder region)",M609,extension,1
M6092,M60.92,"Myositis, unspecified (Upper arm)",M609,extension,1
M6094,M60.94,"Myositis, unspecified (Hand)",M609,extension,1
M6095,M60.95,"Myositis, unspecified (Pelvic region and thigh)",M609,extension,1
M6096,M60.96,"Myositis, unspecified (Lower leg)",M609,extension,1
M6098,M60.98,"Myositis, unspecified (Other)",M609,extension,1
M6099,M60.99,"Myositis, unspecified (Site unspecified)",M609,extension,1
M61,M61,Calcification and ossification of muscle,M60-M63,category,1
M610,M61.0,Myositis ossificans traumatica,M61,subcategory,1
M611,M61.1,Myositis ossificans progressiva,M61,subcategory,1
M6114,M61.14,Myositis ossificans progressiva (Hand),M611,extension,1
M6115,M61.15,Myositis ossificans progressiva (Pelvic region and thigh),M611,extension,1
M612,M61.2,Paralytic calcification and ossification of muscle,M61,subcategory,1
M613,M61.3,Calcification and ossification of muscles associated with burns,M61,subcategory,1
M614,M61.4,Other calcification of muscle,M61,subcategory,1
M6140,M61.40,Other calcification of muscle (Multiple sites),M614,extension,1
M6145,M61.45,Other calcification of muscle (Pelvic region and thigh),M614,extension,1
M615,M61.5,Other ossification of muscle,M61,subcategory,1
M6155,M61.55,Other ossification of muscle (Pelvic region and thigh),M615,extension,1
M6159,M61.59,Other ossification of muscle (Site unspecified),M615,extension,1
M619,M61.9,"Calcification and ossification of muscle, unspecified",M61,subcategory,1
M6191,M61.91,"Calcification and ossification of muscle, unspecified (Shoulder region)",M619,extension,1
M6195,M61.95,"Calcification and ossification of muscle, unspecified (Pelvic region and thigh)",M619,extension,1
M62,M62,Other disorders of muscle,M60-M63,category,1
M620,M62.0,Diastasis of muscle,M62,subcategory,1
M6200,M62.00,Diastasis of muscle (Multiple sites),M620,extension,1
M6205,M62.05,Diastasis of muscle (Pelvic region and thigh),M620,extension,1
M6206,M62.06,Diastasis of muscle (Lower leg),M620,extension,1
M6208,M62.08,Diastasis of muscle (Other),M620,extension,1
M621,M62.1,Other rupture of muscle (nontraumatic),M62,subcategory,1
M6211,M62.11,Other rupture of muscle (nontraumatic) (Shoulder region),M621,extension,1
M6212,M62.12,Other rupture of muscle (nontraumatic) (Upper arm),M621,extension,1
M6214,M62.14,Other rupture of muscle (nontraumatic) (Hand),M621,extension,1
M6215,M62.15,Other rupture of muscle (nontraumatic) (Pelvic region and thigh),M621,extension,1
M6216,M62.16,Other rupture of muscle (nontraumatic) (Lower leg),M621,extension,1
M6217,M62.17,Other rupture of muscle (nontraumatic) (Ankle and foot),M621,extension,1
M6218,M62.18,Other rupture of muscle (nontraumatic) (Other),M621,extension,1
M622,M62.2,Ischaemic infarction of muscle,M62,subcategory,1
M6222,M62.22,Ischaemic infarction of muscle (Upper arm),M622,extension,1
M6223,M62.23,Ischaemic infarction of muscle (Forearm),M622,extension,1
M6225,M62.25,Ischaemic infarction of muscle (Pelvic region and thigh),M622,extension,1
M6226,M62.26,Ischaemic infarction of muscle (Lower leg),M622,extension,1
M6229,M62.29,Ischaemic infarction of muscle (Site unspecified),M622,extension,1
M623,M62.3,Immobility syndrome (paraplegic),M62,subcategory,1
M624,M62.4,Contracture of muscle,M62,subcategory,1
M6240,M62.40,Contracture of muscle (Multiple sites),M624,extension,1
M6241,M62.41,Contracture of muscle (Shoulder region),M624,extension,1
M6244,M62.44,Contracture of muscle (Hand),M624,extension,1
M6245,M62.45,Contracture of muscle (Pelvic region and thigh),M624,extension,1
M6246,M62.46,Contracture of muscle (Lower leg),M624,extension,1
M6247,M62.47,Contracture of muscle (Ankle and foot),M624,extension,1
M6248,M62.48,Contracture of muscle (Other),M624,extension,1
M625,M62.5,"Muscle wasting and atrophy, not elsewhere classified",M62,subcategory,1
M6250,M62.50,"Muscle wasting and atrophy, not elsewhere classified (Multiple sites)",M625,extension,1
M6251,M62.51,"Muscle wasting and atrophy, not elsewhere classified (Shoulder region)",M625,extension,1
M6254,M62.54,"Muscle wasting and atrophy, not elsewhere classified (Hand)",M625,extension,1
M6255,M62.55,"Muscle wasting and atrophy, not elsewhere classified (Pelvic region and thigh)",M625,extension,1
M6256,M62.56,"Muscle wasting and atrophy, not elsewhere classified (Lower leg)",M625,extension,1
M6258,M62.58,"Muscle wasting and atrophy, not elsewhere classified (Other)",M625,extension,1
M6259,M62.59,"Muscle wasting and atrophy, not elsewhere classified (Site unspecified)",M625,extension,1
M626,M62.6,Muscle strain,M62,subcategory,1
M6260,M62.60,Muscle strain (Multiple sites),M626,extension,1
M6265,M62.65,Muscle strain (Pelvic region and thigh),M626,extension,1
M6266,M62.66,Muscle strain (Lower leg),M626,extension,1
M6268,M62.68,Muscle strain (Other),M626,extension,1
M628,M62.8,Other specified disorders of muscle,M62,subcategory,1
M6280,M62.80,Other specified disorders of muscle (Multiple sites),M628,extension,1
M6281,M62.81,Other specified disorders of muscle (Shoulder region),M628,extension,1
M6282,M62.82,Other specified disorders of muscle (Upper arm),M628,extension,1
M6283,M62.83,Other specified disorders of muscle (Forearm),M628,extension,1
M6284,M62.84,Other specified disorders of muscle (Hand),M628,extension,1
M6285,M62.85,Other specified disorders of muscle (Pelvic region and thigh),M628,extension,1
M6286,M62.86,Other specified disorders of muscle (Lower leg),M628,extension,1
M6287,M62.87,Other specified disorders of muscle (Ankle and foot),M628,extension,1
M6288,M62.88,Other specified disorders of muscle (Other),M628,extension,1
M6289,M62.89,Other specified disorders of muscle (Site unspecified),M628,extension,1
M629,M62.9,"Disorder of muscle, unspecified",M62,subcategory,1
M6291,M62.91,"Disorder of muscle, unspecified (Shoulder region)",M629,extension,1
M6293,M62.93,"Disorder of muscle, unspecified (Forearm)",M629,extension,1
M6294,M62.94,"Disorder of muscle, unspecified (Hand)",M629,extension,1
M6295,M62.95,"Disorder of muscle, unspecified (Pelvic region and thigh)",M629,extension,1
M6296,M62.96,"Disorder of muscle, unspecified (Lower leg)",M629,extension,1
M6297,M62.97,"Disorder of muscle, unspecified (Ankle and foot)",M629,extension,1
M6298,M62.98,"Disorder of muscle, unspecified (Other)",M629,extension,1
M6299,M62.99,"Disorder of muscle, unspecified (Site unspecified)",M629,extension,1
M63,M63,Disorders of muscle in diseases classified elsewhere,M60-M63,category,0
M632,M63.2,Myositis in other infectious diseases classified elsewhere,M63,subcategory,1
M633,M63.3,Myositis in sarcoidosis,M63,subcategory,1
M638,M63.8,Other disorders of muscle in diseases classified elsewhere,M63,subcategory,1
M65,M65,Synovitis and tenosynovitis,M65-M68,category,1
M650,M65.0,Abscess of tendon sheath,M65,subcategory,1
M6500,M65.00,Abscess of tendon sheath (Multiple sites),M650,extension,1
M6501,M65.01,Abscess of tendon sheath (Shoulder region),M650,extension,1
M6504,M65.04,Abscess of tendon sheath (Hand),M650,extension,1
M651,M65.1,Other infective (teno)synovitis,M65,subcategory,1
M6511,M65.11,Other infective (teno)synovitis (Shoulder region),M651,extension,1
M6514,M65.14,Other infective (teno)synovitis (Hand),M651,extension,1
M6515,M65.15,Other infective (teno)synovitis (Pelvic region and thigh),M651,extension,1
M6516,M65.16,Other infective (teno)synovitis (Lower leg),M651,extension,1
M6517,M65.17,Other infective (teno)synovitis (Ankle and foot),M651,extension,1
M6519,M65.19,Other infective (teno)synovitis (Site unspecified),M651,extension,1
M652,M65.2,Calcific tendinitis,M65,subcategory,1
M6521,M65.21,Calcific tendinitis (Shoulder region),M652,extension,1
M6526,M65.26,Calcific tendinitis (Lower leg),M652,extension,1
M6527,M65.27,Calcific tendinitis (Ankle and foot),M652,extension,1
M6529,M65.29,Calcific tendinitis (Site unspecified),M652,extension,1
M653,M65.3,Trigger finger,M65,subcategory,1
M6530,M65.30,Trigger finger-Mult sites,M653,extension,1
M6532,M65.32,Trigger finger-Upper arm,M653,extension,1
M6533,M65.33,Trigger finger-Forearm,M653,extension,1
M6534,M65.34,Trigger finger-Hand,M653,extension,1
M6538,M65.38,Trigger finger-Other,M653,extension,1
M6539,M65.39,Trigger finger-Site unspec,M653,extension,1
M654,M65.4,Radial styloid tenosynovitis [de Quervain],M65,subcategory,1
M6540,M65.40,Radial styloid tenosynovitis [de Quervain] (Multiple sites),M654,extension,1
M6543,M65.43,Radial styloid tenosynovitis [de Quervain] (Forearm),M654,extension,1
M6544,M65.44,Radial styloid tenosynovitis [de Quervain] (Hand),M654,extension,1
M658,M65.8,Other synovitis and tenosynovitis,M65,subcategory,1
M6580,M65.80,Other synovitis and tenosynovitis (Multiple sites),M658,extension,1
M6581,M65.81,Other synovitis and tenosynovitis (Shoulder region),M658,extension,1
M6582,M65.82,Other synovitis and tenosynovitis (Upper arm),M658,extension,1
M6583,M65.83,Other synovitis and tenosynovitis (Forearm),M658,extension,1
M6584,M65.84,Other synovitis and tenosynovitis (Hand),M658,extension,1
M6585,M65.85,Other synovitis and tenosynovitis (Pelvic region and thigh),M658,extension,1
M6586,M65.86,Other synovitis and tenosynovitis (Lower leg),M658,extension,1
M6587,M65.87,Other synovitis and tenosynovitis (Ankle and foot),M658,extension,1
M6588,M65.88,Other synovitis and tenosynovitis (Other),M658,extension,1
M6589,M65.89,Other synovitis and tenosynovitis (Site unspecified),M658,extension,1
M659,M65.9,"Synovitis and tenosynovitis, unspecified",M65,subcategory,1
M6590,M65.90,"Synovitis and tenosynovitis, unspecified (Multiple sites)",M659,extension,1
M6591,M65.91,"Synovitis and tenosynovitis, unspecified (Shoulder region)",M659,extension,1
M6592,M65.92,"Synovitis and tenosynovitis, unspecified (Upper arm)",M659,extension,1
M6593,M65.93,"Synovitis and tenosynovitis, unspecified (Forearm)",M659,extension,1
M6594,M65.94,"Synovitis and tenosynovitis, unspecified (Hand)",M659,extension,1
M6595,M65.95,"Synovitis and tenosynovitis, unspecified (Pelvic region and thigh)",M659,extension,1
M6596,M65.96,"Synovitis and tenosynovitis, unspecified (Lower leg)",M659,extension,1
M6597,M65.97,"Synovitis and tenosynovitis, unspecified (Ankle and foot)",M659,extension,1
M6598,M65.98,"Synovitis and tenosynovitis, unspecified (Other)",M659,extension,1
M6599,M65.99,"Synovitis and tenosynovitis, unspecified (Site unspecified)",M659,extension,1
M66,M66,Spontaneous rupture of synovium and tendon,M65-M68,category,0
M660,M66.0,Rupture of popliteal cyst,M66,subcategory,1
M6606,M66.06,Rupture of popliteal cyst-Lower leg,M660,extension,1
M6609,M66.09,Rupture of popliteal cyst-Site unspec,M660,extension,1
M662,M66.2,Spontaneous rupture of extensor tendons,M66,subcategory,1
M6622,M66.22,Spontaneous rupture of extensor tendons (Upper arm),M662,extension,1
M6623,M66.23,Spontaneous rupture of extensor tendons (Forearm),M662,extension,1
M6624,M66.24,Spontaneous rupture of extensor tendons (Hand),M662,extension,1
M6625,M66.25,Spontaneous rupture of extensor tendons (Pelvic region and thigh),M662,extension,1
M6626,M66.26,Spontaneous rupture of extensor tendons (Lower leg),M662,extension,1
M6627,M66.27,Spontaneous rupture of extensor tendons (Ankle and foot),M662,extension,1
M663,M66.3,Spontaneous rupture of flexor tendons,M66,subcategory,1
M6631,M66.31,Spontaneous rupture of flexor tendons (Shoulder region),M663,extension,1
M6632,M66.32,Spontaneous rupture of flexor tendons (Upper arm),M663,extension,1
M6633,M66.33,Spontaneous rupture of flexor tendons (Forearm),M663,extension,1
M6634,M66.34,Spontaneous rupture of flexor tendons (Hand),M663,extension,1
M6636,M66.36,Spontaneous rupture of flexor tendons (Lower leg),M663,extension,1
M6637,M66.37,Spontaneous rupture of flexor tendons (Ankle and foot),M663,extension,1
M664,M66.4,Spontaneous rupture of other tendons,M66,subcategory,1
M6641,M66.41,Spontaneous rupture of other tendons (Shoulder region),M664,extension,1
M6642,M66.42,Spontaneous rupture of other tendons (Upper arm),M664,extension,1
M6643,M66.43,Spontaneous rupture of other tendons (Forearm),M664,extension,1
M6645,M66.45,Spontaneous rupture of other tendons (Pelvic region and thigh),M664,extension,1
M6646,M66.46,Spontaneous rupture of other tendons (Lower leg),M664,extension,1
M6647,M66.47,Spontaneous rupture of other tendons (Ankle and foot),M664,extension,1
M665,M66.5,Spontaneous rupture of unspecified tendon,M66,subcategory,1
M6651,M66.51,Spontaneous rupture of unspecified tendon (Shoulder region),M665,extension,1
M6653,M66.53,Spontaneous rupture of unspecified tendon (Forearm),M665,extension,1
M6654,M66.54,Spontaneous rupture of unspecified tendon (Hand),M665,extension,1
M6655,M66.55,Spontaneous rupture of unspecified tendon (Pelvic region and thigh),M665,extension,1
M6656,M66.56,Spontaneous rupture of unspecified tendon (Lower leg),M665,extension,1
M6657,M66.57,Spontaneous rupture of unspecified tendon (Ankle and foot),M665,extension,1
M67,M67,Other disorders of synovium and tendon,M65-M68,category,1
M670,M67.0,Short Achilles tendon (acquired),M67,subcategory,1
M671,M67.1,Other contracture of tendon (sheath),M67,subcategory,1
M672,M67.2,"Synovial hypertrophy, not elsewhere classified",M67,subcategory,1
M673,M67.3,Transient synovitis,M67,subcategory,1
M674,M67.4,Ganglion,M67,subcategory,1
M6740,M67.40,"Ganglion, unspecified site",M674,extension,1
M6743,M67.43,"Ganglion, wrist",M674,extension,1
M6747,M67.47,"Ganglion, ankle and foot",M674,extension,1
M678,M67.8,Other specified disorders of synovium and tendon,M67,subcategory,1
M6780,M67.80,"Other specified disorders of synovium and tendon, unspecified site",M678,extension,1
M6788,M67.88,"Other specified disorders of synovium and tendon, other site",M678,extension,1
M679,M67.9,"Disorder of synovium and tendon, unspecified",M67,subcategory,1
M6790,M67.90,"Unspecified disorder of synovium and tendon, unspecified site",M679,extension,1
M68,M68,Disorders of synovium and tendon in diseases classified elsewhere,M65-M68,category,0
M680,M68.0,Synovitis and tenosynovitis in bacterial diseases classified elsewhere,M68,subcategory,1
M688,M68.8,Other disorders of synovium and tendon in diseases classified elsewhere,M68,subcategory,1
M70,M70,"Soft tissue disorders related to use, overuse and pressure",M70-M79,category,1
M700,M70.0,Chronic crepitant synovitis of hand and wrist,M70,subcategory,1
M7006,M70.06,Chronic crepitant synovitis of hand and wrist-Lower Leg,M700,extension,1
M701,M70.1,Bursitis of hand,M70,subcategory,1
M702,M70.2,Olecranon bursitis,M70,subcategory,1
M7021,M70.21,Olecranon bursitis-Shldr region,M702,extension,1
M7022,M70.22,Olecranon bursitis-Upper arm,M702,extension,1
M7023,M70.23,Olecranon bursitis-Forearm,M702,extension,1
M7029,M70.29,Olecranon bursitis-Site unspec,M702,extension,1
M703,M70.3,Other bursitis of elbow,M70,subcategory,1
M7032,M70.32,Other bursitis of elbow-Upper arm,M703,extension,1
M704,M70.4,Prepatellar bursitis,M70,subcategory,1
M7046,M70.46,Prepatellar bursitis-Lower Leg,M704,extension,1
M705,M70.5,Other bursitis of knee,M70,subcategory,1
M7056,M70.56,Other bursitis of knee-Lower Leg,M705,extension,1
M706,M70.6,Trochanteric bursitis,M70,subcategory,1
M7061,M70.61,Trochanteric bursitis-Shldr region,M706,extension,1
M7062,M70.62,Trochanteric bursitis-Upper arm,M706,extension,1
M7065,M70.65,Trochanteric bursitis-Pelvic/Thigh,M706,extension,1
M7066,M70.66,Trochanteric bursitis-Lower Leg,M706,extension,1
M7069,M70.69,Trochanteric bursitis-Site unspec,M706,extension,1
M707,M70.7,Other bursitis of hip,M70,subcategory,1
M7075,M70.75,Other bursitis of hip-Pelvic/Thigh,M707,extension,1
M708,M70.8,"Other soft tissue disorders related to use, overuse and pressure",M70,subcategory,1
M7081,M70.81,"Other soft tissue disorders related to use, overuse and pressure (Shoulder region)",M708,extension,1
M7084,M70.84,"Other soft tissue disorders related to use, overuse and pressure (Hand)",M708,extension,1
M7089,M70.89,"Other soft tissue disorders related to use, overuse and pressure (Site unspecified)",M708,extension,1
M709,M70.9,"Unspecified soft tissue disorder related to use, overuse and pressure",M70,subcategory,1
M7092,M70.92,"Unspecified soft tissue disorder related to use, overuse and pressure (Upper arm)",M709,extension,1
M7093,M70.93,"Unspecified soft tissue disorder related to use, overuse and pressure (Forearm)",M709,extension,1
M7095,M70.95,"Unspecified soft tissue disorder related to use, overuse and pressure (Pelvic region and thigh)",M709,extension,1
M7096,M70.96,"Unspecified soft tissue disorder related to use, overuse and pressure (Lower leg)",M709,extension,1
M71,M71,Other bursopathies,M70-M79,category,1
M710,M71.0,Abscess of bursa,M71,subcategory,1
M7100,M71.00,Abscess of bursa (Multiple sites),M710,extension,1
M7101,M71.01,Abscess of bursa (Shoulder region),M710,extension,1
M7102,M71.02,Abscess of bursa (Upper arm),M710,extension,1
M7106,M71.06,Abscess of bursa (Lower leg),M710,extension,1
M7107,M71.07,Abscess of bursa (Ankle and foot),M710,extension,1
M711,M71.1,Other infective bursitis,M71,subcategory,1
M7112,M71.12,Other infective bursitis (Upper arm),M711,extension,1
M7113,M71.13,Other infective bursitis (Forearm),M711,extension,1
M7116,M71.16,Other infective bursitis (Lower leg),M711,extension,1
M7117,M71.17,Other infective bursitis (Ankle and foot),M711,extension,1
M712,M71.2,Synovial cyst of popliteal space [Baker],M71,subcategory,1
M7126,M71.26,Synovial cyst of popliteal space [Baker]-Lower Leg,M712,extension,1
M7128,M71.28,Synovial cyst of popliteal space [Baker]-Other,M712,extension,1
M713,M71.3,Other bursal cyst,M71,subcategory,1
M7130,M71.30,Other bursal cyst (Multiple sites),M713,extension,1
M7132,M71.32,Other bursal cyst (Upper arm),M713,extension,1
M7133,M71.33,Other bursal cyst (Forearm),M713,extension,1
M7134,M71.34,Other bursal cyst (Hand),M713,extension,1
M7135,M71.35,Other bursal cyst (Pelvic region and thigh),M713,extension,1
M7136,M71.36,Other bursal cyst (Lower leg),M713,extension,1
M7137,M71.37,Other bursal cyst (Ankle and foot),M713,extension,1
M7138,M71.38,Other bursal cyst (Other),M713,extension,1
M714,M71.4,Calcium deposit in bursa,M71,subcategory,1
M7141,M71.41,Calcium deposit in bursa (Shoulder region),M714,extension,1
M7148,M71.48,Calcium deposit in bursa (Other),M714,extension,1
M715,M71.5,"Other bursitis, not elsewhere classified",M71,subcategory,1
M7151,M71.51,"Other bursitis, not elsewhere classified (Shoulder region)",M715,extension,1
M7152,M71.52,"Other bursitis, not elsewhere classified (Upper arm)",M715,extension,1
M7155,M71.55,"Other bursitis, not elsewhere classified (Pelvic region and thigh)",M715,extension,1
M7156,M71.56,"Other bursitis, not elsewhere classified (Lower leg)",M715,extension,1
M7157,M71.57,"Other bursitis, not elsewhere classified (Ankle and foot)",M715,extension,1
M7159,M71.59,"Other bursitis, not elsewhere classified (Site unspecified)",M715,extension,1
M718,M71.8,Other specified bursopathies,M71,subcategory,1
M7180,M71.80,Other specified bursopathies (Multiple sites),M718,extension,1
M7181,M71.81,Other specified bursopathies (Shoulder region),M718,extension,1
M7185,M71.85,Other specified bursopathies (Pelvic region and thigh),M718,extension,1
M7186,M71.86,Other specified bursopathies (Lower leg),M718,extension,1
M7187,M71.87,Other specified bursopathies (Ankle and foot),M718,extension,1
M719,M71.9,"Bursopathy, unspecified",M71,subcategory,1
M7191,M71.91,"Bursopathy, unspecified (Shoulder region)",M719,extension,1
M7192,M71.92,"Bursopathy, unspecified (Upper arm)",M719,extension,1
M7193,M71.93,"Bursopathy, unspecified (Forearm)",M719,extension,1
M7195,M71.95,"Bursopathy, unspecified (Pelvic region and thigh)",M719,extension,1
M7196,M71.96,"Bursopathy, unspecified (Lower leg)",M719,extension,1
M7197,M71.97,"Bursopathy, unspecified (Ankle and foot)",M719,extension,1
M7198,M71.98,"Bursopathy, unspecified (Other)",M719,extension,1
M7199,M71.99,"Bursopathy, unspecified (Site unspecified)",M719,extension,1
M72,M72,Fibroblastic disorders,M70-M79,category,1
M720,M72.0,Palmar fascial fibromatosis [Dupuytren],M72,subcategory,1
M7200,M72.00,Palmar fascial fibromatosis [Dupuytren]-Mult sites,M720,extension,1
M7202,M72.02,Palmar fascial fibromatosis [Dupuytren]-Upper arm,M720,extension,1
M7204,M72.04,Palmar fascial fibromatosis [Dupuytren]-Hand,M720,extension,1
M7207,M72.07,Palmar fascial fibromatosis [Dupuytren]-Ankle/Foot,M720,extension,1
M7209,M72.09,Palmar fascial fibromatosis [Dupuytren]-Site unspec,M720,extension,1
M721,M72.1,Knuckle pads,M72,subcategory,1
M7210,M72.10,Knuckle pads (Multiple sites),M721,extension,1
M7214,M72.14,Knuckle pads (Hand),M721,extension,1
M722,M72.2,Plantar fascial fibromatosis,M72,subcategory,1
M7226,M72.26,Plantar fascial fibromatosis-Lower Leg,M722,extension,1
M7227,M72.27,Plantar fascial fibromatosis-Ankle/Foot,M722,extension,1
M7229,M72.29,Plantar fascial fibromatosis-Site unspec,M722,extension,1
M723,M72.3,Nodular fasciitis,M72,subcategory,1
M7238,M72.38,Nodular fasciitis-Other,M723,extension,1
M724,M72.4,Pseudosarcomatous fibromatosis,M72,subcategory,1
M725,M72.5,"Fasciitis, not elsewhere classified",M72,subcategory,1
M7250,M72.50,"Fasciitis, not elsewhere classified-Mult sites",M725,extension,1
M7252,M72.52,"Fasciitis, not elsewhere classified-Upper arm",M725,extension,1
M7253,M72.53,"Fasciitis, not elsewhere classified-Forearm",M725,extension,1
M7254,M72.54,"Fasciitis, not elsewhere classified-Hand",M725,extension,1
M7255,M72.55,"Fasciitis, not elsewhere classified-Pelvic/Thigh",M725,extension,1
M7256,M72.56,"Fasciitis, not elsewhere classified-Lower Leg",M725,extension,1
M7259,M72.59,"Fasciitis, not elsewhere classified-Site unspec",M725,extension,1
M726,M72.6,Necrotizing fasciitis,M72,subcategory,1
M7260,M72.60,Necrotizing fasciitis (Multiple sites),M726,extension,1
M7263,M72.63,Necrotizing fasciitis (Forearm),M726,extension,1
M7265,M72.65,Necrotizing fasciitis (Pelvic region and thigh),M726,extension,1
M7266,M72.66,Necrotizing fasciitis (Lower leg),M726,extension,1
M7267,M72.67,Necrotizing fasciitis (Ankle and foot),M726,extension,1
M7268,M72.68,Necrotizing fasciitis (Other),M726,extension,1
M728,M72.8,Other fibroblastic disorders,M72,subcategory,1
M7284,M72.84,Other fibroblastic disorders (Hand),M728,extension,1
M7287,M72.87,Other fibroblastic disorders (Ankle and foot),M728,extension,1
M7288,M72.88,Other fibroblastic disorders (Other),M728,extension,1
M729,M72.9,"Fibroblastic disorder, unspecified",M72,subcategory,1
M7294,M72.94,"Fibroblastic disorder, unspecified (Hand)",M729,extension,1
M7295,M72.95,"Fibroblastic disorder, unspecified (Pelvic region and thigh)",M729,extension,1
M7296,M72.96,"Fibroblastic disorder, unspecified (Lower leg)",M729,extension,1
M7297,M72.97,"Fibroblastic disorder, unspecified (Ankle and foot)",M729,extension,1
M7298,M72.98,"Fibroblastic disorder, unspecified (Other)",M729,extension,1
M73,M73,Soft tissue disorders in diseases classified elsewhere,M70-M79,category,0
M731,M73.1,Syphilitic bursitis,M73,subcategory,1
M75,M75,Shoulder lesions,M70-M79,category,1
M750,M75.0,Adhesive capsulitis of shoulder,M75,subcategory,1
M7500,M75.00,Adhesive capsulitis of unspecified shoulder,M750,extension,1
M751,M75.1,Rotator cuff syndrome,M75,subcategory,1
M752,M75.2,Bicipital tendinitis,M75,subcategory,1
M753,M75.3,Calcific tendinitis of shoulder,M75,subcategory,1
M754,M75.4,Impingement syndrome of shoulder,M75,subcategory,1
M755,M75.5,Bursitis of shoulder,M75,subcategory,1
M758,M75.8,Other shoulder lesions,M75,subcategory,1
M7581,M75.81,"Other shoulder lesions, right shoulder",M758,extension,1
M759,M75.9,"Shoulder lesion, unspecified",M75,subcategory,1
M76,M76,"Enthesopathies of lower limb, excluding foot",M70-M79,category,0
M760,M76.0,Gluteal tendinitis,M76,subcategory,1
M7605,M76.05,Gluteal tendinitis (Pelvic region and thigh),M760,extension,1
M761,M76.1,Psoas tendinitis,M76,subcategory,1
M7615,M76.15,Psoas tendinitis (Pelvic region and thigh),M761,extension,1
M762,M76.2,Iliac crest spur,M76,subcategory,1
M763,M76.3,Iliotibial band syndrome,M76,subcategory,1
M7635,M76.35,Iliotibial band syndrome (Pelvic region and thigh),M763,extension,1
M7636,M76.36,Iliotibial band syndrome (Lower leg),M763,extension,1
M764,M76.4,Tibial collateral bursitis [Pellegrini-Stieda],M76,subcategory,1
M765,M76.5,Patellar tendinitis,M76,subcategory,1
M7656,M76.56,Patellar tendinitis-Lower Leg,M765,extension,1
M7659,M76.59,Patellar tendinitis-Site unspec,M765,extension,1
M766,M76.6,Achilles tendinitis,M76,subcategory,1
M7664,M76.64,Achilles tendinitis-Hand,M766,extension,1
M7666,M76.66,Achilles tendinitis (Lower leg),M766,extension,1
M7667,M76.67,Achilles tendinitis (Ankle and foot),M766,extension,1
M767,M76.7,Peroneal tendinitis,M76,subcategory,1
M7677,M76.77,Peroneal tendinitis (Ankle and foot),M767,extension,1
M768,M76.8,"Other enthesopathies of lower limb, excluding foot",M76,subcategory,1
M7685,M76.85,"Other enthesopathies of lower limb, excluding foot (Pelvic region and thigh)",M768,extension,1
M7686,M76.86,"Other enthesopathies of lower limb, excluding foot (Lower leg)",M768,extension,1
M7687,M76.87,"Other enthesopathies of lower limb, excluding foot (Ankle and foot)",M768,extension,1
M769,M76.9,"Enthesopathy of lower limb, unspecified",M76,subcategory,1
M7695,M76.95,"Enthesopathy of lower limb, unspecified (Pelvic region and thigh)",M769,extension,1
M7696,M76.96,"Enthesopathy of lower limb, unspecified (Lower leg)",M769,extension,1
M7697,M76.97,"Enthesopathy of lower limb, unspecified (Ankle and foot)",M769,extension,1
M77,M77,Other enthesopathies,M70-M79,category,1
M770,M77.0,Medial epicondylitis,M77,subcategory,1
M7702,M77.02,Medial epicondylitis (Upper arm),M770,extension,1
M771,M77.1,Lateral epicondylitis,M77,subcategory,1
M7710,M77.10,Lateral epicondylitis (Multiple sites),M771,extension,1
M7711,M77.11,Lateral epicondylitis-Shldr region,M771,extension,1
M7712,M77.12,Lateral epicondylitis (Upper arm),M771,extension,1
M7713,M77.13,Lateral epicondylitis-Forearm,M771,extension,1
M7717,M77.17,Lateral epicondylitis-Ankle/Foot,M771,extension,1
M772,M77.2,Periarthritis of wrist,M77,subcategory,1
M773,M77.3,Calcaneal spur,M77,subcategory,1
M7731,M77.31,Calcaneal spur-Shldr region,M773,extension,1
M7737,M77.37,Calcaneal spur-Ankle/Foot,M773,extension,1
M774,M77.4,Metatarsalgia,M77,subcategory,1
M7746,M77.46,Metatarsalgia-Lower Leg,M774,extension,1
M7747,M77.47,Metatarsalgia-Ankle/Foot,M774,extension,1
M7749,M77.49,Metatarsalgia-Site unspec,M774,extension,1
M775,M77.5,Other enthesopathy of foot,M77,subcategory,1
M7754,M77.54,Other enthesopathy of foot-Hand,M775,extension,1
M7757,M77.57,Other enthesopathy of foot-Ankle/Foot,M775,extension,1
M778,M77.8,"Other enthesopathies, not elsewhere classified",M77,subcategory,1
M7781,M77.81,"Other enthesopathies, not elsewhere classified (Shoulder region)",M778,extension,1
M7782,M77.82,"Other enthesopathies, not elsewhere classified (Upper arm)",M778,extension,1
M7784,M77.84,"Other enthesopathies, not elsewhere classified (Hand)",M778,extension,1
M779,M77.9,"Enthesopathy, unspecified",M77,subcategory,1
M7790,M77.90,"Enthesopathy, unspecified (Multiple sites)",M779,extension,1
M7791,M77.91,"Enthesopathy, unspecified (Shoulder region)",M779,extension,1
M7792,M77.92,"Enthesopathy, unspecified (Upper arm)",M779,extension,1
M7793,M77.93,"Enthesopathy, unspecified (Forearm)",M779,extension,1
M7794,M77.94,"Enthesopathy, unspecified (Hand)",M779,extension,1
M7795,M77.95,"Enthesopathy, unspecified (Pelvic region and thigh)",M779,extension,1
M7796,M77.96,"Enthesopathy, unspecified (Lower leg)",M779,extension,1
M7797,M77.97,"Enthesopathy, unspecified (Ankle and foot)",M779,extension,1
M7798,M77.98,"Enthesopathy, unspecified (Other)",M779,extension,1
M7799,M77.99,"Enthesopathy, unspecified (Site unspecified)",M779,extension,1
M79,M79,"Other soft tissue disorders, not elsewhere classified",M70-M79,category,1
M790,M79.0,"Rheumatism, unspecified",M79,subcategory,1
M7900,M79.00,"Rheumatism, unspecified (Multiple sites)",M790,extension,1
M7901,M79.01,"Rheumatism, unspecified (Shoulder region)",M790,extension,1
M7902,M79.02,"Rheumatism, unspecified (Upper arm)",M790,extension,1
M7904,M79.04,"Rheumatism, unspecified (Hand)",M790,extension,1
M7905,M79.05,"Rheumatism, unspecified (Pelvic region and thigh)",M790,extension,1
M7906,M79.06,"Rheumatism, unspecified (Lower leg)",M790,extension,1
M7907,M79.07,"Rheumatism, unspecified (Ankle and foot)",M790,extension,1
M7908,M79.08,"Rheumatism, unspecified (Other)",M790,extension,1
M7909,M79.09,"Rheumatism, unspecified (Site unspecified)",M790,extension,1
M791,M79.1,Myalgia,M79,subcategory,1
M7910,M79.10,Myalgia (Multiple sites),M791,extension,1
M7911,M79.11,Myalgia (Shoulder region),M791,extension,1
M7912,M79.12,Myalgia (Upper arm),M791,extension,1
M7915,M79.15,Myalgia (Pelvic region and thigh),M791,extension,1
M7916,M79.16,Myalgia (Lower leg),M791,extension,1
M7917,M79.17,Myalgia (Ankle and foot),M791,extension,1
M7918,M79.18,Myalgia (Other),M791,extension,1
M7919,M79.19,Myalgia (Site unspecified),M791,extension,1
M792,M79.2,"Neuralgia and neuritis, unspecified",M79,subcategory,1
M7920,M79.20,"Neuralgia and neuritis, unspecified (Multiple sites)",M792,extension,1
M7921,M79.21,"Neuralgia and neuritis, unspecified (Shoulder region)",M792,extension,1
M7922,M79.22,"Neuralgia and neuritis, unspecified (Upper arm)",M792,extension,1
M7923,M79.23,"Neuralgia and neuritis, unspecified (Forearm)",M792,extension,1
M7925,M79.25,"Neuralgia and neuritis, unspecified (Pelvic region and thigh)",M792,extension,1
M7926,M79.26,"Neuralgia and neuritis, unspecified (Lower leg)",M792,extension,1
M7927,M79.27,"Neuralgia and neuritis, unspecified (Ankle and foot)",M792,extension,1
M7928,M79.28,"Neuralgia and neuritis, unspecified (Other)",M792,extension,1
M7929,M79.29,"Neuralgia and neuritis, unspecified (Site unspecified)",M792,extension,1
M793,M79.3,"Panniculitis, unspecified",M79,subcategory,1
M7932,M79.32,"Panniculitis, unspecified (Upper arm)",M793,extension,1
M7933,M79.33,"Panniculitis, unspecified (Forearm)",M793,extension,1
M7935,M79.35,"Panniculitis, unspecified (Pelvic region and thigh)",M793,extension,1
M7936,M79.36,"Panniculitis, unspecified (Lower leg)",M793,extension,1
M7938,M79.38,"Panniculitis, unspecified (Other)",M793,extension,1
M7939,M79.39,"Panniculitis, unspecified (Site unspecified)",M793,extension,1
M794,M79.4,Hypertrophy of (infrapatellar) fat pad,M79,subcategory,1
M7940,M79.40,Hypertrophy of (infrapatellar) fat pad (Multiple sites),M794,extension,1
M7946,M79.46,Hypertrophy of (infrapatellar) fat pad (Lower leg),M794,extension,1
M795,M79.5,Residual foreign body in soft tissue,M79,subcategory,1
M7952,M79.52,Residual foreign body in soft tissue (Upper arm),M795,extension,1
M7953,M79.53,Residual foreign body in soft tissue (Forearm),M795,extension,1
M7954,M79.54,Residual foreign body in soft tissue (Hand),M795,extension,1
M7955,M79.55,Residual foreign body in soft tissue (Pelvic region and thigh),M795,extension,1
M7956,M79.56,Residual foreign body in soft tissue (Lower leg),M795,extension,1
M7957,M79.57,Residual foreign body in soft tissue (Ankle and foot),M795,extension,1
M7958,M79.58,Residual foreign body in soft tissue (Other),M795,extension,1
M796,M79.6,Pain in limb,M79,subcategory,1
M7960,M79.60,Pain in limb (Multiple sites),M796,extension,1
M7961,M79.61,Pain in limb (Shoulder region),M796,extension,1
M7962,M79.62,Pain in limb (Upper arm),M796,extension,1
M7963,M79.63,Pain in limb (Forearm),M796,extension,1
M7964,M79.64,Pain in limb (Hand),M796,extension,1
M7965,M79.65,Pain in limb (Pelvic region and thigh),M796,extension,1
M7966,M79.66,Pain in limb (Lower leg),M796,extension,1
M7967,M79.67,Pain in limb (Ankle and foot),M796,extension,1
M7968,M79.68,Pain in limb (Other),M796,extension,1
M7969,M79.69,Pain in limb (Site unspecified),M796,extension,1
M797,M79.7,Fibromyalgia,M79,subcategory,1
M7970,M79.70,Fibromyalgia (Multiple sites),M797,extension,1
M7971,M79.71,Fibromyalgia (Shoulder region),M797,extension,1
M7974,M79.74,Fibromyalgia (Hand),M797,extension,1
M7975,M79.75,Fibromyalgia (Pelvic region and thigh),M797,extension,1
M7976,M79.76,Fibromyalgia (Lower leg),M797,extension,1
M7978,M79.78,Fibromyalgia (Other),M797,extension,1
M7979,M79.79,Fibromyalgia (Site unspecified),M797,extension,1
M798,M79.8,Other specified soft tissue disorders,M79,subcategory,1
M7980,M79.80,Other specified soft tissue disorders (Multiple sites),M798,extension,1
M7981,M79.81,Other specified soft tissue disorders (Shoulder region),M798,extension,1
M7982,M79.82,Other specified soft tissue disorders (Upper arm),M798,extension,1
M7983,M79.83,Other specified soft tissue disorders (Forearm),M798,extension,1
M7984,M79.84,Other specified soft tissue disorders (Hand),M798,extension,1
M7985,M79.85,Other specified soft tissue disorders (Pelvic region and thigh),M798,extension,1
M7986,M79.86,Other specified soft tissue disorders (Lower leg),M798,extension,1
M7987,M79.87,Other specified soft tissue disorders (Ankle and foot),M798,extension,1
M7988,M79.88,Other specified soft tissue disorders (Other),M798,extension,1
M7989,M79.89,Other specified soft tissue disorders (Site unspecified),M798,extension,1
M799,M79.9,"Soft tissue disorder, unspecified",M79,subcategory,1
M7990,M79.90,"Soft tissue disorder, unspecified (Multiple sites)",M799,extension,1
M7991,M79.91,"Soft tissue disorder, unspecified (Shoulder region)",M799,extension,1
M7994,M79.94,"Soft tissue disorder, unspecified (Hand)",M799,extension,1
M7995,M79.95,"Soft tissue disorder, unspecified (Pelvic region and thigh)",M799,extension,1
M7996,M79.96,"Soft tissue disorder, unspecified (Lower leg)",M799,extension,1
M7997,M79.97,"Soft tissue disorder, unspecified (Ankle and foot)",M799,extension,1
M7998,M79.98,"Soft tissue disorder, unspecified (Other)",M799,extension,1
M7999,M79.99,"Soft tissue disorder, unspecified (Site unspecified)",M799,extension,1
M80,M80,Osteoporosis with pathological fracture,M80-M85,category,1
M800,M80.0,Postmenopausal osteoporosis with pathological fracture,M80,subcategory,1
M8000,M80.00,Postmenopausal osteoporosis with pathological fracture (Multiple sites),M800,extension,1
M8001,M80.01,Postmenopausal osteoporosis with pathological fracture (Shoulder region),M800,extension,1
M8005,M80.05,Postmenopausal osteoporosis with pathological fracture (Pelvic region and thigh),M800,extension,1
M8007,M80.07,Postmenopausal osteoporosis with pathological fracture (Ankle and foot),M800,extension,1
M8008,M80.08,Postmenopausal osteoporosis with pathological fracture (Other),M800,extension,1
M8009,M80.09,Postmenopausal osteoporosis with pathological fracture (Site unspecified),M800,extension,1
M801,M80.1,Postoophorectomy osteoporosis with pathological fracture,M80,subcategory,1
M8010,M80.10,Postoophorectomy osteoporosis with pathological fracture (Multiple sites),M801,extension,1
M802,M80.2,Osteoporosis of disuse with pathological fracture,M80,subcategory,1
M8025,M80.25,Osteoporosis of disuse with pathological fracture (Pelvic region and thigh),M802,extension,1
M8028,M80.28,Osteoporosis of disuse with pathological fracture (Other),M802,extension,1
M803,M80.3,Postsurgical malabsorption osteoporosis with pathological fracture,M80,subcategory,1
M804,M80.4,Drug-induced osteoporosis with pathological fracture,M80,subcategory,1
M8048,M80.48,Drug-induced osteoporosis with pathological fracture (Other),M804,extension,1
M805,M80.5,Idiopathic osteoporosis with pathological fracture,M80,subcategory,1
M8050,M80.50,Idiopathic osteoporosis with pathological fracture (Multiple sites),M805,extension,1
M8052,M80.52,Idiopathic osteoporosis with pathological fracture (Upper arm),M805,extension,1
M8053,M80.53,Idiopathic osteoporosis with pathological fracture (Forearm),M805,extension,1
M8058,M80.58,Idiopathic osteoporosis with pathological fracture (Other),M805,extension,1
M808,M80.8,Other osteoporosis with pathological fracture,M80,subcategory,1
M8080,M80.80,Other osteoporosis with pathological fracture (Multiple sites),M808,extension,1
M8081,M80.81,Other osteoporosis with pathological fracture (Shoulder region),M808,extension,1
M8085,M80.85,Other osteoporosis with pathological fracture (Pelvic region and thigh),M808,extension,1
M8087,M80.87,Other osteoporosis with pathological fracture (Ankle and foot),M808,extension,1
M8088,M80.88,Other osteoporosis with pathological fracture (Other),M808,extension,1
M809,M80.9,Unspecified osteoporosis with pathological fracture,M80,subcategory,1
M8090,M80.90,Unspecified osteoporosis with pathological fracture (Multiple sites),M809,extension,1
M8091,M80.91,Unspecified osteoporosis with pathological fracture (Shoulder region),M809,extension,1
M8093,M80.93,Unspecified osteoporosis with pathological fracture (Forearm),M809,extension,1
M8095,M80.95,Unspecified osteoporosis with pathological fracture (Pelvic region and thigh),M809,extension,1
M8096,M80.96,Unspecified osteoporosis with pathological fracture (Lower leg),M809,extension,1
M8097,M80.97,Unspecified osteoporosis with pathological fracture (Ankle and foot),M809,extension,1
M8098,M80.98,Unspecified osteoporosis with pathological fracture (Other),M809,extension,1
M8099,M80.99,Unspecified osteoporosis with pathological fracture (Site unspecified),M809,extension,1
M81,M81,Osteoporosis without pathological fracture,M80-M85,category,1
M810,M81.0,Postmenopausal osteoporosis,M81,subcategory,1
M8100,M81.00,Postmenopausal osteoporosis (Multiple sites),M810,extension,1
M8102,M81.02,Postmenopausal osteoporosis (Upper arm),M810,extension,1
M8105,M81.05,Postmenopausal osteoporosis (Pelvic region and thigh),M810,extension,1
M8108,M81.08,Postmenopausal osteoporosis (Other),M810,extension,1
M8109,M81.09,Postmenopausal osteoporosis (Site unspecified),M810,extension,1
M811,M81.1,Postoophorectomy osteoporosis,M81,subcategory,1
M8110,M81.10,Postoophorectomy osteoporosis (Multiple sites),M811,extension,1
M8119,M81.19,Postoophorectomy osteoporosis (Site unspecified),M811,extension,1
M812,M81.2,Osteoporosis of disuse,M81,subcategory,1
M8120,M81.20,Osteoporosis of disuse (Multiple sites),M812,extension,1
M8129,M81.29,Osteoporosis of disuse (Site unspecified),M812,extension,1
M813,M81.3,Postsurgical malabsorption osteoporosis,M81,subcategory,0
M8130,M81.30,Postsurgical malabsorption osteoporosis (Multiple sites),M813,extension,1
M8138,M81.38,Postsurgical malabsorption osteoporosis (Other),M813,extension,1
M814,M81.4,Drug-induced osteoporosis,M81,subcategory,1
M8140,M81.40,Drug-induced osteoporosis (Multiple sites),M814,extension,1
M8144,M81.44,Drug-induced osteoporosis (Hand),M814,extension,1
M8148,M81.48,Drug-induced osteoporosis (Other),M814,extension,1
M8149,M81.49,Drug-induced osteoporosis (Site unspecified),M814,extension,1
M815,M81.5,Idiopathic osteoporosis,M81,subcategory,1
M8150,M81.50,Idiopathic osteoporosis (Multiple sites),M815,extension,1
M8158,M81.58,Idiopathic osteoporosis (Other),M815,extension,1
M8159,M81.59,Idiopathic osteoporosis (Site unspecified),M815,extension,1
M816,M81.6,Localised osteoporosis [Lequesne],M81,subcategory,1
M8169,M81.69,Localized osteoporosis [Lequesne] (Site unspecified),M816,extension,1
M818,M81.8,Other osteoporosis,M81,subcategory,1
M8180,M81.80,Other osteoporosis (Multiple sites),M818,extension,1
M8185,M81.85,Other osteoporosis (Pelvic region and thigh),M818,extension,1
M8188,M81.88,Other osteoporosis (Other),M818,extension,1
M8189,M81.89,Other osteoporosis (Site unspecified),M818,extension,1
M819,M81.9,"Osteoporosis, unspecified",M81,subcategory,1
M8190,M81.90,"Osteoporosis, unspecified (Multiple sites)",M819,extension,1
M8191,M81.91,"Osteoporosis, unspecified (Shoulder region)",M819,extension,1
M8192,M81.92,"Osteoporosis, unspecified (Upper arm)",M819,extension,1
M8193,M81.93,"Osteoporosis, unspecified (Forearm)",M819,extension,1
M8194,M81.94,"Osteoporosis, unspecified (Hand)",M819,extension,1
M8195,M81.95,"Osteoporosis, unspecified (Pelvic region and thigh)",M819,extension,1
M8196,M81.96,"Osteoporosis, unspecified (Lower leg)",M819,extension,1
M8197,M81.97,"Osteoporosis, unspecified (Ankle and foot)",M819,extension,1
M8198,M81.98,"Osteoporosis, unspecified (Other)",M819,extension,1
M8199,M81.99,"Osteoporosis, unspecified (Site unspecified)",M819,extension,1
M82,M82,Osteoporosis in diseases classified elsewhere,M80-M85,category,0
M820,M82.0,Osteoporosis in multiple myelomatosis,M82,subcategory,1
M8200,M82.00,Osteoporosis in multiple myelomatosis (Multiple sites),M820,extension,1
M821,M82.1,Osteoporosis in endocrine disorders,M82,subcategory,1
M8210,M82.10,Osteoporosis in endocrine disorders (Multiple sites),M821,extension,1
M8211,M82.11,Osteoporosis in endocrine disorders (Shoulder region),M821,extension,1
M8218,M82.18,Osteoporosis in endocrine disorders (Other),M821,extension,1
M828,M82.8,Osteoporosis in other diseases classified elsewhere,M82,subcategory,1
M83,M83,Adult osteomalacia,M80-M85,category,1
M831,M83.1,Senile osteomalacia,M83,subcategory,1
M8310,M83.10,Senile osteomalacia (Multiple sites),M831,extension,1
M8312,M83.12,Senile osteomalacia (Upper arm),M831,extension,1
M832,M83.2,Adult osteomalacia due to malabsorption,M83,subcategory,1
M833,M83.3,Adult osteomalacia due to malnutrition,M83,subcategory,0
M8330,M83.30,Adult osteomalacia due to malnutrition (Multiple sites),M833,extension,1
M834,M83.4,Aluminum bone disease,M83,subcategory,0
M8340,M83.40,Aluminium bone disease (Multiple sites),M834,extension,1
M838,M83.8,Other adult osteomalacia,M83,subcategory,1
M8380,M83.80,Other adult osteomalacia (Multiple sites),M838,extension,1
M8385,M83.85,Other adult osteomalacia (Pelvic region and thigh),M838,extension,1
M8388,M83.88,Other adult osteomalacia (Other),M838,extension,1
M8389,M83.89,Other adult osteomalacia (Site unspecified),M838,extension,1
M839,M83.9,"Adult osteomalacia, unspecified",M83,subcategory,1
M8395,M83.95,"Adult osteomalacia, unspecified (Pelvic region and thigh)",M839,extension,1
M8396,M83.96,"Adult osteomalacia, unspecified (Lower leg)",M839,extension,1
M8398,M83.98,"Adult osteomalacia, unspecified (Other)",M839,extension,1
M8399,M83.99,"Adult osteomalacia, unspecified (Site unspecified)",M839,extension,1
M84,M84,Disorders of continuity of bone,M80-M85,category,1
M840,M84.0,Malunion of fracture,M84,subcategory,1
M8400,M84.00,Malunion of fracture (Multiple sites),M840,extension,1
M8401,M84.01,Malunion of fracture (Shoulder region),M840,extension,1
M8402,M84.02,Malunion of fracture (Upper arm),M840,extension,1
M8403,M84.03,Malunion of fracture (Forearm),M840,extension,1
M8404,M84.04,Malunion of fracture (Hand),M840,extension,1
M8405,M84.05,Malunion of fracture (Pelvic region and thigh),M840,extension,1
M8406,M84.06,Malunion of fracture (Lower leg),M840,extension,1
M8407,M84.07,Malunion of fracture (Ankle and foot),M840,extension,1
M8408,M84.08,Malunion of fracture (Other),M840,extension,1
M841,M84.1,Nonunion of fracture [pseudarthrosis],M84,subcategory,1
M8411,M84.11,Nonunion of fracture [pseudarthrosis] (Shoulder region),M841,extension,1
M8412,M84.12,Nonunion of fracture [pseudarthrosis] (Upper arm),M841,extension,1
M8413,M84.13,Nonunion of fracture [pseudarthrosis] (Forearm),M841,extension,1
M8414,M84.14,Nonunion of fracture [pseudarthrosis] (Hand),M841,extension,1
M8415,M84.15,Nonunion of fracture [pseudarthrosis] (Pelvic region and thigh),M841,extension,1
M8416,M84.16,Nonunion of fracture [pseudarthrosis] (Lower leg),M841,extension,1
M8417,M84.17,Nonunion of fracture [pseudarthrosis] (Ankle and foot),M841,extension,1
M8418,M84.18,Nonunion of fracture [pseudarthrosis] (Other),M841,extension,1
M842,M84.2,Delayed union of fracture,M84,subcategory,1
M8421,M84.21,Delayed union of fracture (Shoulder region),M842,extension,1
M8422,M84.22,Delayed union of fracture (Upper arm),M842,extension,1
M8423,M84.23,Delayed union of fracture (Forearm),M842,extension,1
M8425,M84.25,Delayed union of fracture (Pelvic region and thigh),M842,extension,1
M8426,M84.26,Delayed union of fracture (Lower leg),M842,extension,1
M8427,M84.27,Delayed union of fracture (Ankle and foot),M842,extension,1
M843,M84.3,"Stress fracture, not elsewhere classified",M84,subcategory,1
M8430,M84.30,"Stress fracture, not elsewhere classified (Multiple sites)",M843,extension,1
M8431,M84.31,"Stress fracture, not elsewhere classified (Shoulder region)",M843,extension,1
M8432,M84.32,"Stress fracture, not elsewhere classified (Upper arm)",M843,extension,1
M8433,M84.33,"Stress fracture, not elsewhere classified (Forearm)",M843,extension,1
M8434,M84.34,"Stress fracture, not elsewhere classified (Hand)",M843,extension,1
M8435,M84.35,"Stress fracture, not elsewhere classified (Pelvic region and thigh)",M843,extension,1
M8436,M84.36,"Stress fracture, not elsewhere classified (Lower leg)",M843,extension,1
M8437,M84.37,"Stress fracture, not elsewhere classified (Ankle and foot)",M843,extension,1
M8438,M84.38,"Stress fracture, not elsewhere classified (Other)",M843,extension,1
M844,M84.4,"Pathological fracture, not elsewhere classified",M84,subcategory,1
M8440,M84.40,"Pathological fracture, not elsewhere classified (Multiple sites)",M844,extension,1
M8441,M84.41,"Pathological fracture, not elsewhere classified (Shoulder region)",M844,extension,1
M8442,M84.42,"Pathological fracture, not elsewhere classified (Upper arm)",M844,extension,1
M8443,M84.43,"Pathological fracture, not elsewhere classified (Forearm)",M844,extension,1
M8444,M84.44,"Pathological fracture, not elsewhere classified (Hand)",M844,extension,1
M8445,M84.45,"Pathological fracture, not elsewhere classified (Pelvic region and thigh)",M844,extension,1
M8446,M84.46,"Pathological fracture, not elsewhere classified (Lower leg)",M844,extension,1
M8447,M84.47,"Pathological fracture, not elsewhere classified (Ankle and foot)",M844,extension,1
M8448,M84.48,"Pathological fracture, not elsewhere classified (Other)",M844,extension,1
M847,M84.7,"Nontraumatic fracture, not elsewhere classified",M84,subcategory,0
M8475,M84.75,Atypical femoral fracture,M847,extension,1
M848,M84.8,Other disorders of continuity of bone,M84,subcategory,1
M8480,M84.80,Other disorders of continuity of bone (Multiple sites),M848,extension,1
M8482,M84.82,Other disorders of continuity of bone (Upper arm),M848,extension,1
M8483,M84.83,Other disorders of continuity of bone (Forearm),M848,extension,1
M8484,M84.84,Other disorders of continuity of bone (Hand),M848,extension,1
M8485,M84.85,Other disorders of continuity of bone (Pelvic region and thigh),M848,extension,1
M8487,M84.87,Other disorders of continuity of bone (Ankle and foot),M848,extension,1
M8488,M84.88,Other disorders of continuity of bone (Other),M848,extension,1
M8489,M84.89,Other disorders of continuity of bone (Site unspecified),M848,extension,1
M849,M84.9,"Disorder of continuity of bone, unspecified",M84,subcategory,1
M8491,M84.91,"Disorder of continuity of bone, unspecified (Shoulder region)",M849,extension,1
M8494,M84.94,"Disorder of continuity of bone, unspecified (Hand)",M849,extension,1
M8495,M84.95,"Disorder of continuity of bone, unspecified (Pelvic region and thigh)",M849,extension,1
M8498,M84.98,"Disorder of continuity of bone, unspecified (Other)",M849,extension,1
M85,M85,Other disorders of bone density and structure,M80-M85,category,0
M850,M85.0,Fibrous dysplasia (monostotic),M85,subcategory,1
M8500,M85.00,Fibrous dysplasia (monostotic) (Multiple sites),M850,extension,1
M8503,M85.03,Fibrous dysplasia (monostotic) (Forearm),M850,extension,1
M8505,M85.05,Fibrous dysplasia (monostotic) (Pelvic region and thigh),M850,extension,1
M8508,M85.08,Fibrous dysplasia (monostotic) (Other),M850,extension,1
M8509,M85.09,Fibrous dysplasia (monostotic) (Site unspecified),M850,extension,1
M852,M85.2,Hyperostosis of skull,M85,subcategory,1
M8520,M85.20,Hyperostosis of skull-Mult sites,M852,extension,1
M8521,M85.21,Hyperostosis of skull-Shldr region,M852,extension,1
M8522,M85.22,Hyperostosis of skull-Upper arm,M852,extension,1
M853,M85.3,Osteitis condensans,M85,subcategory,1
M854,M85.4,Solitary bone cyst,M85,subcategory,1
M8541,M85.41,Solitary bone cyst (Shoulder region),M854,extension,1
M8542,M85.42,Solitary bone cyst (Upper arm),M854,extension,1
M8544,M85.44,Solitary bone cyst (Hand),M854,extension,1
M8545,M85.45,Solitary bone cyst (Pelvic region and thigh),M854,extension,1
M8546,M85.46,Solitary bone cyst (Lower leg),M854,extension,1
M8547,M85.47,Solitary bone cyst (Ankle and foot),M854,extension,1
M855,M85.5,Aneurysmal bone cyst,M85,subcategory,1
M8550,M85.50,Aneurysmal bone cyst (Multiple sites),M855,extension,1
M8559,M85.59,Aneurysmal bone cyst (Site unspecified),M855,extension,1
M856,M85.6,Other cyst of bone,M85,subcategory,1
M8560,M85.60,Other cyst of bone (Multiple sites),M856,extension,1
M8561,M85.61,Other cyst of bone (Shoulder region),M856,extension,1
M8563,M85.63,Other cyst of bone (Forearm),M856,extension,1
M8564,M85.64,Other cyst of bone (Hand),M856,extension,1
M8565,M85.65,Other cyst of bone (Pelvic region and thigh),M856,extension,1
M8566,M85.66,Other cyst of bone (Lower leg),M856,extension,1
M8567,M85.67,Other cyst of bone (Ankle and foot),M856,extension,1
M8568,M85.68,Other cyst of bone (Other),M856,extension,1
M858,M85.8,Other specified disorders of bone density and structure,M85,subcategory,1
M8580,M85.80,Other specified disorders of bone density and structure (Multiple sites),M858,extension,1
M8581,M85.81,Other specified disorders of bone density and structure (Shoulder region),M858,extension,1
M8582,M85.82,Other specified disorders of bone density and structure (Upper arm),M858,extension,1
M8583,M85.83,Other specified disorders of bone density and structure (Forearm),M858,extension,1
M8584,M85.84,Other specified disorders of bone density and structure (Hand),M858,extension,1
M8585,M85.85,Other specified disorders of bone density and structure (Pelvic region and thigh),M858,extension,1
M8586,M85.86,Other specified disorders of bone density and structure (Lower leg),M858,extension,1
M8587,M85.87,Other specified disorders of bone density and structure (Ankle and foot),M858,extension,1
M8588,M85.88,Other specified disorders of bone density and structure (Other),M858,extension,1
M8589,M85.89,Other specified disorders of bone density and structure (Site unspecified),M858,extension,1
M859,M85.9,"Disorder of bone density and structure, unspecified",M85,subcategory,1
M8592,M85.92,"Disorder of bone density and structure, unspecified (Upper arm)",M859,extension,1
M8595,M85.95,"Disorder of bone density and structure, unspecified (Pelvic region and thigh)",M859,extension,1
M8597,M85.97,"Disorder of bone density and structure, unspecified (Ankle and foot)",M859,extension,1
M8598,M85.98,"Disorder of bone density and structure, unspecified (Other)",M859,extension,1
M8599,M85.99,"Disorder of bone density and structure, unspecified (Site unspecified)",M859,extension,1
M86,M86,Osteomyelitis,M86-M90,category,1
M860,M86.0,Acute haematogenous osteomyelitis,M86,subcategory,1
M861,M86.1,Other acute osteomyelitis,M86,subcategory,1
M8611,M86.11,Other acute osteomyelitis (Shoulder region),M861,extension,1
M8614,M86.14,Other acute osteomyelitis (Hand),M861,extension,1
M8615,M86.15,Other acute osteomyelitis (Pelvic region and thigh),M861,extension,1
M8617,M86.17,Other acute osteomyelitis (Ankle and foot),M861,extension,1
M8618,M86.18,Other acute osteomyelitis (Other),M861,extension,1
M862,M86.2,Subacute osteomyelitis,M86,subcategory,0
M8620,M86.20,Subacute osteomyelitis (Multiple sites),M862,extension,1
M863,M86.3,Chronic multifocal osteomyelitis,M86,subcategory,0
M8630,M86.30,Chronic multifocal osteomyelitis (Multiple sites),M863,extension,1
M864,M86.4,Chronic osteomyelitis with draining sinus,M86,subcategory,1
M8642,M86.42,Chronic osteomyelitis with draining sinus (Upper arm),M864,extension,1
M8645,M86.45,Chronic osteomyelitis with draining sinus (Pelvic region and thigh),M864,extension,1
M8646,M86.46,Chronic osteomyelitis with draining sinus (Lower leg),M864,extension,1
M8647,M86.47,Chronic osteomyelitis with draining sinus (Ankle and foot),M864,extension,1
M8648,M86.48,Chronic osteomyelitis with draining sinus (Other),M864,extension,1
M865,M86.5,Other chronic haematogenous osteomyelitis,M86,subcategory,0
M8650,M86.50,Other chronic haematogenous osteomyelitis (Multiple sites),M865,extension,1
M866,M86.6,Other chronic osteomyelitis,M86,subcategory,1
M8660,M86.60,Other chronic osteomyelitis (Multiple sites),M866,extension,1
M8661,M86.61,Other chronic osteomyelitis (Shoulder region),M866,extension,1
M8662,M86.62,Other chronic osteomyelitis (Upper arm),M866,extension,1
M8664,M86.64,Other chronic osteomyelitis (Hand),M866,extension,1
M8665,M86.65,Other chronic osteomyelitis (Pelvic region and thigh),M866,extension,1
M8666,M86.66,Other chronic osteomyelitis (Lower leg),M866,extension,1
M8667,M86.67,Other chronic osteomyelitis (Ankle and foot),M866,extension,1
M8668,M86.68,Other chronic osteomyelitis (Other),M866,extension,1
M8669,M86.69,Other chronic osteomyelitis (Site unspecified),M866,extension,1
M868,M86.8,Other osteomyelitis,M86,subcategory,1
M8680,M86.80,Other osteomyelitis (Multiple sites),M868,extension,1
M8681,M86.81,Other osteomyelitis (Shoulder region),M868,extension,1
M8684,M86.84,Other osteomyelitis (Hand),M868,extension,1
M8685,M86.85,Other osteomyelitis (Pelvic region and thigh),M868,extension,1
M8686,M86.86,Other osteomyelitis (Lower leg),M868,extension,1
M8687,M86.87,Other osteomyelitis (Ankle and foot),M868,extension,1
M8688,M86.88,Other osteomyelitis (Other),M868,extension,1
M8689,M86.89,Other osteomyelitis (Site unspecified),M868,extension,1
M869,M86.9,"Osteomyelitis, unspecified",M86,subcategory,1
M8690,M86.90,"Osteomyelitis, unspecified (Multiple sites)",M869,extension,1
M8691,M86.91,"Osteomyelitis, unspecified (Shoulder region)",M869,extension,1
M8692,M86.92,"Osteomyelitis, unspecified (Upper arm)",M869,extension,1
M8693,M86.93,"Osteomyelitis, unspecified (Forearm)",M869,extension,1
M8694,M86.94,"Osteomyelitis, unspecified (Hand)",M869,extension,1
M8695,M86.95,"Osteomyelitis, unspecified (Pelvic region and thigh)",M869,extension,1
M8696,M86.96,"Osteomyelitis, unspecified (Lower leg)",M869,extension,1
M8697,M86.97,"Osteomyelitis, unspecified (Ankle and foot)",M869,extension,1
M8698,M86.98,"Osteomyelitis, unspecified (Other)",M869,extension,1
M8699,M86.99,"Osteomyelitis, unspecified (Site unspecified)",M869,extension,1
M87,M87,Osteonecrosis,M86-M90,category,1
M870,M87.0,Idiopathic aseptic necrosis of bone,M87,subcategory,0
M8708,M87.08,Idiopathic aseptic necrosis of bone (Other),M870,extension,1
M871,M87.1,Osteonecrosis due to drugs,M87,subcategory,1
M8712,M87.12,Osteonecrosis due to drugs (Upper arm),M871,extension,1
M8715,M87.15,Osteonecrosis due to drugs (Pelvic region and thigh),M871,extension,1
M8718,M87.18,Osteonecrosis due to drugs (Other),M871,extension,1
M8719,M87.19,Osteonecrosis due to drugs (Site unspecified),M871,extension,1
M872,M87.2,Osteonecrosis due to previous trauma,M87,subcategory,1
M8720,M87.20,Osteonecrosis due to previous trauma (Multiple sites),M872,extension,1
M8721,M87.21,Osteonecrosis due to previous trauma (Shoulder region),M872,extension,1
M8725,M87.25,Osteonecrosis due to previous trauma (Pelvic region and thigh),M872,extension,1
M8726,M87.26,Osteonecrosis due to previous trauma (Lower leg),M872,extension,1
M8727,M87.27,Osteonecrosis due to previous trauma (Ankle and foot),M872,extension,1
M873,M87.3,Other secondary osteonecrosis,M87,subcategory,0
M8735,M87.35,Other secondary osteonecrosis (Pelvic region and thigh),M873,extension,1
M878,M87.8,Other osteonecrosis,M87,subcategory,1
M8780,M87.80,Other osteonecrosis (Multiple sites),M878,extension,1
M8781,M87.81,Other osteonecrosis (Shoulder region),M878,extension,1
M8783,M87.83,Other osteonecrosis (Forearm),M878,extension,1
M8784,M87.84,Other osteonecrosis (Hand),M878,extension,1
M8785,M87.85,Other osteonecrosis (Pelvic region and thigh),M878,extension,1
M8786,M87.86,Other osteonecrosis (Lower leg),M878,extension,1
M8787,M87.87,Other osteonecrosis (Ankle and foot),M878,extension,1
M8788,M87.88,Other osteonecrosis (Other),M878,extension,1
M879,M87.9,"Osteonecrosis, unspecified",M87,subcategory,1
M8791,M87.91,"Osteonecrosis, unspecified (Shoulder region)",M879,extension,1
M8792,M87.92,"Osteonecrosis, unspecified (Upper arm)",M879,extension,1
M8793,M87.93,"Osteonecrosis, unspecified (Forearm)",M879,extension,1
M8794,M87.94,"Osteonecrosis, unspecified (Hand)",M879,extension,1
M8795,M87.95,"Osteonecrosis, unspecified (Pelvic region and thigh)",M879,extension,1
M8796,M87.96,"Osteonecrosis, unspecified (Lower leg)",M879,extension,1
M8797,M87.97,"Osteonecrosis, unspecified (Ankle and foot)",M879,extension,1
M8798,M87.98,"Osteonecrosis, unspecified (Other)",M879,extension,1
M8799,M87.99,"Osteonecrosis, unspecified (Site unspecified)",M879,extension,1
M88,M88,Paget's disease of bone [osteitis deformans],M86-M90,category,1
M880,M88.0,Paget's disease of skull,M88,subcategory,1
M8800,M88.00,Paget's disease of skull-Mult sites,M880,extension,1
M888,M88.8,Paget's disease of other bones,M88,subcategory,1
M8880,M88.80,Paget's disease of other bones (Multiple sites),M888,extension,1
M8881,M88.81,Paget's disease of other bones (Shoulder region),M888,extension,1
M8883,M88.83,Paget's disease of other bones (Forearm),M888,extension,1
M8885,M88.85,Paget's disease of other bones (Pelvic region and thigh),M888,extension,1
M8886,M88.86,Paget's disease of other bones (Lower leg),M888,extension,1
M8888,M88.88,Paget's disease of other bones (Other),M888,extension,1
M889,M88.9,"Paget's disease of bone, unspecified",M88,subcategory,1
M8890,M88.90,"Paget's disease of bone, unspecified (Multiple sites)",M889,extension,1
M8891,M88.91,"Paget's disease of bone, unspecified (Shoulder region)",M889,extension,1
M8892,M88.92,"Paget's disease of bone, unspecified (Upper arm)",M889,extension,1
M8894,M88.94,"Paget's disease of bone, unspecified (Hand)",M889,extension,1
M8895,M88.95,"Paget's disease of bone, unspecified (Pelvic region and thigh)",M889,extension,1
M8896,M88.96,"Paget's disease of bone, unspecified (Lower leg)",M889,extension,1
M8898,M88.98,"Paget's disease of bone, unspecified (Other)",M889,extension,1
M8899,M88.99,"Paget's disease of bone, unspecified (Site unspecified)",M889,extension,1
M89,M89,Other disorders of bone,M86-M90,category,0
M890,M89.0,Algoneurodystrophy,M89,subcategory,1
M8900,M89.00,Algoneurodystrophy (Multiple sites),M890,extension,1
M8901,M89.01,Algoneurodystrophy (Shoulder region),M890,extension,1
M8902,M89.02,Algoneurodystrophy (Upper arm),M890,extension,1
M8903,M89.03,Algoneurodystrophy (Forearm),M890,extension,1
M8904,M89.04,Algoneurodystrophy (Hand),M890,extension,1
M8905,M89.05,Algoneurodystrophy (Pelvic region and thigh),M890,extension,1
M8906,M89.06,Algoneurodystrophy (Lower leg),M890,extension,1
M8907,M89.07,Algoneurodystrophy (Ankle and foot),M890,extension,1
M8908,M89.08,Algoneurodystrophy (Other),M890,extension,1
M8909,M89.09,Algoneurodystrophy (Site unspecified),M890,extension,1
M891,M89.1,Epiphyseal arrest,M89,subcategory,0
M8913,M89.13,Epiphyseal arrest (Forearm),M891,extension,1
M892,M89.2,Other disorders of bone development and growth,M89,subcategory,0
M8921,M89.21,Other disorders of bone development and growth (Shoulder region),M892,extension,1
M8924,M89.24,Other disorders of bone development and growth (Hand),M892,extension,1
M8927,M89.27,Other disorders of bone development and growth (Ankle and foot),M892,extension,1
M893,M89.3,Hypertrophy of bone,M89,subcategory,1
M8931,M89.31,Hypertrophy of bone (Shoulder region),M893,extension,1
M8932,M89.32,Hypertrophy of bone (Upper arm),M893,extension,1
M8934,M89.34,Hypertrophy of bone (Hand),M893,extension,1
M8935,M89.35,Hypertrophy of bone (Pelvic region and thigh),M893,extension,1
M8936,M89.36,Hypertrophy of bone (Lower leg),M893,extension,1
M8937,M89.37,Hypertrophy of bone (Ankle and foot),M893,extension,1
M8938,M89.38,Hypertrophy of bone (Other),M893,extension,1
M8939,M89.39,Hypertrophy of bone (Site unspecified),M893,extension,1
M894,M89.4,Other hypertrophic osteo-arthropathy,M89,subcategory,1
M8940,M89.40,Other hypertrophic osteoarthropathy (Multiple sites),M894,extension,1
M8941,M89.41,Other hypertrophic osteoarthropathy (Shoulder region),M894,extension,1
M8944,M89.44,Other hypertrophic osteoarthropathy (Hand),M894,extension,1
M895,M89.5,Osteolysis,M89,subcategory,1
M8951,M89.51,Osteolysis (Shoulder region),M895,extension,1
M8952,M89.52,Osteolysis (Upper arm),M895,extension,1
M8955,M89.55,Osteolysis (Pelvic region and thigh),M895,extension,1
M8956,M89.56,Osteolysis (Lower leg),M895,extension,1
M8957,M89.57,Osteolysis (Ankle and foot),M895,extension,1
M8958,M89.58,Osteolysis (Other),M895,extension,1
M896,M89.6,Osteopathy after poliomyelitis,M89,subcategory,1
M8960,M89.60,Osteopathy after poliomyelitis (Multiple sites),M896,extension,1
M898,M89.8,Other specified disorders of bone,M89,subcategory,1
M8980,M89.80,Other specified disorders of bone (Multiple sites),M898,extension,1
M8981,M89.81,Other specified disorders of bone (Shoulder region),M898,extension,1
M8982,M89.82,Other specified disorders of bone (Upper arm),M898,extension,1
M8983,M89.83,Other specified disorders of bone (Forearm),M898,extension,1
M8984,M89.84,Other specified disorders of bone (Hand),M898,extension,1
M8985,M89.85,Other specified disorders of bone (Pelvic region and thigh),M898,extension,1
M8986,M89.86,Other specified disorders of bone (Lower leg),M898,extension,1
M8987,M89.87,Other specified disorders of bone (Ankle and foot),M898,extension,1
M8988,M89.88,Other specified disorders of bone (Other),M898,extension,1
M8989,M89.89,Other specified disorders of bone (Site unspecified),M898,extension,1
M899,M89.9,"Disorder of bone, unspecified",M89,subcategory,1
M8990,M89.90,"Disorder of bone, unspecified (Multiple sites)",M899,extension,1
M8991,M89.91,"Disorder of bone, unspecified (Shoulder region)",M899,extension,1
M8992,M89.92,"Disorder of bone, unspecified (Upper arm)",M899,extension,1
M8993,M89.93,"Disorder of bone, unspecified (Forearm)",M899,extension,1
M8994,M89.94,"Disorder of bone, unspecified (Hand)",M899,extension,1
M8995,M89.95,"Disorder of bone, unspecified (Pelvic region and thigh)",M899,extension,1
M8996,M89.96,"Disorder of bone, unspecified (Lower leg)",M899,extension,1
M8997,M89.97,"Disorder of bone, unspecified (Ankle and foot)",M899,extension,1
M8998,M89.98,"Disorder of bone, unspecified (Other)",M899,extension,1
M8999,M89.99,"Disorder of bone, unspecified (Site unspecified)",M899,extension,1
M90,M90,Osteopathies in diseases classified elsewhere,M86-M90,category,0
M900,M90.0,Tuberculosis of bone,M90,subcategory,1
M9000,M90.00,Tuberculosis of bone (Multiple sites),M900,extension,1
M9007,M90.07,Tuberculosis of bone (Ankle and foot),M900,extension,1
M901,M90.1,Periostitis in other infectious diseases classified elsewhere,M90,subcategory,1
M9010,M90.10,Periostitis in other infectious diseases classified elsewhere (Multiple sites),M901,extension,1
M9013,M90.13,Periostitis in other infectious diseases classified elsewhere (Forearm),M901,extension,1
M9014,M90.14,Periostitis in other infectious diseases classified elsewhere (Hand),M901,extension,1
M902,M90.2,Osteopathy in other infectious diseases classified elsewhere,M90,subcategory,1
M9020,M90.20,Osteopathy in other infectious diseases classified elsewhere (Multiple sites),M902,extension,1
M903,M90.3,Osteonecrosis in caisson disease,M90,subcategory,1
M907,M90.7,Fracture of bone in neoplastic disease,M90,subcategory,1
M9070,M90.70,Fracture of bone in neoplastic disease (Multiple sites),M907,extension,1
M9071,M90.71,Fracture of bone in neoplastic disease (Shoulder region),M907,extension,1
M9072,M90.72,Fracture of bone in neoplastic disease (Upper arm),M907,extension,1
M9075,M90.75,Fracture of bone in neoplastic disease (Pelvic region and thigh),M907,extension,1
M9076,M90.76,Fracture of bone in neoplastic disease (Lower leg),M907,extension,1
M9078,M90.78,Fracture of bone in neoplastic disease (Other),M907,extension,1
M9079,M90.79,Fracture of bone in neoplastic disease (Site unspecified),M907,extension,1
M908,M90.8,Osteopathy in other diseases classified elsewhere,M90,subcategory,1
M9080,M90.80,Osteopathy in other diseases classified elsewhere (Multiple sites),M908,extension,1
M9084,M90.84,Osteopathy in other diseases classified elsewhere (Hand),M908,extension,1
M91,M91,Juvenile osteochondrosis of hip and pelvis,M91-M94,category,1
M910,M91.0,Juvenile osteochondrosis of pelvis,M91,subcategory,1
M911,M91.1,Juvenile osteochondrosis of head of femur [Legg-Calve-Perthes],M91,subcategory,1
M9115,M91.15,Juv osteochondrosis head of femur [Legg-Calve-Perthes]-Pelv,M911,extension,1
M9119,M91.19,Juv osteochondrosis head of femur [Legg-Calve-Perthes]-Site,M911,extension,1
M912,M91.2,Coxa plana,M91,subcategory,1
M9120,M91.20,Coxa plana-Mult sites,M912,extension,1
M9121,M91.21,Coxa plana-Shldr region,M912,extension,1
M9129,M91.29,Coxa plana-Site unspec,M912,extension,1
M913,M91.3,Pseudocoxalgia,M91,subcategory,0
M9131,M91.31,Pseudocoxalgia-Shldr region,M913,extension,1
M919,M91.9,"Juvenile osteochondrosis of hip and pelvis, unspecified",M91,subcategory,1
M9191,M91.91,"Juvenile osteochondrosis of hip and pelvis, unspecified-Shl",M919,extension,1
M92,M92,Other juvenile osteochondrosis,M91-M94,category,0
M922,M92.2,Juvenile osteochondrosis of hand,M92,subcategory,1
M923,M92.3,Other juvenile osteochondrosis of upper limb,M92,subcategory,1
M924,M92.4,Juvenile osteochondrosis of patella,M92,subcategory,0
M9240,M92.40,"Juvenile osteochondrosis of patella, unspecified knee",M924,extension,1
M925,M92.5,Juvenile osteochondrosis of tibia and fibula,M92,subcategory,1
M9250,M92.50,"Juvenile osteochondrosis of tibia and fibula, unspecified leg",M925,extension,1
M9251,M92.51,"Juvenile osteochondrosis of tibia and fibula, right leg",M925,extension,1
M926,M92.6,Juvenile osteochondrosis of tarsus,M92,subcategory,1
M927,M92.7,Juvenile osteochondrosis of metatarsus,M92,subcategory,1
M928,M92.8,Other specified juvenile osteochondrosis,M92,subcategory,1
M929,M92.9,"Juvenile osteochondrosis, unspecified",M92,subcategory,1
M93,M93,Other osteochondropathies,M91-M94,category,1
M930,M93.0,Slipped upper femoral epiphysis (nontraumatic),M93,subcategory,1
M931,M93.1,Kienbock's disease of adults,M93,subcategory,1
M932,M93.2,Osteochondritis dissecans,M93,subcategory,1
M938,M93.8,Other specified osteochondropathies,M93,subcategory,1
M9386,M93.86,"Other specified osteochondropathies, lower leg",M938,extension,1
M939,M93.9,"Osteochondropathy, unspecified",M93,subcategory,1
M94,M94,Other disorders of cartilage,M91-M94,category,1
M940,M94.0,Chondrocostal junction syndrome [Tietze],M94,subcategory,1
M9408,M94.08,Chondrocostal junction syndrome [Tietze]-Other,M940,extension,1
M9409,M94.09,Chondrocostal junction syndrome [Tietze]-Site unspec,M940,extension,1
M941,M94.1,Relapsing polychondritis,M94,subcategory,1
M9410,M94.10,Relapsing polychondritis (Multiple sites),M941,extension,1
M9418,M94.18,Relapsing polychondritis (Other),M941,extension,1
M942,M94.2,Chondromalacia,M94,subcategory,1
M9421,M94.21,Chondromalacia (Shoulder region),M942,extension,1
M9422,M94.22,Chondromalacia (Upper arm),M942,extension,1
M9423,M94.23,Chondromalacia (Forearm),M942,extension,1
M9424,M94.24,Chondromalacia (Hand),M942,extension,1
M9425,M94.25,Chondromalacia (Pelvic region and thigh),M942,extension,1
M9426,M94.26,Chondromalacia (Lower leg),M942,extension,1
M9427,M94.27,Chondromalacia (Ankle and foot),M942,extension,1
M9428,M94.28,Chondromalacia (Other),M942,extension,1
M943,M94.3,Chondrolysis,M94,subcategory,1
M9435,M94.35,Chondrolysis (Pelvic region and thigh),M943,extension,1
M9436,M94.36,Chondrolysis (Lower leg),M943,extension,1
M948,M94.8,Other specified disorders of cartilage,M94,subcategory,1
M9480,M94.80,Other specified disorders of cartilage (Multiple sites),M948,extension,1
M9481,M94.81,Other specified disorders of cartilage (Shoulder region),M948,extension,1
M9485,M94.85,Other specified disorders of cartilage (Pelvic region and thigh),M948,extension,1
M9486,M94.86,Other specified disorders of cartilage (Lower leg),M948,extension,1
M9487,M94.87,Other specified disorders of cartilage (Ankle and foot),M948,extension,1
M9488,M94.88,Other specified disorders of cartilage (Other),M948,extension,1
M9489,M94.89,Other specified disorders of cartilage (Site unspecified),M948,extension,1
M949,M94.9,"Disorder of cartilage, unspecified",M94,subcategory,1
M9491,M94.91,"Disorder of cartilage, unspecified (Shoulder region)",M949,extension,1
M9494,M94.94,"Disorder of cartilage, unspecified (Hand)",M949,extension,1
M9495,M94.95,"Disorder of cartilage, unspecified (Pelvic region and thigh)",M949,extension,1
M9496,M94.96,"Disorder of cartilage, unspecified (Lower leg)",M949,extension,1
M9497,M94.97,"Disorder of cartilage, unspecified (Ankle and foot)",M949,extension,1
M95,M95,Other acquired deformities of musculoskeletal system and connective tissue,M95-M99,category,1
M950,M95.0,Acquired deformity of nose,M95,subcategory,1
M951,M95.1,Cauliflower ear,M95,subcategory,1
M952,M95.2,Other acquired deformity of head,M95,subcategory,1
M953,M95.3,Acquired deformity of neck,M95,subcategory,1
M954,M95.4,Acquired deformity of chest and rib,M95,subcategory,1
M958,M95.8,Other specified acquired deformities of musculoskeletal system,M95,subcategory,1
M959,M95.9,"Acquired deformity of musculoskeletal system, unspecified",M95,subcategory,1
M96,M96,"Postprocedural musculoskeletal disorders, not elsewhere classified",M95-M99,category,0
M960,M96.0,Pseudarthrosis after fusion or arthrodesis,M96,subcategory,1
M961,M96.1,"Postlaminectomy syndrome, not elsewhere classified",M96,subcategory,1
M962,M96.2,Postradiation kyphosis,M96,subcategory,1
M963,M96.3,Postlaminectomy kyphosis,M96,subcategory,1
M965,M96.5,Postradiation scoliosis,M96,subcategory,1
M966,M96.6,"Fracture of bone following insertion of orthopaedic implant, joint prosthesis or bone plate",M96,subcategory,1
M968,M96.8,Other postprocedural musculoskeletal disorders,M96,subcategory,1
M9682,M96.82,Accidental puncture and laceration of a musculoskeletal structure during a procedure,M968,extension,1
M969,M96.9,"Postprocedural musculoskeletal disorder, unspecified",M96,subcategory,1
M99,M99,"Biomechanical lesions, not elsewhere classified",M95-M99,category,1
M990,M99.0,Segmental and somatic dysfunction,M99,subcategory,1
M991,M99.1,Subluxation complex (vertebral),M99,subcategory,0
M9911,M99.11,Subluxation complex (vertebral) (Cervical region),M991,extension,1
M993,M99.3,Osseous stenosis of neural canal,M99,subcategory,1
M9933,M99.33,Osseous stenosis of neural canal (Lumbar region),M993,extension,1
M994,M99.4,Connective tissue stenosis of neural canal,M99,subcategory,0
M9943,M99.43,Connective tissue stenosis of neural canal (Lumbar region),M994,extension,1
M995,M99.5,Intervertebral disk stenosis of neural canal,M99,subcategory,1
M9950,M99.50,Intervertebral disc stenosis of neural canal (Head region),M995,extension,1
M9951,M99.51,Intervertebral disc stenosis of neural canal (Cervical region),M995,extension,1
M9953,M99.53,Intervertebral disc stenosis of neural canal (Lumbar region),M995,extension,1
M9956,M99.56,Intervertebral disc stenosis of neural canal-Lower extremit,M995,extension,1
M996,M99.6,Osseous and subluxation stenosis of intervertebral foramina,M99,subcategory,1
M9963,M99.63,Osseous and subluxation stenosis of intervertebral foramina (Lumbar region),M996,extension,1
M997,M99.7,Connective tissue and disk stenosis of intervertebral foramina,M99,subcategory,1
M9971,M99.71,Connective tissue and disc stenosis of intervertebral foramina (Cervical region),M997,extension,1
M9972,M99.72,Connective tissue and disc stenosis of intervertebral foramina (Thoracic region),M997,extension,1
M9973,M99.73,Connective tissue and disc stenosis of intervertebral foramina (Lumbar region),M997,extension,1
M998,M99.8,Other biomechanical lesions,M99,subcategory,1
M9980,M99.80,Other biomechanical lesions (Head region),M998,extension,1
M9981,M99.81,Other biomechanical lesions (Cervical region),M998,extension,1
M9982,M99.82,Other biomechanical lesions (Thoracic region),M998,extension,1
M9983,M99.83,Other biomechanical lesions (Lumbar region),M998,extension,1
M999,M99.9,"Biomechanical lesion, unspecified",M99,subcategory,1
N00,N00,Acute nephritic syndrome,N00-N08,category,1
N001,N00.1,Focal and segmental glomerular lesions,N00,subcategory,1
N002,N00.2,Diffuse membranous glomerulonephritis,N00,subcategory,1
N003,N00.3,Diffuse mesangial proliferative glomerulonephritis,N00,subcategory,1
N005,N00.5,Diffuse mesangiocapillary glomerulonephritis,N00,subcategory,1
N007,N00.7,Diffuse crescentic glomerulonephritis,N00,subcategory,1
N009,N00.9,Unspecified,N00,subcategory,1
N01,N01,Rapidly progressive nephritic syndrome,N00-N08,category,0
N013,N01.3,Diffuse mesangial proliferative glomerulonephritis,N01,subcategory,1
N019,N01.9,Unspecified,N01,subcategory,1
N02,N02,Recurrent and persistent haematuria,N00-N08,category,1
N020,N02.0,Minor glomerular abnormality,N02,subcategory,1
N021,N02.1,Focal and segmental glomerular lesions,N02,subcategory,1
N022,N02.2,Diffuse membranous glomerulonephritis,N02,subcategory,1
N023,N02.3,Diffuse mesangial proliferative glomerulonephritis,N02,subcategory,1
N027,N02.7,Diffuse crescentic glomerulonephritis,N02,subcategory,1
N028,N02.8,Other,N02,subcategory,1
N029,N02.9,Unspecified,N02,subcategory,1
N03,N03,Chronic nephritic syndrome,N00-N08,category,1
N030,N03.0,Minor glomerular abnormality,N03,subcategory,1
N031,N03.1,Focal and segmental glomerular lesions,N03,subcategory,1
N032,N03.2,Diffuse membranous glomerulonephritis,N03,subcategory,1
N033,N03.3,Diffuse mesangial proliferative glomerulonephritis,N03,subcategory,1
N035,N03.5,Diffuse mesangiocapillary glomerulonephritis,N03,subcategory,1
N037,N03.7,Diffuse crescentic glomerulonephritis,N03,subcategory,1
N038,N03.8,Other,N03,subcategory,1
N039,N03.9,Unspecified,N03,subcategory,1
N04,N04,Nephrotic syndrome,N00-N08,category,1
N040,N04.0,Minor glomerular abnormality,N04,subcategory,1
N041,N04.1,Focal and segmental glomerular lesions,N04,subcategory,1
N042,N04.2,Diffuse membranous glomerulonephritis,N04,subcategory,1
N043,N04.3,Diffuse mesangial proliferative glomerulonephritis,N04,subcategory,1
N044,N04.4,Diffuse endocapillary proliferative glomerulonephritis,N04,subcategory,1
N045,N04.5,Diffuse mesangiocapillary glomerulonephritis,N04,subcategory,1
N046,N04.6,Dense deposit disease,N04,subcategory,1
N047,N04.7,Diffuse crescentic glomerulonephritis,N04,subcategory,1
N048,N04.8,Other,N04,subcategory,1
N049,N04.9,Unspecified,N04,subcategory,1
N05,N05,Unspecified nephritic syndrome,N00-N08,category,1
N050,N05.0,Minor glomerular abnormality,N05,subcategory,1
N051,N05.1,Focal and segmental glomerular lesions,N05,subcategory,1
N052,N05.2,Diffuse membranous glomerulonephritis,N05,subcategory,1
N053,N05.3,Diffuse mesangial proliferative glomerulonephritis,N05,subcategory,1
N054,N05.4,Diffuse endocapillary proliferative glomerulonephritis,N05,subcategory,1
N055,N05.5,Diffuse mesangiocapillary glomerulonephritis,N05,subcategory,1
N057,N05.7,Diffuse crescentic glomerulonephritis,N05,subcategory,1
N058,N05.8,Other,N05,subcategory,1
N059,N05.9,Unspecified,N05,subcategory,1
N06,N06,Isolated proteinuria with specified morphological lesion,N00-N08,category,0
N061,N06.1,Focal and segmental glomerular lesions,N06,subcategory,1
N062,N06.2,Diffuse membranous glomerulonephritis,N06,subcategory,1
N07,N07,"Hereditary nephropathy, not elsewhere classified",N00-N08,category,0
N078,N07.8,Other,N07,subcategory,1
N08,N08,Glomerular disorders in diseases classified elsewhere,N00-N08,category,0
N080,N08.0,Glomerular disorders in infectious and parasitic diseases classified elsewhere,N08,subcategory,1
N081,N08.1,Glomerular disorders in neoplastic diseases,N08,subcategory,1
N082,N08.2,Glomerular disorders in blood diseases and disorders involving the immune mechanism,N08,subcategory,1
N083,N08.3,Glomerular disorders in diabetes mellitus,N08,subcategory,1
N084,N08.4,"Glomerular disorders in other endocrine, nutritional and metabolic diseases",N08,subcategory,1
N085,N08.5,Glomerular disorders in systemic connective tissue disorders,N08,subcategory,1
N088,N08.8,Glomerular disorders in other diseases classified elsewhere,N08,subcategory,1
N10,N10,Acute tubulo-interstitial nephritis,N10-N16,category,1
N11,N11,Chronic tubulo-interstitial nephritis,N10-N16,category,1
N110,N11.0,Nonobstructive reflux-associated chronic pyelonephritis,N11,subcategory,1
N111,N11.1,Chronic obstructive pyelonephritis,N11,subcategory,1
N118,N11.8,Other chronic tubulo-interstitial nephritis,N11,subcategory,1
N119,N11.9,"Chronic tubulo-interstitial nephritis, unspecified",N11,subcategory,1
N12,N12,"Tubulo-interstitial nephritis, not specified as acute or chronic",N10-N16,category,1
N13,N13,Obstructive and reflux uropathy,N10-N16,category,1
N130,N13.0,Hydronephrosis with ureteropelvic junction obstruction,N13,subcategory,1
N131,N13.1,"Hydronephrosis with ureteral stricture, not elsewhere classified",N13,subcategory,1
N132,N13.2,Hydronephrosis with renal and ureteral calculous obstruction,N13,subcategory,1
N133,N13.3,Other and unspecified hydronephrosis,N13,subcategory,1
N134,N13.4,Hydroureter,N13,subcategory,1
N135,N13.5,Kinking and stricture of ureter without hydronephrosis,N13,subcategory,1
N136,N13.6,Pyonephrosis,N13,subcategory,1
N137,N13.7,Vesicoureteral-reflux-associated uropathy,N13,subcategory,1
N138,N13.8,Other obstructive and reflux uropathy,N13,subcategory,1
N139,N13.9,"Obstructive and reflux uropathy, unspecified",N13,subcategory,1
N14,N14,Drug- and heavy-metal-induced tubulo-interstitial and tubular conditions,N10-N16,category,0
N140,N14.0,Analgesic nephropathy,N14,subcategory,1
N141,N14.1,"Nephropathy induced by other drugs, medicaments and biological substances",N14,subcategory,1
N142,N14.2,"Nephropathy induced by unspecified drug, medicament or biological substance",N14,subcategory,1
N144,N14.4,"Toxic nephropathy, not elsewhere classified",N14,subcategory,1
N15,N15,Other renal tubulo-interstitial diseases,N10-N16,category,0
N151,N15.1,Renal and perinephric abscess,N15,subcategory,1
N158,N15.8,Other specified renal tubulo-interstitial diseases,N15,subcategory,1
N159,N15.9,"Renal tubulo-interstitial disease, unspecified",N15,subcategory,1
N16,N16,Renal tubulo-interstitial disorders in diseases classified elsewhere,N10-N16,category,0
N160,N16.0,Renal tubulo-interstitial disorders in infectious and parasitic diseases classified elsewhere,N16,subcategory,1
N161,N16.1,Renal tubulo-interstitial disorders in neoplastic diseases,N16,subcategory,1
N162,N16.2,Renal tubulo-interstitial disorders in blood diseases and disorders involving the immune mechanism,N16,subcategory,1
N164,N16.4,Renal tubulo-interstitial disorders in systemic connective tissue disorders,N16,subcategory,1
N165,N16.5,Renal tubulo-interstitial disorders in transplant rejection,N16,subcategory,1
N168,N16.8,Renal tubulo-interstitial disorders in other diseases classified elsewhere,N16,subcategory,1
N17,N17,Acute renal failure,N17-N19,category,1
N170,N17.0,Acute renal failure with tubular necrosis,N17,subcategory,1
N171,N17.1,Acute renal failure with acute cortical necrosis,N17,subcategory,1
N172,N17.2,Acute renal failure with medullary necrosis,N17,subcategory,1
N178,N17.8,Other acute renal failure,N17,subcategory,1
N179,N17.9,"Acute renal failure, unspecified",N17,subcategory,1
N18,N18,Chronic renal failure,N17-N19,category,1
N180,N18.0,End-stage renal disease,N18,subcategory,1
N181,N18.1,"Chronic kidney disease, stage 1",N18,subcategory,1
N182,N18.2,"Chronic kidney disease, stage 2",N18,subcategory,1
N183,N18.3,"Chronic kidney disease, stage 3",N18,subcategory,1
N184,N18.4,"Chronic kidney disease, stage 4",N18,subcategory,1
N185,N18.5,"Chronic kidney disease, stage 5",N18,subcategory,1
N188,N18.8,Other chronic renal failure,N18,subcategory,1
N189,N18.9,"Chronic renal failure, unspecified",N18,subcategory,1
N19,N19,Unspecified renal failure,N17-N19,category,1
N20,N20,Calculus of kidney and ureter,N20-N23,category,1
N200,N20.0,Calculus of kidney,N20,subcategory,1
N201,N20.1,Calculus of ureter,N20,subcategory,1
N202,N20.2,Calculus of kidney with calculus of ureter,N20,subcategory,1
N209,N20.9,"Urinary calculus, unspecified",N20,subcategory,1
N21,N21,Calculus of lower urinary tract,N20-N23,category,1
N210,N21.0,Calculus in bladder,N21,subcategory,1
N211,N21.1,Calculus in urethra,N21,subcategory,1
N218,N21.8,Other lower urinary tract calculus,N21,subcategory,1
N219,N21.9,"Calculus of lower urinary tract, unspecified",N21,subcategory,1
N23,N23,Unspecified renal colic,N20-N23,category,1
N25,N25,Disorders resulting from impaired renal tubular function,N25-N29,category,1
N250,N25.0,Renal osteodystrophy,N25,subcategory,1
N251,N25.1,Nephrogenic diabetes insipidus,N25,subcategory,1
N258,N25.8,Other disorders resulting from impaired renal tubular function,N25,subcategory,1
N259,N25.9,"Disorder resulting from impaired renal tubular function, unspecified",N25,subcategory,1
N26,N26,Unspecified contracted kidney,N25-N29,category,1
N27,N27,Small kidney of unknown cause,N25-N29,category,1
N270,N27.0,"Small kidney, unilateral",N27,subcategory,1
N271,N27.1,"Small kidney, bilateral",N27,subcategory,1
N279,N27.9,"Small kidney, unspecified",N27,subcategory,1
N28,N28,"Other disorders of kidney and ureter, not elsewhere classified",N25-N29,category,1
N280,N28.0,Ischaemia and infarction of kidney,N28,subcategory,1
N281,N28.1,"Cyst of kidney, acquired",N28,subcategory,1
N288,N28.8,Other specified disorders of kidney and ureter,N28,subcategory,1
N289,N28.9,"Disorder of kidney and ureter, unspecified",N28,subcategory,1
N29,N29,Other disorders of kidney and ureter in diseases classified elsewhere,N25-N29,category,0
N291,N29.1,Other disorders of kidney and ureter in infectious and parasitic diseases classified elsewhere,N29,subcategory,1
N298,N29.8,Other disorders of kidney and ureter in other diseases classified elsewhere,N29,subcategory,1
N30,N30,Cystitis,N30-N39,category,1
N300,N30.0,Acute cystitis,N30,subcategory,1
N3000,N30.00,Acute cystitis without hematuria,N300,extension,1
N3001,N30.01,Acute cystitis with hematuria,N300,extension,1
N301,N30.1,Interstitial cystitis (chronic),N30,subcategory,1
N3010,N30.10,Interstitial cystitis (chronic) without hematuria,N301,extension,1
N3011,N30.11,Interstitial cystitis (chronic) with hematuria,N301,extension,1
N302,N30.2,Other chronic cystitis,N30,subcategory,1
N3020,N30.20,Other chronic cystitis without hematuria,N302,extension,1
N3021,N30.21,Other chronic cystitis with hematuria,N302,extension,1
N303,N30.3,Trigonitis,N30,subcategory,1
N3030,N30.30,Trigonitis without hematuria,N303,extension,1
N3031,N30.31,Trigonitis with hematuria,N303,extension,1
N304,N30.4,Irradiation cystitis,N30,subcategory,1
N308,N30.8,Other cystitis,N30,subcategory,1
N3080,N30.80,Other cystitis without hematuria,N308,extension,1
N3081,N30.81,Other cystitis with hematuria,N308,extension,1
N309,N30.9,"Cystitis, unspecified",N30,subcategory,1
N3090,N30.90,"Cystitis, unspecified without hematuria",N309,extension,1
N3091,N30.91,"Cystitis, unspecified with hematuria",N309,extension,1
N31,N31,"Neuromuscular dysfunction of bladder, not elsewhere classified",N30-N39,category,1
N310,N31.0,"Uninhibited neuropathic bladder, not elsewhere classified",N31,subcategory,1
N311,N31.1,"Reflex neuropathic bladder, not elsewhere classified",N31,subcategory,1
N312,N31.2,"Flaccid neuropathic bladder, not elsewhere classified",N31,subcategory,1
N318,N31.8,Other neuromuscular dysfunction of bladder,N31,subcategory,1
N319,N31.9,"Neuromuscular dysfunction of bladder, unspecified",N31,subcategory,1
N32,N32,Other disorders of bladder,N30-N39,category,1
N320,N32.0,Bladder-neck obstruction,N32,subcategory,1
N321,N32.1,Vesicointestinal fistula,N32,subcategory,1
N322,N32.2,"Vesical fistula, not elsewhere classified",N32,subcategory,1
N323,N32.3,Diverticulum of bladder,N32,subcategory,1
N324,N32.4,"Rupture of bladder, nontraumatic",N32,subcategory,1
N328,N32.8,Other specified disorders of bladder,N32,subcategory,1
N329,N32.9,"Bladder disorder, unspecified",N32,subcategory,1
N33,N33,Bladder disorders in diseases classified elsewhere,N30-N39,category,0
N330,N33.0,Tuberculous cystitis,N33,subcategory,1
N338,N33.8,Bladder disorders in other diseases classified elsewhere,N33,subcategory,1
N34,N34,Urethritis and urethral syndrome,N30-N39,category,0
N340,N34.0,Urethral abscess,N34,subcategory,1
N341,N34.1,Nonspecific urethritis,N34,subcategory,1
N342,N34.2,Other urethritis,N34,subcategory,1
N343,N34.3,"Urethral syndrome, unspecified",N34,subcategory,1
N35,N35,Urethral stricture,N30-N39,category,1
N350,N35.0,Posttraumatic urethral stricture,N35,subcategory,1
N351,N35.1,"Postinfective urethral stricture, not elsewhere classified",N35,subcategory,1
N358,N35.8,Other urethral stricture,N35,subcategory,1
N359,N35.9,"Urethral stricture, unspecified",N35,subcategory,1
N36,N36,Other disorders of urethra,N30-N39,category,1
N360,N36.0,Urethral fistula,N36,subcategory,1
N361,N36.1,Urethral diverticulum,N36,subcategory,1
N362,N36.2,Urethral caruncle,N36,subcategory,1
N363,N36.3,Prolapsed urethral mucosa,N36,subcategory,1
N368,N36.8,Other specified disorders of urethra,N36,subcategory,1
N369,N36.9,"Urethral disorder, unspecified",N36,subcategory,1
N37,N37,Urethral disorders in diseases classified elsewhere,N30-N39,category,0
N370,N37.0,Urethritis in diseases classified elsewhere,N37,subcategory,1
N378,N37.8,Other urethral disorders in diseases classified elsewhere,N37,subcategory,1
N39,N39,Other disorders of urinary system,N30-N39,category,1
N390,N39.0,"Urinary tract infection, site not specified",N39,subcategory,1
N391,N39.1,"Persistent proteinuria, unspecified",N39,subcategory,1
N392,N39.2,"Orthostatic proteinuria, unspecified",N39,subcategory,1
N393,N39.3,Stress incontinence,N39,subcategory,1
N394,N39.4,Other specified urinary incontinence,N39,subcategory,1
N398,N39.8,Other specified disorders of urinary system,N39,subcategory,1
N399,N39.9,"Disorder of urinary system, unspecified",N39,subcategory,1
N40,N40,Hyperplasia of prostate,N40-N51,category,1
N41,N41,Inflammatory diseases of prostate,N40-N51,category,1
N410,N41.0,Acute prostatitis,N41,subcategory,1
N411,N41.1,Chronic prostatitis,N41,subcategory,1
N412,N41.2,Abscess of prostate,N41,subcategory,1
N413,N41.3,Prostatocystitis,N41,subcategory,1
N418,N41.8,Other inflammatory diseases of prostate,N41,subcategory,1
N419,N41.9,"Inflammatory disease of prostate, unspecified",N41,subcategory,1
N42,N42,Other disorders of prostate,N40-N51,category,1
N420,N42.0,Calculus of prostate,N42,subcategory,1
N421,N42.1,Congestion and haemorrhage of prostate,N42,subcategory,1
N422,N42.2,Atrophy of prostate,N42,subcategory,1
N423,N42.3,Dysplasia of prostate,N42,subcategory,1
N428,N42.8,Other specified disorders of prostate,N42,subcategory,1
N429,N42.9,"Disorder of prostate, unspecified",N42,subcategory,1
N43,N43,Hydrocele and spermatocele,N40-N51,category,0
N430,N43.0,Encysted hydrocele,N43,subcategory,1
N431,N43.1,Infected hydrocele,N43,subcategory,1
N432,N43.2,Other hydrocele,N43,subcategory,1
N433,N43.3,"Hydrocele, unspecified",N43,subcategory,1
N434,N43.4,Spermatocele,N43,subcategory,1
N4340,N43.40,"Spermatocele of epididymis, unspecified",N434,extension,1
N44,N44,Torsion of testis,N40-N51,category,1
N45,N45,Orchitis and epididymitis,N40-N51,category,1
N450,N45.0,"Orchitis, epididymitis and epididymo-orchitis with abscess",N45,subcategory,1
N459,N45.9,"Orchitis, epididymitis and epididymo-orchitis without abscess",N45,subcategory,1
N46,N46,Male infertility,N40-N51,category,1
N469,N46.9,"Male infertility, unspecified",N46,subcategory,1
N47,N47,"Redundant prepuce, phimosis and paraphimosis",N40-N51,category,1
N476,N47.6,Balanoposthitis,N47,subcategory,1
N48,N48,Other disorders of penis,N40-N51,category,1
N480,N48.0,Leukoplakia of penis,N48,subcategory,1
N481,N48.1,Balanoposthitis,N48,subcategory,1
N482,N48.2,Other inflammatory disorders of penis,N48,subcategory,1
N4829,N48.29,Other inflammatory disorders of penis,N482,extension,1
N483,N48.3,Priapism,N48,subcategory,1
N484,N48.4,Impotence of organic origin,N48,subcategory,1
N485,N48.5,Ulcer of penis,N48,subcategory,1
N486,N48.6,Balanitis xerotica obliterans,N48,subcategory,1
N488,N48.8,Other specified disorders of penis,N48,subcategory,1
N489,N48.9,"Disorder of penis, unspecified",N48,subcategory,1
N49,N49,"Inflammatory disorders of male genital organs, not elsewhere classified",N40-N51,category,1
N490,N49.0,Inflammatory disorders of seminal vesicle,N49,subcategory,1
N491,N49.1,"Inflammatory disorders of spermatic cord, tunica vaginalis and vas deferens",N49,subcategory,1
N492,N49.2,Inflammatory disorders of scrotum,N49,subcategory,1
N498,N49.8,Inflammatory disorders of other specified male genital organs,N49,subcategory,1
N499,N49.9,Inflammatory disorder of unspecified male genital organ,N49,subcategory,1
N50,N50,Other disorders of male genital organs,N40-N51,category,1
N500,N50.0,Atrophy of testis,N50,subcategory,1
N501,N50.1,Vascular disorders of male genital organs,N50,subcategory,1
N508,N50.8,Other specified disorders of male genital organs,N50,subcategory,1
N509,N50.9,"Disorder of male genital organs, unspecified",N50,subcategory,1
N51,N51,Disorders of male genital organs in diseases classified elsewhere,N40-N51,category,1
N510,N51.0,Disorders of prostate in diseases classified elsewhere,N51,subcategory,1
N511,N51.1,Disorders of testis and epididymis in diseases classified elsewhere,N51,subcategory,1
N512,N51.2,Balanitis in diseases classified elsewhere,N51,subcategory,1
N518,N51.8,Other disorders of male genital organs in diseases classified elsewhere,N51,subcategory,1
N60,N60,Benign mammary dysplasia,N60-N64,category,1
N600,N60.0,Solitary cyst of breast,N60,subcategory,1
N6009,N60.09,Solitary cyst of unspecified breast,N600,extension,1
N601,N60.1,Diffuse cystic mastopathy,N60,subcategory,1
N6019,N60.19,Diffuse cystic mastopathy of unspecified breast,N601,extension,1
N602,N60.2,Fibroadenosis of breast,N60,subcategory,1
N6029,N60.29,Fibroadenosis of unspecified breast,N602,extension,1
N603,N60.3,Fibrosclerosis of breast,N60,subcategory,1
N6039,N60.39,Fibrosclerosis of unspecified breast,N603,extension,1
N604,N60.4,Mammary duct ectasia,N60,subcategory,1
N6049,N60.49,Mammary duct ectasia of unspecified breast,N604,extension,1
N608,N60.8,Other benign mammary dysplasias,N60,subcategory,1
N6089,N60.89,Other benign mammary dysplasias of unspecified breast,N608,extension,1
N609,N60.9,"Benign mammary dysplasia, unspecified",N60,subcategory,1
N6099,N60.99,Unspecified benign mammary dysplasia of unspecified breast,N609,extension,1
N61,N61,Inflammatory disorders of breast,N60-N64,category,1
N610,N61.0,Mastitis without abscess,N61,subcategory,1
N611,N61.1,Abscess of the breast and nipple,N61,subcategory,1
N62,N62,Hypertrophy of breast,N60-N64,category,1
N63,N63,Unspecified lump in breast,N60-N64,category,1
N64,N64,Other disorders of breast,N60-N64,category,1
N640,N64.0,Fissure and fistula of nipple,N64,subcategory,1
N641,N64.1,Fat necrosis of breast,N64,subcategory,1
N642,N64.2,Atrophy of breast,N64,subcategory,1
N643,N64.3,Galactorrhoea not associated with childbirth,N64,subcategory,1
N644,N64.4,Mastodynia,N64,subcategory,1
N645,N64.5,Other signs and symptoms in breast,N64,subcategory,1
N648,N64.8,Other specified disorders of breast,N64,subcategory,1
N649,N64.9,"Disorder of breast, unspecified",N64,subcategory,1
N70,N70,Salpingitis and oophoritis,N70-N77,category,1
N700,N70.0,Acute salpingitis and oophoritis,N70,subcategory,1
N701,N70.1,Chronic salpingitis and oophoritis,N70,subcategory,1
N7011,N70.11,Chronic salpingitis,N701,extension,1
N7012,N70.12,Chronic oophoritis,N701,extension,1
N7013,N70.13,Chronic salpingitis and oophoritis,N701,extension,1
N709,N70.9,"Salpingitis and oophoritis, unspecified",N70,subcategory,1
N7091,N70.91,"Salpingitis, unspecified",N709,extension,1
N7092,N70.92,"Oophoritis, unspecified",N709,extension,1
N7093,N70.93,"Salpingitis and oophoritis, unspecified",N709,extension,1
N71,N71,"Inflammatory disease of uterus, except cervix",N70-N77,category,1
N710,N71.0,Acute inflammatory disease of uterus,N71,subcategory,1
N711,N71.1,Chronic inflammatory disease of uterus,N71,subcategory,1
N719,N71.9,"Inflammatory disease of uterus, unspecified",N71,subcategory,1
N72,N72,Inflammatory disease of cervix uteri,N70-N77,category,1
N73,N73,Other female pelvic inflammatory diseases,N70-N77,category,1
N730,N73.0,Acute parametritis and pelvic cellulitis,N73,subcategory,1
N731,N73.1,Chronic parametritis and pelvic cellulitis,N73,subcategory,1
N732,N73.2,Unspecified parametritis and pelvic cellulitis,N73,subcategory,1
N733,N73.3,Female acute pelvic peritonitis,N73,subcategory,1
N735,N73.5,"Female pelvic peritonitis, unspecified",N73,subcategory,1
N736,N73.6,Female pelvic peritoneal adhesions,N73,subcategory,1
N738,N73.8,Other specified female pelvic inflammatory diseases,N73,subcategory,1
N739,N73.9,"Female pelvic inflammatory disease, unspecified",N73,subcategory,1
N74,N74,Female pelvic inflammatory disorders in diseases classified elsewhere,N70-N77,category,0
N740,N74.0,Tuberculous infection of cervix uteri,N74,subcategory,1
N741,N74.1,Female tuberculous pelvic inflammatory disease,N74,subcategory,1
N742,N74.2,Female syphilitic pelvic inflammatory disease,N74,subcategory,1
N743,N74.3,Female gonococcal pelvic inflammatory disease,N74,subcategory,1
N744,N74.4,Female chlamydial pelvic inflammatory disease,N74,subcategory,1
N748,N74.8,Female pelvic inflammatory disorders in other diseases classified elsewhere,N74,subcategory,1
N75,N75,Diseases of Bartholin's gland,N70-N77,category,1
N750,N75.0,Cyst of Bartholin's gland,N75,subcategory,1
N751,N75.1,Abscess of Bartholin's gland,N75,subcategory,1
N758,N75.8,Other diseases of Bartholin's gland,N75,subcategory,1
N759,N75.9,"Disease of Bartholin's gland, unspecified",N75,subcategory,1
N76,N76,Other inflammation of vagina and vulva,N70-N77,category,0
N760,N76.0,Acute vaginitis,N76,subcategory,1
N761,N76.1,Subacute and chronic vaginitis,N76,subcategory,1
N762,N76.2,Acute vulvitis,N76,subcategory,1
N763,N76.3,Subacute and chronic vulvitis,N76,subcategory,1
N764,N76.4,Abscess of vulva,N76,subcategory,1
N765,N76.5,Ulceration of vagina,N76,subcategory,1
N766,N76.6,Ulceration of vulva,N76,subcategory,1
N768,N76.8,Other specified inflammation of vagina and vulva,N76,subcategory,1
N77,N77,Vulvovaginal ulceration and inflammation in diseases classified elsewhere,N70-N77,category,0
N770,N77.0,Ulceration of vulva in infectious and parasitic diseases classified elsewhere,N77,subcategory,1
N771,N77.1,"Vaginitis, vulvitis and vulvovaginitis in infectious and parasitic diseases classified elsewhere",N77,subcategory,1
N778,N77.8,Vulvovaginal ulceration and inflammation in other diseases classified elsewhere,N77,subcategory,1
N80,N80,Endometriosis,N80-N98,category,1
N800,N80.0,Endometriosis of uterus,N80,subcategory,1
N801,N80.1,Endometriosis of ovary,N80,subcategory,1
N802,N80.2,Endometriosis of Fallopian tube,N80,subcategory,1
N803,N80.3,Endometriosis of pelvic peritoneum,N80,subcategory,1
N804,N80.4,Endometriosis of rectovaginal septum and vagina,N80,subcategory,1
N805,N80.5,Endometriosis of intestine,N80,subcategory,1
N806,N80.6,Endometriosis in cutaneous scar,N80,subcategory,1
N808,N80.8,Other endometriosis,N80,subcategory,1
N809,N80.9,"Endometriosis, unspecified",N80,subcategory,1
N81,N81,Female genital prolapse,N80-N98,category,1
N810,N81.0,Female urethrocele,N81,subcategory,1
N811,N81.1,Cystocele,N81,subcategory,1
N812,N81.2,Incomplete uterovaginal prolapse,N81,subcategory,1
N813,N81.3,Complete uterovaginal prolapse,N81,subcategory,1
N814,N81.4,"Uterovaginal prolapse, unspecified",N81,subcategory,1
N815,N81.5,Vaginal enterocele,N81,subcategory,1
N816,N81.6,Rectocele,N81,subcategory,1
N818,N81.8,Other female genital prolapse,N81,subcategory,1
N819,N81.9,"Female genital prolapse, unspecified",N81,subcategory,1
N82,N82,Fistulae involving female genital tract,N80-N98,category,1
N820,N82.0,Vesicovaginal fistula,N82,subcategory,1
N821,N82.1,Other female urinary-genital tract fistulae,N82,subcategory,1
N822,N82.2,Fistula of vagina to small intestine,N82,subcategory,1
N823,N82.3,Fistula of vagina to large intestine,N82,subcategory,1
N824,N82.4,Other female intestinal-genital tract fistulae,N82,subcategory,1
N825,N82.5,Female genital tract-skin fistulae,N82,subcategory,1
N828,N82.8,Other female genital tract fistulae,N82,subcategory,1
N829,N82.9,"Female genital tract fistula, unspecified",N82,subcategory,1
N83,N83,"Noninflammatory disorders of ovary, Fallopian tube and broad ligament",N80-N98,category,1
N830,N83.0,Follicular cyst of ovary,N83,subcategory,1
N8300,N83.00,"Follicular cyst of ovary, unspecified side",N830,extension,1
N8301,N83.01,Follicular cyst of right ovary,N830,extension,1
N8302,N83.02,Follicular cyst of left ovary,N830,extension,1
N831,N83.1,Corpus luteum cyst,N83,subcategory,1
N8310,N83.10,"Corpus luteum cyst of ovary, unspecified side",N831,extension,1
N8311,N83.11,Corpus luteum cyst of right ovary,N831,extension,1
N8312,N83.12,Corpus luteum cyst of left ovary,N831,extension,1
N832,N83.2,Other and unspecified ovarian cysts,N83,subcategory,1
N8320,N83.20,Unspecified ovarian cysts,N832,extension,1
N8329,N83.29,Other ovarian cysts,N832,extension,1
N833,N83.3,Acquired atrophy of ovary and Fallopian tube,N83,subcategory,1
N8333,N83.33,Acquired atrophy of ovary and fallopian tube,N833,extension,1
N834,N83.4,Prolapse and hernia of ovary and Fallopian tube,N83,subcategory,1
N835,N83.5,"Torsion of ovary, ovarian pedicle and Fallopian tube",N83,subcategory,1
N8353,N83.53,"Torsion of ovary, ovarian pedicle and fallopian tube",N835,extension,1
N836,N83.6,Haematosalpinx,N83,subcategory,1
N837,N83.7,Haematoma of broad ligament,N83,subcategory,1
N838,N83.8,"Other noninflammatory disorders of ovary, Fallopian tube and broad ligament",N83,subcategory,1
N839,N83.9,"Noninflammatory disorder of ovary, Fallopian tube and broad ligament, unspecified",N83,subcategory,1
N84,N84,Polyp of female genital tract,N80-N98,category,0
N840,N84.0,Polyp of corpus uteri,N84,subcategory,1
N841,N84.1,Polyp of cervix uteri,N84,subcategory,1
N842,N84.2,Polyp of vagina,N84,subcategory,1
N843,N84.3,Polyp of vulva,N84,subcategory,1
N848,N84.8,Polyp of other parts of female genital tract,N84,subcategory,1
N849,N84.9,"Polyp of female genital tract, unspecified",N84,subcategory,1
N85,N85,"Other noninflammatory disorders of uterus, except cervix",N80-N98,category,1
N850,N85.0,Endometrial glandular hyperplasia,N85,subcategory,1
N851,N85.1,Endometrial adenomatous hyperplasia,N85,subcategory,1
N852,N85.2,Hypertrophy of uterus,N85,subcategory,1
N854,N85.4,Malposition of uterus,N85,subcategory,1
N855,N85.5,Inversion of uterus,N85,subcategory,1
N856,N85.6,Intra-uterine synechiae,N85,subcategory,1
N857,N85.7,Haematometra,N85,subcategory,1
N858,N85.8,Other specified noninflammatory disorders of uterus,N85,subcategory,1
N859,N85.9,"Noninflammatory disorder of uterus, unspecified",N85,subcategory,1
N86,N86,Erosion and ectropion of cervix uteri,N80-N98,category,1
N87,N87,Dysplasia of cervix uteri,N80-N98,category,1
N870,N87.0,Mild cervical dysplasia,N87,subcategory,1
N871,N87.1,Moderate cervical dysplasia,N87,subcategory,1
N872,N87.2,"Severe cervical dysplasia, not elsewhere classified",N87,subcategory,1
N879,N87.9,"Dysplasia of cervix uteri, unspecified",N87,subcategory,1
N88,N88,Other noninflammatory disorders of cervix uteri,N80-N98,category,1
N880,N88.0,Leukoplakia of cervix uteri,N88,subcategory,1
N881,N88.1,Old laceration of cervix uteri,N88,subcategory,1
N882,N88.2,Stricture and stenosis of cervix uteri,N88,subcategory,1
N883,N88.3,Incompetence of cervix uteri,N88,subcategory,1
N884,N88.4,Hypertrophic elongation of cervix uteri,N88,subcategory,1
N888,N88.8,Other specified noninflammatory disorders of cervix uteri,N88,subcategory,1
N889,N88.9,"Noninflammatory disorder of cervix uteri, unspecified",N88,subcategory,1
N89,N89,Other noninflammatory disorders of vagina,N80-N98,category,1
N890,N89.0,Mild vaginal dysplasia,N89,subcategory,1
N891,N89.1,Moderate vaginal dysplasia,N89,subcategory,1
N892,N89.2,"Severe vaginal dysplasia, not elsewhere classified",N89,subcategory,1
N893,N89.3,"Dysplasia of vagina, unspecified",N89,subcategory,1
N894,N89.4,Leukoplakia of vagina,N89,subcategory,1
N895,N89.5,Stricture and atresia of vagina,N89,subcategory,1
N896,N89.6,Tight hymenal ring,N89,subcategory,1
N897,N89.7,Haematocolpos,N89,subcategory,1
N898,N89.8,Other specified noninflammatory disorders of vagina,N89,subcategory,1
N899,N89.9,"Noninflammatory disorder of vagina, unspecified",N89,subcategory,1
N90,N90,Other noninflammatory disorders of vulva and perineum,N80-N98,category,1
N900,N90.0,Mild vulvar dysplasia,N90,subcategory,1
N901,N90.1,Moderate vulvar dysplasia,N90,subcategory,1
N902,N90.2,"Severe vulvar dysplasia, not elsewhere classified",N90,subcategory,1
N903,N90.3,"Dysplasia of vulva, unspecified",N90,subcategory,1
N904,N90.4,Leukoplakia of vulva,N90,subcategory,1
N905,N90.5,Atrophy of vulva,N90,subcategory,1
N906,N90.6,Hypertrophy of vulva,N90,subcategory,1
N907,N90.7,Vulvar cyst,N90,subcategory,1
N908,N90.8,Other specified noninflammatory disorders of vulva and perineum,N90,subcategory,1
N9089,N90.89,Other specified noninflammatory disorders of vulva and perineum,N908,extension,1
N909,N90.9,"Noninflammatory disorder of vulva and perineum, unspecified",N90,subcategory,1
N91,N91,"Absent, scanty and rare menstruation",N80-N98,category,1
N910,N91.0,Primary amenorrhoea,N91,subcategory,1
N911,N91.1,Secondary amenorrhoea,N91,subcategory,1
N912,N91.2,"Amenorrhoea, unspecified",N91,subcategory,1
N913,N91.3,Primary oligomenorrhoea,N91,subcategory,1
N914,N91.4,Secondary oligomenorrhoea,N91,subcategory,1
N915,N91.5,"Oligomenorrhoea, unspecified",N91,subcategory,1
N92,N92,"Excessive, frequent and irregular menstruation",N80-N98,category,1
N920,N92.0,Excessive and frequent menstruation with regular cycle,N92,subcategory,1
N921,N92.1,Excessive and frequent menstruation with irregular cycle,N92,subcategory,1
N922,N92.2,Excessive menstruation at puberty,N92,subcategory,1
N923,N92.3,Ovulation bleeding,N92,subcategory,1
N924,N92.4,Excessive bleeding in the premenopausal period,N92,subcategory,1
N925,N92.5,Other specified irregular menstruation,N92,subcategory,1
N926,N92.6,"Irregular menstruation, unspecified",N92,subcategory,1
N93,N93,Other abnormal uterine and vaginal bleeding,N80-N98,category,1
N930,N93.0,Postcoital and contact bleeding,N93,subcategory,1
N931,N93.1,Pre-pubertal vaginal bleeding,N93,subcategory,1
N938,N93.8,Other specified abnormal uterine and vaginal bleeding,N93,subcategory,1
N939,N93.9,"Abnormal uterine and vaginal bleeding, unspecified",N93,subcategory,1
N94,N94,Pain and other conditions associated with female genital organs and menstrual cycle,N80-N98,category,1
N940,N94.0,Mittelschmerz,N94,subcategory,1
N941,N94.1,Dyspareunia,N94,subcategory,1
N9410,N94.10,Unspecified dyspareunia,N941,extension,1
N9411,N94.11,Superficial (introital) dyspareunia,N941,extension,1
N9412,N94.12,Deep dyspareunia,N941,extension,1
N9419,N94.19,Other specified dyspareunia,N941,extension,1
N942,N94.2,Vaginismus,N94,subcategory,1
N943,N94.3,Premenstrual tension syndrome,N94,subcategory,1
N944,N94.4,Primary dysmenorrhoea,N94,subcategory,1
N945,N94.5,Secondary dysmenorrhoea,N94,subcategory,1
N946,N94.6,"Dysmenorrhoea, unspecified",N94,subcategory,1
N948,N94.8,Other specified conditions associated with female genital organs and menstrual cycle,N94,subcategory,1
N9489,N94.89,Other specified conditions associated with female genital organs and menstrual cycle,N948,extension,1
N949,N94.9,Unspecified condition associated with female genital organs and menstrual cycle,N94,subcategory,1
N95,N95,Menopausal and other perimenopausal disorders,N80-N98,category,1
N950,N95.0,Postmenopausal bleeding,N95,subcategory,1
N951,N95.1,Menopausal and female climacteric states,N95,subcategory,1
N952,N95.2,Postmenopausal atrophic vaginitis,N95,subcategory,1
N953,N95.3,States associated with artificial menopause,N95,subcategory,1
N958,N95.8,Other specified menopausal and perimenopausal disorders,N95,subcategory,1
N959,N95.9,"Menopausal and perimenopausal disorder, unspecified",N95,subcategory,1
N96,N96,Habitual aborter,N80-N98,category,1
N97,N97,Female infertility,N80-N98,category,1
N970,N97.0,Female infertility associated with anovulation,N97,subcategory,1
N971,N97.1,Female infertility of tubal origin,N97,subcategory,1
N972,N97.2,Female infertility of uterine origin,N97,subcategory,1
N974,N97.4,Female infertility associated with male factors,N97,subcategory,1
N978,N97.8,Female infertility of other origin,N97,subcategory,1
N979,N97.9,"Female infertility, unspecified",N97,subcategory,1
N98,N98,Complications associated with artificial fertilisation,N80-N98,category,0
N981,N98.1,Hyperstimulation of ovaries,N98,subcategory,1
N99,N99,"Postprocedural disorders of genito-urinary system, not elsewhere classified",N99-N99,category,0
N990,N99.0,Postprocedural renal failure,N99,subcategory,1
N991,N99.1,Postprocedural urethral stricture,N99,subcategory,1
N9911,N99.11,"Postprocedural urethral stricture, male",N991,extension,1
N992,N99.2,Postprocedural adhesions of vagina,N99,subcategory,1
N993,N99.3,Prolapse of vaginal vault after hysterectomy,N99,subcategory,1
N994,N99.4,Postprocedural pelvic peritoneal adhesions,N99,subcategory,1
N995,N99.5,Malfunction of external stoma of urinary tract,N99,subcategory,1
N997,N99.7,Accidental puncture and laceration of a genitourinary system organ or structure during a procedure,N99,subcategory,0
N9971,N99.71,Accidental puncture and laceration of a genitourinary system organ or structure during a genitourinary system procedure,N997,extension,1
N9972,N99.72,Accidental puncture and laceration of a genitourinary system organ or structure during other procedure,N997,extension,1
N998,N99.8,Other postprocedural disorders of genito-urinary system,N99,subcategory,1
N9983,N99.83,Residual ovary syndrome,N998,extension,1
N9989,N99.89,Other postprocedural complications and disorders of genitourinary system,N998,extension,1
N999,N99.9,"Postprocedural disorder of genito-urinary system, unspecified",N99,subcategory,1
O00,O00,Ectopic pregnancy,O00-O08,category,1
O001,O00.1,Tubal pregnancy,O00,subcategory,1
O002,O00.2,Ovarian pregnancy,O00,subcategory,1
O008,O00.8,Other ectopic pregnancy,O00,subcategory,1
O009,O00.9,"Ectopic pregnancy, unspecified",O00,subcategory,1
O01,O01,Hydatidiform mole,O00-O08,category,1
O010,O01.0,Classical hydatidiform mole,O01,subcategory,1
O011,O01.1,Incomplete and partial hydatidiform mole,O01,subcategory,1
O019,O01.9,"Hydatidiform mole, unspecified",O01,subcategory,1
O02,O02,Other abnormal products of conception,O00-O08,category,0
O020,O02.0,Blighted ovum and nonhydatidiform mole,O02,subcategory,1
O021,O02.1,Missed abortion,O02,subcategory,1
O028,O02.8,Other specified abnormal products of conception,O02,subcategory,1
O029,O02.9,"Abnormal product of conception, unspecified",O02,subcategory,1
O03,O03,Spontaneous abortion,O00-O08,category,1
O030,O03.0,"Incomplete, complicated by genital tract and pelvic infection",O03,subcategory,1
O031,O03.1,"Incomplete, complicated by delayed or excessive haemorrhage",O03,subcategory,1
O032,O03.2,"Incomplete, complicated by embolism",O03,subcategory,1
O033,O03.3,"Incomplete, with other and unspecified complications",O03,subcategory,1
O034,O03.4,"Incomplete, without complication",O03,subcategory,1
O035,O03.5,"Complete or unspecified, complicated by genital tract and pelvic infection",O03,subcategory,1
O036,O03.6,"Complete or unspecified, complicated by delayed or excessive haemorrhage",O03,subcategory,1
O037,O03.7,"Complete or unspecified, complicated by embolism",O03,subcategory,1
O038,O03.8,"Complete or unspecified, with other and unspecified complications",O03,subcategory,1
O039,O03.9,"Complete or unspecified, without complication",O03,subcategory,1
O04,O04,Medical abortion,O00-O08,category,1
O040,O04.0,"Incomplete, complicated by genital tract and pelvic infection",O04,subcategory,1
O041,O04.1,"Incomplete, complicated by delayed or excessive haemorrhage",O04,subcategory,1
O043,O04.3,"Incomplete, with other and unspecified complications",O04,subcategory,1
O044,O04.4,"Incomplete, without complication",O04,subcategory,1
O046,O04.6,"Complete or unspecified, complicated by delayed or excessive haemorrhage",O04,subcategory,1
O048,O04.8,"Complete or unspecified, with other and unspecified complications",O04,subcategory,1
O049,O04.9,"Complete or unspecified, without complication",O04,subcategory,1
O05,O05,Other abortion,O00-O08,category,0
O059,O05.9,"Complete or unspecified, without complication",O05,subcategory,1
O06,O06,Unspecified abortion,O00-O08,category,1
O064,O06.4,"Incomplete, without complication",O06,subcategory,1
O069,O06.9,"Complete or unspecified, without complication",O06,subcategory,1
O07,O07,Failed attempted abortion,O00-O08,category,1
O073,O07.3,"Failed medical abortion, with other and unspecified complications",O07,subcategory,0
O0735,O07.35,Other venous complications following failed attempted termination of pregnancy,O073,extension,1
O0736,O07.36,Cardiac arrest following failed attempted termination of pregnancy,O073,extension,1
O0738,O07.38,Urinary tract infection following failed attempted termination of pregnancy,O073,extension,1
O0739,O07.39,Failed attempted termination of pregnancy with other complications,O073,extension,1
O076,O07.6,"Other and unspecified failed attempted abortion, complicated by delayed or excessive haemorrhage",O07,subcategory,1
O078,O07.8,"Other and unspecified failed attempted abortion, with other and unspecified complications",O07,subcategory,1
O079,O07.9,"Other and unspecified failed attempted abortion, without complication",O07,subcategory,1
O08,O08,Complications following abortion and ectopic and molar pregnancy,O00-O08,category,1
O080,O08.0,Genital tract and pelvic infection following abortion and ectopic and molar pregnancy,O08,subcategory,1
O081,O08.1,Delayed or excessive haemorrhage following abortion and ectopic and molar pregnancy,O08,subcategory,1
O085,O08.5,Metabolic disorders following abortion and ectopic and molar pregnancy,O08,subcategory,1
O088,O08.8,Other complications following abortion and ectopic and molar pregnancy,O08,subcategory,1
O0882,O08.82,Sepsis following ectopic and molar pregnancy,O088,extension,1
O089,O08.9,"Complication following abortion and ectopic and molar pregnancy, unspecified",O08,subcategory,1
O09,O09,Supervision of high risk pregnancy,,category,0
O092,O09.2,Supervision of pregnancy with other poor reproductive or obstetric history,O09,subcategory,0
O0929,O09.29,Supervision of pregnancy with other poor reproductive or obstetric history,O092,extension,1
O10,O10,"Pre-existing hypertension complicating pregnancy, childbirth and the puerperium",O10-O16,category,1
O100,O10.0,"Pre-existing essential hypertension complicating pregnancy, childbirth and the puerperium",O10,subcategory,1
O109,O10.9,"Unspecified pre-existing hypertension complicating pregnancy, childbirth and the puerperium",O10,subcategory,1
O11,O11,Pre-existing hypertensive disorder with superimposed proteinuria,O10-O16,category,1
O12,O12,Gestational [pregnancy-induced] oedema and proteinuria without hypertension,O10-O16,category,0
O120,O12.0,Gestational oedema,O12,subcategory,1
O121,O12.1,Gestational proteinuria,O12,subcategory,1
O122,O12.2,Gestational oedema with proteinuria,O12,subcategory,1
O13,O13,Gestational [pregnancy-induced] hypertension without significant proteinuria,O10-O16,category,1
O14,O14,Gestational [pregnancy-induced] hypertension with significant proteinuria,O10-O16,category,1
O140,O14.0,Moderate preeclampsia,O14,subcategory,1
O141,O14.1,Severe preeclampsia,O14,subcategory,1
O149,O14.9,"Preeclampsia, unspecified",O14,subcategory,1
O15,O15,Eclampsia,O10-O16,category,1
O150,O15.0,Eclampsia in pregnancy,O15,subcategory,1
O152,O15.2,Eclampsia in the puerperium,O15,subcategory,1
O159,O15.9,"Eclampsia, unspecified as to time period",O15,subcategory,1
O16,O16,Unspecified maternal hypertension,O10-O16,category,1
O20,O20,Haemorrhage in early pregnancy,O20-O29,category,1
O200,O20.0,Threatened abortion,O20,subcategory,1
O208,O20.8,Other haemorrhage in early pregnancy,O20,subcategory,1
O209,O20.9,"Haemorrhage in early pregnancy, unspecified",O20,subcategory,1
O21,O21,Excessive vomiting in pregnancy,O20-O29,category,1
O210,O21.0,Mild hyperemesis gravidarum,O21,subcategory,1
O211,O21.1,Hyperemesis gravidarum with metabolic disturbance,O21,subcategory,1
O212,O21.2,Late vomiting of pregnancy,O21,subcategory,1
O218,O21.8,Other vomiting complicating pregnancy,O21,subcategory,1
O219,O21.9,"Vomiting of pregnancy, unspecified",O21,subcategory,1
O22,O22,Venous complications in pregnancy,O20-O29,category,0
O220,O22.0,Varicose veins of lower extremity in pregnancy,O22,subcategory,1
O221,O22.1,Genital varices in pregnancy,O22,subcategory,1
O222,O22.2,Superficial thrombophlebitis in pregnancy,O22,subcategory,1
O223,O22.3,Deep phlebothrombosis in pregnancy,O22,subcategory,1
O224,O22.4,Haemorrhoids in pregnancy,O22,subcategory,1
O228,O22.8,Other venous complications in pregnancy,O22,subcategory,1
O23,O23,Infections of genito-urinary tract in pregnancy,O20-O29,category,1
O230,O23.0,Infections of kidney in pregnancy,O23,subcategory,1
O231,O23.1,Infections of bladder in pregnancy,O23,subcategory,1
O232,O23.2,Infections of urethra in pregnancy,O23,subcategory,1
O233,O23.3,Infections of other parts of urinary tract in pregnancy,O23,subcategory,1
O234,O23.4,Unspecified infection of urinary tract in pregnancy,O23,subcategory,1
O235,O23.5,Infections of the genital tract in pregnancy,O23,subcategory,1
O239,O23.9,Other and unspecified genito-urinary tract infection in pregnancy,O23,subcategory,1
O24,O24,Diabetes mellitus in pregnancy,O20-O29,category,1
O240,O24.0,"Pre-existing diabetes mellitus, insulin-dependent",O24,subcategory,1
O241,O24.1,"Pre-existing diabetes mellitus, noninsulin-dependent",O24,subcategory,1
O243,O24.3,"Pre-existing diabetes mellitus, unspecified",O24,subcategory,1
O244,O24.4,Diabetes mellitus arising in pregnancy,O24,subcategory,1
O249,O24.9,"Diabetes mellitus in pregnancy, unspecified",O24,subcategory,1
O26,O26,Maternal care for other conditions predominantly related to pregnancy,O20-O29,category,1
O260,O26.0,Excessive weight gain in pregnancy,O26,subcategory,1
O262,O26.2,Pregnancy care of habitual aborter,O26,subcategory,1
O263,O26.3,Retained intra-uterine contraceptive device in pregnancy,O26,subcategory,1
O264,O26.4,Herpes gestationis,O26,subcategory,1
O265,O26.5,Maternal hypotension syndrome,O26,subcategory,1
O266,O26.6,"Liver disorders in pregnancy, childbirth and the puerperium",O26,subcategory,1
O267,O26.7,"Subluxation of symphysis (pubis) in pregnancy, childbirth and the puerperium",O26,subcategory,1
O268,O26.8,Other specified pregnancy-related conditions,O26,subcategory,1
O269,O26.9,"Pregnancy-related condition, unspecified",O26,subcategory,1
O28,O28,Abnormal findings on antenatal screening of mother,O20-O29,category,0
O280,O28.0,Abnormal haematological finding on antenatal screening of mother,O28,subcategory,1
O281,O28.1,Abnormal biochemical finding on antenatal screening of mother,O28,subcategory,1
O283,O28.3,Abnormal ultrasonic finding on antenatal screening of mother,O28,subcategory,1
O285,O28.5,Abnormal chromosomal and genetic finding on antenatal screening of mother,O28,subcategory,1
O288,O28.8,Other abnormal findings on antenatal screening of mother,O28,subcategory,1
O289,O28.9,"Abnormal finding on antenatal screening of mother, unspecified",O28,subcategory,1
O30,O30,Multiple gestation,O30-O48,category,0
O300,O30.0,Twin pregnancy,O30,subcategory,1
O301,O30.1,Triplet pregnancy,O30,subcategory,1
O302,O30.2,Quadruplet pregnancy,O30,subcategory,1
O308,O30.8,Other multiple gestation,O30,subcategory,1
O31,O31,Complications specific to multiple gestation,O30-O48,category,0
O310,O31.0,Papyraceous foetus,O31,subcategory,1
O311,O31.1,Continuing pregnancy after abortion of one foetus or more,O31,subcategory,1
O312,O31.2,Continuing pregnancy after intra-uterine death of one foetus or more,O31,subcategory,1
O318,O31.8,Other complications specific to multiple gestation,O31,subcategory,1
O32,O32,Maternal care for known or suspected malpresentation of foetus,O30-O48,category,0
O320,O32.0,Maternal care for unstable lie,O32,subcategory,1
O321,O32.1,Maternal care for breech presentation,O32,subcategory,1
O322,O32.2,Maternal care for transverse and oblique lie,O32,subcategory,1
O323,O32.3,"Maternal care for face, brow and chin presentation",O32,subcategory,1
O324,O32.4,Maternal care for high head at term,O32,subcategory,1
O325,O32.5,Maternal care for multiple gestation with malpresentation of one foetus or more,O32,subcategory,1
O326,O32.6,Maternal care for compound presentation,O32,subcategory,1
O328,O32.8,Maternal care for other malpresentation of foetus,O32,subcategory,1
O329,O32.9,"Maternal care for malpresentation of foetus, unspecified",O32,subcategory,1
O33,O33,Maternal care for known or suspected disproportion,O30-O48,category,1
O330,O33.0,Maternal care for disproportion due to deformity of maternal pelvic bones,O33,subcategory,1
O331,O33.1,Maternal care for disproportion due to generally contracted pelvis,O33,subcategory,1
O333,O33.3,Maternal care for disproportion due to outlet contraction of pelvis,O33,subcategory,1
O334,O33.4,Maternal care for disproportion of mixed maternal and foetal origin,O33,subcategory,1
O335,O33.5,Maternal care for disproportion due to unusually large foetus,O33,subcategory,1
O337,O33.7,Maternal care for disproportion due to other foetal deformities,O33,subcategory,1
O339,O33.9,"Maternal care for disproportion, unspecified",O33,subcategory,1
O34,O34,Maternal care for known or suspected abnormality of pelvic organs,O30-O48,category,1
O340,O34.0,Maternal care for congenital malformation of uterus,O34,subcategory,1
O341,O34.1,Maternal care for tumour of corpus uteri,O34,subcategory,1
O342,O34.2,Maternal care due to uterine scar from previous surgery,O34,subcategory,1
O343,O34.3,Maternal care for cervical incompetence,O34,subcategory,1
O344,O34.4,Maternal care for other abnormalities of cervix,O34,subcategory,1
O345,O34.5,Maternal care for other abnormalities of gravid uterus,O34,subcategory,1
O346,O34.6,Maternal care for abnormality of vagina,O34,subcategory,1
O347,O34.7,Maternal care for abnormality of vulva and perineum,O34,subcategory,1
O348,O34.8,Maternal care for other abnormalities of pelvic organs,O34,subcategory,1
O349,O34.9,"Maternal care for abnormality of pelvic organ, unspecified",O34,subcategory,1
O35,O35,Maternal care for known or suspected foetal abnormality and damage,O30-O48,category,1
O350,O35.0,Maternal care for (suspected) central nervous system malformation in foetus,O35,subcategory,1
O351,O35.1,Maternal care for (suspected) chromosomal abnormality in foetus,O35,subcategory,1
O352,O35.2,Maternal care for (suspected) hereditary disease in foetus,O35,subcategory,1
O353,O35.3,Maternal care for (suspected) damage to foetus from viral disease in mother,O35,subcategory,1
O358,O35.8,Maternal care for other (suspected) foetal abnormality and damage,O35,subcategory,1
O359,O35.9,"Maternal care for (suspected) foetal abnormality and damage, unspecified",O35,subcategory,1
O36,O36,Maternal care for other known or suspected foetal problems,O30-O48,category,0
O360,O36.0,Maternal care for rhesus isoimmunisation,O36,subcategory,1
O361,O36.1,Maternal care for other isoimmunisation,O36,subcategory,1
O362,O36.2,Maternal care for hydrops foetalis,O36,subcategory,1
O363,O36.3,Maternal care for signs of foetal hypoxia,O36,subcategory,1
O364,O36.4,Maternal care for intra-uterine death,O36,subcategory,1
O365,O36.5,Maternal care for poor foetal growth,O36,subcategory,1
O366,O36.6,Maternal care for excessive foetal growth,O36,subcategory,1
O367,O36.7,Maternal care for viable foetus in abdominal pregnancy,O36,subcategory,1
O368,O36.8,Maternal care for other specified foetal problems,O36,subcategory,1
O369,O36.9,"Maternal care for foetal problem, unspecified",O36,subcategory,1
O40,O40,Polyhydramnios,O30-O48,category,1
O41,O41,Other disorders of amniotic fluid and membranes,O30-O48,category,0
O410,O41.0,Oligohydramnios,O41,subcategory,1
O411,O41.1,Infection of amniotic sac and membranes,O41,subcategory,1
O418,O41.8,Other specified disorders of amniotic fluid and membranes,O41,subcategory,1
O419,O41.9,"Disorder of amniotic fluid and membranes, unspecified",O41,subcategory,1
O42,O42,Premature rupture of membranes,O30-O48,category,1
O420,O42.0,"Premature rupture of membranes, onset of labour within 24 hours",O42,subcategory,1
O421,O42.1,"Premature rupture of membranes, onset of labour after 24 hours",O42,subcategory,1
O422,O42.2,"Premature rupture of membranes, labour delayed by therapy",O42,subcategory,1
O429,O42.9,"Premature rupture of membranes, unspecified",O42,subcategory,1
O43,O43,Placental disorders,O30-O48,category,0
O430,O43.0,Placental transfusion syndromes,O43,subcategory,1
O431,O43.1,Malformation of placenta,O43,subcategory,1
O432,O43.2,Morbidly adherent placenta,O43,subcategory,1
O438,O43.8,Other placental disorders,O43,subcategory,1
O439,O43.9,"Placental disorder, unspecified",O43,subcategory,1
O44,O44,Placenta praevia,O30-O48,category,1
O440,O44.0,Placenta praevia specified as without haemorrhage,O44,subcategory,1
O441,O44.1,Placenta praevia with haemorrhage,O44,subcategory,1
O45,O45,Premature separation of placenta [abruptio placentae],O30-O48,category,1
O450,O45.0,Premature separation of placenta with coagulation defect,O45,subcategory,1
O458,O45.8,Other premature separation of placenta,O45,subcategory,1
O459,O45.9,"Premature separation of placenta, unspecified",O45,subcategory,1
O46,O46,"Antepartum haemorrhage, not elsewhere classified",O30-O48,category,1
O468,O46.8,Other antepartum haemorrhage,O46,subcategory,1
O469,O46.9,"Antepartum haemorrhage, unspecified",O46,subcategory,1
O47,O47,False labour,O30-O48,category,1
O470,O47.0,False labour before 37 completed weeks of gestation,O47,subcategory,1
O471,O47.1,False labour at or after 37 completed weeks of gestation,O47,subcategory,1
O479,O47.9,"False labour, unspecified",O47,subcategory,1
O48,O48,Prolonged pregnancy,O30-O48,category,1
O60,O60,Preterm delivery,O60-O75,category,1
O600,O60.0,Preterm labour without delivery,O60,subcategory,1
O601,O60.1,Preterm spontaneous labour with preterm delivery,O60,subcategory,1
O602,O60.2,Preterm spontaneous labour with term delivery,O60,subcategory,1
O603,O60.3,Preterm delivery without spontaneous labour,O60,subcategory,1
O61,O61,Failed induction of labour,O60-O75,category,0
O610,O61.0,Failed medical induction of labour,O61,subcategory,1
O611,O61.1,Failed instrumental induction of labour,O61,subcategory,1
O618,O61.8,Other failed induction of labour,O61,subcategory,1
O619,O61.9,"Failed induction of labour, unspecified",O61,subcategory,1
O62,O62,Abnormalities of forces of labour,O60-O75,category,0
O620,O62.0,Primary inadequate contractions,O62,subcategory,1
O621,O62.1,Secondary uterine inertia,O62,subcategory,1
O622,O62.2,Other uterine inertia,O62,subcategory,1
O623,O62.3,Precipitate labour,O62,subcategory,1
O624,O62.4,"Hypertonic, incoordinate and prolonged uterine contractions",O62,subcategory,1
O628,O62.8,Other abnormalities of forces of labour,O62,subcategory,1
O629,O62.9,"Abnormality of forces of labour, unspecified",O62,subcategory,1
O63,O63,Long labour,O60-O75,category,1
O630,O63.0,Prolonged first stage (of labour),O63,subcategory,1
O631,O63.1,Prolonged second stage (of labour),O63,subcategory,1
O639,O63.9,"Long labour, unspecified",O63,subcategory,1
O64,O64,Obstructed labour due to malposition and malpresentation of foetus,O60-O75,category,0
O640,O64.0,Obstructed labour due to incomplete rotation of foetal head,O64,subcategory,1
O641,O64.1,Obstructed labour due to breech presentation,O64,subcategory,1
O642,O64.2,Obstructed labour due to face presentation,O64,subcategory,1
O643,O64.3,Obstructed labour due to brow presentation,O64,subcategory,1
O644,O64.4,Obstructed labour due to shoulder presentation,O64,subcategory,1
O645,O64.5,Obstructed labour due to compound presentation,O64,subcategory,1
O648,O64.8,Obstructed labour due to other malposition and malpresentation,O64,subcategory,1
O649,O64.9,"Obstructed labour due to malposition and malpresentation, unspecified",O64,subcategory,1
O65,O65,Obstructed labour due to maternal pelvic abnormality,O60-O75,category,0
O654,O65.4,"Obstructed labour due to foetopelvic disproportion, unspecified",O65,subcategory,1
O655,O65.5,Obstructed labour due to abnormality of maternal pelvic organs,O65,subcategory,1
O659,O65.9,"Obstructed labour due to maternal pelvic abnormality, unspecified",O65,subcategory,1
O66,O66,Other obstructed labour,O60-O75,category,0
O660,O66.0,Obstructed labour due to shoulder dystocia,O66,subcategory,1
O661,O66.1,Obstructed labour due to locked twins,O66,subcategory,1
O662,O66.2,Obstructed labour due to unusually large foetus,O66,subcategory,1
O664,O66.4,"Failed trial of labour, unspecified",O66,subcategory,1
O665,O66.5,"Failed application of vacuum extractor and forceps, unspecified",O66,subcategory,1
O668,O66.8,Other specified obstructed labour,O66,subcategory,1
O669,O66.9,"Obstructed labour, unspecified",O66,subcategory,1
O67,O67,"Labour and delivery complicated by intrapartum haemorrhage, not elsewhere classified",O60-O75,category,0
O678,O67.8,Other intrapartum haemorrhage,O67,subcategory,1
O679,O67.9,"Intrapartum haemorrhage, unspecified",O67,subcategory,1
O68,O68,Labour and delivery complicated by foetal stress [distress],O60-O75,category,0
O680,O68.0,Labour and delivery complicated by foetal heart rate anomaly,O68,subcategory,1
O681,O68.1,Labour and delivery complicated by meconium in amniotic fluid,O68,subcategory,1
O682,O68.2,Labour and delivery complicated by foetal heart rate anomaly with meconium in amniotic fluid,O68,subcategory,1
O683,O68.3,Labour and delivery complicated by biochemical evidence of foetal stress,O68,subcategory,1
O688,O68.8,Labour and delivery complicated by other evidence of foetal stress,O68,subcategory,1
O689,O68.9,"Labour and delivery complicated by foetal stress, unspecified",O68,subcategory,1
O69,O69,Labour and delivery complicated by umbilical cord complications,O60-O75,category,0
O690,O69.0,Labour and delivery complicated by prolapse of cord,O69,subcategory,1
O691,O69.1,"Labour and delivery complicated by cord around neck, with compression",O69,subcategory,1
O692,O69.2,Labour and delivery complicated by other cord entanglement,O69,subcategory,1
O693,O69.3,Labour and delivery complicated by short cord,O69,subcategory,1
O694,O69.4,Labour and delivery complicated by vasa praevia,O69,subcategory,1
O698,O69.8,Labour and delivery complicated by other cord complications,O69,subcategory,1
O699,O69.9,"Labour and delivery complicated by cord complication, unspecified",O69,subcategory,1
O70,O70,Perineal laceration during delivery,O60-O75,category,1
O700,O70.0,First degree perineal laceration during delivery,O70,subcategory,1
O701,O70.1,Second degree perineal laceration during delivery,O70,subcategory,1
O702,O70.2,Third degree perineal laceration during delivery,O70,subcategory,1
O703,O70.3,Fourth degree perineal laceration during delivery,O70,subcategory,1
O709,O70.9,"Perineal laceration during delivery, unspecified",O70,subcategory,1
O71,O71,Other obstetric trauma,O60-O75,category,0
O711,O71.1,Rupture of uterus during labour,O71,subcategory,1
O712,O71.2,Postpartum inversion of uterus,O71,subcategory,1
O713,O71.3,Obstetric laceration of cervix,O71,subcategory,1
O714,O71.4,Obstetric high vaginal laceration alone,O71,subcategory,1
O715,O71.5,Other obstetric injury to pelvic organs,O71,subcategory,1
O716,O71.6,Obstetric damage to pelvic joints and ligaments,O71,subcategory,1
O717,O71.7,Obstetric haematoma of pelvis,O71,subcategory,1
O718,O71.8,Other specified obstetric trauma,O71,subcategory,1
O719,O71.9,"Obstetric trauma, unspecified",O71,subcategory,1
O72,O72,Postpartum haemorrhage,O60-O75,category,1
O720,O72.0,Third-stage haemorrhage,O72,subcategory,1
O721,O72.1,Other immediate postpartum haemorrhage,O72,subcategory,1
O722,O72.2,Delayed and secondary postpartum haemorrhage,O72,subcategory,1
O73,O73,"Retained placenta and membranes, without haemorrhage",O60-O75,category,0
O730,O73.0,"Retained placenta, without haemorrhage",O73,subcategory,1
O731,O73.1,"Retained portions of placenta and membranes, without haemorrhage",O73,subcategory,1
O74,O74,Complications of anaesthesia during labour and delivery,O60-O75,category,0
O745,O74.5,Spinal and epidural anaesthesia-induced headache during labour and delivery,O74,subcategory,1
O746,O74.6,Other complications of spinal and epidural anaesthesia during labour and delivery,O74,subcategory,1
O747,O74.7,Failed or difficult intubation during labour and delivery,O74,subcategory,1
O748,O74.8,Other complications of anaesthesia during labour and delivery,O74,subcategory,1
O75,O75,"Other complications of labour and delivery, not elsewhere classified",O60-O75,category,1
O750,O75.0,Maternal distress during labour and delivery,O75,subcategory,1
O752,O75.2,"Pyrexia during labour, not elsewhere classified",O75,subcategory,1
O753,O75.3,Other infection during labour,O75,subcategory,1
O754,O75.4,Other complications of obstetric surgery and procedures,O75,subcategory,1
O755,O75.5,Delayed delivery after artificial rupture of membranes,O75,subcategory,1
O756,O75.6,Delayed delivery after spontaneous or unspecified rupture of membranes,O75,subcategory,1
O757,O75.7,Vaginal delivery following previous Caesarean section,O75,subcategory,1
O758,O75.8,Other specified complications of labour and delivery,O75,subcategory,1
O759,O75.9,"Complication of labour and delivery, unspecified",O75,subcategory,1
O80,O80,Single spontaneous delivery,O80-O84,category,1
O800,O80.0,Spontaneous vertex delivery,O80,subcategory,1
O801,O80.1,Spontaneous breech delivery,O80,subcategory,1
O808,O80.8,Other single spontaneous delivery,O80,subcategory,1
O809,O80.9,"Single spontaneous delivery, unspecified",O80,subcategory,1
O81,O81,Single delivery by forceps and vacuum extractor,O80-O84,category,0
O810,O81.0,Low forceps delivery,O81,subcategory,1
O811,O81.1,Mid-cavity forceps delivery,O81,subcategory,1
O813,O81.3,Other and unspecified forceps delivery,O81,subcategory,1
O814,O81.4,Vacuum extractor delivery,O81,subcategory,1
O815,O81.5,Delivery by combination of forceps and vacuum extractor,O81,subcategory,1
O82,O82,Single delivery by Caesarean section,O80-O84,category,1
O820,O82.0,Delivery by elective Caesarean section,O82,subcategory,1
O821,O82.1,Delivery by emergency Caesarean section,O82,subcategory,1
O822,O82.2,Delivery by Caesarean hysterectomy,O82,subcategory,1
O828,O82.8,Other single delivery by Caesarean section,O82,subcategory,1
O829,O82.9,"Delivery by Caesarean section, unspecified",O82,subcategory,1
O83,O83,Other assisted single delivery,O80-O84,category,0
O830,O83.0,Breech extraction,O83,subcategory,1
O831,O83.1,Other assisted breech delivery,O83,subcategory,1
O84,O84,Multiple delivery,O80-O84,category,1
O840,O84.0,"Multiple delivery, all spontaneous",O84,subcategory,1
O842,O84.2,"Multiple delivery, all by Caesarean section",O84,subcategory,1
O848,O84.8,Other multiple delivery,O84,subcategory,1
O849,O84.9,"Multiple delivery, unspecified",O84,subcategory,1
O85,O85,Puerperal sepsis,O85-O92,category,1
O86,O86,Other puerperal infections,O85-O92,category,0
O860,O86.0,Infection of obstetric surgical wound,O86,subcategory,1
O861,O86.1,Other infection of genital tract following delivery,O86,subcategory,1
O862,O86.2,Urinary tract infection following delivery,O86,subcategory,1
O863,O86.3,Other genito-urinary tract infections following delivery,O86,subcategory,1
O864,O86.4,Pyrexia of unknown origin following delivery,O86,subcategory,1
O868,O86.8,Other specified puerperal infections,O86,subcategory,1
O87,O87,Venous complications in the puerperium,O85-O92,category,0
O870,O87.0,Superficial thrombophlebitis in the puerperium,O87,subcategory,1
O871,O87.1,Deep phlebothrombosis in the puerperium,O87,subcategory,1
O872,O87.2,Haemorrhoids in the puerperium,O87,subcategory,1
O878,O87.8,Other venous complications in the puerperium,O87,subcategory,1
O879,O87.9,"Venous complication in the puerperium, unspecified",O87,subcategory,1
O88,O88,Obstetric embolism,O85-O92,category,1
O882,O88.2,Obstetric blood-clot embolism,O88,subcategory,1
O89,O89,Complications of anaesthesia during the puerperium,O85-O92,category,0
O894,O89.4,Spinal and epidural anaesthesia-induced headache during the puerperium,O89,subcategory,1
O90,O90,"Complications of the puerperium, not elsewhere classified",O85-O92,category,0
O900,O90.0,Disruption of Caesarean section wound,O90,subcategory,1
O901,O90.1,Disruption of perineal obstetric wound,O90,subcategory,1
O902,O90.2,Haematoma of obstetric wound,O90,subcategory,1
O904,O90.4,Postpartum acute renal failure,O90,subcategory,1
O908,O90.8,"Other complications of the puerperium, not elsewhere classified",O90,subcategory,1
O909,O90.9,"Complication of the puerperium, unspecified",O90,subcategory,1
O91,O91,Infections of breast associated with childbirth,O85-O92,category,0
O910,O91.0,Infection of nipple associated with childbirth,O91,subcategory,1
O911,O91.1,Abscess of breast associated with childbirth,O91,subcategory,1
O912,O91.2,Nonpurulent mastitis associated with childbirth,O91,subcategory,1
O92,O92,Other disorders of breast and lactation associated with childbirth,O85-O92,category,1
O920,O92.0,Retracted nipple associated with childbirth,O92,subcategory,1
O921,O92.1,Cracked nipple associated with childbirth,O92,subcategory,1
O922,O92.2,Other and unspecified disorders of breast associated with childbirth,O92,subcategory,1
O923,O92.3,Agalactia,O92,subcategory,1
O924,O92.4,Hypogalactia,O92,subcategory,1
O925,O92.5,Suppressed lactation,O92,subcategory,1
O926,O92.6,Galactorrhoea,O92,subcategory,1
O927,O92.7,Other and unspecified disorders of lactation,O92,subcategory,1
O94,O94,"Sequelae of complication of pregnancy, childbirth and the puerperium",O94-O99,category,1
O98,O98,"Maternal infectious and parasitic diseases classifiable elsewhere but complicating pregnancy, childbirth and the puerperium",O94-O99,category,0
O983,O98.3,"Other infections with a predominantly sexual mode of transmission complicating pregnancy, childbirth and the puerperium",O98,subcategory,1
O985,O98.5,"Other viral diseases complicating pregnancy, childbirth and the puerperium",O98,subcategory,1
O988,O98.8,"Other maternal infectious and parasitic diseases complicating pregnancy, childbirth and the puerperium",O98,subcategory,1
O99,O99,"Other maternal diseases classifiable elsewhere but complicating pregnancy, childbirth and the puerperium",O94-O99,category,0
O990,O99.0,"Anaemia complicating pregnancy, childbirth and the puerperium",O99,subcategory,1
O991,O99.1,"Other diseases of the blood and blood-forming organs and certain disorders involving the immune mechanism complicating pregnancy, childbirth and the puerperium",O99,subcategory,1
O992,O99.2,"Endocrine, nutritional and metabolic diseases complicating pregnancy, childbirth and the puerperium",O99,subcategory,1
O993,O99.3,"Mental disorders and diseases of the nervous system complicating pregnancy, childbirth and the puerperium",O99,subcategory,1
O994,O99.4,"Diseases of the circulatory system complicating pregnancy, childbirth and the puerperium",O99,subcategory,1
O995,O99.5,"Diseases of the respiratory system complicating pregnancy, childbirth and the puerperium",O99,subcategory,1
O996,O99.6,"Diseases of the digestive system complicating pregnancy, childbirth and the puerperium",O99,subcategory,1
O997,O99.7,"Diseases of the skin and subcutaneous tissue complicating pregnancy, childbirth and the puerperium",O99,subcategory,1
O998,O99.8,"Other specified diseases and conditions complicating pregnancy, childbirth and the puerperium",O99,subcategory,1
P00,P00,Foetus and newborn affected by maternal conditions that may be unrelated to present pregnancy,P00-P04,category,1
P000,P00.0,Foetus and newborn affected by maternal hypertensive disorders,P00,subcategory,1
P02,P02,"Foetus and newborn affected by complications of placenta, cord and membranes",P00-P04,category,0
P020,P02.0,Foetus and newborn affected by placenta praevia,P02,subcategory,1
P021,P02.1,Foetus and newborn affected by other forms of placental separation and haemorrhage,P02,subcategory,1
P03,P03,Foetus and newborn affected by other complications of labour and delivery,P00-P04,category,0
P032,P03.2,Foetus and newborn affected by forceps delivery,P03,subcategory,1
P033,P03.3,Foetus and newborn affected by delivery by vacuum extractor [ventouse],P03,subcategory,1
P034,P03.4,Foetus and newborn affected by Caesarean delivery,P03,subcategory,1
P038,P03.8,Foetus and newborn affected by other specified complications of labour and delivery,P03,subcategory,1
P05,P05,Slow foetal growth and foetal malnutrition,P05-P08,category,0
P059,P05.9,"Slow foetal growth, unspecified",P05,subcategory,1
P07,P07,"Disorders related to short gestation and low birth weight, not elsewhere classified",P05-P08,category,1
P070,P07.0,Extremely low birth weight,P07,subcategory,1
P071,P07.1,Other low birth weight,P07,subcategory,1
P073,P07.3,Other preterm infants,P07,subcategory,1
P08,P08,Disorders related to long gestation and high birth weight,P05-P08,category,0
P080,P08.0,Exceptionally large baby,P08,subcategory,1
P081,P08.1,Other heavy for gestational age infants,P08,subcategory,1
P10,P10,Intracranial laceration and haemorrhage due to birth injury,P10-P15,category,0
P101,P10.1,Cerebral haemorrhage due to birth injury,P10,subcategory,1
P11,P11,Other birth injuries to central nervous system,P10-P15,category,0
P115,P11.5,Birth injury to spine and spinal cord,P11,subcategory,1
P14,P14,Birth injury to peripheral nervous system,P10-P15,category,0
P140,P14.0,Erb's paralysis due to birth injury,P14,subcategory,1
P143,P14.3,Other brachial plexus birth injuries,P14,subcategory,1
P15,P15,Other birth injuries,P10-P15,category,1
P159,P15.9,"Birth injury, unspecified",P15,subcategory,1
P20,P20,Intra-uterine hypoxia,P20-P29,category,1
P209,P20.9,"Intra-uterine hypoxia, unspecified",P20,subcategory,1
P21,P21,Birth asphyxia,P20-P29,category,0
P219,P21.9,"Birth asphyxia, unspecified",P21,subcategory,1
P23,P23,Congenital pneumonia,P20-P29,category,0
P231,P23.1,Congenital pneumonia due to Chlamydia,P23,subcategory,1
P236,P23.6,Congenital pneumonia due to other bacterial agents,P23,subcategory,1
P27,P27,Chronic respiratory disease originating in the perinatal period,P20-P29,category,0
P278,P27.8,Other chronic respiratory diseases originating in the perinatal period,P27,subcategory,1
P28,P28,Other respiratory conditions originating in the perinatal period,P20-P29,category,0
P283,P28.3,Primary sleep apnoea of newborn,P28,subcategory,1
P29,P29,Cardiovascular disorders originating in the perinatal period,P20-P29,category,0
P290,P29.0,Neonatal cardiac failure,P29,subcategory,1
P35,P35,Congenital viral diseases,P35-P39,category,0
P350,P35.0,Congenital rubella syndrome,P35,subcategory,1
P36,P36,Bacterial sepsis of newborn,P35-P39,category,1
P360,P36.0,"Sepsis of newborn due to streptococcus, group B",P36,subcategory,1
P369,P36.9,"Bacterial sepsis of newborn, unspecified",P36,subcategory,1
P37,P37,Other congenital infectious and parasitic diseases,P35-P39,category,0
P371,P37.1,Congenital toxoplasmosis,P37,subcategory,1
P375,P37.5,Neonatal candidiasis,P37,subcategory,1
P378,P37.8,Other specified congenital infectious and parasitic diseases,P37,subcategory,1
P38,P38,Omphalitis of newborn with or without mild haemorrhage,P35-P39,category,1
P39,P39,Other infections specific to the perinatal period,P35-P39,category,0
P391,P39.1,Neonatal conjunctivitis and dacryocystitis,P39,subcategory,1
P392,P39.2,"Intra-amniotic infection of foetus, not elsewhere classified",P39,subcategory,1
P393,P39.3,Neonatal urinary tract infection,P39,subcategory,1
P399,P39.9,"Infection specific to the perinatal period, unspecified",P39,subcategory,1
P51,P51,Umbilical haemorrhage of newborn,P50-P61,category,1
P519,P51.9,"Umbilical haemorrhage of newborn, unspecified",P51,subcategory,1
P54,P54,Other neonatal haemorrhages,P50-P61,category,0
P546,P54.6,Neonatal vaginal haemorrhage,P54,subcategory,1
P55,P55,Haemolytic disease of foetus and newborn,P50-P61,category,0
P559,P55.9,"Haemolytic disease of foetus and newborn, unspecified",P55,subcategory,1
P59,P59,Neonatal jaundice from other and unspecified causes,P50-P61,category,0
P598,P59.8,Neonatal jaundice from other specified causes,P59,subcategory,1
P599,P59.9,"Neonatal jaundice, unspecified",P59,subcategory,1
P70,P70,Transitory disorders of carbohydrate metabolism specific to foetus and newborn,P70-P74,category,0
P700,P70.0,Syndrome of infant of mother with gestational diabetes,P70,subcategory,1
P701,P70.1,Syndrome of infant of a diabetic mother,P70,subcategory,1
P702,P70.2,Neonatal diabetes mellitus,P70,subcategory,1
P75,P75,Meconium ileus,P75-P78,category,1
P83,P83,Other conditions of integument specific to foetus and newborn,P80-P83,category,0
P832,P83.2,Hydrops foetalis not due to haemolytic disease,P83,subcategory,1
P90,P90,Convulsions of newborn,P90-P96,category,1
P95,P95,Foetal death of unspecified cause,P90-P96,category,1
P96,P96,Other conditions originating in the perinatal period,P90-P96,category,0
P968,P96.8,Other specified conditions originating in the perinatal period,P96,subcategory,1
P969,P96.9,"Condition originating in the perinatal period, unspecified",P96,subcategory,1
Q00,Q00,Anencephaly and similar malformations,Q00-Q07,category,0
Q000,Q00.0,Anencephaly,Q00,subcategory,1
Q02,Q02,Microcephaly,Q00-Q07,category,1
Q03,Q03,Congenital hydrocephalus,Q00-Q07,category,1
Q030,Q03.0,Malformations of aqueduct of Sylvius,Q03,subcategory,1
Q039,Q03.9,"Congenital hydrocephalus, unspecified",Q03,subcategory,1
Q04,Q04,Other congenital malformations of brain,Q00-Q07,category,0
Q043,Q04.3,Other reduction deformities of brain,Q04,subcategory,1
Q046,Q04.6,Congenital cerebral cysts,Q04,subcategory,1
Q048,Q04.8,Other specified congenital malformations of brain,Q04,subcategory,1
Q049,Q04.9,"Congenital malformation of brain, unspecified",Q04,subcategory,1
Q05,Q05,Spina bifida,Q00-Q07,category,1
Q050,Q05.0,Cervical spina bifida with hydrocephalus,Q05,subcategory,1
Q051,Q05.1,Thoracic spina bifida with hydrocephalus,Q05,subcategory,1
Q052,Q05.2,Lumbar spina bifida with hydrocephalus,Q05,subcategory,1
Q054,Q05.4,Unspecified spina bifida with hydrocephalus,Q05,subcategory,1
Q056,Q05.6,Thoracic spina bifida without hydrocephalus,Q05,subcategory,1
Q057,Q05.7,Lumbar spina bifida without hydrocephalus,Q05,subcategory,1
Q058,Q05.8,Sacral spina bifida without hydrocephalus,Q05,subcategory,1
Q059,Q05.9,"Spina bifida, unspecified",Q05,subcategory,1
Q06,Q06,Other congenital malformations of spinal cord,Q00-Q07,category,0
Q062,Q06.2,Diastematomyelia,Q06,subcategory,1
Q064,Q06.4,Hydromyelia,Q06,subcategory,1
Q068,Q06.8,Other specified congenital malformations of spinal cord,Q06,subcategory,1
Q069,Q06.9,"Congenital malformation of spinal cord, unspecified",Q06,subcategory,1
Q07,Q07,Other congenital malformations of nervous system,Q00-Q07,category,0
Q070,Q07.0,Arnold-Chiari syndrome,Q07,subcategory,1
Q078,Q07.8,Other specified congenital malformations of nervous system,Q07,subcategory,1
Q079,Q07.9,"Congenital malformation of nervous system, unspecified",Q07,subcategory,1
Q10,Q10,"Congenital malformations of eyelid, lachrymal apparatus and orbit",Q10-Q18,category,0
Q100,Q10.0,Congenital ptosis,Q10,subcategory,1
Q106,Q10.6,Other congenital malformations of lachrymal apparatus,Q10,subcategory,1
Q11,Q11,"Anophthalmos, microphthalmos and macrophthalmos",Q10-Q18,category,0
Q111,Q11.1,Other anophthalmos,Q11,subcategory,1
Q112,Q11.2,Microphthalmos,Q11,subcategory,1
Q12,Q12,Congenital lens malformations,Q10-Q18,category,0
Q120,Q12.0,Congenital cataract,Q12,subcategory,1
Q121,Q12.1,Congenital displaced lens,Q12,subcategory,1
Q128,Q12.8,Other congenital lens malformations,Q12,subcategory,1
Q129,Q12.9,"Congenital lens malformation, unspecified",Q12,subcategory,1
Q13,Q13,Congenital malformations of anterior segment of eye,Q10-Q18,category,0
Q130,Q13.0,Coloboma of iris,Q13,subcategory,1
Q131,Q13.1,Absence of iris,Q13,subcategory,1
Q132,Q13.2,Other congenital malformations of iris,Q13,subcategory,1
Q133,Q13.3,Congenital corneal opacity,Q13,subcategory,1
Q134,Q13.4,Other congenital corneal malformations,Q13,subcategory,1
Q138,Q13.8,Other congenital malformations of anterior segment of eye,Q13,subcategory,1
Q139,Q13.9,"Congenital malformation of anterior segment of eye, unspecified",Q13,subcategory,1
Q14,Q14,Congenital malformations of posterior segment of eye,Q10-Q18,category,0
Q140,Q14.0,Congenital malformation of vitreous humour,Q14,subcategory,1
Q141,Q14.1,Congenital malformation of retina,Q14,subcategory,1
Q142,Q14.2,Congenital malformation of optic disk,Q14,subcategory,1
Q143,Q14.3,Congenital malformation of choroid,Q14,subcategory,1
Q148,Q14.8,Other congenital malformations of posterior segment of eye,Q14,subcategory,1
Q15,Q15,Other congenital malformations of eye,Q10-Q18,category,0
Q150,Q15.0,Congenital glaucoma,Q15,subcategory,1
Q158,Q15.8,Other specified congenital malformations of eye,Q15,subcategory,1
Q159,Q15.9,"Congenital malformation of eye, unspecified",Q15,subcategory,1
Q16,Q16,Congenital malformations of ear causing impairment of hearing,Q10-Q18,category,0
Q161,Q16.1,"Congenital absence, atresia and stricture of auditory canal (external)",Q16,subcategory,1
Q163,Q16.3,Congenital malformation of ear ossicles,Q16,subcategory,1
Q164,Q16.4,Other congenital malformations of middle ear,Q16,subcategory,1
Q169,Q16.9,"Congenital malformation of ear causing impairment of hearing, unspecified",Q16,subcategory,1
Q17,Q17,Other congenital malformations of ear,Q10-Q18,category,0
Q170,Q17.0,Accessory auricle,Q17,subcategory,1
Q171,Q17.1,Macrotia,Q17,subcategory,1
Q172,Q17.2,Microtia,Q17,subcategory,1
Q173,Q17.3,Other misshapen ear,Q17,subcategory,1
Q175,Q17.5,Prominent ear,Q17,subcategory,1
Q178,Q17.8,Other specified congenital malformations of ear,Q17,subcategory,1
Q179,Q17.9,"Congenital malformation of ear, unspecified",Q17,subcategory,1
Q18,Q18,Other congenital malformations of face and neck,Q10-Q18,category,0
Q180,Q18.0,"Sinus, fistula and cyst of branchial cleft",Q18,subcategory,1
Q181,Q18.1,Preauricular sinus and cyst,Q18,subcategory,1
Q184,Q18.4,Macrostomia,Q18,subcategory,1
Q185,Q18.5,Microstomia,Q18,subcategory,1
Q188,Q18.8,Other specified congenital malformations of face and neck,Q18,subcategory,1
Q189,Q18.9,"Congenital malformation of face and neck, unspecified",Q18,subcategory,1
Q20,Q20,Congenital malformations of cardiac chambers and connexions,Q20-Q28,category,0
Q201,Q20.1,Double outlet right ventricle,Q20,subcategory,1
Q203,Q20.3,Discordant ventriculoarterial connexion,Q20,subcategory,1
Q208,Q20.8,Other congenital malformations of cardiac chambers and connexions,Q20,subcategory,1
Q21,Q21,Congenital malformations of cardiac septa,Q20-Q28,category,0
Q210,Q21.0,Ventricular septal defect,Q21,subcategory,1
Q211,Q21.1,Atrial septal defect,Q21,subcategory,1
Q212,Q21.2,Atrioventricular septal defect,Q21,subcategory,1
Q213,Q21.3,Tetralogy of Fallot,Q21,subcategory,1
Q218,Q21.8,Other congenital malformations of cardiac septa,Q21,subcategory,1
Q219,Q21.9,"Congenital malformation of cardiac septum, unspecified",Q21,subcategory,1
Q22,Q22,Congenital malformations of pulmonary and tricuspid valves,Q20-Q28,category,0
Q221,Q22.1,Congenital pulmonary valve stenosis,Q22,subcategory,1
Q223,Q22.3,Other congenital malformations of pulmonary valve,Q22,subcategory,1
Q225,Q22.5,Ebstein's anomaly,Q22,subcategory,1
Q228,Q22.8,Other congenital malformations of tricuspid valve,Q22,subcategory,1
Q23,Q23,Congenital malformations of aortic and mitral valves,Q20-Q28,category,0
Q230,Q23.0,Congenital stenosis of aortic valve,Q23,subcategory,1
Q231,Q23.1,Congenital insufficiency of aortic valve,Q23,subcategory,1
Q232,Q23.2,Congenital mitral stenosis,Q23,subcategory,1
Q233,Q23.3,Congenital mitral insufficiency,Q23,subcategory,1
Q234,Q23.4,Hypoplastic left heart syndrome,Q23,subcategory,1
Q238,Q23.8,Other congenital malformations of aortic and mitral valves,Q23,subcategory,1
Q239,Q23.9,"Congenital malformation of aortic and mitral valves, unspecified",Q23,subcategory,1
Q24,Q24,Other congenital malformations of heart,Q20-Q28,category,0
Q240,Q24.0,Dextrocardia,Q24,subcategory,1
Q241,Q24.1,Levocardia,Q24,subcategory,1
Q242,Q24.2,Cor triatriatum,Q24,subcategory,1
Q243,Q24.3,Pulmonary infundibular stenosis,Q24,subcategory,1
Q244,Q24.4,Congenital subaortic stenosis,Q24,subcategory,1
Q245,Q24.5,Malformation of coronary vessels,Q24,subcategory,1
Q246,Q24.6,Congenital heart block,Q24,subcategory,1
Q248,Q24.8,Other specified congenital malformations of heart,Q24,subcategory,1
Q249,Q24.9,"Congenital malformation of the heart, unspecified",Q24,subcategory,1
Q25,Q25,Congenital malformations of great arteries,Q20-Q28,category,0
Q250,Q25.0,Patent ductus arteriosus,Q25,subcategory,1
Q251,Q25.1,Coarctation of aorta,Q25,subcategory,1
Q252,Q25.2,Atresia of aorta,Q25,subcategory,1
Q253,Q25.3,Stenosis of aorta,Q25,subcategory,1
Q254,Q25.4,Other congenital malformations of aorta,Q25,subcategory,1
Q2541,Q25.41,Absence and aplasia of aorta,Q254,extension,1
Q2542,Q25.42,Hypoplasia of aorta,Q254,extension,1
Q2543,Q25.43,Congenital aneurysm of aorta,Q254,extension,1
Q2544,Q25.44,Congenital dilation of aorta,Q254,extension,1
Q2548,Q25.48,Anomalous origin of subclavian artery,Q254,extension,1
Q2549,Q25.49,Other congenital malformations of aorta,Q254,extension,1
Q255,Q25.5,Atresia of pulmonary artery,Q25,subcategory,1
Q256,Q25.6,Stenosis of pulmonary artery,Q25,subcategory,1
Q257,Q25.7,Other congenital malformations of pulmonary artery,Q25,subcategory,1
Q258,Q25.8,Other congenital malformations of great arteries,Q25,subcategory,1
Q259,Q25.9,"Congenital malformation of great arteries, unspecified",Q25,subcategory,1
Q26,Q26,Congenital malformations of great veins,Q20-Q28,category,0
Q261,Q26.1,Persistent left superior vena cava,Q26,subcategory,1
Q263,Q26.3,Partial anomalous pulmonary venous connexion,Q26,subcategory,1
Q264,Q26.4,"Anomalous pulmonary venous connexion, unspecified",Q26,subcategory,1
Q265,Q26.5,Anomalous portal venous connexion,Q26,subcategory,1
Q266,Q26.6,Portal vein-hepatic artery fistula,Q26,subcategory,1
Q268,Q26.8,Other congenital malformations of great veins,Q26,subcategory,1
Q269,Q26.9,"Congenital malformation of great vein, unspecified",Q26,subcategory,1
Q27,Q27,Other congenital malformations of peripheral vascular system,Q20-Q28,category,1
Q271,Q27.1,Congenital renal artery stenosis,Q27,subcategory,1
Q272,Q27.2,Other congenital malformations of renal artery,Q27,subcategory,1
Q273,Q27.3,Peripheral arteriovenous malformation,Q27,subcategory,1
Q274,Q27.4,Congenital phlebectasia,Q27,subcategory,1
Q278,Q27.8,Other specified congenital malformations of peripheral vascular system,Q27,subcategory,1
Q279,Q27.9,"Congenital malformation of peripheral vascular system, unspecified",Q27,subcategory,1
Q28,Q28,Other congenital malformations of circulatory system,Q20-Q28,category,1
Q280,Q28.0,Arteriovenous malformation of precerebral vessels,Q28,subcategory,1
Q281,Q28.1,Other malformations of precerebral vessels,Q28,subcategory,1
Q282,Q28.2,Arteriovenous malformation of cerebral vessels,Q28,subcategory,1
Q283,Q28.3,Other malformations of cerebral vessels,Q28,subcategory,1
Q288,Q28.8,Other specified congenital malformations of circulatory system,Q28,subcategory,1
Q289,Q28.9,"Congenital malformation of circulatory system, unspecified",Q28,subcategory,1
Q30,Q30,Congenital malformations of nose,Q30-Q34,category,0
Q300,Q30.0,Choanal atresia,Q30,subcategory,1
Q303,Q30.3,Congenital perforated nasal septum,Q30,subcategory,1
Q308,Q30.8,Other congenital malformations of nose,Q30,subcategory,1
Q309,Q30.9,"Congenital malformation of nose, unspecified",Q30,subcategory,1
Q31,Q31,Congenital malformations of larynx,Q30-Q34,category,1
Q310,Q31.0,Web of larynx,Q31,subcategory,1
Q311,Q31.1,Congenital subglottic stenosis,Q31,subcategory,1
Q313,Q31.3,Laryngocele,Q31,subcategory,1
Q315,Q31.5,Congenital laryngomalacia,Q31,subcategory,1
Q318,Q31.8,Other congenital malformations of larynx,Q31,subcategory,1
Q319,Q31.9,"Congenital malformation of larynx, unspecified",Q31,subcategory,1
Q33,Q33,Congenital malformations of lung,Q30-Q34,category,0
Q330,Q33.0,Congenital cystic lung,Q33,subcategory,1
Q332,Q33.2,Sequestration of lung,Q33,subcategory,1
Q333,Q33.3,Agenesis of lung,Q33,subcategory,1
Q336,Q33.6,Hypoplasia and dysplasia of lung,Q33,subcategory,1
Q338,Q33.8,Other congenital malformations of lung,Q33,subcategory,1
Q339,Q33.9,"Congenital malformation of lung, unspecified",Q33,subcategory,1
Q34,Q34,Other congenital malformations of respiratory system,Q30-Q34,category,0
Q341,Q34.1,Congenital cyst of mediastinum,Q34,subcategory,1
Q35,Q35,Cleft palate,Q35-Q37,category,1
Q357,Q35.7,Cleft uvula,Q35,subcategory,1
Q359,Q35.9,"Cleft palate, unspecified",Q35,subcategory,1
Q36,Q36,Cleft lip,Q35-Q37,category,1
Q369,Q36.9,"Cleft lip, unilateral",Q36,subcategory,1
Q37,Q37,Cleft palate with cleft lip,Q35-Q37,category,1
Q373,Q37.3,Cleft soft palate with unilateral cleft lip,Q37,subcategory,1
Q378,Q37.8,Unspecified cleft palate with bilateral cleft lip,Q37,subcategory,1
Q379,Q37.9,Unspecified cleft palate with unilateral cleft lip,Q37,subcategory,1
Q38,Q38,"Other congenital malformations of tongue, mouth and pharynx",Q38-Q45,category,0
Q380,Q38.0,"Congenital malformations of lips, not elsewhere classified",Q38,subcategory,1
Q381,Q38.1,Ankyloglossia,Q38,subcategory,1
Q382,Q38.2,Macroglossia,Q38,subcategory,1
Q383,Q38.3,Other congenital malformations of tongue,Q38,subcategory,1
Q384,Q38.4,Congenital malformations of salivary glands and ducts,Q38,subcategory,1
Q385,Q38.5,"Congenital malformations of palate, not elsewhere classified",Q38,subcategory,1
Q386,Q38.6,Other congenital malformations of mouth,Q38,subcategory,1
Q387,Q38.7,Pharyngeal pouch,Q38,subcategory,1
Q388,Q38.8,Other congenital malformations of pharynx,Q38,subcategory,1
Q39,Q39,Congenital malformations of oesophagus,Q38-Q45,category,0
Q390,Q39.0,Atresia of oesophagus without fistula,Q39,subcategory,1
Q393,Q39.3,Congenital stenosis and stricture of oesophagus,Q39,subcategory,1
Q394,Q39.4,Oesophageal web,Q39,subcategory,1
Q396,Q39.6,Diverticulum of oesophagus,Q39,subcategory,1
Q398,Q39.8,Other congenital malformations of oesophagus,Q39,subcategory,1
Q399,Q39.9,"Congenital malformation of oesophagus, unspecified",Q39,subcategory,1
Q40,Q40,Other congenital malformations of upper alimentary tract,Q38-Q45,category,0
Q400,Q40.0,Congenital hypertrophic pyloric stenosis,Q40,subcategory,1
Q401,Q40.1,Congenital hiatus hernia,Q40,subcategory,1
Q402,Q40.2,Other specified congenital malformations of stomach,Q40,subcategory,1
Q403,Q40.3,"Congenital malformation of stomach, unspecified",Q40,subcategory,1
Q408,Q40.8,Other specified congenital malformations of upper alimentary tract,Q40,subcategory,1
Q409,Q40.9,"Congenital malformation of upper alimentary tract, unspecified",Q40,subcategory,1
Q41,Q41,"Congenital absence, atresia and stenosis of small intestine",Q38-Q45,category,0
Q419,Q41.9,"Congenital absence, atresia and stenosis of small intestine, part unspecified",Q41,subcategory,1
Q42,Q42,"Congenital absence, atresia and stenosis of large intestine",Q38-Q45,category,0
Q421,Q42.1,"Congenital absence, atresia and stenosis of rectum without fistula",Q42,subcategory,1
Q422,Q42.2,"Congenital absence, atresia and stenosis of anus with fistula",Q42,subcategory,1
Q423,Q42.3,"Congenital absence, atresia and stenosis of anus without fistula",Q42,subcategory,1
Q43,Q43,Other congenital malformations of intestine,Q38-Q45,category,0
Q430,Q43.0,Meckel's diverticulum,Q43,subcategory,1
Q431,Q43.1,Hirschsprung's disease,Q43,subcategory,1
Q432,Q43.2,Other congenital functional disorders of colon,Q43,subcategory,1
Q433,Q43.3,Congenital malformations of intestinal fixation,Q43,subcategory,1
Q435,Q43.5,Ectopic anus,Q43,subcategory,1
Q438,Q43.8,Other specified congenital malformations of intestine,Q43,subcategory,1
Q439,Q43.9,"Congenital malformation of intestine, unspecified",Q43,subcategory,1
Q44,Q44,"Congenital malformations of gallbladder, bile ducts and liver",Q38-Q45,category,0
Q441,Q44.1,Other congenital malformations of gallbladder,Q44,subcategory,1
Q442,Q44.2,Atresia of bile ducts,Q44,subcategory,1
Q443,Q44.3,Congenital stenosis and stricture of bile ducts,Q44,subcategory,1
Q444,Q44.4,Choledochal cyst,Q44,subcategory,1
Q445,Q44.5,Other congenital malformations of bile ducts,Q44,subcategory,1
Q446,Q44.6,Cystic disease of liver,Q44,subcategory,1
Q447,Q44.7,Other congenital malformations of liver,Q44,subcategory,1
Q45,Q45,Other congenital malformations of digestive system,Q38-Q45,category,0
Q451,Q45.1,Annular pancreas,Q45,subcategory,1
Q453,Q45.3,Other congenital malformations of pancreas and pancreatic duct,Q45,subcategory,1
Q458,Q45.8,Other specified congenital malformations of digestive system,Q45,subcategory,1
Q459,Q45.9,"Congenital malformation of digestive system, unspecified",Q45,subcategory,1
Q50,Q50,"Congenital malformations of ovaries, Fallopian tubes and broad ligaments",Q50-Q56,category,0
Q500,Q50.0,Congenital absence of ovary,Q50,subcategory,1
Q501,Q50.1,Developmental ovarian cyst,Q50,subcategory,1
Q503,Q50.3,Other congenital malformations of ovary,Q50,subcategory,1
Q504,Q50.4,Embryonic cyst of Fallopian tube,Q50,subcategory,1
Q505,Q50.5,Embryonic cyst of broad ligament,Q50,subcategory,1
Q506,Q50.6,Other congenital malformatons of Fallopian tube and broad ligament,Q50,subcategory,1
Q51,Q51,Congenital malformations of uterus and cervix,Q50-Q56,category,1
Q510,Q51.0,Agenesis and aplasia of uterus,Q51,subcategory,1
Q511,Q51.1,Doubling of uterus with doubling of cervix and vagina,Q51,subcategory,1
Q5110,Q51.10,Doubling of uterus with doubling of cervix and vagina without obstruction,Q511,extension,1
Q512,Q51.2,Other doubling of uterus,Q51,subcategory,1
Q513,Q51.3,Bicornate uterus,Q51,subcategory,1
Q514,Q51.4,Unicornate uterus,Q51,subcategory,1
Q515,Q51.5,Agenesis and aplasia of cervix,Q51,subcategory,1
Q518,Q51.8,Other congenital malformations of uterus and cervix,Q51,subcategory,1
Q5181,Q51.81,Other congenital malformations of uterus,Q518,extension,1
Q5182,Q51.82,Other congenital malformations of cervix,Q518,extension,1
Q519,Q51.9,"Congenital malformation of uterus and cervix, unspecified",Q51,subcategory,1
Q52,Q52,Other congenital malformations of female genitalia,Q50-Q56,category,0
Q520,Q52.0,Congenital absence of vagina,Q52,subcategory,1
Q521,Q52.1,Doubling of vagina,Q52,subcategory,1
Q5210,Q52.10,"Doubling of vagina, unspecified",Q521,extension,1
Q522,Q52.2,Congenital rectovaginal fistula,Q52,subcategory,1
Q524,Q52.4,Other congenital malformations of vagina,Q52,subcategory,1
Q525,Q52.5,Fusion of labia,Q52,subcategory,1
Q526,Q52.6,Congenital malformation of clitoris,Q52,subcategory,1
Q527,Q52.7,Other congenital malformations of vulva,Q52,subcategory,1
Q5270,Q52.70,Unspecified congenital malformations of vulva,Q527,extension,1
Q5271,Q52.71,Congenital absence of vulva,Q527,extension,1
Q5279,Q52.79,Other congenital malformations of vulva,Q527,extension,1
Q528,Q52.8,Other specified congenital malformations of female genitalia,Q52,subcategory,1
Q53,Q53,Undescended testicle,Q50-Q56,category,0
Q530,Q53.0,Ectopic testis,Q53,subcategory,1
Q531,Q53.1,"Undescended testicle, unilateral",Q53,subcategory,1
Q5313,Q53.13,Unilateral high scrotal testis,Q531,extension,1
Q532,Q53.2,"Undescended testicle, bilateral",Q53,subcategory,1
Q539,Q53.9,"Undescended testicle, unspecified",Q53,subcategory,1
Q54,Q54,Hypospadias,Q50-Q56,category,1
Q540,Q54.0,"Hypospadias, balanic",Q54,subcategory,1
Q541,Q54.1,"Hypospadias, penile",Q54,subcategory,1
Q548,Q54.8,Other hypospadias,Q54,subcategory,1
Q549,Q54.9,"Hypospadias, unspecified",Q54,subcategory,1
Q55,Q55,Other congenital malformations of male genital organs,Q50-Q56,category,0
Q550,Q55.0,Absence and aplasia of testis,Q55,subcategory,1
Q551,Q55.1,Hypoplasia of testis and scrotum,Q55,subcategory,1
Q552,Q55.2,Other congenital malformations of testis and scrotum,Q55,subcategory,1
Q5522,Q55.22,Retractile testis,Q552,extension,1
Q554,Q55.4,"Other congenital malformations of vas deferens, epididymis, seminal vesicles and prostate",Q55,subcategory,1
Q556,Q55.6,Other congenital malformations of penis,Q55,subcategory,1
Q558,Q55.8,Other specified congenital malformations of male genital organs,Q55,subcategory,1
Q56,Q56,Indeterminate sex and pseudohermaphroditism,Q50-Q56,category,0
Q560,Q56.0,"Hermaphroditism, not elsewhere classified",Q56,subcategory,1
Q60,Q60,Renal agenesis and other reduction defects of kidney,Q60-Q64,category,1
Q600,Q60.0,"Renal agenesis, unilateral",Q60,subcategory,1
Q601,Q60.1,"Renal agenesis, bilateral",Q60,subcategory,1
Q602,Q60.2,"Renal agenesis, unspecified",Q60,subcategory,1
Q603,Q60.3,"Renal hypoplasia, unilateral",Q60,subcategory,1
Q605,Q60.5,"Renal hypoplasia, unspecified",Q60,subcategory,1
Q606,Q60.6,Potter's syndrome,Q60,subcategory,1
Q61,Q61,Cystic kidney disease,Q60-Q64,category,1
Q610,Q61.0,Congenital single renal cyst,Q61,subcategory,1
Q611,Q61.1,"Polycystic kidney, infantile type",Q61,subcategory,1
Q612,Q61.2,"Polycystic kidney, adult type",Q61,subcategory,1
Q613,Q61.3,"Polycystic kidney, unspecified",Q61,subcategory,1
Q614,Q61.4,Renal dysplasia,Q61,subcategory,1
Q615,Q61.5,Medullary cystic kidney,Q61,subcategory,1
Q618,Q61.8,Other cystic kidney diseases,Q61,subcategory,1
Q619,Q61.9,"Cystic kidney disease, unspecified",Q61,subcategory,1
Q62,Q62,Congenital obstructive defects of renal pelvis and congenital malformations of ureter,Q60-Q64,category,0
Q620,Q62.0,Congenital hydronephrosis,Q62,subcategory,1
Q621,Q62.1,Atresia and stenosis of ureter,Q62,subcategory,1
Q622,Q62.2,Congenital megaloureter,Q62,subcategory,1
Q623,Q62.3,Other obstructive defects of renal pelvis and ureter,Q62,subcategory,1
Q625,Q62.5,Duplication of ureter,Q62,subcategory,1
Q628,Q62.8,Other congenital malformations of ureter,Q62,subcategory,1
Q63,Q63,Other congenital malformations of kidney,Q60-Q64,category,1
Q630,Q63.0,Accessory kidney,Q63,subcategory,1
Q631,Q63.1,"Lobulated, fused and horseshoe kidney",Q63,subcategory,1
Q632,Q63.2,Ectopic kidney,Q63,subcategory,1
Q638,Q63.8,Other specified congenital malformations of kidney,Q63,subcategory,1
Q639,Q63.9,"Congenital malformation of kidney, unspecified",Q63,subcategory,1
Q64,Q64,Other congenital malformations of urinary system,Q60-Q64,category,0
Q640,Q64.0,Epispadias,Q64,subcategory,1
Q641,Q64.1,Exstrophy of urinary bladder,Q64,subcategory,1
Q643,Q64.3,Other atresia and stenosis of urethra and bladder neck,Q64,subcategory,1
Q644,Q64.4,Malformation of urachus,Q64,subcategory,1
Q645,Q64.5,Congenital absence of bladder and urethra,Q64,subcategory,1
Q646,Q64.6,Congenital diverticulum of bladder,Q64,subcategory,1
Q647,Q64.7,Other congenital malformations of bladder and urethra,Q64,subcategory,1
Q6471,Q64.71,Congenital prolapse of urethra,Q647,extension,1
Q6473,Q64.73,Congenital urethrorectal fistula,Q647,extension,1
Q6474,Q64.74,Double urethra,Q647,extension,1
Q6475,Q64.75,Double urinary meatus,Q647,extension,1
Q6479,Q64.79,Other congenital malformations of bladder and urethra,Q647,extension,1
Q648,Q64.8,Other specified congenital malformations of urinary system,Q64,subcategory,1
Q65,Q65,Congenital deformities of hip,Q65-Q79,category,0
Q650,Q65.0,"Congenital dislocation of hip, unilateral",Q65,subcategory,1
Q651,Q65.1,"Congenital dislocation of hip, bilateral",Q65,subcategory,1
Q652,Q65.2,"Congenital dislocation of hip, unspecified",Q65,subcategory,1
Q653,Q65.3,"Congenital subluxation of hip, unilateral",Q65,subcategory,1
Q654,Q65.4,"Congenital subluxation of hip, bilateral",Q65,subcategory,1
Q655,Q65.5,"Congenital subluxation of hip, unspecified",Q65,subcategory,1
Q656,Q65.6,Unstable hip,Q65,subcategory,1
Q658,Q65.8,Other congenital deformities of hip,Q65,subcategory,1
Q659,Q65.9,"Congenital deformity of hip, unspecified",Q65,subcategory,1
Q66,Q66,Congenital deformities of feet,Q65-Q79,category,1
Q660,Q66.0,Talipes equinovarus,Q66,subcategory,1
Q661,Q66.1,Talipes calcaneovarus,Q66,subcategory,1
Q662,Q66.2,Metatarsus varus,Q66,subcategory,1
Q663,Q66.3,Other congenital varus deformities of feet,Q66,subcategory,1
Q665,Q66.5,Congenital pes planus,Q66,subcategory,1
Q666,Q66.6,Other congenital valgus deformities of feet,Q66,subcategory,1
Q667,Q66.7,Pes cavus,Q66,subcategory,1
Q668,Q66.8,Other congenital deformities of feet,Q66,subcategory,1
Q669,Q66.9,"Congenital deformity of feet, unspecified",Q66,subcategory,1
Q67,Q67,"Congenital musculoskeletal deformities of head, face, spine and chest",Q65-Q79,category,0
Q670,Q67.0,Facial asymmetry,Q67,subcategory,1
Q674,Q67.4,"Other congenital deformities of skull, face and jaw",Q67,subcategory,1
Q675,Q67.5,Congenital deformity of spine,Q67,subcategory,1
Q676,Q67.6,Pectus excavatum,Q67,subcategory,1
Q677,Q67.7,Pectus carinatum,Q67,subcategory,1
Q678,Q67.8,Other congenital deformities of chest,Q67,subcategory,1
Q68,Q68,Other congenital musculoskeletal deformities,Q65-Q79,category,0
Q680,Q68.0,Congenital deformity of sternocleidomastoid muscle,Q68,subcategory,1
Q681,Q68.1,Congenital deformity of hand,Q68,subcategory,1
Q682,Q68.2,Congenital deformity of knee,Q68,subcategory,1
Q683,Q68.3,Congenital bowing of femur,Q68,subcategory,1
Q685,Q68.5,"Congenital bowing of long bones of leg, unspecified",Q68,subcategory,1
Q688,Q68.8,Other specified congenital musculoskeletal deformities,Q68,subcategory,1
Q69,Q69,Polydactyly,Q65-Q79,category,0
Q692,Q69.2,Accessory toe(s),Q69,subcategory,1
Q70,Q70,Syndactyly,Q65-Q79,category,0
Q700,Q70.0,Fused fingers,Q70,subcategory,1
Q702,Q70.2,Fused toes,Q70,subcategory,1
Q703,Q70.3,Webbed toes,Q70,subcategory,1
Q709,Q70.9,"Syndactyly, unspecified",Q70,subcategory,1
Q71,Q71,Reduction defects of upper limb,Q65-Q79,category,0
Q710,Q71.0,Congenital complete absence of upper limb(s),Q71,subcategory,1
Q713,Q71.3,Congenital absence of hand and finger(s),Q71,subcategory,1
Q714,Q71.4,Longitudinal reduction defect of radius,Q71,subcategory,1
Q718,Q71.8,Other reduction defects of upper limb(s),Q71,subcategory,1
Q719,Q71.9,"Reduction defect of upper limb, unspecified",Q71,subcategory,1
Q72,Q72,Reduction defects of lower limb,Q65-Q79,category,0
Q728,Q72.8,Other reduction defects of lower limb(s),Q72,subcategory,1
Q729,Q72.9,"Reduction defect of lower limb, unspecified",Q72,subcategory,1
Q73,Q73,Reduction defects of unspecified limb,Q65-Q79,category,0
Q738,Q73.8,Other reduction defects of unspecified limb(s),Q73,subcategory,1
Q74,Q74,Other congenital malformations of limb(s),Q65-Q79,category,0
Q740,Q74.0,"Other congenital malformations of upper limb(s), including shoulder girdle",Q74,subcategory,1
Q741,Q74.1,Congenital malformation of knee,Q74,subcategory,1
Q742,Q74.2,"Other congenital malformations of lower limb(s), including pelvic girdle",Q74,subcategory,1
Q743,Q74.3,Arthrogryposis multiplex congenita,Q74,subcategory,1
Q749,Q74.9,Unspecified congenital malformation of limb(s),Q74,subcategory,1
Q75,Q75,Other congenital malformations of skull and face bones,Q65-Q79,category,0
Q750,Q75.0,Craniosynostosis,Q75,subcategory,1
Q751,Q75.1,Craniofacial dysostosis,Q75,subcategory,1
Q752,Q75.2,Hypertelorism,Q75,subcategory,1
Q754,Q75.4,Mandibulofacial dysostosis,Q75,subcategory,1
Q758,Q75.8,Other specified congenital malformations of skull and face bones,Q75,subcategory,1
Q759,Q75.9,"Congenital malformation of skull and face bones, unspecified",Q75,subcategory,1
Q76,Q76,Congenital malformations of spine and bony thorax,Q65-Q79,category,0
Q760,Q76.0,Spina bifida occulta,Q76,subcategory,1
Q761,Q76.1,Klippel-Feil syndrome,Q76,subcategory,1
Q762,Q76.2,Congenital spondylolisthesis,Q76,subcategory,1
Q763,Q76.3,Congenital scoliosis due to congenital bony malformation,Q76,subcategory,1
Q764,Q76.4,"Other congenital malformations of spine, not associated with scoliosis",Q76,subcategory,1
Q765,Q76.5,Cervical rib,Q76,subcategory,1
Q766,Q76.6,Other congenital malformations of ribs,Q76,subcategory,1
Q767,Q76.7,Congenital malformation of sternum,Q76,subcategory,1
Q77,Q77,Osteochondrodysplasia with defects of growth of tubular bones and spine,Q65-Q79,category,0
Q773,Q77.3,Chondrodysplasia punctata,Q77,subcategory,1
Q774,Q77.4,Achondroplasia,Q77,subcategory,1
Q777,Q77.7,Spondyloepiphyseal dysplasia,Q77,subcategory,1
Q78,Q78,Other osteochondrodysplasias,Q65-Q79,category,0
Q780,Q78.0,Osteogenesis imperfecta,Q78,subcategory,1
Q781,Q78.1,Polyostotic fibrous dysplasia,Q78,subcategory,1
Q782,Q78.2,Osteopetrosis,Q78,subcategory,1
Q784,Q78.4,Enchondromatosis,Q78,subcategory,1
Q786,Q78.6,Multiple congenital exostoses,Q78,subcategory,1
Q788,Q78.8,Other specified osteochondrodysplasias,Q78,subcategory,1
Q789,Q78.9,"Osteochondrodysplasia, unspecified",Q78,subcategory,1
Q79,Q79,"Congenital malformations of musculoskeletal system, not elsewhere classified",Q65-Q79,category,0
Q790,Q79.0,Congenital diaphragmatic hernia,Q79,subcategory,1
Q791,Q79.1,Other congenital malformations of diaphragm,Q79,subcategory,1
Q794,Q79.4,Prune belly syndrome,Q79,subcategory,1
Q795,Q79.5,Other congenital malformations of abdominal wall,Q79,subcategory,1
Q796,Q79.6,Ehlers-Danlos syndrome,Q79,subcategory,1
Q798,Q79.8,Other congenital malformations of musculoskeletal system,Q79,subcategory,1
Q799,Q79.9,"Congenital malformation of musculoskeletal system, unspecified",Q79,subcategory,1
Q80,Q80,Congenital ichthyosis,Q80-Q89,category,1
Q800,Q80.0,Ichthyosis vulgaris,Q80,subcategory,1
Q803,Q80.3,Congenital bullous ichthyosiform erythroderma,Q80,subcategory,1
Q804,Q80.4,Harlequin foetus,Q80,subcategory,1
Q809,Q80.9,"Congenital ichthyosis, unspecified",Q80,subcategory,1
Q81,Q81,Epidermolysis bullosa,Q80-Q89,category,1
Q810,Q81.0,Epidermolysis bullosa simplex,Q81,subcategory,1
Q812,Q81.2,Epidermolysis bullosa dystrophica,Q81,subcategory,1
Q819,Q81.9,"Epidermolysis bullosa, unspecified",Q81,subcategory,1
Q82,Q82,Other congenital malformations of skin,Q80-Q89,category,1
Q820,Q82.0,Hereditary lymphoedema,Q82,subcategory,1
Q821,Q82.1,Xeroderma pigmentosum,Q82,subcategory,1
Q822,Q82.2,Mastocytosis,Q82,subcategory,1
Q824,Q82.4,Ectodermal dysplasia (anhidrotic),Q82,subcategory,1
Q825,Q82.5,Congenital nonneoplastic naevus,Q82,subcategory,1
Q828,Q82.8,Other specified congenital malformations of skin,Q82,subcategory,1
Q829,Q82.9,"Congenital malformation of skin, unspecified",Q82,subcategory,1
Q83,Q83,Congenital malformations of breast,Q80-Q89,category,1
Q830,Q83.0,Congenital absence of breast with absent nipple,Q83,subcategory,1
Q831,Q83.1,Accessory breast,Q83,subcategory,1
Q832,Q83.2,Absent nipple,Q83,subcategory,1
Q833,Q83.3,Accessory nipple,Q83,subcategory,1
Q838,Q83.8,Other congenital malformations of breast,Q83,subcategory,1
Q839,Q83.9,"Congenital malformation of breast, unspecified",Q83,subcategory,1
Q84,Q84,Other congenital malformations of integument,Q80-Q89,category,0
Q842,Q84.2,Other congenital malformations of hair,Q84,subcategory,1
Q845,Q84.5,Enlarged and hypertrophic nails,Q84,subcategory,1
Q846,Q84.6,Other congenital malformations of nails,Q84,subcategory,1
Q848,Q84.8,Other specified congenital malformations of integument,Q84,subcategory,1
Q849,Q84.9,"Congenital malformation of integument, unspecified",Q84,subcategory,1
Q85,Q85,"Phakomatoses, not elsewhere classified",Q80-Q89,category,1
Q850,Q85.0,Neurofibromatosis (nonmalignant),Q85,subcategory,1
Q851,Q85.1,Tuberous sclerosis,Q85,subcategory,1
Q858,Q85.8,"Other phakomatoses, not elsewhere classified",Q85,subcategory,1
Q859,Q85.9,"Phakomatosis, unspecified",Q85,subcategory,1
Q87,Q87,Other specified congenital malformation syndromes affecting multiple systems,Q80-Q89,category,0
Q870,Q87.0,Congenital malformation syndromes predominantly affecting facial appearance,Q87,subcategory,1
Q871,Q87.1,Congenital malformation syndromes predominantly associated with short stature,Q87,subcategory,1
Q872,Q87.2,Congenital malformation syndromes predominantly involving limbs,Q87,subcategory,1
Q874,Q87.4,Marfan's syndrome,Q87,subcategory,1
Q878,Q87.8,"Other specified congenital malformation syndromes, not elsewhere classified",Q87,subcategory,1
Q89,Q89,"Other congenital malformations, not elsewhere classified",Q80-Q89,category,0
Q890,Q89.0,Congenital malformations of spleen,Q89,subcategory,1
Q892,Q89.2,Congenital malformations of other endocrine glands,Q89,subcategory,1
Q893,Q89.3,Situs inversus,Q89,subcategory,1
Q898,Q89.8,Other specified congenital malformations,Q89,subcategory,1
Q899,Q89.9,"Congenital malformation, unspecified",Q89,subcategory,1
Q90,Q90,Down's syndrome,Q90-Q99,category,1
Q902,Q90.2,"Trisomy 21, translocation",Q90,subcategory,1
Q909,Q90.9,"Down's syndrome, unspecified",Q90,subcategory,1
Q91,Q91,Edwards' syndrome and Patau's syndrome,Q90-Q99,category,0
Q912,Q91.2,"Trisomy 18, translocation",Q91,subcategory,1
Q914,Q91.4,"Trisomy 13, meiotic nondisjunction",Q91,subcategory,1
Q917,Q91.7,"Patau's syndrome, unspecified",Q91,subcategory,1
Q92,Q92,"Other trisomies and partial trisomies of the autosomes, not elsewhere classified",Q90-Q99,category,0
Q928,Q92.8,Other specified trisomies and partial trisomies of autosomes,Q92,subcategory,1
Q93,Q93,"Monosomies and deletions from the autosomes, not elsewhere classified",Q90-Q99,category,0
Q935,Q93.5,Other deletions of part of a chromosome,Q93,subcategory,1
Q939,Q93.9,"Deletion from autosomes, unspecified",Q93,subcategory,1
Q96,Q96,Turner's syndrome,Q90-Q99,category,1
Q968,Q96.8,Other variants of Turner's syndrome,Q96,subcategory,1
Q969,Q96.9,"Turner's syndrome, unspecified",Q96,subcategory,1
Q97,Q97,"Other sex chromosome abnormalities, female phenotype, not elsewhere classified",Q90-Q99,category,0
Q971,Q97.1,Female with more than three X chromosomes,Q97,subcategory,1
Q973,Q97.3,"Female with 46,XY karyotype",Q97,subcategory,1
Q978,Q97.8,"Other specified sex chromosome abnormalities, female phenotype",Q97,subcategory,1
Q98,Q98,"Other sex chromosome abnormalities, male phenotype, not elsewhere classified",Q90-Q99,category,0
Q980,Q98.0,"Klinefelter's syndrome karyotype 47,XXY",Q98,subcategory,1
Q981,Q98.1,"Klinefelter's syndrome, male with more than two X chromosomes",Q98,subcategory,1
Q982,Q98.2,"Klinefelter's syndrome, male with 46,XX karyotype",Q98,subcategory,1
Q984,Q98.4,"Klinefelter's syndrome, unspecified",Q98,subcategory,1
Q987,Q98.7,Male with sex chromosome mosaicism,Q98,subcategory,1
Q988,Q98.8,"Other specified sex chromosome abnormalities, male phenotype",Q98,subcategory,1
Q99,Q99,"Other chromosome abnormalities, not elsewhere classified",Q90-Q99,category,1
Q992,Q99.2,Fragile X chromosome,Q99,subcategory,1
Q998,Q99.8,Other specified chromosome abnormalities,Q99,subcategory,1
Q999,Q99.9,"Chromosomal abnormality, unspecified",Q99,subcategory,1
R00,R00,Abnormalities of heart beat,R00-R09,category,1
R000,R00.0,"Tachycardia, unspecified",R00,subcategory,1
R001,R00.1,"Bradycardia, unspecified",R00,subcategory,1
R002,R00.2,Palpitations,R00,subcategory,1
R008,R00.8,Other and unspecified abnormalities of heart beat,R00,subcategory,1
R01,R01,Cardiac murmurs and other cardiac sounds,R00-R09,category,1
R010,R01.0,Benign and innocent cardiac murmurs,R01,subcategory,1
R011,R01.1,"Cardiac murmur, unspecified",R01,subcategory,1
R012,R01.2,Other cardiac sounds,R01,subcategory,1
R02,R02,"Gangrene, not elsewhere classified",R00-R09,category,1
R03,R03,"Abnormal blood-pressure reading, without diagnosis",R00-R09,category,0
R030,R03.0,"Elevated blood-pressure reading, without diagnosis of hypertension",R03,subcategory,1
R031,R03.1,Nonspecific low blood-pressure reading,R03,subcategory,1
R04,R04,Haemorrhage from respiratory passages,R00-R09,category,1
R040,R04.0,Epistaxis,R04,subcategory,1
R041,R04.1,Haemorrhage from throat,R04,subcategory,1
R042,R04.2,Haemoptysis,R04,subcategory,1
R048,R04.8,Haemorrhage from other sites in respiratory passages,R04,subcategory,1
R049,R04.9,"Haemorrhage from respiratory passages, unspecified",R04,subcategory,1
R05,R05,Cough,R00-R09,category,1
R06,R06,Abnormalities of breathing,R00-R09,category,1
R060,R06.0,Dyspnoea,R06,subcategory,1
R061,R06.1,Stridor,R06,subcategory,1
R062,R06.2,Wheezing,R06,subcategory,1
R063,R06.3,Periodic breathing,R06,subcategory,1
R064,R06.4,Hyperventilation,R06,subcategory,1
R065,R06.5,Mouth breathing,R06,subcategory,1
R066,R06.6,Hiccough,R06,subcategory,1
R067,R06.7,Sneezing,R06,subcategory,1
R068,R06.8,Other and unspecified abnormalities of breathing,R06,subcategory,1
R07,R07,Pain in throat and chest,R00-R09,category,1
R070,R07.0,Pain in throat,R07,subcategory,1
R071,R07.1,Chest pain on breathing,R07,subcategory,1
R072,R07.2,Precordial pain,R07,subcategory,1
R073,R07.3,Other chest pain,R07,subcategory,1
R074,R07.4,"Chest pain, unspecified",R07,subcategory,1
R09,R09,Other symptoms and signs involving the circulatory and respiratory systems,R00-R09,category,0
R090,R09.0,Asphyxia,R09,subcategory,1
R091,R09.1,Pleurisy,R09,subcategory,1
R092,R09.2,Respiratory arrest,R09,subcategory,1
R093,R09.3,Abnormal sputum,R09,subcategory,1
R098,R09.8,Other specified symptoms and signs involving the circulatory and respiratory systems,R09,subcategory,1
R0989,R09.89,Other specified symptoms and signs involving the circulatory and respiratory systems,R098,extension,1
R10,R10,Abdominal and pelvic pain,R10-R19,category,1
R100,R10.0,Acute abdomen,R10,subcategory,1
R101,R10.1,Pain localised to upper abdomen,R10,subcategory,1
R1010,R10.10,"Upper abdominal pain, unspecified",R101,extension,1
R1012,R10.12,Left upper quadrant pain,R101,extension,1
R102,R10.2,Pelvic and perineal pain,R10,subcategory,1
R103,R10.3,Pain localised to other parts of lower abdomen,R10,subcategory,1
R1030,R10.30,"Lower abdominal pain, unspecified",R103,extension,1
R104,R10.4,Other and unspecified abdominal pain,R10,subcategory,1
R109,R10.9,Unspecified abdominal pain,R10,subcategory,1
R11,R11,Nausea and vomiting,R10-R19,category,1
R12,R12,Heartburn,R10-R19,category,1
R13,R13,Dysphagia,R10-R19,category,1
R14,R14,Flatulence and related conditions,R10-R19,category,1
R140,R14.0,Abdominal distension (gaseous),R14,subcategory,1
R141,R14.1,Gas pain,R14,subcategory,1
R142,R14.2,Eructation,R14,subcategory,1
R143,R14.3,Flatulence,R14,subcategory,1
R15,R15,Faecal incontinence,R10-R19,category,1
R16,R16,"Hepatomegaly and splenomegaly, not elsewhere classified",R10-R19,category,0
R160,R16.0,"Hepatomegaly, not elsewhere classified",R16,subcategory,1
R161,R16.1,"Splenomegaly, not elsewhere classified",R16,subcategory,1
R162,R16.2,"Hepatomegaly with splenomegaly, not elsewhere classified",R16,subcategory,1
R17,R17,Unspecified jaundice,R10-R19,category,1
R18,R18,Ascites,R10-R19,category,1
R19,R19,Other symptoms and signs involving the digestive system and abdomen,R10-R19,category,0
R190,R19.0,"Intra-abdominal and pelvic swelling, mass and lump",R19,subcategory,1
R191,R19.1,Abnormal bowel sounds,R19,subcategory,1
R192,R19.2,Visible peristalsis,R19,subcategory,1
R193,R19.3,Abdominal rigidity,R19,subcategory,1
R194,R19.4,Change in bowel habit,R19,subcategory,1
R195,R19.5,Other fecal abnormalities,R19,subcategory,1
R196,R19.6,Halitosis,R19,subcategory,1
R198,R19.8,Other specified symptoms and signs involving the digestive system and abdomen,R19,subcategory,1
R20,R20,Disturbances of skin sensation,R20-R23,category,1
R200,R20.0,Anaesthesia of skin,R20,subcategory,1
R201,R20.1,Hypoaesthesia of skin,R20,subcategory,1
R202,R20.2,Paraesthesia of skin,R20,subcategory,1
R203,R20.3,Hyperaesthesia,R20,subcategory,1
R208,R20.8,Other and unspecified disturbances of skin sensation,R20,subcategory,1
R209,R20.9,Unspecified disturbances of skin sensation,R20,subcategory,1
R21,R21,Rash and other nonspecific skin eruption,R20-R23,category,1
R22,R22,"Localised swelling, mass and lump of skin and subcutaneous tissue",R20-R23,category,1
R220,R22.0,"Localised swelling, mass and lump, head",R22,subcategory,1
R221,R22.1,"Localised swelling, mass and lump, neck",R22,subcategory,1
R222,R22.2,"Localised swelling, mass and lump, trunk",R22,subcategory,1
R223,R22.3,"Localised swelling, mass and lump, upper limb",R22,subcategory,1
R224,R22.4,"Localised swelling, mass and lump, lower limb",R22,subcategory,1
R227,R22.7,"Localised swelling, mass and lump, multiple sites",R22,subcategory,1
R229,R22.9,"Localised swelling, mass and lump, unspecified",R22,subcategory,1
R23,R23,Other skin changes,R20-R23,category,0
R230,R23.0,Cyanosis,R23,subcategory,1
R231,R23.1,Pallor,R23,subcategory,1
R232,R23.2,Flushing,R23,subcategory,1
R233,R23.3,Spontaneous ecchymoses,R23,subcategory,1
R234,R23.4,Changes in skin texture,R23,subcategory,1
R238,R23.8,Other and unspecified skin changes,R23,subcategory,1
R25,R25,Abnormal involuntary movements,R25-R29,category,1
R250,R25.0,Abnormal head movements,R25,subcategory,1
R251,R25.1,"Tremor, unspecified",R25,subcategory,1
R252,R25.2,Cramp and spasm,R25,subcategory,1
R253,R25.3,Fasciculation,R25,subcategory,1
R258,R25.8,Other and unspecified abnormal involuntary movements,R25,subcategory,1
R259,R25.9,Unspecified abnormal involuntary movements,R25,subcategory,1
R26,R26,Abnormalities of gait and mobility,R25-R29,category,1
R260,R26.0,Ataxic gait,R26,subcategory,1
R261,R26.1,Paralytic gait,R26,subcategory,1
R262,R26.2,"Difficulty in walking, not elsewhere classified",R26,subcategory,1
R263,R26.3,Immobility,R26,subcategory,1
R268,R26.8,Other and unspecified abnormalities of gait and mobility,R26,subcategory,1
R27,R27,Other lack of coordination,R25-R29,category,0
R270,R27.0,"Ataxia, unspecified",R27,subcategory,1
R278,R27.8,Other and unspecified lack of coordination,R27,subcategory,1
R29,R29,Other symptoms and signs involving the nervous and musculoskeletal systems,R25-R29,category,1
R290,R29.0,Tetany,R29,subcategory,1
R291,R29.1,Meningismus,R29,subcategory,1
R292,R29.2,Abnormal reflex,R29,subcategory,1
R293,R29.3,Abnormal posture,R29,subcategory,1
R294,R29.4,Clicking hip,R29,subcategory,1
R296,R29.6,"Tendency to fall, not elsewhere classified",R29,subcategory,1
R298,R29.8,Other and unspecified symptoms and signs involving the nervous and musculoskeletal systems,R29,subcategory,1
R2989,R29.89,Other symptoms and signs involving the musculoskeletal system,R298,extension,1
R30,R30,Pain associated with micturition,R30-R39,category,1
R300,R30.0,Dysuria,R30,subcategory,1
R301,R30.1,Vesical tenesmus,R30,subcategory,1
R309,R30.9,"Painful micturition, unspecified",R30,subcategory,1
R31,R31,Unspecified haematuria,R30-R39,category,1
R32,R32,Unspecified urinary incontinence,R30-R39,category,1
R33,R33,Retention of urine,R30-R39,category,1
R34,R34,Anuria and oliguria,R30-R39,category,1
R35,R35,Polyuria,R30-R39,category,1
R36,R36,Urethral discharge,R30-R39,category,1
R39,R39,Other symptoms and signs involving the urinary system,R30-R39,category,0
R390,R39.0,Extravasation of urine,R39,subcategory,1
R391,R39.1,Other difficulties with micturition,R39,subcategory,1
R392,R39.2,Extrarenal uraemia,R39,subcategory,1
R398,R39.8,Other and unspecified symptoms and signs involving the urinary system,R39,subcategory,1
R40,R40,"Somnolence, stupor and coma",R40-R46,category,0
R400,R40.0,Somnolence,R40,subcategory,1
R401,R40.1,Stupor,R40,subcategory,1
R402,R40.2,"Coma, unspecified",R40,subcategory,1
R41,R41,Other symptoms and signs involving cognitive functions and awareness,R40-R46,category,0
R410,R41.0,"Disorientation, unspecified",R41,subcategory,1
R411,R41.1,Anterograde amnesia,R41,subcategory,1
R412,R41.2,Retrograde amnesia,R41,subcategory,1
R413,R41.3,Other amnesia,R41,subcategory,1
R418,R41.8,Other and unspecified symptoms and signs involving cognitive functions and awareness,R41,subcategory,1
R42,R42,Dizziness and giddiness,R40-R46,category,1
R43,R43,Disturbances of smell and taste,R40-R46,category,0
R430,R43.0,Anosmia,R43,subcategory,1
R431,R43.1,Parosmia,R43,subcategory,1
R432,R43.2,Parageusia,R43,subcategory,1
R438,R43.8,Other and unspecified disturbances of smell and taste,R43,subcategory,1
R44,R44,Other symptoms and signs involving general sensations and perceptions,R40-R46,category,0
R440,R44.0,Auditory hallucinations,R44,subcategory,1
R441,R44.1,Visual hallucinations,R44,subcategory,1
R442,R44.2,Other hallucinations,R44,subcategory,1
R443,R44.3,"Hallucinations, unspecified",R44,subcategory,1
R448,R44.8,Other and unspecified symptoms and signs involving general sensations and perceptions,R44,subcategory,1
R45,R45,Symptoms and signs involving emotional state,R40-R46,category,1
R450,R45.0,Nervousness,R45,subcategory,1
R451,R45.1,Restlessness and agitation,R45,subcategory,1
R452,R45.2,Unhappiness,R45,subcategory,1
R453,R45.3,Demoralisation and apathy,R45,subcategory,1
R454,R45.4,Irritability and anger,R45,subcategory,1
R455,R45.5,Hostility,R45,subcategory,1
R456,R45.6,Physical violence,R45,subcategory,1
R457,R45.7,"State of emotional shock and stress, unspecified",R45,subcategory,1
R458,R45.8,Other symptoms and signs involving emotional state,R45,subcategory,1
R46,R46,Symptoms and signs involving appearance and behaviour,R40-R46,category,1
R460,R46.0,Very low level of personal hygiene,R46,subcategory,1
R462,R46.2,Strange and inexplicable behaviour,R46,subcategory,1
R463,R46.3,Overactivity,R46,subcategory,1
R464,R46.4,Slowness and poor responsiveness,R46,subcategory,1
R466,R46.6,Undue concern and preoccupation with stressful events,R46,subcategory,1
R468,R46.8,Other symptoms and signs involving appearance and behaviour,R46,subcategory,1
R47,R47,"Speech disturbances, not elsewhere classified",R47-R49,category,1
R470,R47.0,Dysphasia and aphasia,R47,subcategory,1
R471,R47.1,Dysarthria and anarthria,R47,subcategory,1
R478,R47.8,Other and unspecified speech disturbances,R47,subcategory,1
R48,R48,"Dyslexia and other symbolic dysfunctions, not elsewhere classified",R47-R49,category,0
R480,R48.0,Dyslexia and alexia,R48,subcategory,1
R481,R48.1,Agnosia,R48,subcategory,1
R482,R48.2,Apraxia,R48,subcategory,1
R488,R48.8,Other and unspecified symbolic dysfunctions,R48,subcategory,1
R49,R49,Voice disturbances,R47-R49,category,1
R490,R49.0,Dysphonia,R49,subcategory,1
R491,R49.1,Aphonia,R49,subcategory,1
R498,R49.8,Other and unspecified voice disturbances,R49,subcategory,1
R50,R50,Fever of unknown origin,R50-R69,category,1
R500,R50.0,Fever with chills,R50,subcategory,1
R501,R50.1,Persistent fever,R50,subcategory,1
R502,R50.2,Drug-induced fever,R50,subcategory,1
R508,R50.8,Other specified fever,R50,subcategory,1
R509,R50.9,"Fever, unspecified",R50,subcategory,1
R51,R51,Headache,R50-R69,category,1
R52,R52,"Pain, not elsewhere classified",R50-R69,category,1
R520,R52.0,Acute pain,R52,subcategory,1
R521,R52.1,Chronic intractable pain,R52,subcategory,1
R522,R52.2,Other chronic pain,R52,subcategory,1
R529,R52.9,"Pain, unspecified",R52,subcategory,1
R53,R53,Malaise and fatigue,R50-R69,category,1
R54,R54,Senility,R50-R69,category,1
R55,R55,Syncope and collapse,R50-R69,category,1
R56,R56,"Convulsions, not elsewhere classified",R50-R69,category,1
R560,R56.0,Febrile convulsions,R56,subcategory,1
R568,R56.8,Other and unspecified convulsions,R56,subcategory,1
R569,R56.9,Unspecified convulsions,R56,subcategory,1
R57,R57,"Shock, not elsewhere classified",R50-R69,category,0
R570,R57.0,Cardiogenic shock,R57,subcategory,1
R571,R57.1,Hypovolaemic shock,R57,subcategory,1
R572,R57.2,Septic shock,R57,subcategory,1
R578,R57.8,Other shock,R57,subcategory,1
R579,R57.9,"Shock, unspecified",R57,subcategory,1
R58,R58,"Haemorrhage, not elsewhere classified",R50-R69,category,1
R59,R59,Enlarged lymph nodes,R50-R69,category,1
R590,R59.0,Localised enlarged lymph nodes,R59,subcategory,1
R591,R59.1,Generalised enlarged lymph nodes,R59,subcategory,1
R599,R59.9,"Enlarged lymph nodes, unspecified",R59,subcategory,1
R60,R60,"Oedema, not elsewhere classified",R50-R69,category,1
R600,R60.0,Localised oedema,R60,subcategory,1
R601,R60.1,Generalised oedema,R60,subcategory,1
R609,R60.9,"Oedema, unspecified",R60,subcategory,1
R61,R61,Hyperhidrosis,R50-R69,category,1
R610,R61.0,Localised hyperhidrosis,R61,subcategory,1
R611,R61.1,Generalised hyperhidrosis,R61,subcategory,1
R619,R61.9,"Hyperhidrosis, unspecified",R61,subcategory,1
R62,R62,Lack of expected normal physiological development,R50-R69,category,0
R620,R62.0,Delayed milestone,R62,subcategory,1
R625,R62.5,Other and unspecified lack of expected normal physiological development in childhood,R62,subcategory,0
R6252,R62.52,Short stature (child),R625,extension,1
R628,R62.8,Other lack of expected normal physiological development,R62,subcategory,1
R629,R62.9,"Lack of expected normal physiological development, unspecified",R62,subcategory,1
R63,R63,Symptoms and signs concerning food and fluid intake,R50-R69,category,0
R630,R63.0,Anorexia,R63,subcategory,1
R631,R63.1,Polydipsia,R63,subcategory,1
R632,R63.2,Polyphagia,R63,subcategory,1
R633,R63.3,Feeding difficulties and mismanagement,R63,subcategory,1
R634,R63.4,Abnormal weight loss,R63,subcategory,1
R635,R63.5,Abnormal weight gain,R63,subcategory,1
R636,R63.6,Insufficient intake of food and water due to self neglect,R63,subcategory,1
R638,R63.8,Other symptoms and signs concerning food and fluid intake,R63,subcategory,1
R64,R64,Cachexia,R50-R69,category,1
R65,R65,Systemic Inflammatory Response Syndrome [SIRS],R50-R69,category,1
R650,R65.0,Systemic Inflammatory Response Syndrome of infectious origin without organ failure,R65,subcategory,1
R651,R65.1,Systemic Inflammatory Response Syndrome of infectious origin with organ failure,R65,subcategory,1
R652,R65.2,Systemic Inflammatory Response Syndrome of non-infectious origin without organ failure,R65,subcategory,1
R653,R65.3,Systemic Inflammatory Response Syndrome of non-infectious origin with organ failure,R65,subcategory,1
R659,R65.9,"Systemic Inflammatory Response Syndrome, unspecified",R65,subcategory,1
R68,R68,Other general symptoms and signs,R50-R69,category,0
R680,R68.0,"Hypothermia, not associated with low environmental temperature",R68,subcategory,1
R682,R68.2,"Dry mouth, unspecified",R68,subcategory,1
R683,R68.3,Clubbing of fingers,R68,subcategory,1
R688,R68.8,Other specified general symptoms and signs,R68,subcategory,1
R69,R69,Unknown and unspecified causes of morbidity,R50-R69,category,1
R70,R70,Elevated erythrocyte sedimentation rate and abnormality of plasma viscosity,R70-R79,category,1
R700,R70.0,Elevated erythrocyte sedimentation rate,R70,subcategory,1
R701,R70.1,Abnormal plasma viscosity,R70,subcategory,1
R71,R71,Abnormality of red blood cells,R70-R79,category,1
R72,R72,"Abnormality of white blood cells, not elsewhere classified",R70-R79,category,1
R73,R73,Elevated blood glucose level,R70-R79,category,1
R730,R73.0,Abnormal glucose tolerance test,R73,subcategory,1
R739,R73.9,"Hyperglycaemia, unspecified",R73,subcategory,1
R74,R74,Abnormal serum enzyme levels,R70-R79,category,0
R740,R74.0,Elevation of levels of transaminase and lactic acid dehydrogenase [LDH],R74,subcategory,1
R748,R74.8,Abnormal levels of other serum enzymes,R74,subcategory,1
R749,R74.9,Abnormal level of unspecified serum enzyme,R74,subcategory,1
R76,R76,Other abnormal immunological findings in serum,R70-R79,category,0
R760,R76.0,Raised antibody titer,R76,subcategory,1
R761,R76.1,Abnormal reaction to tuberculin test,R76,subcategory,1
R762,R76.2,False-positive serological test for syphilis,R76,subcategory,1
R768,R76.8,Other specified abnormal immunological findings in serum,R76,subcategory,1
R769,R76.9,"Abnormal immunological finding in serum, unspecified",R76,subcategory,1
R77,R77,Other abnormalities of plasma proteins,R70-R79,category,0
R770,R77.0,Abnormality of albumin,R77,subcategory,1
R771,R77.1,Abnormality of globulin,R77,subcategory,1
R772,R77.2,Abnormality of alphafetoprotein,R77,subcategory,1
R778,R77.8,Other specified abnormalities of plasma proteins,R77,subcategory,1
R779,R77.9,"Abnormality of plasma protein, unspecified",R77,subcategory,1
R78,R78,"Findings of drugs and other substances, not normally found in blood",R70-R79,category,0
R780,R78.0,Finding of alcohol in blood,R78,subcategory,1
R788,R78.8,"Finding of other specified substances, not normally found in blood",R78,subcategory,1
R7889,R78.89,"Finding of other specified substances, not normally found in blood",R788,extension,1
R789,R78.9,"Finding of unspecified substance, not normally found in blood",R78,subcategory,1
R79,R79,Other abnormal findings of blood chemistry,R70-R79,category,1
R790,R79.0,Abnormal level of blood mineral,R79,subcategory,1
R798,R79.8,Other specified abnormal findings of blood chemistry,R79,subcategory,1
R7989,R79.89,Other specified abnormal findings of blood chemistry,R798,extension,1
R799,R79.9,"Abnormal finding of blood chemistry, unspecified",R79,subcategory,1
R80,R80,Isolated proteinuria,R80-R82,category,1
R802,R80.2,"Orthostatic proteinuria, unspecified",R80,subcategory,1
R803,R80.3,Bence Jones proteinuria,R80,subcategory,1
R809,R80.9,"Proteinuria, unspecified",R80,subcategory,1
R81,R81,Glycosuria,R80-R82,category,1
R82,R82,Other abnormal findings in urine,R80-R82,category,1
R820,R82.0,Chyluria,R82,subcategory,1
R821,R82.1,Myoglobinuria,R82,subcategory,1
R822,R82.2,Biliuria,R82,subcategory,1
R823,R82.3,Haemoglobinuria,R82,subcategory,1
R824,R82.4,Acetonuria,R82,subcategory,1
R825,R82.5,"Elevated urine levels of drugs, medicaments and biological substances",R82,subcategory,1
R826,R82.6,Abnormal urine levels of substances chiefly nonmedicinal as to source,R82,subcategory,1
R827,R82.7,Abnormal findings on microbiological examination of urine,R82,subcategory,1
R828,R82.8,Abnormal findings on cytological and histological examination of urine,R82,subcategory,1
R829,R82.9,Other and unspecified abnormal finding in urine,R82,subcategory,1
R83,R83,Abnormal findings in cerebrospinal fluid,R83-R89,category,1
R834,R83.4,Abnormal immunological findings,R83,subcategory,1
R835,R83.5,Abnormal microbiological findings,R83,subcategory,1
R836,R83.6,Abnormal cytological findings,R83,subcategory,1
R837,R83.7,Abnormal histological findings,R83,subcategory,1
R838,R83.8,Other abnormal findings,R83,subcategory,1
R839,R83.9,Unspecified abnormal finding,R83,subcategory,1
R84,R84,Abnormal findings in specimens from respiratory organs and thorax,R83-R89,category,1
R840,R84.0,Abnormal level of enzymes,R84,subcategory,1
R844,R84.4,Abnormal immunological findings,R84,subcategory,1
R845,R84.5,Abnormal microbiological findings,R84,subcategory,1
R846,R84.6,Abnormal cytological findings,R84,subcategory,1
R847,R84.7,Abnormal histological findings,R84,subcategory,1
R848,R84.8,Other abnormal findings,R84,subcategory,1
R849,R84.9,Unspecified abnormal finding,R84,subcategory,1
R85,R85,Abnormal findings in specimens from digestive organs and abdominal cavity,R83-R89,category,0
R850,R85.0,Abnormal level of enzymes,R85,subcategory,1
R852,R85.2,"Abnormal level of other drugs, medicaments and biological substances",R85,subcategory,1
R854,R85.4,Abnormal immunological findings,R85,subcategory,1
R855,R85.5,Abnormal microbiological findings,R85,subcategory,1
R856,R85.6,Abnormal cytological findings,R85,subcategory,1
R857,R85.7,Abnormal histological findings,R85,subcategory,1
R858,R85.8,Other abnormal findings,R85,subcategory,1
R859,R85.9,Unspecified abnormal finding,R85,subcategory,1
R86,R86,Abnormal findings in specimens from male genital organs,R83-R89,category,1
R860,R86.0,Abnormal level of enzymes,R86,subcategory,1
R865,R86.5,Abnormal microbiological findings,R86,subcategory,1
R866,R86.6,Abnormal cytological findings,R86,subcategory,1
R867,R86.7,Abnormal histological findings,R86,subcategory,1
R868,R86.8,Other abnormal findings,R86,subcategory,1
R869,R86.9,Unspecified abnormal finding,R86,subcategory,1
R87,R87,Abnormal findings in specimens from female genital organs,R83-R89,category,0
R870,R87.0,Abnormal level of enzymes,R87,subcategory,1
R871,R87.1,Abnormal level of hormones,R87,subcategory,1
R873,R87.3,Abnormal level of substances chiefly nonmedicinal as to source,R87,subcategory,1
R875,R87.5,Abnormal microbiological findings,R87,subcategory,1
R876,R87.6,Abnormal cytological findings,R87,subcategory,1
R877,R87.7,Abnormal histological findings,R87,subcategory,1
R878,R87.8,Other abnormal findings,R87,subcategory,1
R879,R87.9,Unspecified abnormal finding,R87,subcategory,1
R89,R89,"Abnormal findings in specimens from other organs, systems and tissues",R83-R89,category,0
R890,R89.0,Abnormal level of enzymes,R89,subcategory,1
R892,R89.2,"Abnormal level of other drugs, medicaments and biological substances",R89,subcategory,1
R894,R89.4,Abnormal immunological findings,R89,subcategory,1
R895,R89.5,Abnormal microbiological findings,R89,subcategory,1
R896,R89.6,Abnormal cytological findings,R89,subcategory,1
R897,R89.7,Abnormal histological findings,R89,subcategory,1
R898,R89.8,Other abnormal findings,R89,subcategory,1
R899,R89.9,Unspecified abnormal finding,R89,subcategory,1
R90,R90,Abnormal findings on diagnostic imaging of central nervous system,R90-R94,category,1
R900,R90.0,Intracranial space-occupying lesion,R90,subcategory,1
R908,R90.8,Other abnormal findings on diagnostic imaging of central nervous system,R90,subcategory,1
R91,R91,Abnormal findings on diagnostic imaging of lung,R90-R94,category,1
R92,R92,Abnormal findings on diagnostic imaging of breast,R90-R94,category,1
R93,R93,Abnormal findings on diagnostic imaging of other body structures,R90-R94,category,1
R930,R93.0,"Abnormal findings on diagnostic imaging of skull and head, not elsewhere classified",R93,subcategory,1
R931,R93.1,Abnormal findings on diagnostic imaging of heart and coronary circulation,R93,subcategory,1
R932,R93.2,Abnormal findings on diagnostic imaging of liver and biliary tract,R93,subcategory,1
R933,R93.3,Abnormal findings on diagnostic imaging of other parts of digestive tract,R93,subcategory,1
R934,R93.4,Abnormal findings on diagnostic imaging of urinary organs,R93,subcategory,1
R935,R93.5,"Abnormal findings on diagnostic imaging of other abdominal regions, including retroperitoneum",R93,subcategory,1
R936,R93.6,Abnormal findings on diagnostic imaging of limbs,R93,subcategory,1
R937,R93.7,Abnormal findings on diagnostic imaging of other parts of musculoskeletal system,R93,subcategory,1
R938,R93.8,Abnormal findings on diagnostic imaging of other specified body structures,R93,subcategory,1
R94,R94,Abnormal results of function studies,R90-R94,category,0
R940,R94.0,Abnormal results of function studies of central nervous system,R94,subcategory,1
R941,R94.1,Abnormal results of function studies of peripheral nervous system and special senses,R94,subcategory,1
R942,R94.2,Abnormal results of pulmonary function studies,R94,subcategory,1
R943,R94.3,Abnormal results of cardiovascular function studies,R94,subcategory,1
R944,R94.4,Abnormal results of kidney function studies,R94,subcategory,1
R945,R94.5,Abnormal results of liver function studies,R94,subcategory,1
R946,R94.6,Abnormal results of thyroid function studies,R94,subcategory,1
R947,R94.7,Abnormal results of other endocrine function studies,R94,subcategory,1
R948,R94.8,Abnormal results of function studies of other organs and systems,R94,subcategory,1
R95,R95,Sudden infant death syndrome,R95-R99,category,1
R950,R95.0,Sudden infant death syndrome with mention of autopsy,R95,subcategory,1
R959,R95.9,Sudden infant death syndrome without mention of autopsy,R95,subcategory,1
R96,R96,"Other sudden death, cause unknown",R95-R99,category,1
R960,R96.0,Instantaneous death,R96,subcategory,1
R961,R96.1,"Death occurring less than 24 hours from onset of symptoms, not otherwise explained",R96,subcategory,1
R98,R98,Unattended death,R95-R99,category,1
R99,R99,Other ill-defined and unspecified causes of mortality,R95-R99,category,1
S00,S00,Superficial injury of head,S00-S09,category,1
S000,S00.0,Superficial injury of scalp,S00,subcategory,1
S0000,S00.00,Unspecified superficial injury of scalp,S000,extension,1
S0001,S00.01,Abrasion of scalp,S000,extension,1
S001,S00.1,Contusion of eyelid and periocular area,S00,subcategory,1
S0010,S00.10,Contusion of unspecified eyelid and periocular area,S001,extension,1
S002,S00.2,Other superficial injuries of eyelid and periocular area,S00,subcategory,1
S003,S00.3,Superficial injury of nose,S00,subcategory,1
S0030,S00.30,Unspecified superficial injury of nose,S003,extension,1
S0031,S00.31,Abrasion of nose,S003,extension,1
S004,S00.4,Superficial injury of ear,S00,subcategory,1
S0040,S00.40,Unspecified superficial injury of ear,S004,extension,1
S0041,S00.41,Abrasion of ear,S004,extension,1
S005,S00.5,Superficial injury of lip and oral cavity,S00,subcategory,1
S0050,S00.50,Unspecified superficial injury of lip and oral cavity,S005,extension,1
S0051,S00.51,Abrasion of lip and oral cavity,S005,extension,1
S007,S00.7,Multiple superficial injuries of head,S00,subcategory,1
S008,S00.8,Superficial injury of other parts of head,S00,subcategory,1
S009,S00.9,"Superficial injury of head, part unspecified",S00,subcategory,1
S0090,S00.90,Unspecified superficial injury of unspecified part of head,S009,extension,1
S0091,S00.91,Abrasion of unspecified part of head,S009,extension,1
S0093,S00.93,Contusion of unspecified part of head,S009,extension,1
S01,S01,Open wound of head,S00-S09,category,1
S010,S01.0,Open wound of scalp,S01,subcategory,1
S0100,S01.00,Unspecified open wound of scalp,S010,extension,1
S011,S01.1,Open wound of eyelid and periocular area,S01,subcategory,1
S0110,S01.10,Unspecified open wound of eyelid and periocular area,S011,extension,1
S012,S01.2,Open wound of nose,S01,subcategory,1
S013,S01.3,Open wound of ear,S01,subcategory,1
S014,S01.4,Open wound of cheek and temporomandibular area,S01,subcategory,1
S015,S01.5,Open wound of lip and oral cavity,S01,subcategory,1
S017,S01.7,Multiple open wounds of head,S01,subcategory,1
S018,S01.8,Open wound of other parts of head,S01,subcategory,1
S019,S01.9,"Open wound of head, part unspecified",S01,subcategory,1
S0190,S01.90,Unspecified open wound of unspecified part of head,S019,extension,1
S02,S02,Fracture of skull and facial bones,S00-S09,category,1
S020,S02.0,Fracture of vault of skull,S02,subcategory,1
S0200,S02.00,Fracture of vault of skull (closed),S020,extension,1
S0201,S02.01,Fracture of vault of skull (open),S020,extension,1
S021,S02.1,Fracture of base of skull,S02,subcategory,1
S0210,S02.10,Fracture of base of skull (closed),S021,extension,1
S0211,S02.11,Fracture of base of skull (open),S021,extension,1
S0219,S02.19,Other fracture of base of skull,S021,extension,1
S022,S02.2,Fracture of nasal bones,S02,subcategory,1
S0220,S02.20,Fracture of nasal bones (closed),S022,extension,1
S0221,S02.21,Fracture of nasal bones (open),S022,extension,1
S023,S02.3,Fracture of orbital floor,S02,subcategory,1
S0230,S02.30,Fracture of orbital floor (closed),S023,extension,1
S0231,S02.31,Fracture of orbital floor (open),S023,extension,1
S0232,S02.32,"Fracture of orbital floor, left side",S023,extension,1
S024,S02.4,Fracture of malar and maxillary bones,S02,subcategory,1
S0240,S02.40,Fracture of malar and maxillary bones (closed),S024,extension,1
S0241,S02.41,Fracture of malar and maxillary bones (open),S024,extension,1
S0242,S02.42,Fracture of alveolus of maxilla,S024,extension,1
S025,S02.5,Fracture of tooth,S02,subcategory,1
S0250,S02.50,Fracture of tooth (closed),S025,extension,1
S0251,S02.51,Fracture of tooth (open),S025,extension,1
S026,S02.6,Fracture of mandible,S02,subcategory,1
S0260,S02.60,Fracture of mandible (closed),S026,extension,1
S0261,S02.61,Fracture of mandible (open),S026,extension,1
S0262,S02.62,Fracture of subcondylar process of mandible,S026,extension,1
S0263,S02.63,Fracture of coronoid process of mandible,S026,extension,1
S0264,S02.64,Fracture of ramus of mandible,S026,extension,1
S0265,S02.65,Fracture of angle of mandible,S026,extension,1
S0266,S02.66,Fracture of symphysis of mandible,S026,extension,1
S0267,S02.67,Fracture of alveolus of mandible,S026,extension,1
S0269,S02.69,Fracture of mandible of other specified site,S026,extension,1
S027,S02.7,Multiple fractures involving skull and facial bones,S02,subcategory,1
S0270,S02.70,Multiple fractures involving skull and facial bones (closed),S027,extension,1
S028,S02.8,Fractures of other skull and facial bones,S02,subcategory,1
S0280,S02.80,Fractures of other skull and facial bones (closed),S028,extension,1
S0281,S02.81,Fractures of other skull and facial bones (open),S028,extension,1
S0282,S02.82,"Fracture of other specified skull and facial bones, left side",S028,extension,1
S029,S02.9,"Fracture of skull and facial bones, part unspecified",S02,subcategory,1
S0290,S02.90,"Fracture of skull and facial bones, part unspecified (closed)",S029,extension,1
S0291,S02.91,"Fracture of skull and facial bones, part unspecified (open)",S029,extension,1
S0292,S02.92,Unspecified fracture of facial bones,S029,extension,1
S03,S03,"Dislocation, sprain and strain of joints and ligaments of head",S00-S09,category,0
S030,S03.0,Dislocation of jaw,S03,subcategory,1
S0300,S03.00,"Dislocation of jaw, unspecified side",S030,extension,1
S0301,S03.01,"Dislocation of jaw, right side",S030,extension,1
S0302,S03.02,"Dislocation of jaw, left side",S030,extension,1
S0303,S03.03,"Dislocation of jaw, bilateral",S030,extension,1
S031,S03.1,Dislocation of septal cartilage of nose,S03,subcategory,1
S032,S03.2,Dislocation of tooth,S03,subcategory,1
S034,S03.4,Sprain and strain of jaw,S03,subcategory,1
S039,S03.9,Sprain of joints and ligaments of unspecified parts of head,S03,subcategory,1
S04,S04,Injury of cranial nerves,S00-S09,category,1
S040,S04.0,Injury of optic nerve and pathways,S04,subcategory,1
S041,S04.1,Injury of oculomotor nerve,S04,subcategory,1
S042,S04.2,Injury of trochlear nerve,S04,subcategory,1
S043,S04.3,Injury of trigeminal nerve,S04,subcategory,1
S044,S04.4,Injury of abducent nerve,S04,subcategory,1
S045,S04.5,Injury of facial nerve,S04,subcategory,1
S047,S04.7,Injury of accessory nerve,S04,subcategory,1
S048,S04.8,Injury of other cranial nerves,S04,subcategory,1
S049,S04.9,Injury of unspecified cranial nerve,S04,subcategory,1
S05,S05,Injury of eye and orbit,S00-S09,category,1
S050,S05.0,Injury of conjunctiva and corneal abrasion without mention of foreign body,S05,subcategory,1
S0500,S05.00,"Injury of conjunctiva and corneal abrasion without foreign body, unspecified eye",S050,extension,1
S051,S05.1,Contusion of eyeball and orbital tissues,S05,subcategory,1
S0510,S05.10,"Contusion of eyeball and orbital tissues, unspecified eye",S051,extension,1
S052,S05.2,Ocular laceration and rupture with prolapse or loss of intraocular tissue,S05,subcategory,1
S053,S05.3,Ocular laceration without prolapse or loss of intraocular tissue,S05,subcategory,1
S0530,S05.30,"Ocular laceration without prolapse or loss of intraocular tissue, unspecified eye",S053,extension,1
S054,S05.4,Penetrating wound of orbit with or without foreign body,S05,subcategory,1
S055,S05.5,Penetrating wound of eyeball with foreign body,S05,subcategory,1
S0550,S05.50,Penetrating wound with foreign body of unspecified eyeball,S055,extension,1
S056,S05.6,Penetrating wound of eyeball without foreign body,S05,subcategory,1
S057,S05.7,Avulsion of eye,S05,subcategory,1
S058,S05.8,Other injuries of eye and orbit,S05,subcategory,1
S059,S05.9,"Injury of eye and orbit, part unspecified",S05,subcategory,1
S0590,S05.90,Unspecified injury of unspecified eye and orbit,S059,extension,1
S06,S06,Intracranial injury,S00-S09,category,1
S060,S06.0,Concussion,S06,subcategory,1
S0600,S06.00,Concussion (without open intracranial wound),S060,extension,1
S061,S06.1,Traumatic cerebral oedema,S06,subcategory,1
S0610,S06.10,Traumatic cerebral oedema (without open intracranial wound),S061,extension,1
S062,S06.2,Diffuse brain injury,S06,subcategory,1
S0620,S06.20,Diffuse brain injury (without open intracranial wound),S062,extension,1
S0621,S06.21,Diffuse brain injury (with open intracranial wound),S062,extension,1
S063,S06.3,Focal brain injury,S06,subcategory,1
S0630,S06.30,Focal brain injury (without open intracranial wound),S063,extension,1
S064,S06.4,Epidural haemorrhage,S06,subcategory,1
S0640,S06.40,Epidural haemorrhage (without open intracranial wound),S064,extension,1
S0641,S06.41,Epidural haemorrhage (with open intracranial wound),S064,extension,1
S065,S06.5,Traumatic subdural haemorrhage,S06,subcategory,1
S0650,S06.50,Traumatic subdural haemorrhage (without open intracranial wound),S065,extension,1
S0651,S06.51,Traumatic subdural haemorrhage (with open intracranial wound),S065,extension,1
S066,S06.6,Traumatic subarachnoid haemorrhage,S06,subcategory,1
S0660,S06.60,Traumatic subarachnoid haemorrhage (without open intracranial wound),S066,extension,1
S0661,S06.61,Traumatic subarachnoid haemorrhage (with open intracranial wound),S066,extension,1
S068,S06.8,Other intracranial injuries,S06,subcategory,1
S0680,S06.80,Other intracranial injuries (without open intracranial wound),S068,extension,1
S0681,S06.81,Other intracranial injuries (with open intracranial wound),S068,extension,1
S069,S06.9,"Intracranial injury, unspecified",S06,subcategory,1
S0690,S06.90,"Intracranial injury, unspecified (without open intracranial wound)",S069,extension,1
S07,S07,Crushing injury of head,S00-S09,category,0
S070,S07.0,Crushing injury of face,S07,subcategory,1
S078,S07.8,Crushing injury of other parts of head,S07,subcategory,1
S079,S07.9,"Crushing injury of head, part unspecified",S07,subcategory,1
S08,S08,Traumatic amputation of part of head,S00-S09,category,0
S080,S08.0,Avulsion of scalp,S08,subcategory,1
S081,S08.1,Traumatic amputation of ear,S08,subcategory,1
S09,S09,Other and unspecified injuries of head,S00-S09,category,1
S090,S09.0,"Injury of blood vessels of head, not elsewhere classified",S09,subcategory,1
S091,S09.1,Injury of muscle and tendon of head,S09,subcategory,1
S092,S09.2,Traumatic rupture of ear drum,S09,subcategory,1
S097,S09.7,Multiple injuries of head,S09,subcategory,1
S098,S09.8,Other specified injuries of head,S09,subcategory,1
S099,S09.9,Unspecified injury of head,S09,subcategory,1
S0990,S09.90,Unspecified injury of head,S099,extension,1
S10,S10,Superficial injury of neck,S10-S19,category,1
S100,S10.0,Contusion of throat,S10,subcategory,1
S101,S10.1,Other and unspecified superficial injuries of throat,S10,subcategory,1
S1010,S10.10,Unspecified superficial injuries of throat,S101,extension,1
S1011,S10.11,Abrasion of throat,S101,extension,1
S107,S10.7,Multiple superficial injuries of neck,S10,subcategory,1
S108,S10.8,Superficial injury of other parts of neck,S10,subcategory,1
S1080,S10.80,Unspecified superficial injury of other specified part of neck,S108,extension,1
S109,S10.9,"Superficial injury of neck, part unspecified",S10,subcategory,1
S1091,S10.91,Abrasion of unspecified part of neck,S109,extension,1
S1093,S10.93,Contusion of unspecified part of neck,S109,extension,1
S11,S11,Open wound of neck,S10-S19,category,1
S111,S11.1,Open wound involving thyroid gland,S11,subcategory,1
S112,S11.2,Open wound involving pharynx and cervical oesophagus,S11,subcategory,1
S117,S11.7,Multiple open wounds of neck,S11,subcategory,1
S118,S11.8,Open wound of other parts of neck,S11,subcategory,1
S1180,S11.80,Unspecified open wound of other specified part of neck,S118,extension,1
S119,S11.9,"Open wound of neck, part unspecified",S11,subcategory,1
S1190,S11.90,Unspecified open wound of unspecified part of neck,S119,extension,1
S12,S12,Fracture of neck,S10-S19,category,1
S120,S12.0,Fracture of first cervical vertebra,S12,subcategory,1
S1200,S12.00,Fracture of first cervical vertebra (closed),S120,extension,1
S121,S12.1,Fracture of second cervical vertebra,S12,subcategory,1
S1210,S12.10,Fracture of second cervical vertebra (closed),S121,extension,1
S122,S12.2,Fracture of other specified cervical vertebra,S12,subcategory,1
S1220,S12.20,Fracture of other specified cervical vertebra (closed),S122,extension,1
S127,S12.7,Multiple fractures of cervical spine,S12,subcategory,1
S1270,S12.70,Multiple fractures of cervical spine (closed),S127,extension,1
S128,S12.8,Fracture of other parts of neck,S12,subcategory,0
S1280,S12.80,Fracture of other parts of neck (closed),S128,extension,1
S1281,S12.81,Fracture of other parts of neck (open),S128,extension,1
S129,S12.9,"Fracture of neck, part unspecified",S12,subcategory,1
S1290,S12.90,"Fracture of neck, part unspecified (closed)",S129,extension,1
S13,S13,"Dislocation, sprain and strain of joints and ligaments at neck level",S10-S19,category,0
S130,S13.0,Traumatic rupture of cervical intervertebral disk,S13,subcategory,1
S131,S13.1,Dislocation of cervical vertebra,S13,subcategory,1
S132,S13.2,Dislocation of other and unspecified parts of neck,S13,subcategory,1
S1320,S13.20,Dislocation of unspecified parts of neck,S132,extension,1
S134,S13.4,Sprain and strain of cervical spine,S13,subcategory,1
S135,S13.5,Sprain and strain of thyroid region,S13,subcategory,1
S136,S13.6,Sprain and strain of joints and ligaments of other and unspecified parts of neck,S13,subcategory,1
S138,S13.8,Sprain of joints and ligaments of other parts of neck,S13,subcategory,1
S139,S13.9,Sprain of joints and ligaments of unspecified parts of neck,S13,subcategory,1
S14,S14,Injury of nerves and spinal cord at neck level,S10-S19,category,1
S140,S14.0,Concussion and oedema of cervical spinal cord,S14,subcategory,1
S141,S14.1,Other and unspecified injuries of cervical spinal cord,S14,subcategory,1
S142,S14.2,Injury of nerve root of cervical spine,S14,subcategory,1
S143,S14.3,Injury of brachial plexus,S14,subcategory,1
S145,S14.5,Injury of cervical sympathetic nerves,S14,subcategory,1
S146,S14.6,Injury of other and unspecified nerves of neck,S14,subcategory,1
S149,S14.9,Injury of unspecified nerves of neck,S14,subcategory,1
S15,S15,Injury of blood vessels at neck level,S10-S19,category,0
S150,S15.0,Injury of carotid artery,S15,subcategory,1
S151,S15.1,Injury of vertebral artery,S15,subcategory,1
S152,S15.2,Injury of external jugular vein,S15,subcategory,1
S153,S15.3,Injury of internal jugular vein,S15,subcategory,1
S157,S15.7,Injury of multiple blood vessels at neck level,S15,subcategory,1
S159,S15.9,Injury of unspecified blood vessel at neck level,S15,subcategory,1
S16,S16,Injury of muscle and tendon at neck level,S10-S19,category,1
S169,S16.9,"Unspecified injury of muscle, fascia and tendon at neck level",S16,subcategory,1
S17,S17,Crushing injury of neck,S10-S19,category,1
S179,S17.9,"Crushing injury of neck, part unspecified",S17,subcategory,1
S19,S19,Other and unspecified injuries of neck,S10-S19,category,1
S197,S19.7,Multiple injuries of neck,S19,subcategory,1
S198,S19.8,Other specified injuries of neck,S19,subcategory,1
S199,S19.9,Unspecified injury of neck,S19,subcategory,1
S20,S20,Superficial injury of thorax,S20-S29,category,1
S200,S20.0,Contusion of breast,S20,subcategory,1
S201,S20.1,Other and unspecified superficial injuries of breast,S20,subcategory,1
S2010,S20.10,Unspecified superficial injuries of breast,S201,extension,1
S202,S20.2,Contusion of thorax,S20,subcategory,1
S2020,S20.20,"Contusion of thorax, unspecified",S202,extension,1
S2021,S20.21,Contusion of front wall of thorax,S202,extension,1
S203,S20.3,Other superficial injuries of front wall of thorax,S20,subcategory,1
S204,S20.4,Other superficial injuries of back wall of thorax,S20,subcategory,1
S207,S20.7,Multiple superficial injuries of thorax,S20,subcategory,1
S208,S20.8,Superficial injuries of other and unspecified parts of thorax,S20,subcategory,1
S209,S20.9,Superficial injury of unspecified parts of thorax,S20,subcategory,0
S2090,S20.90,Unspecified superficial injury of unspecified parts of thorax,S209,extension,1
S21,S21,Open wound of thorax,S20-S29,category,1
S210,S21.0,Open wound of breast,S21,subcategory,1
S211,S21.1,Open wound of front wall of thorax,S21,subcategory,1
S2110,S21.10,Unspecified open wound of front wall of thorax without penetration into thoracic cavity,S211,extension,1
S212,S21.2,Open wound of back wall of thorax,S21,subcategory,1
S2120,S21.20,Unspecified open wound of back wall of thorax without penetration into thoracic cavity,S212,extension,1
S217,S21.7,Multiple open wounds of thoracic wall,S21,subcategory,1
S218,S21.8,Open wound of other parts of thorax,S21,subcategory,1
S219,S21.9,"Open wound of thorax, part unspecified",S21,subcategory,1
S2190,S21.90,Unspecified open wound of unspecified part of thorax,S219,extension,1
S22,S22,"Fracture of rib(s), sternum and thoracic spine",S20-S29,category,0
S220,S22.0,Fracture of thoracic vertebra,S22,subcategory,1
S2200,S22.00,Fracture of thoracic vertebra (closed),S220,extension,1
S221,S22.1,Multiple fractures of thoracic spine,S22,subcategory,1
S2210,S22.10,Multiple fractures of thoracic spine (closed),S221,extension,1
S222,S22.2,Fracture of sternum,S22,subcategory,1
S2220,S22.20,Fracture of sternum (closed),S222,extension,1
S223,S22.3,Fracture of rib,S22,subcategory,1
S2230,S22.30,Fracture of rib (closed),S223,extension,1
S2231,S22.31,Fracture of rib (open),S223,extension,1
S224,S22.4,Multiple fractures of ribs,S22,subcategory,1
S2240,S22.40,Multiple fractures of ribs (closed),S224,extension,1
S2241,S22.41,Multiple fractures of ribs (open),S224,extension,1
S2249,S22.49,"Multiple fractures of ribs, unspecified side",S224,extension,1
S225,S22.5,Flail chest,S22,subcategory,1
S2250,S22.50,Flail chest (closed),S225,extension,1
S228,S22.8,Fracture of other parts of bony thorax,S22,subcategory,0
S2280,S22.80,Fracture of other parts of bony thorax (closed),S228,extension,1
S229,S22.9,"Fracture of bony thorax, part unspecified",S22,subcategory,1
S2290,S22.90,"Fracture of bony thorax, part unspecified (closed)",S229,extension,1
S23,S23,"Dislocation, sprain and strain of joints and ligaments of thorax",S20-S29,category,0
S230,S23.0,Traumatic rupture of thoracic intervertebral disk,S23,subcategory,1
S231,S23.1,Dislocation of thoracic vertebra,S23,subcategory,1
S232,S23.2,Dislocation of other and unspecified parts of thorax,S23,subcategory,1
S2320,S23.20,Dislocation of unspecified part of thorax,S232,extension,1
S233,S23.3,Sprain and strain of thoracic spine,S23,subcategory,1
S234,S23.4,Sprain and strain of ribs and sternum,S23,subcategory,1
S235,S23.5,Sprain and strain of other and unspecified parts of thorax,S23,subcategory,1
S239,S23.9,Sprain of unspecified parts of thorax,S23,subcategory,1
S24,S24,Injury of nerves and spinal cord at thorax level,S20-S29,category,0
S241,S24.1,Other and unspecified injuries of thoracic spinal cord,S24,subcategory,1
S242,S24.2,Injury of nerve root of thoracic spine,S24,subcategory,1
S243,S24.3,Injury of peripheral nerves of thorax,S24,subcategory,1
S244,S24.4,Injury of thoracic sympathetic nerves,S24,subcategory,1
S249,S24.9,Injury of unspecified nerve of thorax,S24,subcategory,1
S25,S25,Injury of blood vessels of thorax,S20-S29,category,0
S250,S25.0,Injury of thoracic aorta,S25,subcategory,1
S251,S25.1,Injury of innominate or subclavian artery,S25,subcategory,1
S258,S25.8,Injury of other blood vessels of thorax,S25,subcategory,1
S26,S26,Injury of heart,S20-S29,category,0
S268,S26.8,Other injuries of heart,S26,subcategory,1
S2680,S26.80,Other injuries of heart (without open wound into thoracic cavity),S268,extension,1
S269,S26.9,"Injury of heart, unspecified",S26,subcategory,0
S2690,S26.90,"Injury of heart, unspecified (without open wound into thoracic cavity)",S269,extension,1
S2691,S26.91,"Injury of heart, unspecified (with open wound into thoracic cavity)",S269,extension,1
S27,S27,Injury of other and unspecified intrathoracic organs,S20-S29,category,1
S270,S27.0,Traumatic pneumothorax,S27,subcategory,1
S2700,S27.00,Traumatic pneumothorax (without open wound into thoracic cavity),S270,extension,1
S2701,S27.01,Traumatic pneumothorax (with open wound into thoracic cavity),S270,extension,1
S271,S27.1,Traumatic haemothorax,S27,subcategory,1
S2710,S27.10,Traumatic haemothorax (without open wound into thoracic cavity),S271,extension,1
S2711,S27.11,Traumatic haemothorax (with open wound into thoracic cavity),S271,extension,1
S272,S27.2,Traumatic heamopneumothorax,S27,subcategory,1
S2720,S27.20,Traumatic haemopneumothorax (without open wound into thoracic cavity),S272,extension,1
S2721,S27.21,Traumatic haemopneumothorax (with open wound into thoracic cavity),S272,extension,1
S273,S27.3,Other injuries of lung,S27,subcategory,1
S2730,S27.30,Other injuries of lung (without open wound into thoracic cavity),S273,extension,1
S274,S27.4,Injury of bronchus,S27,subcategory,0
S2740,S27.40,Injury of bronchus (without open wound into thoracic cavity),S274,extension,1
S276,S27.6,Injury of pleura,S27,subcategory,0
S2760,S27.60,Injury of pleura (without open wound into thoracic cavity),S276,extension,1
S277,S27.7,Multiple injuries of intrathoracic organs,S27,subcategory,0
S2770,S27.70,Multiple injuries of intrathoracic organs (without open wound into thoracic cavity),S277,extension,1
S278,S27.8,Injury of other specified intrathoracic organs,S27,subcategory,1
S2780,S27.80,Injury of other specified intrathoracic organs (without open wound into thoracic cavity),S278,extension,1
S2781,S27.81,Injury of other specified intrathoracic organs (with open wound into thoracic cavity),S278,extension,1
S279,S27.9,Injury of unspecified intrathoracic organ,S27,subcategory,1
S28,S28,Crushing injury of thorax and traumatic amputation of part of thorax,S20-S29,category,0
S280,S28.0,Crushed chest,S28,subcategory,1
S29,S29,Other and unspecified injuries of thorax,S20-S29,category,1
S290,S29.0,Injury of muscle and tendon at thorax level,S29,subcategory,1
S298,S29.8,Other specified injuries of thorax,S29,subcategory,1
S299,S29.9,Unspecified injury of thorax,S29,subcategory,1
S30,S30,"Superficial injury of abdomen, lower back and pelvis",S30-S39,category,0
S300,S30.0,Contusion of lower back and pelvis,S30,subcategory,1
S301,S30.1,Contusion of abdominal wall,S30,subcategory,1
S302,S30.2,Contusion of external genital organs,S30,subcategory,1
S3020,S30.20,Contusion of unspecified external genital organ,S302,extension,1
S307,S30.7,"Multiple superficial injuries of abdomen, lower back and pelvis",S30,subcategory,1
S308,S30.8,"Other superficial injuries of abdomen, lower back and pelvis",S30,subcategory,1
S309,S30.9,"Superficial injury of abdomen, lower back and pelvis, part unspecified",S30,subcategory,1
S3091,S30.91,Unspecified superficial injury of lower back and pelvis,S309,extension,1
S3092,S30.92,Unspecified superficial injury of abdominal wall,S309,extension,1
S3096,S30.96,"Unspecified superficial injury of unspecified external genital organs, male",S309,extension,1
S3097,S30.97,"Unspecified superficial injury of unspecified external genital organs, female",S309,extension,1
S3098,S30.98,Unspecified superficial injury of anus,S309,extension,1
S31,S31,"Open wound of abdomen, lower back and pelvis",S30-S39,category,0
S310,S31.0,Open wound of lower back and pelvis,S31,subcategory,1
S3100,S31.00,Unspecified open wound of lower back and pelvis,S310,extension,1
S311,S31.1,Open wound of abdominal wall,S31,subcategory,1
S3110,S31.10,Unspecified open wound of abdominal wall without penetration into peritoneal cavity,S311,extension,1
S312,S31.2,Open wound of penis,S31,subcategory,1
S3120,S31.20,Unspecified open wound of penis,S312,extension,1
S313,S31.3,Open wound of scrotum and testes,S31,subcategory,1
S314,S31.4,Open wound of vagina and vulva,S31,subcategory,1
S315,S31.5,Open wound of other and unspecified external genital organs,S31,subcategory,1
S3152,S31.52,Laceration with foreign body of unspecified external genital organs,S315,extension,1
S3154,S31.54,Puncture wound with foreign body of unspecified external genital organs,S315,extension,1
S317,S31.7,"Multiple open wounds of abdomen, lower back and pelvis",S31,subcategory,1
S318,S31.8,Open wound of other and unspecified parts of abdomen,S31,subcategory,1
S32,S32,Fracture of lumbar spine and pelvis,S30-S39,category,1
S320,S32.0,Fracture of lumbar vertebra,S32,subcategory,1
S3200,S32.00,Fracture of lumbar vertebra (closed),S320,extension,1
S321,S32.1,Fracture of sacrum,S32,subcategory,1
S3210,S32.10,Fracture of sacrum (closed),S321,extension,1
S322,S32.2,Fracture of coccyx,S32,subcategory,1
S3220,S32.20,Fracture of coccyx (closed),S322,extension,1
S323,S32.3,Fracture of ilium,S32,subcategory,1
S3230,S32.30,Fracture of ilium (closed),S323,extension,1
S324,S32.4,Fracture of acetabulum,S32,subcategory,1
S3240,S32.40,Fracture of acetabulum (closed),S324,extension,1
S3241,S32.41,Fracture of acetabulum (open),S324,extension,1
S325,S32.5,Fracture of pubis,S32,subcategory,1
S3250,S32.50,Fracture of pubis (closed),S325,extension,1
S3251,S32.51,Fracture of pubis (open),S325,extension,1
S327,S32.7,Multiple fractures of lumbar spine and pelvis,S32,subcategory,1
S3270,S32.70,Multiple fractures of lumbar spine and pelvis (closed),S327,extension,1
S328,S32.8,Fracture of other and unspecified parts of lumbar spine and pelvis,S32,subcategory,1
S3280,S32.80,Fracture of other and unspecified parts of lumbar spine and pelvis (closed),S328,extension,1
S329,S32.9,Fracture of unspecified parts of lumbosacral spine and pelvis,S32,subcategory,1
S33,S33,"Dislocation, sprain and strain of joints and ligaments of lumbar spine and pelvis",S30-S39,category,0
S330,S33.0,Traumatic rupture of lumbar intervertebral disk,S33,subcategory,1
S331,S33.1,Dislocation of lumbar vertebra,S33,subcategory,1
S332,S33.2,Dislocation of sacro-iliac and sacrococcygeal joint,S33,subcategory,1
S333,S33.3,Dislocation of other and unspecified parts of lumbar spine and pelvis,S33,subcategory,1
S3330,S33.30,Dislocation of unspecified parts of lumbar spine and pelvis,S333,extension,1
S335,S33.5,Sprain and strain of lumbar spine,S33,subcategory,1
S336,S33.6,Sprain and strain of sacro-iliac joint,S33,subcategory,1
S337,S33.7,Sprain and strain of other and unspecified parts of lumbar spine and pelvis,S33,subcategory,1
S339,S33.9,Sprain of unspecified parts of lumbar spine and pelvis,S33,subcategory,1
S34,S34,"Injury of nerves and lumbar spinal cord at abdomen, lower back and pelvis level",S30-S39,category,0
S340,S34.0,Concussion and oedema of lumbar spinal cord,S34,subcategory,1
S341,S34.1,Other injury of lumbar spinal cord,S34,subcategory,1
S342,S34.2,Injury of nerve root of lumbar and sacral spine,S34,subcategory,1
S343,S34.3,Injury of cauda equina,S34,subcategory,1
S344,S34.4,Injury of lumbosacral plexus,S34,subcategory,1
S345,S34.5,"Injury of lumbar, sacral and pelvic sympathetic nerves",S34,subcategory,1
S348,S34.8,"Injury of other and unspecified nerves at abdomen, lower back and pelvis level",S34,subcategory,1
S349,S34.9,"Injury of unspecified nerves at abdomen, lower back and pelvis level",S34,subcategory,1
S35,S35,"Injury of blood vessels at abdomen, lower back and pelvis level",S30-S39,category,0
S352,S35.2,Injury of coeliac or mesenteric artery,S35,subcategory,1
S354,S35.4,Injury of renal blood vessels,S35,subcategory,1
S355,S35.5,Injury of iliac blood vessels,S35,subcategory,1
S358,S35.8,"Injury of other blood vessels at abdomen, lower back and pelvis level",S35,subcategory,1
S359,S35.9,"Injury of unspecified blood vessel at abdomen, lower back and pelvis level",S35,subcategory,1
S36,S36,Injury of intra-abdominal organs,S30-S39,category,1
S360,S36.0,Injury of spleen,S36,subcategory,1
S3600,S36.00,Injury of spleen (without open wound into cavity),S360,extension,1
S3601,S36.01,Injury of spleen (with open wound into cavity),S360,extension,1
S361,S36.1,Injury of liver or gallbladder,S36,subcategory,1
S3610,S36.10,Injury of liver or gallbladder (without open wound into cavity),S361,extension,1
S3611,S36.11,Injury of liver or gallbladder (with open wound into cavity),S361,extension,1
S362,S36.2,Injury of pancreas,S36,subcategory,0
S3620,S36.20,Injury of pancreas (without open wound into cavity),S362,extension,1
S3621,S36.21,Injury of pancreas (with open wound into cavity),S362,extension,1
S363,S36.3,Injury of stomach,S36,subcategory,1
S3630,S36.30,Injury of stomach (without open wound into cavity),S363,extension,1
S364,S36.4,Injury of small intestine,S36,subcategory,1
S3640,S36.40,Injury of small intestine (without open wound into cavity),S364,extension,1
S3641,S36.41,Injury of small intestine (with open wound into cavity),S364,extension,1
S365,S36.5,Injury of colon,S36,subcategory,1
S3650,S36.50,Injury of colon (without open wound into cavity),S365,extension,1
S3651,S36.51,Injury of colon (with open wound into cavity),S365,extension,1
S366,S36.6,Injury of rectum,S36,subcategory,0
S3660,S36.60,Injury of rectum (without open wound into cavity),S366,extension,1
S367,S36.7,Injury of multiple intra-abdominal organs,S36,subcategory,0
S3670,S36.70,Injury of multiple intra-abdominal organs (without open wound into cavity),S367,extension,1
S368,S36.8,Injury of other intra-abdominal organs,S36,subcategory,1
S3680,S36.80,Injury of other intra-abdominal organs (without open wound into cavity),S368,extension,1
S3681,S36.81,Injury of other intra-abdominal organs (with open wound into cavity),S368,extension,1
S369,S36.9,Injury of unspecified intra-abdominal organ,S36,subcategory,1
S37,S37,Injury of urinary and pelvic organs,S30-S39,category,0
S370,S37.0,Injury of kidney,S37,subcategory,1
S3700,S37.00,Injury of kidney (without open wound into cavity),S370,extension,1
S371,S37.1,Injury of ureter,S37,subcategory,1
S3710,S37.10,Injury of ureter (without open wound into cavity),S371,extension,1
S372,S37.2,Injury of bladder,S37,subcategory,1
S3720,S37.20,Injury of bladder (without open wound into cavity),S372,extension,1
S373,S37.3,Injury of urethra,S37,subcategory,1
S3730,S37.30,Injury of urethra (without open wound into cavity),S373,extension,1
S3731,S37.31,Injury of urethra (with open wound into cavity),S373,extension,1
S376,S37.6,Injury of uterus,S37,subcategory,1
S3760,S37.60,Injury of uterus (without open wound into cavity),S376,extension,1
S3761,S37.61,Injury of uterus (with open wound into cavity),S376,extension,1
S378,S37.8,Injury of other pelvic organs,S37,subcategory,0
S3780,S37.80,Injury of other pelvic organs (without open wound into cavity),S378,extension,1
S3781,S37.81,Injury of other pelvic organs (with open wound into cavity),S378,extension,1
S379,S37.9,Injury of unspecified pelvic organ,S37,subcategory,1
S3790,S37.90,Injury of unspecified pelvic organ (without open wound into cavity),S379,extension,1
S38,S38,"Crushing injury and traumatic amputation of part of abdomen, lower back and pelvis",S30-S39,category,0
S380,S38.0,Crushing injury of external genital organs,S38,subcategory,1
S3800,S38.00,Crushing injury of unspecified external genital organs,S380,extension,1
S381,S38.1,"Crushing injury of other and unspecified parts of abdomen, lower back and pelvis",S38,subcategory,1
S382,S38.2,Traumatic amputation of external genital organs,S38,subcategory,0
S3822,S38.22,Traumatic amputation of penis,S382,extension,1
S39,S39,"Other and unspecified injuries of abdomen, lower back and pelvis",S30-S39,category,1
S390,S39.0,"Injury of muscle and tendon of abdomen, lower back and pelvis",S39,subcategory,1
S397,S39.7,"Other multiple injuries of abdomen, lower back and pelvis",S39,subcategory,1
S398,S39.8,"Other specified injuries of abdomen, lower back and pelvis",S39,subcategory,1
S399,S39.9,"Unspecified injury of abdomen, lower back and pelvis",S39,subcategory,1
S3991,S39.91,Unspecified injury of abdomen,S399,extension,1
S3992,S39.92,Unspecified injury of lower back,S399,extension,1
S3993,S39.93,Unspecified injury of pelvis,S399,extension,1
S3994,S39.94,Unspecified injury of external genitals,S399,extension,1
S40,S40,Superficial injury of shoulder and upper arm,S40-S49,category,1
S400,S40.0,Contusion of shoulder and upper arm,S40,subcategory,1
S4002,S40.02,Contusion of upper arm,S400,extension,1
S407,S40.7,Multiple superficial injuries of shoulder and upper arm,S40,subcategory,1
S408,S40.8,Other superficial injuries of shoulder and upper arm,S40,subcategory,1
S409,S40.9,"Superficial injury of shoulder and upper arm, unspecified",S40,subcategory,1
S41,S41,Open wound of shoulder and upper arm,S40-S49,category,0
S410,S41.0,Open wound of shoulder,S41,subcategory,1
S4100,S41.00,Unspecified open wound of shoulder,S410,extension,1
S411,S41.1,Open wound of upper arm,S41,subcategory,1
S4110,S41.10,Unspecified open wound of upper arm,S411,extension,1
S417,S41.7,Multiple open wounds of shoulder and upper arm,S41,subcategory,1
S418,S41.8,Open wound of other and unspecified parts of shoulder girdle,S41,subcategory,1
S42,S42,Fracture of shoulder and upper arm,S40-S49,category,1
S420,S42.0,Fracture of clavicle,S42,subcategory,1
S4200,S42.00,Fracture of clavicle (closed),S420,extension,1
S4201,S42.01,Fracture of clavicle (open),S420,extension,1
S421,S42.1,Fracture of scapula,S42,subcategory,1
S4210,S42.10,Fracture of scapula (closed),S421,extension,1
S422,S42.2,Fracture of upper end of humerus,S42,subcategory,1
S4220,S42.20,Fracture of upper end of humerus (closed),S422,extension,1
S4221,S42.21,Fracture of upper end of humerus (open),S422,extension,1
S423,S42.3,Fracture of shaft of humerus,S42,subcategory,1
S4230,S42.30,Fracture of shaft of humerus (closed),S423,extension,1
S4231,S42.31,Fracture of shaft of humerus (open),S423,extension,1
S424,S42.4,Fracture of lower end of humerus,S42,subcategory,1
S4240,S42.40,Fracture of lower end of humerus (closed),S424,extension,1
S4241,S42.41,Fracture of lower end of humerus (open),S424,extension,1
S427,S42.7,"Multiple fractures of clavicle, scapula and humerus",S42,subcategory,1
S4270,S42.70,"Multiple fractures of clavicle, scapula and humerus (closed)",S427,extension,1
S4271,S42.71,"Multiple fractures of clavicle, scapula and humerus (open)",S427,extension,1
S428,S42.8,Fracture of other parts of shoulder and upper arm,S42,subcategory,1
S4280,S42.80,Fracture of other parts of shoulder and upper arm (closed),S428,extension,1
S429,S42.9,"Fracture of shoulder girdle, part unspecified",S42,subcategory,1
S4290,S42.90,"Fracture of shoulder girdle, part unspecified (closed)",S429,extension,1
S43,S43,"Dislocation, sprain and strain of joints and ligaments of shoulder girdle",S40-S49,category,0
S430,S43.0,Dislocation of shoulder joint,S43,subcategory,1
S431,S43.1,Dislocation of acromioclavicular joint,S43,subcategory,1
S432,S43.2,Dislocation of sternoclavicular joint,S43,subcategory,1
S433,S43.3,Dislocation of other and unspecified parts of shoulder girdle,S43,subcategory,1
S4330,S43.30,Subluxation and dislocation of unspecified parts of shoulder girdle,S433,extension,1
S434,S43.4,Sprain and strain of shoulder joint,S43,subcategory,1
S4340,S43.40,Unspecified sprain of shoulder joint,S434,extension,1
S4342,S43.42,Sprain of rotator cuff capsule,S434,extension,1
S435,S43.5,Sprain and strain of acromioclavicular joint,S43,subcategory,1
S4350,S43.50,Sprain of unspecified acromioclavicular joint,S435,extension,1
S436,S43.6,Sprain and strain of sternoclavicular joint,S43,subcategory,1
S437,S43.7,Sprain and strain of other and unspecified parts of shoulder girdle,S43,subcategory,1
S439,S43.9,Sprain of unspecified parts of shoulder girdle,S43,subcategory,0
S4390,S43.90,Sprain of unspecified parts of unspecified shoulder girdle,S439,extension,1
S44,S44,Injury of nerves at shoulder and upper arm level,S40-S49,category,1
S440,S44.0,Injury of ulnar nerve at upper arm level,S44,subcategory,1
S4400,S44.00,"Injury of ulnar nerve at upper arm level, unspecified arm",S440,extension,1
S441,S44.1,Injury of median nerve at upper arm level,S44,subcategory,1
S442,S44.2,Injury of radial nerve at upper arm level,S44,subcategory,1
S443,S44.3,Injury of axillary nerve,S44,subcategory,1
S445,S44.5,Injury of cutaneous sensory nerve at shoulder and upper arm level,S44,subcategory,1
S447,S44.7,Injury of multiple nerves at shoulder and upper arm level,S44,subcategory,1
S448,S44.8,Injury of other nerves at shoulder and upper arm level,S44,subcategory,1
S449,S44.9,Injury of unspecified nerve at shoulder and upper arm level,S44,subcategory,1
S4490,S44.90,"Injury of unspecified nerve at shoulder and upper arm level, unspecified arm",S449,extension,1
S45,S45,Injury of blood vessels at shoulder and upper arm level,S40-S49,category,0
S450,S45.0,Injury of axillary artery,S45,subcategory,1
S451,S45.1,Injury of brachial artery,S45,subcategory,1
S458,S45.8,Injury of other blood vessels at shoulder and upper arm level,S45,subcategory,1
S459,S45.9,Injury of unspecified blood vessel at shoulder and upper arm level,S45,subcategory,1
S46,S46,Injury of muscle and tendon at shoulder and upper arm level,S40-S49,category,1
S460,S46.0,Injury of tendon of the rotator cuff of shoulder,S46,subcategory,1
S461,S46.1,Injury of muscle and tendon of long head of biceps,S46,subcategory,1
S462,S46.2,Injury of muscle and tendon of other parts of biceps,S46,subcategory,1
S463,S46.3,Injury of muscle and tendon of triceps,S46,subcategory,1
S467,S46.7,Injury of multiple muscles and tendons at shoulder and upper arm level,S46,subcategory,1
S468,S46.8,Injury of other muscles and tendons at shoulder and upper arm level,S46,subcategory,1
S469,S46.9,Injury of unspecified muscle and tendon at shoulder and upper arm level,S46,subcategory,1
S4691,S46.91,"Strain of unspecified muscle, fascia and tendon at shoulder and upper arm level",S469,extension,1
S47,S47,Crushing injury of shoulder and upper arm,S40-S49,category,1
S479,S47.9,"Crushing injury of shoulder and upper arm, unspecified arm",S47,subcategory,1
S48,S48,Traumatic amputation of shoulder and upper arm,S40-S49,category,0
S489,S48.9,"Traumatic amputation of shoulder and upper arm, level unspecified",S48,subcategory,1
S49,S49,Other and unspecified injuries of shoulder and upper arm,S40-S49,category,1
S497,S49.7,Multiple injuries of shoulder and upper arm,S49,subcategory,1
S498,S49.8,Other specified injuries of shoulder and upper arm,S49,subcategory,1
S4980,S49.80,"Other specified injuries of shoulder and upper arm, unspecified arm",S498,extension,1
S499,S49.9,Unspecified injury of shoulder and upper arm,S49,subcategory,1
S4990,S49.90,"Unspecified injury of shoulder and upper arm, unspecified arm",S499,extension,1
S50,S50,Superficial injury of forearm,S50-S59,category,1
S500,S50.0,Contusion of elbow,S50,subcategory,1
S5000,S50.00,Contusion of unspecified elbow,S500,extension,1
S501,S50.1,Contusion of other and unspecified parts of forearm,S50,subcategory,1
S5010,S50.10,Contusion of unspecified forearm,S501,extension,1
S503,S50.3,Other superficial injuries of elbow,S50,subcategory,0
S5031,S50.31,Abrasion of elbow,S503,extension,1
S5035,S50.35,Superficial foreign body of elbow,S503,extension,1
S5036,S50.36,Insect bite (nonvenomous) of elbow,S503,extension,1
S507,S50.7,Multiple superficial injuries of forearm,S50,subcategory,1
S508,S50.8,Other superficial injuries of forearm,S50,subcategory,1
S5081,S50.81,Abrasion of forearm,S508,extension,1
S5085,S50.85,Superficial foreign body of forearm,S508,extension,1
S5086,S50.86,Insect bite (nonvenomous) of forearm,S508,extension,1
S509,S50.9,"Superficial injury of forearm, unspecified",S50,subcategory,1
S51,S51,Open wound of forearm,S50-S59,category,1
S510,S51.0,Open wound of elbow,S51,subcategory,1
S5100,S51.00,Unspecified open wound of elbow,S510,extension,1
S517,S51.7,Multiple open wounds of forearm,S51,subcategory,1
S518,S51.8,Open wound of other parts of forearm,S51,subcategory,1
S5180,S51.80,Unspecified open wound of forearm,S518,extension,1
S519,S51.9,"Open wound of forearm, part unspecified",S51,subcategory,1
S52,S52,Fracture of forearm,S50-S59,category,1
S520,S52.0,Fracture of upper end of ulna,S52,subcategory,1
S5200,S52.00,Fracture of upper end of ulna (closed),S520,extension,1
S5201,S52.01,Fracture of upper end of ulna (open),S520,extension,1
S521,S52.1,Fracture of upper end of radius,S52,subcategory,1
S5210,S52.10,Fracture of upper end of radius (closed),S521,extension,1
S5211,S52.11,Fracture of upper end of radius (open),S521,extension,1
S522,S52.2,Fracture of shaft of ulna,S52,subcategory,1
S5220,S52.20,Fracture of shaft of ulna (closed),S522,extension,1
S5221,S52.21,Fracture of shaft of ulna (open),S522,extension,1
S523,S52.3,Fracture of shaft of radius,S52,subcategory,1
S5230,S52.30,Fracture of shaft of radius (closed),S523,extension,1
S5231,S52.31,Fracture of shaft of radius (open),S523,extension,1
S524,S52.4,Fracture of shafts of both ulna and radius,S52,subcategory,1
S5240,S52.40,Fracture of shafts of both ulna and radius (closed),S524,extension,1
S5241,S52.41,Fracture of shafts of both ulna and radius (open),S524,extension,1
S525,S52.5,Fracture of lower end of radius,S52,subcategory,1
S5250,S52.50,Fracture of lower end of radius (closed),S525,extension,1
S5251,S52.51,Fracture of lower end of radius (open),S525,extension,1
S526,S52.6,Fracture of lower end of both ulna and radius,S52,subcategory,1
S5260,S52.60,Fracture of lower end of both ulna and radius (closed),S526,extension,1
S5261,S52.61,Fracture of lower end of both ulna and radius (open),S526,extension,1
S527,S52.7,Multiple fractures of forearm,S52,subcategory,1
S5270,S52.70,Multiple fractures of forearm (closed),S527,extension,1
S5271,S52.71,Multiple fractures of forearm (open),S527,extension,1
S528,S52.8,Fracture of other parts of forearm,S52,subcategory,1
S5280,S52.80,Fracture of other parts of forearm (closed),S528,extension,1
S5281,S52.81,Fracture of other parts of forearm (open),S528,extension,1
S529,S52.9,"Fracture of forearm, part unspecified",S52,subcategory,1
S5290,S52.90,"Fracture of forearm, part unspecified (closed)",S529,extension,1
S53,S53,"Dislocation, sprain and strain of joints and ligaments of elbow",S50-S59,category,0
S530,S53.0,Dislocation of radial head,S53,subcategory,1
S531,S53.1,"Dislocation of elbow, unspecified",S53,subcategory,1
S532,S53.2,Traumatic rupture of radial collateral ligament,S53,subcategory,1
S533,S53.3,Traumatic rupture of ulnar collateral ligament,S53,subcategory,1
S534,S53.4,Sprain and strain of elbow,S53,subcategory,1
S5344,S53.44,Ulnar collateral ligament sprain,S534,extension,1
S5349,S53.49,Other sprain of elbow,S534,extension,1
S54,S54,Injury of nerves at forearm level,S50-S59,category,0
S540,S54.0,Injury of ulnar nerve at forearm level,S54,subcategory,1
S5400,S54.00,"Injury of ulnar nerve at forearm level, unspecified arm",S540,extension,1
S541,S54.1,Injury of median nerve at forearm level,S54,subcategory,1
S542,S54.2,Injury of radial nerve at forearm level,S54,subcategory,1
S543,S54.3,Injury of cutaneous sensory nerve at forearm level,S54,subcategory,1
S547,S54.7,Injury of multiple nerves at forearm level,S54,subcategory,1
S549,S54.9,Injury of unspecified nerve at forearm level,S54,subcategory,0
S5490,S54.90,"Injury of unspecified nerve at forearm level, unspecified arm",S549,extension,1
S55,S55,Injury of blood vessels at forearm level,S50-S59,category,0
S550,S55.0,Injury of ulnar artery at forearm level,S55,subcategory,1
S551,S55.1,Injury of radial artery at forearm level,S55,subcategory,1
S552,S55.2,Injury of vein at forearm level,S55,subcategory,1
S557,S55.7,Injury of multiple blood vessels at forearm level,S55,subcategory,1
S56,S56,Injury of muscle and tendon at forearm level,S50-S59,category,1
S560,S56.0,Injury of flexor muscle and tendon of thumb at forearm level,S56,subcategory,1
S561,S56.1,Injury of flexor muscle and tendon of other finger(s) at forearm level,S56,subcategory,1
S562,S56.2,Injury of other flexor muscle and tendon at forearm level,S56,subcategory,1
S5620,S56.20,"Unspecified injury of other flexor muscle, fascia and tendon at forearm level",S562,extension,1
S563,S56.3,Injury of extensor or abductor muscles and tendons of thumb at forearm level,S56,subcategory,1
S564,S56.4,Injury of extensor muscle and tendon of other finger(s) at forearm level,S56,subcategory,1
S565,S56.5,Injury of other extensor muscle and tendon at forearm level,S56,subcategory,1
S567,S56.7,Injury of multiple muscles and tendons at forearm level,S56,subcategory,1
S568,S56.8,Injury of other and unspecified muscles and tendons at forearm level,S56,subcategory,1
S569,S56.9,"Injury of unspecified muscles, fascia and tendons at forearm level",S56,subcategory,0
S5691,S56.91,"Strain of unspecified muscles, fascia and tendons at forearm level",S569,extension,1
S57,S57,Crushing injury of forearm,S50-S59,category,0
S570,S57.0,Crushing injury of elbow,S57,subcategory,1
S5700,S57.00,Crushing injury of unspecified elbow,S570,extension,1
S578,S57.8,"Crushing injury of forearm, part unspecified",S57,subcategory,1
S5780,S57.80,Crushing injury of unspecified forearm,S578,extension,1
S579,S57.9,"Crushing injury of forearm, part unspecified",S57,subcategory,1
S59,S59,Other and unspecified injuries of forearm,S50-S59,category,1
S597,S59.7,Multiple injuries of forearm,S59,subcategory,1
S598,S59.8,Other specified injuries of forearm,S59,subcategory,1
S5980,S59.80,Other specified injuries of elbow,S598,extension,1
S5981,S59.81,Other specified injuries of forearm,S598,extension,1
S599,S59.9,Unspecified injury of forearm,S59,subcategory,1
S5990,S59.90,Unspecified injury of elbow,S599,extension,1
S5991,S59.91,Unspecified injury of forearm,S599,extension,1
S60,S60,Superficial injury of wrist and hand,S60-S69,category,1
S600,S60.0,Contusion of finger(s) without damage to nail,S60,subcategory,1
S601,S60.1,Contusion of finger(s) with damage to nail,S60,subcategory,1
S602,S60.2,Contusion of other parts of wrist and hand,S60,subcategory,1
S6021,S60.21,Contusion of wrist,S602,extension,1
S6022,S60.22,Contusion of hand,S602,extension,1
S607,S60.7,Multiple superficial injuries of wrist and hand,S60,subcategory,1
S608,S60.8,Other superficial injuries of wrist and hand,S60,subcategory,1
S6081,S60.81,Abrasion of wrist,S608,extension,1
S6085,S60.85,Superficial foreign body of wrist,S608,extension,1
S6086,S60.86,Insect bite (nonvenomous) of wrist,S608,extension,1
S609,S60.9,"Superficial injury of wrist and hand, unspecified",S60,subcategory,1
S6092,S60.92,Unspecified superficial injury of hand,S609,extension,1
S61,S61,Open wound of wrist and hand,S60-S69,category,1
S610,S61.0,Open wound of finger(s) without damage to nail,S61,subcategory,1
S611,S61.1,Open wound of finger(s) with damage to nail,S61,subcategory,1
S6110,S61.10,Unspecified open wound of thumb with damage to nail,S611,extension,1
S612,S61.2,Open wound of other finger without damage to nail,S61,subcategory,0
S6120,S61.20,Unspecified open wound of other finger without damage to nail,S612,extension,1
S6122,S61.22,Laceration with foreign body of finger without damage to nail,S612,extension,1
S614,S61.4,Open wound of hand,S61,subcategory,0
S6140,S61.40,Unspecified open wound of hand,S614,extension,1
S6142,S61.42,Laceration with foreign body of hand,S614,extension,1
S615,S61.5,Open wound of wrist,S61,subcategory,0
S6150,S61.50,Unspecified open wound of wrist,S615,extension,1
S617,S61.7,Multiple open wounds of wrist and hand,S61,subcategory,1
S618,S61.8,Open wound of other parts of wrist and hand,S61,subcategory,1
S619,S61.9,"Open wound of wrist and hand, part unspecified",S61,subcategory,1
S62,S62,Fracture at wrist and hand level,S60-S69,category,1
S620,S62.0,Fracture of navicular [scaphoid] bone of hand,S62,subcategory,1
S6200,S62.00,Fracture of navicular [scaphoid] bone of hand (closed),S620,extension,1
S621,S62.1,Fracture of other carpal bone(s),S62,subcategory,1
S6210,S62.10,Fracture of other carpal bone(s) (closed),S621,extension,1
S6211,S62.11,Fracture of other carpal bone(s) (open),S621,extension,1
S622,S62.2,Fracture of first metacarpal bone,S62,subcategory,1
S6220,S62.20,Fracture of first metacarpal bone (closed),S622,extension,1
S6221,S62.21,Fracture of first metacarpal bone (open),S622,extension,1
S623,S62.3,Fracture of other metacarpal bone,S62,subcategory,1
S6230,S62.30,Fracture of other metacarpal bone (closed),S623,extension,1
S6231,S62.31,Fracture of other metacarpal bone (open),S623,extension,1
S624,S62.4,Multiple fractures of metacarpal bones,S62,subcategory,1
S6240,S62.40,Multiple fractures of metacarpal bones (closed),S624,extension,1
S6241,S62.41,Multiple fractures of metacarpal bones (open),S624,extension,1
S625,S62.5,Fracture of thumb,S62,subcategory,1
S6250,S62.50,Fracture of thumb (closed),S625,extension,1
S6251,S62.51,Fracture of thumb (open),S625,extension,1
S626,S62.6,Fracture of other finger,S62,subcategory,1
S6260,S62.60,Fracture of other finger (closed),S626,extension,1
S6261,S62.61,Fracture of other finger (open),S626,extension,1
S627,S62.7,Multiple fractures of fingers,S62,subcategory,1
S6270,S62.70,Multiple fractures of fingers (closed),S627,extension,1
S6271,S62.71,Multiple fractures of fingers (open),S627,extension,1
S628,S62.8,Fracture of other and unspecified parts of wrist and hand,S62,subcategory,1
S6280,S62.80,Fracture of other and unspecified parts of wrist and hand (closed),S628,extension,1
S6281,S62.81,Fracture of other and unspecified parts of wrist and hand (open),S628,extension,1
S629,S62.9,Unspecified fracture of hand,S62,subcategory,0
S6290,S62.90,Unspecified fracture of unspecified hand,S629,extension,1
S63,S63,"Dislocation, sprain and strain of joints and ligaments at wrist and hand level",S60-S69,category,0
S630,S63.0,Dislocation of wrist,S63,subcategory,1
S6300,S63.00,Unspecified subluxation and dislocation of wrist and hand,S630,extension,1
S631,S63.1,Dislocation finger,S63,subcategory,1
S632,S63.2,Multiple dislocations of fingers,S63,subcategory,1
S633,S63.3,Traumatic rupture of ligament of wrist and carpus,S63,subcategory,1
S634,S63.4,Traumatic rupture of ligament of finger at metacarpophalangeal and interphalangeal joint(s),S63,subcategory,1
S635,S63.5,Sprain and strain of wrist,S63,subcategory,1
S636,S63.6,Sprain and strain of finger(s),S63,subcategory,1
S637,S63.7,Sprain and strain of other and unspecified parts of hand,S63,subcategory,1
S639,S63.9,Sprain of unspecified part of wrist and hand,S63,subcategory,0
S6390,S63.90,Sprain of unspecified part of unspecified wrist and hand,S639,extension,1
S64,S64,Injury of nerves at wrist and hand level,S60-S69,category,0
S640,S64.0,Injury of ulnar nerve at wrist and hand level,S64,subcategory,1
S6400,S64.00,Injury of ulnar nerve at wrist and hand level of unspecified arm,S640,extension,1
S641,S64.1,Injury of median nerve at wrist and hand level,S64,subcategory,1
S642,S64.2,Injury of radial nerve at wrist and hand level,S64,subcategory,1
S643,S64.3,Injury of digital nerve of thumb,S64,subcategory,1
S6430,S64.30,Injury of digital nerve of unspecified thumb,S643,extension,1
S644,S64.4,Injury of digital nerve of other finger,S64,subcategory,1
S6440,S64.40,Injury of digital nerve of unspecified finger,S644,extension,1
S647,S64.7,Injury of multiple nerves at wrist and hand level,S64,subcategory,1
S648,S64.8,Injury of other nerves at wrist and hand level,S64,subcategory,1
S649,S64.9,Injury of unspecified nerve at wrist and hand level,S64,subcategory,1
S6490,S64.90,Injury of unspecified nerve at wrist and hand level of unspecified arm,S649,extension,1
S65,S65,Injury of blood vessels at wrist and hand level,S60-S69,category,0
S650,S65.0,Injury of ulnar artery at wrist and hand level,S65,subcategory,1
S651,S65.1,Injury of radial artery at wrist and hand level,S65,subcategory,1
S652,S65.2,Injury of superficial palmar arch,S65,subcategory,1
S653,S65.3,Injury of deep palmar arch,S65,subcategory,1
S654,S65.4,Injury of blood vessel(s) of thumb,S65,subcategory,1
S655,S65.5,Injury of blood vessel(s) of other finger,S65,subcategory,1
S657,S65.7,Injury of multiple blood vessels at wrist and hand level,S65,subcategory,1
S658,S65.8,Injury of other blood vessels at wrist and hand level,S65,subcategory,1
S659,S65.9,Injury of unspecified blood vessel at wrist and hand level,S65,subcategory,1
S66,S66,Injury of muscle and tendon at wrist and hand level,S60-S69,category,1
S660,S66.0,Injury of long flexor muscle and tendon of thumb at wrist and hand level,S66,subcategory,1
S661,S66.1,Injury of flexor muscle and tendon of other finger at wrist and hand level,S66,subcategory,1
S662,S66.2,Injury of extensor muscle and tendon of thumb at wrist and hand level,S66,subcategory,1
S663,S66.3,Injury of extensor muscle and tendon of other finger at wrist and hand level,S66,subcategory,1
S664,S66.4,Injury of intrinsic muscle and tendon of thumb at wrist and hand level,S66,subcategory,1
S665,S66.5,Injury of intrinsic muscle and tendon of other finger at wrist and hand level,S66,subcategory,1
S6652,S66.52,"Laceration of intrinsic muscle, fascia and tendon of other and unspecified finger at wrist and hand level",S665,extension,1
S666,S66.6,Injury of multiple flexor muscles and tendons at wrist and hand level,S66,subcategory,1
S667,S66.7,Injury of multiple extensor muscles and tendons at wrist and hand level,S66,subcategory,1
S668,S66.8,Injury of other muscles and tendons at wrist and hand level,S66,subcategory,1
S669,S66.9,Injury of unspecified muscle and tendon at wrist and hand level,S66,subcategory,1
S6691,S66.91,"Strain of unspecified muscle, fascia and tendon at wrist and hand level",S669,extension,1
S6692,S66.92,"Laceration of unspecified muscle, fascia and tendon at wrist and hand level",S669,extension,1
S67,S67,Crushing injury of wrist and hand,S60-S69,category,1
S670,S67.0,Crushing injury of thumb and other finger(s),S67,subcategory,1
S678,S67.8,Crushing injury of other and unspecified parts of wrist and hand,S67,subcategory,1
S679,S67.9,"Crushing injury of unspecified part(s) of wrist, hand and fingers",S67,subcategory,0
S6790,S67.90,"Crushing injury of unspecified part(s) of unspecified wrist, hand and fingers",S679,extension,1
S68,S68,Traumatic amputation of wrist and hand,S60-S69,category,0
S680,S68.0,Traumatic amputation of thumb (complete)(partial),S68,subcategory,1
S681,S68.1,Traumatic amputation of other single finger (complete)(partial),S68,subcategory,1
S6811,S68.11,Complete traumatic metacarpophalangeal amputation of other and unspecified finger,S681,extension,1
S6812,S68.12,Partial traumatic metacarpophalangeal amputation of other and unspecified finger,S681,extension,1
S682,S68.2,Traumatic amputation of two or more fingers alone (complete)(partial),S68,subcategory,1
S683,S68.3,Combined traumatic amputation of (part of) finger(s) with other parts of wrist and hand,S68,subcategory,1
S686,S68.6,Traumatic transphalangeal amputation of other and unspecified finger,S68,subcategory,0
S6861,S68.61,Complete traumatic transphalangeal amputation of other and unspecified finger(s),S686,extension,1
S6862,S68.62,Partial traumatic transphalangeal amputation of other and unspecified finger,S686,extension,1
S689,S68.9,"Traumatic amputation of wrist and hand, level unspecified",S68,subcategory,1
S69,S69,Other and unspecified injuries of wrist and hand,S60-S69,category,1
S697,S69.7,Multiple injuries of wrist and hand,S69,subcategory,1
S698,S69.8,Other specified injuries of wrist and hand,S69,subcategory,1
S6980,S69.80,"Other specified injuries of unspecified wrist, hand and finger(s)",S698,extension,1
S699,S69.9,Unspecified injury of wrist and hand,S69,subcategory,1
S6990,S69.90,"Unspecified injury of unspecified wrist, hand and finger(s)",S699,extension,1
S70,S70,Superficial injury of hip and thigh,S70-S79,category,1
S700,S70.0,Contusion of hip,S70,subcategory,1
S7000,S70.00,Contusion of unspecified hip,S700,extension,1
S701,S70.1,Contusion of thigh,S70,subcategory,1
S7010,S70.10,Contusion of unspecified thigh,S701,extension,1
S702,S70.2,Other superficial injuries of hip,S70,subcategory,0
S7025,S70.25,Superficial foreign body of hip,S702,extension,1
S703,S70.3,Other superficial injuries of thigh,S70,subcategory,0
S7035,S70.35,Superficial foreign body of thigh,S703,extension,1
S707,S70.7,Multiple superficial injuries of hip and thigh,S70,subcategory,1
S708,S70.8,Other superficial injuries of hip and thigh,S70,subcategory,1
S709,S70.9,"Superficial injury of hip and thigh, unspecified",S70,subcategory,1
S7091,S70.91,Unspecified superficial injury of hip,S709,extension,1
S7092,S70.92,Unspecified superficial injury of thigh,S709,extension,1
S71,S71,Open wound of hip and thigh,S70-S79,category,1
S710,S71.0,Open wound of hip,S71,subcategory,1
S7100,S71.00,Unspecified open wound of hip,S710,extension,1
S711,S71.1,Open wound of thigh,S71,subcategory,1
S7110,S71.10,Unspecified open wound of thigh,S711,extension,1
S717,S71.7,Multiple open wounds of of hip and thigh,S71,subcategory,1
S718,S71.8,Open wound of other and unspecified parts of pelvic girdle,S71,subcategory,1
S72,S72,Fracture of femur,S70-S79,category,1
S720,S72.0,Fracture of neck of femur,S72,subcategory,1
S7200,S72.00,Fracture of neck of femur (closed),S720,extension,1
S7201,S72.01,Fracture of neck of femur (open),S720,extension,1
S721,S72.1,Pertrochanteric fracture,S72,subcategory,1
S7210,S72.10,Pertrochanteric fracture (closed),S721,extension,1
S7211,S72.11,Pertrochanteric fracture (open),S721,extension,1
S722,S72.2,Subtrochanteric fracture,S72,subcategory,1
S7220,S72.20,Subtrochanteric fracture (closed),S722,extension,1
S723,S72.3,Fracture of shaft of femur,S72,subcategory,1
S7230,S72.30,Fracture of shaft of femur (closed),S723,extension,1
S7231,S72.31,Fracture of shaft of femur (open),S723,extension,1
S724,S72.4,Fracture of lower end of femur,S72,subcategory,1
S7240,S72.40,Fracture of lower end of femur (closed),S724,extension,1
S7241,S72.41,Fracture of lower end of femur (open),S724,extension,1
S727,S72.7,Multiple fractures of femur,S72,subcategory,1
S7270,S72.70,Multiple fractures of femur (closed),S727,extension,1
S728,S72.8,Fractures of other parts of femur,S72,subcategory,1
S7280,S72.80,Fractures of other parts of femur (closed),S728,extension,1
S729,S72.9,"Fracture of femur, part unspecified",S72,subcategory,1
S7290,S72.90,"Fracture of femur, part unspecified (closed)",S729,extension,1
S7291,S72.91,"Fracture of femur, part unspecified (open)",S729,extension,1
S7292,S72.92,Unspecified fracture of left femur,S729,extension,1
S73,S73,"Dislocation, sprain and strain of joint and ligaments of hip",S70-S79,category,0
S730,S73.0,Dislocation of hip,S73,subcategory,1
S7300,S73.00,Unspecified subluxation and dislocation of hip,S730,extension,1
S731,S73.1,Sprain and strain of hip,S73,subcategory,1
S7310,S73.10,Unspecified sprain of hip,S731,extension,1
S7319,S73.19,Other sprain of hip,S731,extension,1
S74,S74,Injury of nerves at hip and thigh level,S70-S79,category,0
S740,S74.0,Injury of sciatic nerve at hip and thigh level,S74,subcategory,1
S741,S74.1,Injury of femoral nerve at hip and thigh level,S74,subcategory,1
S742,S74.2,Injury of cutaneous sensory nerve at hip and thigh level,S74,subcategory,1
S749,S74.9,Injury of unspecified nerve at hip and thigh level,S74,subcategory,1
S7490,S74.90,"Injury of unspecified nerve at hip and thigh level, unspecified leg",S749,extension,1
S75,S75,Injury of blood vessels at hip and thigh level,S70-S79,category,0
S750,S75.0,Injury of femoral artery,S75,subcategory,1
S751,S75.1,Injury of femoral vein at hip and thigh level,S75,subcategory,1
S752,S75.2,Injury of greater saphenous vein at hip and thigh level,S75,subcategory,1
S76,S76,Injury of muscle and tendon at hip and thigh level,S70-S79,category,1
S760,S76.0,Injury of muscle and tendon of hip,S76,subcategory,1
S761,S76.1,Injury of quadriceps muscle and tendon,S76,subcategory,1
S7610,S76.10,"Unspecified injury of quadriceps muscle, fascia and tendon",S761,extension,1
S762,S76.2,Injury of adductor muscle and tendon of thigh,S76,subcategory,1
S763,S76.3,Injury of muscle and tendon of the posterior muscle group at thigh level,S76,subcategory,1
S764,S76.4,Injury of other and unspecified muscles and tendons at thigh level,S76,subcategory,1
S767,S76.7,Injury of multiple muscles and tendons at hip and thigh level,S76,subcategory,1
S769,S76.9,"Injury of unspecified muscles, fascia and tendons at thigh level",S76,subcategory,0
S7691,S76.91,"Strain of unspecified muscles, fascia and tendons at thigh level",S769,extension,1
S77,S77,Crushing injury of hip and thigh,S70-S79,category,0
S770,S77.0,Crushing injury of hip,S77,subcategory,1
S7700,S77.00,Crushing injury of unspecified hip,S770,extension,1
S771,S77.1,Crushing injury of thigh,S77,subcategory,1
S7710,S77.10,Crushing injury of unspecified thigh,S771,extension,1
S78,S78,Traumatic amputation of hip and thigh,S70-S79,category,0
S781,S78.1,Traumatic amputation at level between hip and knee,S78,subcategory,1
S79,S79,Other and unspecified injuries of hip and thigh,S70-S79,category,1
S790,S79.0,Physeal fracture of upper end of femur,S79,subcategory,0
S7900,S79.00,Unspecified physeal fracture of upper end of femur,S790,extension,1
S798,S79.8,Other specified injuries of hip and thigh,S79,subcategory,1
S7981,S79.81,Other specified injuries of hip,S798,extension,1
S7982,S79.82,Other specified injuries of thigh,S798,extension,1
S799,S79.9,Unspecified injury of hip and thigh,S79,subcategory,1
S7991,S79.91,Unspecified injury of hip,S799,extension,1
S7992,S79.92,Unspecified injury of thigh,S799,extension,1
S80,S80,Superficial injury of lower leg,S80-S89,category,1
S800,S80.0,Contusion of knee,S80,subcategory,1
S8000,S80.00,Contusion of unspecified knee,S800,extension,1
S801,S80.1,Contusion of other and unspecified parts of lower leg,S80,subcategory,1
S8010,S80.10,Contusion of unspecified lower leg,S801,extension,1
S807,S80.7,Multiple superficial injuries of lower leg,S80,subcategory,1
S808,S80.8,Other superficial injuries of lower leg,S80,subcategory,1
S8085,S80.85,Superficial foreign body of lower leg,S808,extension,1
S809,S80.9,"Superficial injury of lower leg, unspecified",S80,subcategory,1
S8092,S80.92,Unspecified superficial injury of lower leg,S809,extension,1
S81,S81,Open wound of lower leg,S80-S89,category,1
S810,S81.0,Open wound of knee,S81,subcategory,1
S8100,S81.00,Unspecified open wound of knee,S810,extension,1
S8102,S81.02,Laceration with foreign body of knee,S810,extension,1
S817,S81.7,Multiple open wounds of lower leg,S81,subcategory,1
S818,S81.8,Open wound of other parts of lower leg,S81,subcategory,1
S8180,S81.80,Unspecified open wound of lower leg,S818,extension,1
S8182,S81.82,Laceration with foreign body of lower leg,S818,extension,1
S819,S81.9,"Open wound of lower leg, part unspecified",S81,subcategory,1
S82,S82,"Fracture of lower leg, including ankle",S80-S89,category,1
S820,S82.0,Fracture of patella,S82,subcategory,1
S8200,S82.00,Fracture of patella (closed),S820,extension,1
S8201,S82.01,Fracture of patella (open),S820,extension,1
S821,S82.1,Fracture of upper end of tibia,S82,subcategory,1
S8210,S82.10,Fracture of upper end of tibia (closed),S821,extension,1
S8211,S82.11,Fracture of upper end of tibia (open),S821,extension,1
S822,S82.2,Fracture of shaft of tibia,S82,subcategory,1
S8220,S82.20,Fracture of shaft of tibia (closed),S822,extension,1
S8221,S82.21,Fracture of shaft of tibia (open),S822,extension,1
S823,S82.3,Fracture of lower end of tibia,S82,subcategory,1
S8230,S82.30,Fracture of lower end of tibia (closed),S823,extension,1
S8231,S82.31,Fracture of lower end of tibia (open),S823,extension,1
S824,S82.4,Fracture of fibula alone,S82,subcategory,1
S8240,S82.40,Fracture of fibula alone (closed),S824,extension,1
S8241,S82.41,Fracture of fibula alone (open),S824,extension,1
S825,S82.5,Fracture of medial malleolus,S82,subcategory,1
S8250,S82.50,Fracture of medial malleolus (closed),S825,extension,1
S8251,S82.51,Fracture of medial malleolus (open),S825,extension,1
S8253,S82.53,Displaced fracture of medial malleolus of unspecified tibia,S825,extension,1
S8256,S82.56,Nondisplaced fracture of medial malleolus of unspecified tibia,S825,extension,1
S826,S82.6,Fracture of lateral malleolus,S82,subcategory,1
S8260,S82.60,Fracture of lateral malleolus (closed),S826,extension,1
S8261,S82.61,Fracture of lateral malleolus (open),S826,extension,1
S8263,S82.63,Displaced fracture of lateral malleolus of unspecified fibula,S826,extension,1
S8266,S82.66,Nondisplaced fracture of lateral malleolus of unspecified fibula,S826,extension,1
S827,S82.7,Multiple fractures of lower leg,S82,subcategory,1
S8270,S82.70,Multiple fractures of lower leg (closed),S827,extension,1
S8271,S82.71,Multiple fractures of lower leg (open),S827,extension,1
S828,S82.8,Fractures of other parts of lower leg,S82,subcategory,1
S8280,S82.80,Fractures of other parts of lower leg (closed),S828,extension,1
S8281,S82.81,Fractures of other parts of lower leg (open),S828,extension,1
S8284,S82.84,Bimalleolar fracture of lower leg,S828,extension,1
S8285,S82.85,Trimalleolar fracture of lower leg,S828,extension,1
S8289,S82.89,Other fractures of lower leg,S828,extension,1
S829,S82.9,"Fracture of lower leg, part unspecified",S82,subcategory,1
S8290,S82.90,"Fracture of lower leg, part unspecified (closed)",S829,extension,1
S8291,S82.91,"Fracture of lower leg, part unspecified (open)",S829,extension,1
S8292,S82.92,Unspecified fracture of left lower leg,S829,extension,1
S83,S83,"Dislocation, sprain and strain of joints and ligaments of knee",S80-S89,category,1
S830,S83.0,Dislocation of patella,S83,subcategory,1
S8300,S83.00,Unspecified subluxation and dislocation of patella,S830,extension,1
S831,S83.1,Dislocation of knee,S83,subcategory,1
S8310,S83.10,Unspecified subluxation and dislocation of knee,S831,extension,1
S832,S83.2,"Tear of meniscus, current",S83,subcategory,1
S8320,S83.20,"Tear of unspecified meniscus, current injury",S832,extension,1
S8321,S83.21,"Bucket-handle tear of medial meniscus, current injury",S832,extension,1
S8324,S83.24,"Other tear of medial meniscus, current injury",S832,extension,1
S8328,S83.28,"Other tear of lateral meniscus, current injury",S832,extension,1
S833,S83.3,"Tear of articular cartilage of knee, current",S83,subcategory,1
S8330,S83.30,"Tear of articular cartilage of unspecified knee, current",S833,extension,1
S834,S83.4,Sprain and strain involving (fibular)(tibial) collateral ligamnent of knee,S83,subcategory,1
S8341,S83.41,Sprain of medial collateral ligament of knee,S834,extension,1
S835,S83.5,Sprain and strain involving (anterior)(posterior) cruciate ligament of knee,S83,subcategory,1
S8350,S83.50,Sprain of unspecified cruciate ligament of knee,S835,extension,1
S836,S83.6,Sprain and strain of other and unspecified parts of knee,S83,subcategory,1
S837,S83.7,Injury to multiple structures of knee,S83,subcategory,1
S838,S83.8,Sprain of other specified parts of knee,S83,subcategory,1
S839,S83.9,Sprain of unspecified site of knee,S83,subcategory,0
S8390,S83.90,Sprain of unspecified site of unspecified knee,S839,extension,1
S84,S84,Injury of nerves at lower leg level,S80-S89,category,0
S840,S84.0,Injury of tibial nerve at lower leg level,S84,subcategory,1
S841,S84.1,Injury of peroneal nerve at lower leg level,S84,subcategory,1
S847,S84.7,Injury of multiple nerves at lower leg level,S84,subcategory,1
S849,S84.9,Injury of unspecified nerve at lower leg level,S84,subcategory,0
S8490,S84.90,"Injury of unspecified nerve at lower leg level, unspecified leg",S849,extension,1
S85,S85,Injury of blood vessels at lower leg level,S80-S89,category,0
S850,S85.0,Injury of popliteal artery,S85,subcategory,1
S851,S85.1,Injury of (anterior)(posterior) tibial artery,S85,subcategory,1
S854,S85.4,Injury of lesser saphenous vein at lower leg level,S85,subcategory,1
S858,S85.8,Injury of other blood vessels at lower leg level,S85,subcategory,1
S859,S85.9,Injury of unspecified blood vessel at lower leg level,S85,subcategory,1
S86,S86,Injury of muscle and tendon at lower leg level,S80-S89,category,1
S860,S86.0,Injury of Achilles tendon,S86,subcategory,1
S861,S86.1,Injury of other muscle(s) and tendon(s) of posterior muscle group at lower leg level,S86,subcategory,1
S862,S86.2,Injury of muscle(s) and tendon(s) of anterior muscle group at lower leg level,S86,subcategory,1
S863,S86.3,Injury of muscle(s) and tendon(s) of peroneal muscle group at lower leg level,S86,subcategory,1
S867,S86.7,Injury of multiple muscles and tendons at lower leg level,S86,subcategory,1
S868,S86.8,Injury of other muscles and tendons at lower leg level,S86,subcategory,1
S8681,S86.81,Strain of other muscles and tendons at lower leg level,S868,extension,1
S869,S86.9,Injury of unspecified muscle and tendon at lower leg level,S86,subcategory,1
S8691,S86.91,Strain of unspecified muscle and tendon at lower leg level,S869,extension,1
S8692,S86.92,Laceration of unspecified muscle and tendon at lower leg level,S869,extension,1
S87,S87,Crushing injury of lower leg,S80-S89,category,0
S870,S87.0,Crushing injury of knee,S87,subcategory,1
S8700,S87.00,Crushing injury of unspecified knee,S870,extension,1
S878,S87.8,Crushing injury of other and unspecified parts of lower leg,S87,subcategory,1
S8780,S87.80,Crushing injury of unspecified lower leg,S878,extension,1
S88,S88,Traumatic amputation of lower leg,S80-S89,category,0
S880,S88.0,Traumatic amputation at knee level,S88,subcategory,1
S89,S89,Other and unspecified injuries of lower leg,S80-S89,category,1
S897,S89.7,Multiple injuries of lower leg,S89,subcategory,1
S898,S89.8,Other specified injuries of lower leg,S89,subcategory,1
S8980,S89.80,Other specified injuries of unspecified lower leg,S898,extension,1
S899,S89.9,Unspecified injury of lower leg,S89,subcategory,1
S8990,S89.90,Unspecified injury of unspecified lower leg,S899,extension,1
S90,S90,Superficial injury of ankle and foot,S90-S99,category,1
S900,S90.0,Contusion of ankle,S90,subcategory,1
S9000,S90.00,Contusion of unspecified ankle,S900,extension,1
S901,S90.1,Contusion of toe(s) without damage to nail,S90,subcategory,1
S902,S90.2,Contusion of toe(s) with damage to nail,S90,subcategory,1
S903,S90.3,Contusion of other and unspecified parts of foot,S90,subcategory,1
S9030,S90.30,Contusion of unspecified foot,S903,extension,1
S905,S90.5,Other superficial injuries of ankle,S90,subcategory,0
S9055,S90.55,Superficial foreign body of ankle,S905,extension,1
S907,S90.7,Multiple superficial injuries of ankle and foot,S90,subcategory,1
S908,S90.8,Other superficial injuries of ankle and foot,S90,subcategory,1
S909,S90.9,"Superficial injury of ankle and foot, unspecified",S90,subcategory,1
S9091,S90.91,Unspecified superficial injury of ankle,S909,extension,1
S91,S91,Open wound of ankle and foot,S90-S99,category,1
S910,S91.0,Open wound of ankle,S91,subcategory,1
S9100,S91.00,Unspecified open wound of ankle,S910,extension,1
S9102,S91.02,Laceration with foreign body of ankle,S910,extension,1
S911,S91.1,Open wound of toe(s) without damage to nail,S91,subcategory,1
S912,S91.2,Open wound of toe(s) with damage to nail,S91,subcategory,1
S913,S91.3,Open wound of other parts of foot,S91,subcategory,1
S9132,S91.32,Laceration with foreign body of foot,S913,extension,1
S917,S91.7,Multiple open wounds of ankle and foot,S91,subcategory,1
S92,S92,"Fracture of foot, except ankle",S90-S99,category,1
S920,S92.0,Fracture of calcaneus,S92,subcategory,1
S9200,S92.00,Fracture of calcaneus (closed),S920,extension,1
S9201,S92.01,Fracture of calcaneus (open),S920,extension,1
S921,S92.1,Fracture of talus,S92,subcategory,1
S9210,S92.10,Fracture of talus (closed),S921,extension,1
S922,S92.2,Fracture of other tarsal bone(s),S92,subcategory,1
S9220,S92.20,Fracture of other tarsal bone(s) (closed),S922,extension,1
S9221,S92.21,Fracture of other tarsal bone(s) (open),S922,extension,1
S923,S92.3,Fracture of metatarsal bone,S92,subcategory,1
S9230,S92.30,Fracture of metatarsal bone (closed),S923,extension,1
S9231,S92.31,Fracture of metatarsal bone (open),S923,extension,1
S924,S92.4,Fracture of great toe,S92,subcategory,1
S9240,S92.40,Fracture of great toe (closed),S924,extension,1
S9241,S92.41,Fracture of great toe (open),S924,extension,1
S925,S92.5,Fracture of other toe,S92,subcategory,1
S9250,S92.50,Fracture of other toe (closed),S925,extension,1
S9251,S92.51,Fracture of other toe (open),S925,extension,1
S927,S92.7,Multiple fractures of foot,S92,subcategory,1
S9270,S92.70,Multiple fractures of foot (closed),S927,extension,1
S928,S92.8,"Other fracture of foot, except ankle",S92,subcategory,0
S9281,S92.81,Other fracture of foot,S928,extension,1
S929,S92.9,"Fracture of foot, unspecified",S92,subcategory,1
S9290,S92.90,"Fracture of foot, unspecified (closed)",S929,extension,1
S9291,S92.91,"Fracture of foot, unspecified (open)",S929,extension,1
S93,S93,"Dislocation, sprain and strain of joints and ligaments at ankle and foot level",S90-S99,category,0
S930,S93.0,Dislocation of ankle joint,S93,subcategory,1
S9306,S93.06,Dislocation of unspecified ankle joint,S930,extension,1
S931,S93.1,Dislocation of toe(s),S93,subcategory,1
S932,S93.2,Rupture of ligaments at ankle and foot level,S93,subcategory,1
S933,S93.3,Dislocation of other and unspecified parts of foot,S93,subcategory,1
S9330,S93.30,Unspecified subluxation and dislocation of foot,S933,extension,1
S934,S93.4,Sprain and strain of ankle,S93,subcategory,1
S935,S93.5,Sprain and strain of toe(s),S93,subcategory,1
S936,S93.6,Sprain and strain of other and unspecified parts of foot,S93,subcategory,1
S9360,S93.60,Unspecified sprain of foot,S936,extension,1
S94,S94,Injury of nerves at ankle and foot level,S90-S99,category,0
S941,S94.1,Injury of medial plantar nerve,S94,subcategory,1
S942,S94.2,Injury of deep peroneal nerve at ankle and foot level,S94,subcategory,1
S949,S94.9,Injury of unspecified nerve at ankle and foot level,S94,subcategory,1
S9490,S94.90,"Injury of unspecified nerve at ankle and foot level, unspecified leg",S949,extension,1
S95,S95,Injury of blood vessels at ankle and foot level,S90-S99,category,1
S958,S95.8,Injury of other blood vessels at ankle and foot level,S95,subcategory,1
S959,S95.9,Injury of unspecified blood vessel at ankle and foot level,S95,subcategory,1
S96,S96,Injury of muscle and tendon at ankle and foot level,S90-S99,category,1
S960,S96.0,Injury of muscle and tendon of long flexor muscle of toe at ankle and foot level,S96,subcategory,1
S961,S96.1,Injury of muscle and tendon of long extensor muscle of toe at ankle and foot level,S96,subcategory,1
S962,S96.2,Injury of intrinsic muscle and tendon at ankle and foot level,S96,subcategory,1
S967,S96.7,Injury of multiple muscles and tendons at ankle and foot level,S96,subcategory,1
S968,S96.8,Injury of other muscles and tendons at ankle and foot level,S96,subcategory,1
S969,S96.9,Injury of unspecified muscle and tendon at ankle and foot level,S96,subcategory,1
S9691,S96.91,Strain of unspecified muscle and tendon at ankle and foot level,S969,extension,1
S9692,S96.92,Laceration of unspecified muscle and tendon at ankle and foot level,S969,extension,1
S97,S97,Crushing injury of ankle and foot,S90-S99,category,0
S970,S97.0,Crushing injury of ankle,S97,subcategory,1
S9700,S97.00,Crushing injury of unspecified ankle,S970,extension,1
S971,S97.1,Crushing injury of toe(s),S97,subcategory,1
S978,S97.8,Crushing injury of other parts of ankle and foot,S97,subcategory,1
S9780,S97.80,Crushing injury of unspecified foot,S978,extension,1
S98,S98,Traumatic amputation of ankle and foot,S90-S99,category,0
S981,S98.1,Traumatic amputation of one toe,S98,subcategory,1
S982,S98.2,Traumatic amputation of two or more toes,S98,subcategory,1
S983,S98.3,Traumatic amputation of other parts of foot,S98,subcategory,1
S99,S99,Other and unspecified injuries of ankle and foot,S90-S99,category,1
S990,S99.0,Physeal fracture of calcaneus,S99,subcategory,0
S9900,S99.00,Unspecified physeal fracture of calcaneus,S990,extension,1
S9901,S99.01,Salter-Harris Type I physeal fracture of calcaneus,S990,extension,1
S9902,S99.02,Salter-Harris Type II physeal fracture of calcaneus,S990,extension,1
S9903,S99.03,Salter-Harris Type III physeal fracture of calcaneus,S990,extension,1
S9904,S99.04,Salter-Harris Type IV physeal fracture of calcaneus,S990,extension,1
S9909,S99.09,Other physeal fracture of calcaneus,S990,extension,1
S992,S99.2,Physeal fracture of phalanx of toe,S99,subcategory,0
S9920,S99.20,Unspecified physeal fracture of phalanx of toe,S992,extension,1
S9921,S99.21,Salter-Harris Type I physeal fracture of phalanx of toe,S992,extension,1
S9922,S99.22,Salter-Harris Type II physeal fracture of phalanx of toe,S992,extension,1
S9923,S99.23,Salter-Harris Type III physeal fracture of phalanx of toe,S992,extension,1
S9924,S99.24,Salter-Harris Type IV physeal fracture of phalanx of toe,S992,extension,1
S9929,S99.29,Other physeal fracture of phalanx of toe,S992,extension,1
S997,S99.7,Multiple injuries of ankle and foot,S99,subcategory,1
S998,S99.8,Other specified injuries of ankle and foot,S99,subcategory,1
S9981,S99.81,Other specified injuries of ankle,S998,extension,1
S999,S99.9,Unspecified injury of ankle and foot,S99,subcategory,1
S9991,S99.91,Unspecified injury of ankle,S999,extension,1
S9992,S99.92,Unspecified injury of foot,S999,extension,1
T00,T00,Superficial injuries involving multiple body regions,T00-T07,category,1
T000,T00.0,Superficial injuries involving head with neck,T00,subcategory,1
T001,T00.1,"Superficial injuries involving thorax with abdomen, lower back and pelvis",T00,subcategory,1
T002,T00.2,Superficial injuries involving multiple regions of upper limb(s),T00,subcategory,1
T003,T00.3,Superficial injuries involving multiple regions of lower limb(s),T00,subcategory,1
T006,T00.6,Superficial injuries involving multiple regions of upper limb(s) with lower limb(s),T00,subcategory,1
T008,T00.8,Superficial injuries involving other combinations of body regions,T00,subcategory,1
T009,T00.9,"Multiple superficial injuries, unspecified",T00,subcategory,1
T01,T01,Open wounds involving multiple body regions,T00-T07,category,1
T012,T01.2,Open wounds involving multiple regions of upper limb(s),T01,subcategory,1
T013,T01.3,Open wounds involving multiple regions of lower limb(s),T01,subcategory,1
T016,T01.6,Open wounds involving multiple regions of upper limb(s) with lower limb(s),T01,subcategory,1
T018,T01.8,Open wounds involving other combinations of body regions,T01,subcategory,1
T019,T01.9,"Multiple open wounds, unspecified",T01,subcategory,1
T02,T02,Fractures involving multiple body regions,T00-T07,category,1
T020,T02.0,Fractures involving head with neck,T02,subcategory,1
T0200,T02.00,Fractures involving head with neck (closed),T020,extension,1
T021,T02.1,Fractures involving thorax with lower back and pelvis,T02,subcategory,1
T0210,T02.10,Fractures involving thorax with lower back and pelvis (closed),T021,extension,1
T022,T02.2,Fractures involving multiple regions of one upper limb,T02,subcategory,1
T0220,T02.20,Fractures involving multiple regions of one upper limb (closed),T022,extension,1
T023,T02.3,Fractures involving multiple regions of one lower limb,T02,subcategory,1
T0230,T02.30,Fractures involving multiple regions of one lower limb (closed),T023,extension,1
T0231,T02.31,Fractures involving multiple regions of one lower limb (open),T023,extension,1
T024,T02.4,Fractures involving multiple regions of both upper limbs,T02,subcategory,1
T0240,T02.40,Fractures involving multiple regions of both upper limbs (closed),T024,extension,1
T025,T02.5,Fractures involving multiple regions of both lower limbs,T02,subcategory,1
T0250,T02.50,Fractures involving multiple regions of both lower limbs (closed),T025,extension,1
T026,T02.6,Fractures involving multiple regions of upper limb(s) with lower limb(s),T02,subcategory,1
T028,T02.8,Fractures involving other combinations of body regions,T02,subcategory,1
T0280,T02.80,Fractures involving other combinations of body regions (closed),T028,extension,1
T029,T02.9,"Multiple fractures, unspecified",T02,subcategory,1
T03,T03,"Dislocations, sprains and strains involving multiple body regions",T00-T07,category,1
T030,T03.0,"Dislocations, sprains and strains involving head with neck",T03,subcategory,1
T031,T03.1,"Dislocations, sprains and strains involving thorax with lower back and pelvis",T03,subcategory,1
T032,T03.2,"Dislocations, sprains and strains involving multiple regions of upper limb(s)",T03,subcategory,1
T033,T03.3,"Dislocations, sprains and strains involving multiple regions of lower limb(s)",T03,subcategory,1
T034,T03.4,"Dislocations, sprains and strains involving multiple regions of upper limb(s) with lower limb(s)",T03,subcategory,1
T04,T04,Crushing injuries involving multiple body regions,T00-T07,category,0
T041,T04.1,"Crushing injuries involving thorax with abdomen, lower back and pelvis",T04,subcategory,1
T042,T04.2,Crushing injuries involving multiple regions of upper limb(s),T04,subcategory,1
T043,T04.3,Crushing injuries involving multiple regions of lower limb(s),T04,subcategory,1
T048,T04.8,Crushing injuries involving other combinations of body regions,T04,subcategory,1
T06,T06,"Other injuries involving multiple body regions, not elsewhere classified",T00-T07,category,0
T064,T06.4,Injuries of muscles and tendons involving multiple body regions,T06,subcategory,1
T065,T06.5,Injuries of intrathoracic organs with intra-abdominal and pelvic organs,T06,subcategory,1
T068,T06.8,Other specified injuries involving multiple body regions,T06,subcategory,1
T07,T07,Unspecified multiple injuries,T00-T07,category,1
T08,T08,"Fracture of spine, level unspecified",T08-T14,category,1
T09,T09,"Other injuries of spine and trunk, level unspecified",T08-T14,category,0
T090,T09.0,"Superficial injury of trunk, level unspecified",T09,subcategory,1
T091,T09.1,"Open wound of trunk, level unspecified",T09,subcategory,1
T092,T09.2,"Dislocation, strain and sprain of unspecified joint and ligament of trunk",T09,subcategory,1
T093,T09.3,"Injury of spinal cord, level unspecified",T09,subcategory,1
T094,T09.4,"Injury of unspecified nerve, spinal nerve root and plexus of trunk",T09,subcategory,1
T095,T09.5,Injury of unspecified muscle and tendon of trunk,T09,subcategory,1
T099,T09.9,"Unspecified injury of trunk, level unspecified",T09,subcategory,1
T10,T10,"Fracture of upper limb, level unspecified",T08-T14,category,1
T11,T11,"Other injuries of upper limb, level unspecified",T08-T14,category,1
T110,T11.0,"Superficial injury of upper limb, level unspecified",T11,subcategory,1
T111,T11.1,"Open wound of upper limb, level unspecified",T11,subcategory,1
T112,T11.2,"Dislocation, strain and sprain of unspecified joint and ligament of upper limb, level unspecified",T11,subcategory,1
T113,T11.3,"Injury of unspecified nerve of upper limb, level unspecified",T11,subcategory,1
T114,T11.4,"Injury of unspecified blood vessel of upper limb, level unspecified",T11,subcategory,1
T115,T11.5,"Injury of unspecified muscle and tendon of upper limb, level unspecified",T11,subcategory,1
T116,T11.6,"Traumatic amputation of upper limb, level unspecified",T11,subcategory,1
T118,T11.8,"Other specified injuries of upper limb, level unspecified",T11,subcategory,1
T119,T11.9,"Unspecified injury of upper limb, level unspecified",T11,subcategory,1
T12,T12,"Fracture of lower limb, level unspecified",T08-T14,category,1
T13,T13,"Other injuries of lower limb, level unspecified",T08-T14,category,1
T130,T13.0,"Superficial injury of lower limb, level unspecified",T13,subcategory,1
T131,T13.1,"Open wound of lower limb, level unspecified",T13,subcategory,1
T132,T13.2,"Dislocation, strain and sprain of unspecified joint and ligament of lower limb, level unspecified",T13,subcategory,1
T134,T13.4,"Injury of unspecified blood vessel of lower limb, level unspecified",T13,subcategory,1
T135,T13.5,"Injury of unspecified muscle and tendon of lower limb, level unspecified",T13,subcategory,1
T136,T13.6,"Traumatic amputation of lower limb, level unspecified",T13,subcategory,1
T138,T13.8,"Other specified injuries of lower limb, level unspecified",T13,subcategory,1
T139,T13.9,"Unspecified injury of lower limb, level unspecified",T13,subcategory,1
T14,T14,Injury of unspecified body region,T08-T14,category,1
T140,T14.0,Superficial injury of unspecified body region,T14,subcategory,1
T141,T14.1,Open wound of unspecified body region,T14,subcategory,1
T142,T14.2,Fracture of unspecified body region,T14,subcategory,1
T143,T14.3,"Dislocation, sprain and strain of unspecified body region",T14,subcategory,1
T144,T14.4,Injury of nerve(s) of unspecified body region,T14,subcategory,1
T145,T14.5,Injury of blood vessel(s) of unspecified body region,T14,subcategory,1
T146,T14.6,Injury of tendons and muscles of unspecified body region,T14,subcategory,1
T147,T14.7,Crushing injury and traumatic amputation of unspecified body region,T14,subcategory,1
T148,T14.8,Other injuries of unspecified body region,T14,subcategory,1
T149,T14.9,"Injury, unspecified",T14,subcategory,1
T1490,T14.90,"Injury, unspecified",T149,extension,1
T15,T15,Foreign body on external eye,T15-T19,category,1
T150,T15.0,Foreign body in cornea,T15,subcategory,1
T151,T15.1,Foreign body in conjunctival sac,T15,subcategory,1
T158,T15.8,Foreign body in other and multiple parts of external eye,T15,subcategory,1
T159,T15.9,"Foreign body on external eye, unspecified",T15,subcategory,1
T16,T16,Foreign body in ear,T15-T19,category,1
T17,T17,Foreign body in respiratory tract,T15-T19,category,0
T171,T17.1,Foreign body in nostril,T17,subcategory,1
T172,T17.2,Foreign body in pharynx,T17,subcategory,1
T1720,T17.20,Unspecified foreign body in pharynx,T172,extension,1
T1721,T17.21,Gastric contents in pharynx,T172,extension,1
T1722,T17.22,Food in pharynx,T172,extension,1
T1729,T17.29,Other foreign object in pharynx,T172,extension,1
T173,T17.3,Foreign body in larynx,T17,subcategory,1
T174,T17.4,Foreign body in trachea,T17,subcategory,1
T175,T17.5,Foreign body in bronchus,T17,subcategory,1
T178,T17.8,Foreign body in other and multiple parts of respiratory tract,T17,subcategory,1
T179,T17.9,"Foreign body in respiratory tract, part unspecified",T17,subcategory,1
T18,T18,Foreign body in alimentary tract,T15-T19,category,0
T180,T18.0,Foreign body in mouth,T18,subcategory,1
T181,T18.1,Foreign body in oesophagus,T18,subcategory,1
T1810,T18.10,Unspecified foreign body in esophagus,T181,extension,1
T1811,T18.11,Gastric contents in esophagus,T181,extension,1
T1812,T18.12,Food in esophagus,T181,extension,1
T1819,T18.19,Other foreign object in esophagus,T181,extension,1
T182,T18.2,Foreign body in stomach,T18,subcategory,1
T183,T18.3,Foreign body in small intestine,T18,subcategory,1
T184,T18.4,Foreign body in colon,T18,subcategory,1
T185,T18.5,Foreign body in anus and rectum,T18,subcategory,1
T188,T18.8,Foreign body in other and multiple parts of alimentary tract,T18,subcategory,1
T189,T18.9,"Foreign body in alimentary tract, part unspecified",T18,subcategory,1
T19,T19,Foreign body in genito-urinary tract,T15-T19,category,0
T190,T19.0,Foreign body in urethra,T19,subcategory,1
T191,T19.1,Foreign body in bladder,T19,subcategory,1
T192,T19.2,Foreign body in vulva and vagina,T19,subcategory,1
T193,T19.3,Foreign body in uterus [any part],T19,subcategory,1
T198,T19.8,Foreign body in other and multiple parts of genito-urinary tract,T19,subcategory,1
T199,T19.9,"Foreign body in genito-urinary tract, part unspecified",T19,subcategory,1
T20,T20,Burn and corrosion of head and neck,T20-T25,category,1
T200,T20.0,Burn of unspecified degree of head and neck,T20,subcategory,1
T2000,T20.00,"Burn of unspecified degree of head, face, and neck, unspecified site",T200,extension,1
T201,T20.1,Burn of first degree of head and neck,T20,subcategory,1
T202,T20.2,Burn of second degree of head and neck,T20,subcategory,1
T203,T20.3,Burn of third degree of head and neck,T20,subcategory,1
T204,T20.4,Corrosion of unspecified degree of head and neck,T20,subcategory,1
T2040,T20.40,"Corrosion of unspecified degree of head, face, and neck, unspecified site",T204,extension,1
T206,T20.6,Corrosion of second degree of head and neck,T20,subcategory,1
T21,T21,Burn and corrosion of trunk,T20-T25,category,1
T210,T21.0,Burn of unspecified degree of trunk,T21,subcategory,1
T211,T21.1,Burn of first degree of trunk,T21,subcategory,1
T212,T21.2,Burn of second degree of trunk,T21,subcategory,1
T213,T21.3,Burn of third degree of trunk,T21,subcategory,1
T216,T21.6,Corrosion of second degree of trunk,T21,subcategory,1
T22,T22,"Burn and corrosion of shoulder and upper limb, except wrist and hand",T20-T25,category,1
T220,T22.0,"Burn of unspecified degree of shoulder and upper limb, except wrist and hand",T22,subcategory,1
T221,T22.1,"Burn of first degree of shoulder and upper limb, except wrist and hand",T22,subcategory,1
T222,T22.2,"Burn of second degree of shoulder and upper limb, except wrist and hand",T22,subcategory,1
T223,T22.3,"Burn of third degree of shoulder and upper limb, except wrist and hand",T22,subcategory,1
T224,T22.4,"Corrosion of unspecified degree of shoulder and upper limb, except wrist and hand",T22,subcategory,1
T225,T22.5,"Corrosion of first degree of shoulder and upper limb, except wrist and hand",T22,subcategory,1
T226,T22.6,"Corrosion of second degree of shoulder and upper limb, except wrist and hand",T22,subcategory,1
T227,T22.7,"Corrosion of third degree of shoulder and upper limb, except wrist and hand",T22,subcategory,1
T23,T23,Burn and corrosion of wrist and hand,T20-T25,category,1
T230,T23.0,Burn of unspecified degree of wrist and hand,T23,subcategory,1
T231,T23.1,Burn of first degree of wrist and hand,T23,subcategory,1
T232,T23.2,Burn of second degree of wrist and hand,T23,subcategory,1
T233,T23.3,Burn of third degree of wrist and hand,T23,subcategory,1
T234,T23.4,Corrosion of unspecified degree of wrist and hand,T23,subcategory,1
T235,T23.5,Corrosion of first degree of wrist and hand,T23,subcategory,1
T236,T23.6,Corrosion of second degree of wrist and hand,T23,subcategory,1
T24,T24,"Burn and corrosion of hip and lower limb, except ankle and foot",T20-T25,category,1
T240,T24.0,"Burn of unspecified degree of hip and lower limb, except ankle and foot",T24,subcategory,1
T241,T24.1,"Burn of first degree of hip and lower limb, except ankle and foot",T24,subcategory,1
T242,T24.2,"Burn of second degree of hip and lower limb, except ankle and foot",T24,subcategory,1
T243,T24.3,"Burn of third degree of hip and lower limb, except ankle and foot",T24,subcategory,1
T244,T24.4,"Corrosion of unspecified degree of hip and lower limb, except ankle and foot",T24,subcategory,1
T245,T24.5,"Corrosion of first degree of hip and lower limb, except ankle and foot",T24,subcategory,1
T246,T24.6,"Corrosion of second degree of hip and lower limb, except ankle and foot",T24,subcategory,1
T247,T24.7,"Corrosion of third degree of hip and lower limb, except ankle and foot",T24,subcategory,1
T25,T25,Burn and corrosion of ankle and foot,T20-T25,category,1
T250,T25.0,Burn of unspecified degree of ankle and foot,T25,subcategory,1
T251,T25.1,Burn of first degree of ankle and foot,T25,subcategory,1
T252,T25.2,Burn of second degree of ankle and foot,T25,subcategory,1
T253,T25.3,Burn of third degree of ankle and foot,T25,subcategory,1
T257,T25.7,Corrosion of third degree of ankle and foot,T25,subcategory,1
T26,T26,Burn and corrosion confined to eye and adnexa,T26-T28,category,1
T260,T26.0,Burn of eyelid and periocular area,T26,subcategory,1
T261,T26.1,Burn of cornea and conjunctival sac,T26,subcategory,1
T262,T26.2,Burn with resulting rupture and destruction of eyeball,T26,subcategory,1
T263,T26.3,Burn of other parts of eye and adnexa,T26,subcategory,1
T264,T26.4,"Burn of eye and adnexa, part unspecified",T26,subcategory,1
T2640,T26.40,"Burn of unspecified eye and adnexa, part unspecified",T264,extension,1
T265,T26.5,Corrosion of eyelid and periocular area,T26,subcategory,1
T266,T26.6,Corrosion of cornea and conjunctival sac,T26,subcategory,1
T268,T26.8,Corrosion of other parts of eye and adnexa,T26,subcategory,1
T269,T26.9,"Corrosion of eye and adnexa, part unspecified",T26,subcategory,1
T2690,T26.90,"Corrosion of unspecified eye and adnexa, part unspecified",T269,extension,1
T27,T27,Burn and corrosion of respiratory tract,T26-T28,category,0
T272,T27.2,Burn of other parts of respiratory tract,T27,subcategory,1
T273,T27.3,"Burn of respiratory tract, part unspecified",T27,subcategory,1
T277,T27.7,"Corrosion of respiratory tract, part unspecified",T27,subcategory,1
T28,T28,Burn and corrosion of other internal organs,T26-T28,category,0
T280,T28.0,Burn of mouth and pharynx,T28,subcategory,1
T281,T28.1,Burn of oesophagus,T28,subcategory,1
T282,T28.2,Burn of other parts of alimentary tract,T28,subcategory,1
T29,T29,Burns and corrosions of multiple body regions,T29-T32,category,1
T290,T29.0,"Burns of multiple regions, unspecified degree",T29,subcategory,1
T291,T29.1,"Burns of multiple regions, no more than first-degree burns mentioned",T29,subcategory,1
T292,T29.2,"Burns of multiple regions, no more than second-degree burns mentioned",T29,subcategory,1
T293,T29.3,"Burns of multiple regions, at least one burn of third degree mentioned",T29,subcategory,1
T30,T30,"Burn and corrosion, body region unspecified",T29-T32,category,1
T300,T30.0,"Burn of unspecified body region, unspecified degree",T30,subcategory,1
T301,T30.1,"Burn of first degree, body region unspecified",T30,subcategory,1
T302,T30.2,"Burn of second degree, body region unspecified",T30,subcategory,1
T303,T30.3,"Burn of third degree, body region unspecified",T30,subcategory,1
T304,T30.4,"Corrosion of unspecified body region, unspecified degree",T30,subcategory,1
T305,T30.5,"Corrosion of first degree, body region unspecified",T30,subcategory,1
T306,T30.6,"Corrosion of second degree, body region unspecified",T30,subcategory,1
T307,T30.7,"Corrosion of third degree, body region unspecified",T30,subcategory,1
T31,T31,Burns classified according to extent of body surface involved,T29-T32,category,0
T310,T31.0,Burns involving less than 10% of body surface,T31,subcategory,1
T311,T31.1,Burns involving 10-19% of body surface,T31,subcategory,1
T312,T31.2,Burns involving 20-29% of body surface,T31,subcategory,1
T314,T31.4,Burns involving 40-49% of body surface,T31,subcategory,1
T318,T31.8,Burns involving 80-89% of body surface,T31,subcategory,1
T32,T32,Corrosions classified according to extent of body surface involved,T29-T32,category,0
T320,T32.0,Corrosions involving less than 10% of body surface,T32,subcategory,1
T326,T32.6,Corrosions involving 60-69% of body surface,T32,subcategory,1
T328,T32.8,Corrosions involving 80-89% of body surface,T32,subcategory,1
T33,T33,Superficial frostbite,T33-T35,category,0
T333,T33.3,"Superficial frostbite of abdominal wall, lower back and pelvis",T33,subcategory,1
T335,T33.5,Superficial frostbite of wrist and hand,T33,subcategory,0
T3352,T33.52,Superficial frostbite of hand,T335,extension,1
T338,T33.8,Superficial frostbite of ankle and foot,T33,subcategory,1
T339,T33.9,Superficial frostbite of other and unspecified sites,T33,subcategory,1
T34,T34,Frostbite with tissue necrosis,T33-T35,category,0
T340,T34.0,Frostbite with tissue necrosis of head,T34,subcategory,1
T345,T34.5,Frostbite with tissue necrosis of wrist and hand,T34,subcategory,0
T3452,T34.52,Frostbite with tissue necrosis of hand,T345,extension,1
T35,T35,Frostbite involving multiple body regions and unspecified frostbite,T33-T35,category,0
T355,T35.5,Unspecified frostbite of lower limb,T35,subcategory,1
T357,T35.7,Unspecified frostbite of unspecified site,T35,subcategory,1
T36,T36,Poisoning by systemic antibiotics,T36-T50,category,1
T360,T36.0,Penicillins,T36,subcategory,1
T361,T36.1,Cefalosporins and other Beta-lactam antibiotics,T36,subcategory,1
T363,T36.3,Macrolides,T36,subcategory,1
T364,T36.4,Tetracyclines,T36,subcategory,1
T365,T36.5,Aminoglycosides,T36,subcategory,1
T366,T36.6,Rifamycins,T36,subcategory,1
T367,T36.7,"Antifungal antibiotics, systemically used",T36,subcategory,1
T368,T36.8,Other systemic antibiotics,T36,subcategory,1
T369,T36.9,"Systemic antibiotic, unspecified",T36,subcategory,1
T37,T37,Poisoning by other systemic anti-infectives and antiparasitics,T36-T50,category,0
T371,T37.1,Antimycobacterial drugs,T37,subcategory,1
T372,T37.2,Antimalarials and drugs acting on other blood protozoa,T37,subcategory,1
T378,T37.8,Other specified systemic anti-infectives and antiparasitics,T37,subcategory,1
T379,T37.9,"Systemic anti-infective and antiparasitic, unspecified",T37,subcategory,1
T38,T38,"Poisoning by hormones and their synthetic substitutes and antagonists, not elsewhere classified",T36-T50,category,0
T380,T38.0,Glucocorticoids and synthetic analogues,T38,subcategory,1
T381,T38.1,Thyroid hormones and substitutes,T38,subcategory,1
T382,T38.2,Antithyroid drugs,T38,subcategory,1
T383,T38.3,Insulin and oral hypoglycaemic [antidiabetic] drugs,T38,subcategory,1
T384,T38.4,Oral contraceptives,T38,subcategory,1
T385,T38.5,Other oestrogens and progestogens,T38,subcategory,1
T386,T38.6,"Antigonadotrophins. antioestrogens, antiandrogens, not elsewhere classified",T38,subcategory,1
T388,T38.8,Other and unspecified hormones and their synthetic substitutes,T38,subcategory,1
T39,T39,"Poisoning by nonopioid analgesics, antipyretics and antirheumatics",T36-T50,category,1
T390,T39.0,Salicylates,T39,subcategory,1
T3901,T39.01,"Poisoning by, adverse effect of and underdosing of aspirin",T390,extension,1
T3909,T39.09,"Poisoning by, adverse effect of and underdosing of other salicylates",T390,extension,1
T391,T39.1,4-Aminophenol derivatives,T39,subcategory,1
T392,T39.2,Pyrazolone derivatives,T39,subcategory,1
T393,T39.3,Other nonsteroidal anti-inflammatory drugs [NSAID],T39,subcategory,1
T3931,T39.31,"Poisoning by, adverse effect of and underdosing of propionic acid derivatives",T393,extension,1
T394,T39.4,"Antirheumatics, not elsewhere classified",T39,subcategory,1
T398,T39.8,"Other nonopioid analgesics and antipyretics, not elsewhere classified",T39,subcategory,1
T399,T39.9,"Nonopioid analgesic, antipyretic and antirheumatic, unspecified",T39,subcategory,1
T3991,T39.91,"Poisoning by unspecified nonopioid analgesic, antipyretic and antirheumatic, accidental (unintentional)",T399,extension,1
T3992,T39.92,"Poisoning by unspecified nonopioid analgesic, antipyretic and antirheumatic, intentional self-harm",T399,extension,1
T3993,T39.93,"Poisoning by unspecified nonopioid analgesic, antipyretic and antirheumatic, assault",T399,extension,1
T3994,T39.94,"Poisoning by unspecified nonopioid analgesic, antipyretic and antirheumatic, undetermined",T399,extension,1
T40,T40,Poisoning by narcotics and psychodysleptics [hallucinogens],T36-T50,category,0
T400,T40.0,Opium,T40,subcategory,1
T401,T40.1,Heroin,T40,subcategory,1
T402,T40.2,Other opioids,T40,subcategory,1
T403,T40.3,Methadone,T40,subcategory,1
T404,T40.4,Other synthetic narcotics,T40,subcategory,1
T405,T40.5,Cocaine,T40,subcategory,1
T406,T40.6,Other and unspecified narcotics,T40,subcategory,1
T407,T40.7,Cannabis (derivatives),T40,subcategory,1
T408,T40.8,Lysergide [LSD],T40,subcategory,1
T409,T40.9,Other and unspecified psychodysleptics [hallucinogens],T40,subcategory,1
T41,T41,Poisoning by anaesthetics and therapeutic gases,T36-T50,category,0
T410,T41.0,Inhaled anaesthetics,T41,subcategory,1
T412,T41.2,Other and unspecified general anaesthetics,T41,subcategory,1
T414,T41.4,"Anaesthetic, unspecified",T41,subcategory,1
T42,T42,"Poisoning by antiepileptic, sedative-hypnotic and anti-Parkinsonism drugs",T36-T50,category,0
T420,T42.0,Hydantoin derivatives,T42,subcategory,1
T421,T42.1,Iminostilbenes,T42,subcategory,1
T422,T42.2,Succinimides and oxazolidinediones,T42,subcategory,1
T423,T42.3,Barbiturates,T42,subcategory,1
T424,T42.4,Benzodiazepines,T42,subcategory,1
T425,T42.5,"Mixed antiepileptics, not elsewhere classified",T42,subcategory,1
T426,T42.6,Other antiepileptic and sedative-hypnotic drugs,T42,subcategory,1
T427,T42.7,"Antiepileptic and sedative-hypnotic drugs, unspecified",T42,subcategory,1
T4271,T42.71,"Poisoning by unspecified antiepileptic and sedative-hypnotic drugs, accidental (unintentional)",T427,extension,1
T4272,T42.72,"Poisoning by unspecified antiepileptic and sedative-hypnotic drugs, intentional self-harm",T427,extension,1
T4273,T42.73,"Poisoning by unspecified antiepileptic and sedative-hypnotic drugs, assault",T427,extension,1
T4274,T42.74,"Poisoning by unspecified antiepileptic and sedative-hypnotic drugs, undetermined",T427,extension,1
T428,T42.8,Anti-Parkinsonism drugs and other central muscle-tone depressants,T42,subcategory,1
T43,T43,"Poisoning by psychotropic drugs, not elsewhere classified",T36-T50,category,0
T430,T43.0,Tricyclic and tetracyclic antidepressants,T43,subcategory,1
T431,T43.1,Monoamine-oxidase-inhibitor antidepressants,T43,subcategory,1
T432,T43.2,Other and unspecified antidepressants,T43,subcategory,1
T433,T43.3,Phenothiazine antipsychotics and neuroleptics,T43,subcategory,1
T434,T43.4,Butyrophenone and thioxanthene neuroleptics,T43,subcategory,1
T435,T43.5,Other and unspecified antipsychotics and neuroleptics,T43,subcategory,1
T436,T43.6,Psychostimulants with abuse potential,T43,subcategory,1
T438,T43.8,"Other psychotropic drugs, not elsewhere classified",T43,subcategory,1
T439,T43.9,"Psychotropic drug, unspecified",T43,subcategory,1
T44,T44,Poisoning by drugs primarily affecting the autonomic nervous system,T36-T50,category,0
T440,T44.0,Anticholinesterase agents,T44,subcategory,1
T441,T44.1,Other parasympathomimetics [cholinergics],T44,subcategory,1
T443,T44.3,"Other parasympatholytics [anticholinergics and antimuscarines] and spasmolytics, not elsewhere classified",T44,subcategory,1
T444,T44.4,"Predominantly Alpha-adrenoreceptor agonists, not elsewhere classified",T44,subcategory,1
T445,T44.5,"Predominantly Beta-adrenoreceptor agonists, not elsewhere classified",T44,subcategory,1
T446,T44.6,"Alpha-Adrenoreceeptor antagonists, not elsewhere classified",T44,subcategory,1
T447,T44.7,"Beta-Adrenoreceeptor antagonists, not elsewhere classified",T44,subcategory,1
T448,T44.8,"Centrally acting and afrenergic-neuron-blocking agents, not elsewhere classified",T44,subcategory,1
T449,T44.9,Other and unspecified drugs primarily affecting the nervous system,T44,subcategory,1
T45,T45,"Poisoning by primarily systemic and haematological agents, not elsewhere classified",T36-T50,category,0
T450,T45.0,Antiallergic and antiemetic drugs,T45,subcategory,1
T451,T45.1,Antineoplastic and immunosuppressive drugs,T45,subcategory,1
T452,T45.2,"Vitamins, not elsewhere classified",T45,subcategory,1
T454,T45.4,Iron and its compounds,T45,subcategory,1
T455,T45.5,Anticoagulants,T45,subcategory,1
T4551,T45.51,"Poisoning by, adverse effect of and underdosing of anticoagulants",T455,extension,1
T4552,T45.52,"Poisoning by, adverse effect of and underdosing of antithrombotic drugs",T455,extension,1
T456,T45.6,Fibrinolysis-affecting drugs,T45,subcategory,1
T458,T45.8,Other primarily systemic and haematological agents,T45,subcategory,1
T459,T45.9,"Primarily systemic and haematological agent, unspecified",T45,subcategory,1
T4591,T45.91,"Poisoning by unspecified primarily systemic and hematological agent, accidental (unintentional)",T459,extension,1
T4592,T45.92,"Poisoning by unspecified primarily systemic and hematological agent, intentional self-harm",T459,extension,1
T4593,T45.93,"Poisoning by unspecified primarily systemic and hematological agent, assault",T459,extension,1
T4594,T45.94,"Poisoning by unspecified primarily systemic and hematological agent, undetermined",T459,extension,1
T46,T46,Poisoning by agents primarily affecting the cardiovascular system,T36-T50,category,0
T460,T46.0,Cardiac-stimulant glycosides and drugs of similar action,T46,subcategory,1
T461,T46.1,Calcium-channel blockers,T46,subcategory,1
T462,T46.2,"Other antidysrhythmic drugs, not elsewhere classified",T46,subcategory,1
T463,T46.3,"Coronary vasodilators, not elsewhere classified",T46,subcategory,1
T464,T46.4,Angiotensin-converting-enzyme inhibitors,T46,subcategory,1
T465,T46.5,"Other antihypertensive drugs, not elsewhere classified",T46,subcategory,1
T466,T46.6,Antihyperlipidaemic and antiarteriosclerotic drugs,T46,subcategory,1
T467,T46.7,Peripheral vasodilators,T46,subcategory,1
T468,T46.8,"Antivaricose drugs, including sclerosing agents",T46,subcategory,1
T469,T46.9,Other and unspecified agents primarily affecting the cardiovascular system,T46,subcategory,1
T4690,T46.90,"Poisoning by, adverse effect of and underdosing of unspecified agents primarily affecting the cardiovascular system",T469,extension,1
T4699,T46.99,"Poisoning by, adverse effect of and underdosing of other agents primarily affecting the cardiovascular system",T469,extension,1
T47,T47,Poisoning by agents primarily affecting gastro-intestinal system,T36-T50,category,0
T470,T47.0,Histamine H(2)-receptor antagonists,T47,subcategory,1
T471,T47.1,Other antacids and anti-gastric-secretion drugs,T47,subcategory,1
T472,T47.2,Stimulant laxatives,T47,subcategory,1
T474,T47.4,Other laxatives,T47,subcategory,1
T476,T47.6,Antidiarrhoeal drugs,T47,subcategory,1
T478,T47.8,Other agents primarily affecting the gastro-intestinal system,T47,subcategory,1
T479,T47.9,"Agent primarily affecting the gastro-intestinal system, unspecified",T47,subcategory,1
T48,T48,Poisoning by agents primarily acting on smooth and skeletal muscles and the respiratory system,T36-T50,category,0
T480,T48.0,Oxytocic drugs,T48,subcategory,1
T481,T48.1,Skeletal muscle relaxants [neuromuscular blocking agents],T48,subcategory,1
T482,T48.2,Other and unspecified agents primarily acting on muscles,T48,subcategory,1
T4820,T48.20,"Poisoning by, adverse effect of and underdosing of unspecified drugs acting on muscles",T482,extension,1
T4829,T48.29,"Poisoning by, adverse effect of and underdosing of other drugs acting on muscles",T482,extension,1
T483,T48.3,Antitussives,T48,subcategory,1
T484,T48.4,Expectorants,T48,subcategory,1
T485,T48.5,Anti-common-cold drugs,T48,subcategory,1
T486,T48.6,"Antiasthmatics, not elsewhere classified",T48,subcategory,1
T49,T49,"Poisoning by topical agents primarily affecting skin and mucous membrane and by ophthalmological, otorhinolarygological and dental drugs",T36-T50,category,1
T490,T49.0,"Local antifungal, anti-infective and anti-inflammatory drugs, not elsewhere classified",T49,subcategory,1
T494,T49.4,"Keratolytics, keratoplastics and other hair treatment drugs and preparations",T49,subcategory,1
T497,T49.7,"Dental drugs, topically applied",T49,subcategory,1
T499,T49.9,"Topical agent, unspecified",T49,subcategory,1
T50,T50,"Poisoning by diuretics and other and unspecified drugs, medicaments and biological substances",T36-T50,category,1
T500,T50.0,Mineralocorticoids and their antagonists,T50,subcategory,1
T501,T50.1,Loop [high-ceiling] diuretics,T50,subcategory,1
T502,T50.2,"Carbonic-anhydrase inhibitors, benzothiadiazides and other diuretics",T50,subcategory,1
T503,T50.3,"Electrolytic, caloric and water-balance agents",T50,subcategory,1
T504,T50.4,Drugs affecting uric acid metabolism,T50,subcategory,1
T506,T50.6,"Antidotes and chelating agents, not elsewhere classified",T50,subcategory,1
T508,T50.8,Diagnostic agents,T50,subcategory,1
T509,T50.9,"Other and unspecified drugs, medicaments and biological substances",T50,subcategory,1
T5090,T50.90,"Poisoning by, adverse effect of and underdosing of unspecified drugs, medicaments and biological substances",T509,extension,1
T5099,T50.99,"Poisoning by, adverse effect of and underdosing of other drugs, medicaments and biological substances",T509,extension,1
T51,T51,Toxic effect of alcohol,T51-T65,category,1
T510,T51.0,Ethanol,T51,subcategory,1
T511,T51.1,Methanol,T51,subcategory,1
T512,T51.2,2-Propanol,T51,subcategory,1
T513,T51.3,Fusel oil,T51,subcategory,1
T518,T51.8,Other alcohols,T51,subcategory,1
T519,T51.9,"Alcohol, unspecified",T51,subcategory,1
T5191,T51.91,"Toxic effect of unspecified alcohol, accidental (unintentional)",T519,extension,1
T5192,T51.92,"Toxic effect of unspecified alcohol, intentional self-harm",T519,extension,1
T5193,T51.93,"Toxic effect of unspecified alcohol, assault",T519,extension,1
T5194,T51.94,"Toxic effect of unspecified alcohol, undetermined",T519,extension,1
T52,T52,Toxic effect of organic solvents,T51-T65,category,0
T520,T52.0,Petroleum products,T52,subcategory,1
T528,T52.8,Other organic solvents,T52,subcategory,1
T529,T52.9,"Organic solvent, unspecified",T52,subcategory,1
T53,T53,Toxic effect of halogen derivatives of aliphatic and aromatic hydrocarbone,T51-T65,category,0
T530,T53.0,Carbon tetrachloride,T53,subcategory,1
T54,T54,Toxic effect of corrosive substances,T51-T65,category,0
T542,T54.2,Corrosive acids and acid-like substances,T54,subcategory,1
T543,T54.3,Corrosive alkalis and alklali-like substances,T54,subcategory,1
T549,T54.9,"Corrosive substance, unspecified",T54,subcategory,1
T55,T55,Toxic effect of soaps and detergents,T51-T65,category,1
T56,T56,Toxic effect of metals,T51-T65,category,0
T561,T56.1,Mercury and its compounds,T56,subcategory,1
T568,T56.8,Other metals,T56,subcategory,1
T57,T57,Toxic effect of other inorganic substances,T51-T65,category,0
T578,T57.8,Other specified inorganic substances,T57,subcategory,1
T58,T58,Toxic effect of carbon monoxide,T51-T65,category,1
T59,T59,"Toxic effect of other gases, fumes and vapours",T51-T65,category,0
T594,T59.4,Chlorine gas,T59,subcategory,1
T595,T59.5,Fluorine gas and hydrogen fluoride,T59,subcategory,1
T596,T59.6,Hydrogen sulphide,T59,subcategory,1
T597,T59.7,Carbon dioxide,T59,subcategory,1
T598,T59.8,"Other specified gases, fumes and vapours",T59,subcategory,1
T5981,T59.81,Toxic effect of smoke,T598,extension,1
T5989,T59.89,"Toxic effect of other specified gases, fumes and vapors",T598,extension,1
T599,T59.9,"Gases, fumes and vapours, unspecified",T59,subcategory,1
T60,T60,Toxic effect of pesticides,T51-T65,category,0
T603,T60.3,Herbicides and fungicides,T60,subcategory,1
T604,T60.4,Rodenticides,T60,subcategory,1
T608,T60.8,Other pesticides,T60,subcategory,1
T609,T60.9,"Pesticide, unspecified",T60,subcategory,1
T61,T61,Toxic effect of noxious substances eaten as seafood,T51-T65,category,1
T611,T61.1,Scombroid fish poisoning,T61,subcategory,1
T612,T61.2,Other fish and shellfish poisoning,T61,subcategory,1
T619,T61.9,Toxic effect of unspecified seafood,T61,subcategory,1
T62,T62,Toxic effect of other noxious substances eaten as food,T51-T65,category,0
T620,T62.0,Ingested mushrooms,T62,subcategory,1
T622,T62.2,Other ingested (parts of) plant(s),T62,subcategory,1
T628,T62.8,Other specified noxious substances eaten as food,T62,subcategory,1
T629,T62.9,"Noxious substance eaten as food, unspecified",T62,subcategory,1
T63,T63,Toxic effect of contact with venomous animals,T51-T65,category,1
T630,T63.0,Snake venom,T63,subcategory,1
T632,T63.2,Venom of scorpion,T63,subcategory,1
T633,T63.3,Venom of spider,T63,subcategory,1
T634,T63.4,Venom of other arthropods,T63,subcategory,1
T639,T63.9,Toxic effect of contact with unspecified venomous animal,T63,subcategory,1
T65,T65,Toxic effect of other and unspecified substances,T51-T65,category,1
T656,T65.6,"Paints and dyes, not elsewhere classified",T65,subcategory,1
T658,T65.8,Toxic effect of other specified substances,T65,subcategory,1
T659,T65.9,Toxic effect of unspecified substance,T65,subcategory,1
T66,T66,Unspecified effects of radiation,T66-T78,category,1
T67,T67,Effects of heat and light,T66-T78,category,1
T670,T67.0,Heatstroke and sunstroke,T67,subcategory,1
T671,T67.1,Heat syncope,T67,subcategory,1
T673,T67.3,"Heat exhaustion, anhydrotic",T67,subcategory,1
T674,T67.4,Heat exhaustion due to salt depletion,T67,subcategory,1
T675,T67.5,"Heat exhaustion, unspecified",T67,subcategory,1
T676,T67.6,"Heat fatigue, transient",T67,subcategory,1
T677,T67.7,Heat oedema,T67,subcategory,1
T679,T67.9,"Effects of heat and light, unspecified",T67,subcategory,1
T68,T68,Hypothermia,T66-T78,category,1
T69,T69,Other effects of reduced temperature,T66-T78,category,0
T690,T69.0,Immersion hand and foot,T69,subcategory,1
T691,T69.1,Chilblains,T69,subcategory,1
T70,T70,Effects of air pressure and water pressure,T66-T78,category,1
T700,T70.0,Otitic barotrauma,T70,subcategory,1
T701,T70.1,Sinus barotrauma,T70,subcategory,1
T702,T70.2,Other and unspecified effects of high altitude,T70,subcategory,1
T703,T70.3,Caisson disease [decompression sickness],T70,subcategory,1
T709,T70.9,"Effect of air pressure and water pressure, unspecified",T70,subcategory,1
T71,T71,Asphyxiation,T66-T78,category,1
T711,T71.1,Asphyxiation due to mechanical threat to breathing,T71,subcategory,0
T7111,T71.11,Asphyxiation due to smothering under pillow,T711,extension,1
T7112,T71.12,Asphyxiation due to plastic bag,T711,extension,1
T7113,T71.13,Asphyxiation due to being trapped in bed linens,T711,extension,1
T7114,T71.14,Asphyxiation due to smothering under another person's body (in bed),T711,extension,1
T7115,T71.15,Asphyxiation due to smothering in furniture,T711,extension,1
T7116,T71.16,Asphyxiation due to hanging,T711,extension,1
T7119,T71.19,Asphyxiation due to mechanical threat to breathing due to other causes,T711,extension,1
T712,T71.2,Asphyxiation due to systemic oxygen deficiency due to low oxygen content in ambient air,T71,subcategory,0
T7120,T71.20,Asphyxiation due to systemic oxygen deficiency due to low oxygen content in ambient air due to unspecified cause,T712,extension,1
T7121,T71.21,Asphyxiation due to cave-in or falling earth,T712,extension,1
T7122,T71.22,Asphyxiation due to being trapped in a car trunk,T712,extension,1
T7123,T71.23,Asphyxiation due to being trapped in a (discarded) refrigerator,T712,extension,1
T7129,T71.29,Asphyxiation due to being trapped in other low oxygen environment,T712,extension,1
T719,T71.9,Asphyxiation due to unspecified cause,T71,subcategory,1
T73,T73,Effects of other deprivation,T66-T78,category,0
T730,T73.0,Effects of hunger,T73,subcategory,1
T731,T73.1,Effects of thirst,T73,subcategory,1
T732,T73.2,Exhaustion due to exposure,T73,subcategory,1
T733,T73.3,Exhaustion due to excessive exertion,T73,subcategory,1
T74,T74,Maltreatment syndromes,T66-T78,category,1
T741,T74.1,Physical abuse,T74,subcategory,1
T742,T74.2,Sexual abuse,T74,subcategory,1
T743,T74.3,Psychological abuse,T74,subcategory,1
T748,T74.8,Other maltreatment syndromes,T74,subcategory,1
T749,T74.9,"Maltreatment syndrome, unspecified",T74,subcategory,1
T75,T75,Effects of other external causes,T66-T78,category,0
T750,T75.0,Effects of lightning,T75,subcategory,1
T751,T75.1,Drowning and nonfatal submersion,T75,subcategory,1
T752,T75.2,Effects of vibration,T75,subcategory,1
T753,T75.3,Motion sickness,T75,subcategory,1
T754,T75.4,Effects of electric current,T75,subcategory,1
T78,T78,"Adverse effects, not elsewhere classified",T66-T78,category,1
T780,T78.0,Anaphylactic shock due to adverse food reaction,T78,subcategory,1
T781,T78.1,"Other adverse food reactions, not elsewhere classified",T78,subcategory,1
T782,T78.2,"Anaphylactic shock, unspecified",T78,subcategory,1
T783,T78.3,Angioneurotic oedema,T78,subcategory,1
T784,T78.4,"Allergy, unspecified",T78,subcategory,1
T7840,T78.40,"Allergy, unspecified",T784,extension,1
T788,T78.8,"Other adverse effects, not elsewhere classified",T78,subcategory,1
T789,T78.9,"Adverse effect, unspecified",T78,subcategory,1
T79,T79,"Certain early complications of trauma, not elsewhere classified",T79-T79,category,1
T790,T79.0,Air embolism (traumatic),T79,subcategory,1
T791,T79.1,Fat embolism (traumatic),T79,subcategory,1
T792,T79.2,Traumatic secondary and recurrent haemorrhage,T79,subcategory,1
T793,T79.3,"Post-traumatic wound infection, not elsewhere classified",T79,subcategory,1
T794,T79.4,Traumatic shock,T79,subcategory,1
T795,T79.5,Traumatic anuria,T79,subcategory,1
T796,T79.6,Traumatic ischaemia of muscle,T79,subcategory,1
T797,T79.7,Traumatic subcutaneous emphysema,T79,subcategory,1
T798,T79.8,Other early complications of trauma,T79,subcategory,1
T799,T79.9,Unspecified early complication of trauma,T79,subcategory,1
T80,T80,"Complications following infusion, transfusion and therapeutic injection",T80-T88,category,1
T800,T80.0,"Air embolism following infusion, transfusion and therapeutic injection",T80,subcategory,1
T801,T80.1,"Vascular complications following infusion, transfusion and therapeutic injection",T80,subcategory,1
T802,T80.2,"Infections following infusion, transfusion and therapeutic injection",T80,subcategory,1
T803,T80.3,ABO incompatibility reaction,T80,subcategory,1
T805,T80.5,Anaphylactic shock due to serum,T80,subcategory,1
T806,T80.6,Other serum reactions,T80,subcategory,1
T808,T80.8,"Other complications following infusion, transfusion and therapeutic injection",T80,subcategory,1
T809,T80.9,"Unspecified complication following infusion, transfusion and therapeutic injection",T80,subcategory,1
T81,T81,"Complications of procedures, not elsewhere classified",T80-T88,category,0
T810,T81.0,"Haemorrhage and haematoma complicating a procedure, not elsewhere classified",T81,subcategory,1
T811,T81.1,"Shock during or resulting from a procedure, not elsewhere classified",T81,subcategory,1
T812,T81.2,"Accidental puncture and laceration during a procedure, not elsewhere classified",T81,subcategory,1
T813,T81.3,"Disruption of operation wound, not elsewhere classified",T81,subcategory,1
T814,T81.4,"Infection following a procedure, not elsewhere classified",T81,subcategory,1
T815,T81.5,Foreign body accidentally left in body cavity or operation wound following a procedure,T81,subcategory,1
T8150,T81.50,Unspecified complication of foreign body accidentally left in body following procedure,T815,extension,1
T8151,T81.51,Adhesions due to foreign body accidentally left in body following procedure,T815,extension,1
T8152,T81.52,Obstruction due to foreign body accidentally left in body following procedure,T815,extension,1
T8153,T81.53,Perforation due to foreign body accidentally left in body following procedure,T815,extension,1
T816,T81.6,Acute reaction to foreign substance accidentally left during a procedure,T81,subcategory,1
T817,T81.7,"Vascular complications following a procedure, not elsewhere classified",T81,subcategory,1
T8171,T81.71,"Complication of artery following a procedure, not elsewhere classified",T817,extension,1
T8172,T81.72,"Complication of vein following a procedure, not elsewhere classified",T817,extension,1
T818,T81.8,"Other complications of procedures, not elsewhere classified",T81,subcategory,1
T8183,T81.83,Persistent postprocedural fistula,T818,extension,1
T819,T81.9,Unspecified complication of procedure,T81,subcategory,1
T82,T82,"Complications of cardiac and vascular prosthetic devices, implants and grafts",T80-T88,category,1
T820,T82.0,Mechanical complication of heart valve prosthesis,T82,subcategory,1
T821,T82.1,Mechanical complication of cardiac electronic device,T82,subcategory,1
T822,T82.2,Mechanical complication of coronary artery bypass and valve grafts,T82,subcategory,1
T823,T82.3,Mechanical complication of other vascular grafts,T82,subcategory,1
T824,T82.4,Mechanical complication of vascular dialysis catheter,T82,subcategory,1
T825,T82.5,Mechanical complication of other cardiac and vascular devices and implants,T82,subcategory,1
T826,T82.6,Infection and inflammatory reaction due to cardiac valve prosthesis,T82,subcategory,1
T827,T82.7,"Infection and inflammatory reaction due to other cardiac and vascular devices, implants and grafts",T82,subcategory,1
T828,T82.8,"Other complications of cardiac and vascular prosthetic devices, implants and grafts",T82,subcategory,1
T8285,T82.85,"Stenosis due to cardiac and vascular prosthetic devices, implants and grafts",T828,extension,1
T829,T82.9,"Unspecified complication of cardiac and vascular prosthetic device, implant and graft",T82,subcategory,1
T83,T83,"Complications of genito-urinary prosthetic devices, implants and grafts",T80-T88,category,0
T830,T83.0,Mechanical complication of urinary (indwelling) catheter,T83,subcategory,1
T831,T83.1,Mechanical complication of other urinary devices and implants,T83,subcategory,1
T832,T83.2,Mechanical complication of graft of urinary organ,T83,subcategory,1
T833,T83.3,Mechanical complication of intra-uterine contraceptive device,T83,subcategory,1
T834,T83.4,"Mechanical complication of other prosthetic devices, implants and grafts in genital tract",T83,subcategory,1
T835,T83.5,"Infection and inflammatory reaction due to prosthetic device, implant and graft in urinary system",T83,subcategory,1
T836,T83.6,"Infection and inflammatory reaction due to prosthetic device, implant and graft in genital tract",T83,subcategory,1
T838,T83.8,"Other complications of genito-urinary prosthetic devices, implants and grafts",T83,subcategory,1
T839,T83.9,"Unspecified complication of genito-urinary prosthetic device, implant and graft",T83,subcategory,1
T84,T84,"Complications of internal orthopaedic prosthetic devices, implants and grafts",T80-T88,category,0
T840,T84.0,Mechanical complication of internal joint prosthesis,T84,subcategory,1
T841,T84.1,Mechanical complication of internal fixation device of bones of limb,T84,subcategory,1
T842,T84.2,Mechanical complication of internal fixation device of other bones,T84,subcategory,1
T843,T84.3,"Mechanical complication of other bone devices, implants and grafts",T84,subcategory,1
T844,T84.4,"Mechanical complication of other internal orthopaedic devices, imnplants and grafts",T84,subcategory,1
T845,T84.5,Infection and inflammatory reaction due to internal joint prosthesis,T84,subcategory,1
T846,T84.6,Infection and inflammatory reaction due to internal fixation device [any site],T84,subcategory,1
T847,T84.7,"Infection and inflammatory reaction due to other internal orthopaedic prosthetic devices, implants and grafts",T84,subcategory,1
T848,T84.8,"Other complications of internal orthopaedic prosthetic devices, implants and grafts",T84,subcategory,1
T849,T84.9,"Unspecified complication of internal orthopaedic prosthetic device, implant and graft",T84,subcategory,1
T85,T85,"Complications of other internal prosthetic devices, implants and grafts",T80-T88,category,1
T850,T85.0,Mechanical complication of ventricular intracranial (communicating) shunt,T85,subcategory,1
T851,T85.1,Mechanical complication of implanted electronic stimulator of nervous system,T85,subcategory,1
T852,T85.2,Mechanical complication of intraocular lens,T85,subcategory,1
T853,T85.3,"Mechanical complication of other ocular prosthetic devices, imnplants and grafts",T85,subcategory,1
T854,T85.4,Mechanical complication of breast prosthesis and implant,T85,subcategory,1
T855,T85.5,"Mechanical complication of gastro-intestinal prosthetic devices, implants and grafts",T85,subcategory,1
T856,T85.6,"Mechanical complication of other specified internal prosthetic devices, implants and grafts",T85,subcategory,1
T857,T85.7,"Infection and inflammatory reaction due to other internal prosthetic devices, implants and grafts",T85,subcategory,1
T858,T85.8,"Other complications of internal prosthetic devices, implants and grafts, not elsewhere classified",T85,subcategory,1
T859,T85.9,"Unspecified complication of internal prosthetic device, implant and graft",T85,subcategory,1
T86,T86,Failure and rejection of transplanted organs and tissues,T80-T88,category,1
T860,T86.0,Bone-marrow transplant rejection,T86,subcategory,1
T861,T86.1,Kidney transplant failure and rejection,T86,subcategory,1
T862,T86.2,Heart transplant failure and rejection,T86,subcategory,1
T864,T86.4,Liver transplant failure and rejection,T86,subcategory,1
T868,T86.8,Failure and rejection of other transplanted organs and tissues,T86,subcategory,1
T869,T86.9,Failure and rejection of unspecified transplanted organ and tissue,T86,subcategory,1
T87,T87,Complications peculiar to reattachment and amputation,T80-T88,category,1
T870,T87.0,Complications of reattached (part of) upper extremity,T87,subcategory,1
T872,T87.2,Complications of other reattached body part,T87,subcategory,1
T873,T87.3,Neuroma of amputation stump,T87,subcategory,1
T874,T87.4,Infection of amputation stump,T87,subcategory,1
T875,T87.5,Necrosis of amputation stump,T87,subcategory,1
T876,T87.6,Other and unspecified complications of amputation stump,T87,subcategory,1
T88,T88,"Other complications of surgical and medical care, not elsewhere classified",T80-T88,category,0
T881,T88.1,"Other complications following immunisation, not elsewhere classified",T88,subcategory,1
T882,T88.2,Shock due to anaesthesia,T88,subcategory,1
T883,T88.3,Malignant hyperthermia due to anaesthesis,T88,subcategory,1
T884,T88.4,Failed or difficult intubation,T88,subcategory,1
T885,T88.5,Other complications of anaesthesia,T88,subcategory,1
T886,T88.6,Anaphylactic shock due to adverse effect of correct drug or medicament properly administered,T88,subcategory,1
T887,T88.7,Unspecified adverse effect of drug or medicament,T88,subcategory,1
T888,T88.8,"Other specified complications of surgical and medical care, not elsewhere classified",T88,subcategory,1
T889,T88.9,"Complication of surgical and medical care, unspecified",T88,subcategory,1
T90,T90,Sequelae of injuries of head,T90-T98,category,1
T900,T90.0,Sequelae of superficial injury of head,T90,subcategory,1
T901,T90.1,Sequelae of open wound of head,T90,subcategory,1
T902,T90.2,Sequelae of fracture of skull and facial bones,T90,subcategory,1
T903,T90.3,Sequelae of injury of cranial nerves,T90,subcategory,1
T904,T90.4,Sequelae of injury of eye and orbit,T90,subcategory,1
T905,T90.5,Sequelae of intracranial injury,T90,subcategory,1
T908,T90.8,Sequelae of other specified injuries of head,T90,subcategory,1
T909,T90.9,Sequelae of unspecified injury of head,T90,subcategory,1
T91,T91,Sequelae of injuries of neck and trunk,T90-T98,category,0
T910,T91.0,Sequelae of superficial injury and open wound of neck and trunk,T91,subcategory,1
T911,T91.1,Sequelae of fracture of spine,T91,subcategory,1
T912,T91.2,Sequelae of other fracture of thorax and pelvis,T91,subcategory,1
T913,T91.3,Sequelae of injury of spinal cord,T91,subcategory,1
T915,T91.5,Sequelae of injury of intra-abdominal and pelvic organs,T91,subcategory,1
T918,T91.8,Sequelae of other specified injuries of neck and trunk,T91,subcategory,1
T919,T91.9,Sequelae of unspecified injury of neck and trunk,T91,subcategory,1
T92,T92,Sequelae of injuries of upper limb,T90-T98,category,0
T920,T92.0,Sequelae of open wound of upper limb,T92,subcategory,1
T921,T92.1,Sequelae of fracture of arm,T92,subcategory,1
T922,T92.2,Sequelae of fracture at wrist and hand level,T92,subcategory,1
T923,T92.3,"Sequelae of dislocation, sprain and strain of upper limb",T92,subcategory,1
T924,T92.4,Sequelae of injury of nerve of upper limb,T92,subcategory,1
T925,T92.5,Sequelae of injury of muscle and tendon of upper limb,T92,subcategory,1
T926,T92.6,Sequelae of crushing injury and traumatic amputation of upper limb,T92,subcategory,1
T928,T92.8,Sequelae of other specified injuries of upper limb,T92,subcategory,1
T929,T92.9,Sequelae of unspecified injury of upper limb,T92,subcategory,1
T93,T93,Sequelae of injuries of lower limb,T90-T98,category,0
T930,T93.0,Sequelae of open wound of lower limb,T93,subcategory,1
T931,T93.1,Sequelae of fracture of femur,T93,subcategory,1
T932,T93.2,Sequelae of other fractures of lower limb,T93,subcategory,1
T933,T93.3,"Sequelae of dislocation, sprain and strain of lower limb",T93,subcategory,1
T934,T93.4,Sequelae of injury of nerve of lower limb,T93,subcategory,1
T935,T93.5,Sequelae of injury of muscle and tendon of lower limb,T93,subcategory,1
T936,T93.6,Sequelae of crushing injury and traumatic amputation of lower limb,T93,subcategory,1
T938,T93.8,Sequelae of other specified injuries of lower limb,T93,subcategory,1
T939,T93.9,Sequelae of unspecified injury of lower limb,T93,subcategory,1
T94,T94,Sequelae of injuries involving multiple and unspecified body regions,T90-T98,category,1
T940,T94.0,Sequelae of injuries involving multiple body regions,T94,subcategory,1
T941,T94.1,"Sequelae of injuries, not specified by body region",T94,subcategory,1
T95,T95,"Sequelae of burns, corrosions and frostbite",T90-T98,category,1
T950,T95.0,"Sequelae of burn, corrosion and frostbite of head and neck",T95,subcategory,1
T951,T95.1,"Sequelae of burn, corrosion and frostbite of trunk",T95,subcategory,1
T952,T95.2,"Sequelae of burn, corrosion and frostbite of upper limb",T95,subcategory,1
T953,T95.3,"Sequelae of burn, corrosion and frostbite of lower limb",T95,subcategory,1
T958,T95.8,"Sequelae of other specified burn, corrosion and frostbite",T95,subcategory,1
T959,T95.9,"Sequelae of unspecified burn, corrosion and frostbite",T95,subcategory,1
T96,T96,"Sequelae of poisoning by drugs, medicaments and biological substances",T90-T98,category,1
T97,T97,Sequelae of toxic effects of substances chiefly nonmedicinal as to source,T90-T98,category,1
T98,T98,Sequelae of other and unspecified effects of external causes,T90-T98,category,0
T980,T98.0,Sequelae of effects of foreign body entering through natural orifice,T98,subcategory,1
T981,T98.1,Sequelae of other and unspecified effects of external causes,T98,subcategory,1
T983,T98.3,"Sequelae of complications of surgical and medical care, not elsewhere classified",T98,subcategory,1
U04,U04,Severe acute respiratory syndrome [SARS],U00-U49,category,0
U049,U04.9,"Severe acute respiratory syndrome [SARS], unspecified",U04,subcategory,1
U07,U07,Emergency use of U07,U00-U49,category,0
U070,U07.0,Vaping-related disorder,U07,subcategory,1
U071,U07.1,COVID-19 virus identified,U07,subcategory,1
U072,U07.2,COVID-19 virus not identified,U07,subcategory,1
U073,U07.3,Emergency use of U07.3,U07,subcategory,1
U074,U07.4,Emergency use of U07.4,U07,subcategory,1
U076,U07.6,Emergency use of U07.6,U07,subcategory,1
U077,U07.7,Emergency use of U07.7,U07,subcategory,1
U51,U51,Admission status on psychiatric patients,U00-U49,category,0
U510,U51.0,Not Previously admitted to a psyciatric hospital,U51,subcategory,1
U511,U51.1,Previously admitted to a psychiatric hospital of the provider,U51,subcategory,1
U52,U52,First in a series of a regular day/night admissions,U00-U49,category,1
U80,U80,Agent resistant to penicillin and related antibiotics,U00-U49,category,0
U800,U80.0,Penicillin resistant agent,U80,subcategory,1
U801,U80.1,Methicillin resistant agent,U80,subcategory,1
U808,U80.8,Agent resistant to other penicillin-related antibiotic,U80,subcategory,1
U81,U81,Agent resistant to vancomycin and related antibiotics,U00-U49,category,0
U810,U81.0,Vancomycin resistant agent,U81,subcategory,1
U818,U81.8,Agent resistant to other vancomycin-related antibiotic,U81,subcategory,1
U82,U82,Resistance to betalactam antibiotics,U82-U85,category,0
U820,U82.0,Resistance to penicillin,U82,subcategory,1
U821,U82.1,Resistance to methicillin,U82,subcategory,1
U822,U82.2,Extended spectrum betalactamase (ESBL) resistance,U82,subcategory,1
U828,U82.8,Resistance to other betalactam antibiotics,U82,subcategory,1
U829,U82.9,"Resistance to betalactam antibiotics, unspecified",U82,subcategory,1
U83,U83,Resistance to other antibiotics,U82-U85,category,0
U830,U83.0,Resistance to vancomycin,U83,subcategory,1
U831,U83.1,Resistance to other vancomycin related antibiotics,U83,subcategory,1
U832,U83.2,Resistance to quinolones,U83,subcategory,1
U837,U83.7,Resistance to multiple antibiotics,U83,subcategory,1
U838,U83.8,Resistance to other single specified antibiotic,U83,subcategory,1
U839,U83.9,Resistance to unspecified antibiotic,U83,subcategory,1
U84,U84,Resistance to other antimicrobial drugs,U82-U85,category,0
U840,U84.0,Resistance to antiparasitic drug(s),U84,subcategory,1
U841,U84.1,Resistance to antifungal drug(s),U84,subcategory,1
U842,U84.2,Resistance to antiviral drug(s),U84,subcategory,1
U847,U84.7,Resistance to multiple antimicrobial drugs,U84,subcategory,1
U848,U84.8,Resistance to other specified antimicrobial drug,U84,subcategory,1
U849,U84.9,Resistance to unspecified antimicrobial drugs,U84,subcategory,1
U85,U85,Resistance to antineoplastic drugs,U82-U85,category,1
U88,U88,Agent resistant to multiple antibiotics,U82-U85,category,1
U89,U89,Agent resistant to other and unspecified antibiotics,U82-U85,category,0
U898,U89.8,Agent resistant to other single specified antibiotic,U89,subcategory,1
U899,U89.9,Agent resistant to unspecified antibiotic,U89,subcategory,1
V01,V01,Pedestrian injured in collision with pedal cycle,V01-V09,category,1
V010,V01.0,Nontraffic accident,V01,subcategory,1
V0100,V01.00,Pedestrian on foot injured in collision with pedal cycle in nontraffic accident,V010,extension,1
V011,V01.1,Traffic accident,V01,subcategory,1
V019,V01.9,Unspecified whether traffic or nontraffic accident,V01,subcategory,1
V02,V02,Pedestrian injured in collision with two- or three-wheeled motor vehicle,V01-V09,category,0
V020,V02.0,Nontraffic accident,V02,subcategory,1
V021,V02.1,Traffic accident,V02,subcategory,1
V029,V02.9,Unspecified whether traffic or nontraffic accident,V02,subcategory,1
V03,V03,"Pedestrian injured in collision with car, pick-up truck or van",V01-V09,category,1
V030,V03.0,Nontraffic accident,V03,subcategory,1
V0308,V03.08,"Pedestrian injured in collision with car, pick-up truck or van; nontraffic accident; while engaged in other specified activities",V030,extension,1
V031,V03.1,Traffic accident,V03,subcategory,1
V0310,V03.10,"Pedestrian on foot injured in collision with car, pick-up truck or van in traffic accident",V031,extension,1
V0319,V03.19,"Pedestrian with other conveyance injured in collision with car, pick-up truck or van in traffic accident",V031,extension,1
V039,V03.9,Unspecified whether traffic or nontraffic accident,V03,subcategory,1
V04,V04,Pedestrian injured in collision with heavy transport vehicle or bus,V01-V09,category,0
V041,V04.1,Traffic accident,V04,subcategory,1
V05,V05,Pedestrian injured in collision with railway train or railway vehicle,V01-V09,category,0
V051,V05.1,Traffic accident,V05,subcategory,1
V059,V05.9,Unspecified whether traffic or nontraffic accident,V05,subcategory,1
V06,V06,Pedestrian injured in collision with other nonmotor vehicle,V01-V09,category,0
V060,V06.0,Nontraffic accident,V06,subcategory,1
V09,V09,Pedestrian injured in other and unspecified transport accidents,V01-V09,category,0
V090,V09.0,Pedestrian injured in nontraffic accident involving other and unspecified motor vehicles,V09,subcategory,1
V091,V09.1,Pedestrian injured in unspecified nontraffic accident,V09,subcategory,1
V092,V09.2,Pedestrian injured in traffic accident involving other and unspecified motor vehicles,V09,subcategory,1
V093,V09.3,Pedestrian injured in unspecified traffic accident,V09,subcategory,1
V099,V09.9,Pedestrian injured in unspecified transport accident,V09,subcategory,1
V10,V10,Pedal cyclist injured in collision with pedestrian or animal,V10-V19,category,0
V100,V10.0,Driver injured in nontraffic accident,V10,subcategory,1
V102,V10.2,Unspecified pedal cyclist injured in nontraffic accident,V10,subcategory,1
V104,V10.4,Driver injured in traffic accident,V10,subcategory,1
V11,V11,Pedal cyclist injured in collision with other pedal cycle,V10-V19,category,1
V110,V11.0,Driver injured in nontraffic accident,V11,subcategory,1
V112,V11.2,Unspecified pedal cyclist injured in nontraffic accident,V11,subcategory,1
V114,V11.4,Driver injured in traffic accident,V11,subcategory,1
V119,V11.9,Unspecified pedal cyclist injured in traffic accident,V11,subcategory,1
V12,V12,Pedal cyclist injured in collision with two- or three-wheeled motor vehicle,V10-V19,category,0
V124,V12.4,Driver injured in traffic accident,V12,subcategory,1
V129,V12.9,Unspecified pedal cyclist injured in traffic accident,V12,subcategory,1
V13,V13,"Pedal cyclist injured in collision with car, pick-up truck or van",V10-V19,category,1
V130,V13.0,Driver injured in nontraffic accident,V13,subcategory,1
V132,V13.2,Unspecified pedal cyclist injured in nontraffic accident,V13,subcategory,1
V1328,V13.28,"Pedal cyclist injured in collision with car, pick-up truck or van; unspecified pedal cyclist injured in nontraffic accident; while engaged in other specified activities",V132,extension,1
V134,V13.4,Driver injured in traffic accident,V13,subcategory,1
V135,V13.5,Passenger injured in traffic accident,V13,subcategory,1
V139,V13.9,Unspecified pedal cyclist injured in traffic accident,V13,subcategory,1
V14,V14,Pedal cyclist injured in collision with heavy transport vehicle or bus,V10-V19,category,0
V140,V14.0,Driver injured in nontraffic accident,V14,subcategory,1
V144,V14.4,Driver injured in traffic accident,V14,subcategory,1
V149,V14.9,Unspecified pedal cyclist injured in traffic accident,V14,subcategory,1
V16,V16,Pedal cyclist injured in collision with other nonmotor vehicle,V10-V19,category,0
V160,V16.0,Driver injured in nontraffic accident,V16,subcategory,1
V17,V17,Pedal cyclist injured in collision with fixed or stationary object,V10-V19,category,1
V170,V17.0,Driver injured in nontraffic accident,V17,subcategory,1
V171,V17.1,Passenger injured in nontraffic accident,V17,subcategory,1
V172,V17.2,Unspecified pedal cyclist injured in nontraffic accident,V17,subcategory,1
V174,V17.4,Driver injured in traffic accident,V17,subcategory,1
V179,V17.9,Unspecified pedal cyclist injured in traffic accident,V17,subcategory,1
V18,V18,Pedal cyclist injured in noncollision transport accident,V10-V19,category,1
V180,V18.0,Driver injured in nontraffic accident,V18,subcategory,1
V181,V18.1,Passenger injured in nontraffic accident,V18,subcategory,1
V182,V18.2,Unspecified pedal cyclist injured in nontraffic accident,V18,subcategory,1
V183,V18.3,Person injured while boarding or alighting,V18,subcategory,1
V184,V18.4,Driver injured in traffic accident,V18,subcategory,1
V1849,V18.49,Pedal cyclist injured in noncollision transport accident; driver injured in traffic accident ; during unspecified activity,V184,extension,1
V185,V18.5,Passenger injured in traffic accident,V18,subcategory,1
V189,V18.9,Unspecified pedal cyclist injured in traffic accident,V18,subcategory,1
V19,V19,Pedal cyclist injured in other and unspecified transport accidents,V10-V19,category,0
V190,V19.0,Driver injured in collision with other and unspecified motor vehicles in nontraffic accident,V19,subcategory,1
V192,V19.2,Unspecified pedal cyclist injured in collision with other and unspecified motor vehicles in nontraffic accident,V19,subcategory,1
V1929,V19.29,Unspecified pedal cyclist injured in collision with other and unspecified motor vehicles in nontraffic accident; During unspecified activity,V192,extension,1
V193,V19.3,Pedal cyclist [any] injured in an unspecified nontraffic accident,V19,subcategory,1
V194,V19.4,Driver injured in collision with other and unspecified motor vehicles in traffic accident,V19,subcategory,1
V195,V19.5,Passenger injured in collision with other and unspecified motor vehicles in traffic accident,V19,subcategory,1
V196,V19.6,Unspecified pedal cyclist injured in collision with other and unspecified motor vehicles in traffic accident,V19,subcategory,1
V1960,V19.60,Unspecified pedal cyclist injured in collision with unspecified motor vehicles in traffic accident,V196,extension,1
V198,V19.8,Pedal cyclist [any] injured in other specified transport accidents,V19,subcategory,1
V199,V19.9,Pedal cyclist [any] injured in unspecified traffic accident,V19,subcategory,1
V20,V20,Motorcycle rider injured in collision with pedestrian or animal,V20-V29,category,0
V200,V20.0,Driver injured in nontraffic accident,V20,subcategory,1
V204,V20.4,Driver injured in traffic accident,V20,subcategory,1
V22,V22,Motorcycle rider injured in collision with two- or three-wheeled motor vehicle,V20-V29,category,0
V220,V22.0,Driver injured in nontraffic accident,V22,subcategory,1
V224,V22.4,Driver injured in traffic accident,V22,subcategory,1
V229,V22.9,Unspecified motorcycle rider injured in traffic accident,V22,subcategory,1
V23,V23,"Motorcycle rider injured in collision with car, pick-up truck or van",V20-V29,category,0
V230,V23.0,Driver injured in nontraffic accident,V23,subcategory,1
V231,V23.1,Passenger injured in nontraffic accident,V23,subcategory,1
V234,V23.4,Driver injured in traffic accident,V23,subcategory,1
V235,V23.5,Passenger injured in traffic accident,V23,subcategory,1
V239,V23.9,Unspecified motorcycle rider injured in traffic accident,V23,subcategory,1
V24,V24,Motorcycle rider injured in collision with heavy transport vehicle or bus,V20-V29,category,0
V244,V24.4,Driver injured in traffic accident,V24,subcategory,1
V25,V25,Motorcycle rider injured in collision with railway train or railway vehicle,V20-V29,category,0
V255,V25.5,Passenger injured in traffic accident,V25,subcategory,1
V27,V27,Motorcycle rider injured in collision with fixed or stationary object,V20-V29,category,0
V270,V27.0,Driver injured in nontraffic accident,V27,subcategory,1
V2709,V27.09,Motorcycle rider injured in collision with fixed or stationary object; driver injured in nontraffic accident; during unspecified activity,V270,extension,1
V274,V27.4,Driver injured in traffic accident,V27,subcategory,1
V279,V27.9,Unspecified motorcycle rider injured in traffic accident,V27,subcategory,1
V28,V28,Motorcycle rider injured in noncollision transport accident,V20-V29,category,0
V280,V28.0,Driver injured in nontraffic accident,V28,subcategory,1
V281,V28.1,Passenger injured in nontraffic accident,V28,subcategory,1
V282,V28.2,Unspecified motorcycle rider injured in nontraffic accident,V28,subcategory,1
V283,V28.3,Person injured while boarding or alighting,V28,subcategory,1
V284,V28.4,Driver injured in traffic accident,V28,subcategory,1
V285,V28.5,Passenger injured in traffic accident,V28,subcategory,1
V289,V28.9,Unspecified motorcycle rider injured in traffic accident,V28,subcategory,1
V29,V29,Motorcycle rider injured in other and unspecified transport accidents,V20-V29,category,1
V293,V29.3,Motorcycle rider [any] injured in unspecified nontraffic accident,V29,subcategory,1
V294,V29.4,Driver injured in collision with other and unspecified motor vehicles in traffic accident,V29,subcategory,1
V2949,V29.49,Motorcycle driver injured in collision with other motor vehicles in traffic accident,V294,extension,1
V296,V29.6,Unspecified motorcycle rider injured in collision with other and unspecified motor vehicles in traffic accident,V29,subcategory,1
V2969,V29.69,Unspecified motorcycle rider injured in collision with other and unspecified motor vehicles in traffic accident; during unspecified activity,V296,extension,1
V298,V29.8,Motorcycle rider [any] injured in other specified transport accidents,V29,subcategory,1
V299,V29.9,Motorcycle rider [any] injured in unspecified traffic accident,V29,subcategory,1
V2999,V29.99,Motorcycle rider [any] injured in unspecified traffic accident; during unspecified activity,V299,extension,1
V34,V34,Occupant of three-wheeled motor vehicle injured in collision with heavy transport vehicle or bus,V30-V39,category,0
V344,V34.4,Person injured while boarding or alighting,V34,subcategory,1
V40,V40,Car occupant injured in collision with pedestrian or animal,V40-V49,category,0
V407,V40.7,Person on outside of vehicle injured in traffic accident,V40,subcategory,1
V409,V40.9,Unspecified car occupant injured in traffic accident,V40,subcategory,1
V41,V41,Car occupant injured in collision with pedal cycle,V40-V49,category,0
V413,V41.3,Unspecified car occupant injured in nontraffic accident,V41,subcategory,1
V42,V42,Car occupant injured in collision with two- or three-wheeled motor vehicle,V40-V49,category,0
V425,V42.5,Driver injured in traffic accident,V42,subcategory,1
V426,V42.6,Passenger injured in traffic accident,V42,subcategory,1
V43,V43,"Car occupant injured in collision with car, pick-up truck or van",V40-V49,category,1
V430,V43.0,Driver injured in nontraffic accident,V43,subcategory,1
V431,V43.1,Passenger injured in nontraffic accident,V43,subcategory,1
V433,V43.3,Unspecified car occupant injured in nontraffic accident,V43,subcategory,1
V434,V43.4,Person injured while boarding or alighting,V43,subcategory,1
V435,V43.5,Driver injured in traffic accident,V43,subcategory,1
V436,V43.6,Passenger injured in traffic accident,V43,subcategory,1
V4369,V43.69,"Car occupant injured in collision with car, pick-up truck or van; passenger injured in traffic accident; during unspecified activity",V436,extension,1
V439,V43.9,Unspecified car occupant injured in traffic accident,V43,subcategory,1
V44,V44,Car occupant injured in collision with heavy transport vehicle or bus,V40-V49,category,0
V440,V44.0,Driver injured in nontraffic accident,V44,subcategory,1
V445,V44.5,Driver injured in traffic accident,V44,subcategory,1
V446,V44.6,Passenger injured in traffic accident,V44,subcategory,1
V45,V45,Car occupant injured in collision with railway train or railway vehicle,V40-V49,category,0
V455,V45.5,Driver injured in traffic accident,V45,subcategory,1
V459,V45.9,Unspecified car occupant injured in traffic accident,V45,subcategory,1
V46,V46,Car occupant injured in collision with other nonmotor vehicle,V40-V49,category,0
V465,V46.5,Driver injured in traffic accident,V46,subcategory,1
V47,V47,Car occupant injured in collision with fixed or stationary object,V40-V49,category,0
V470,V47.0,Driver injured in nontraffic accident,V47,subcategory,1
V471,V47.1,Passenger injured in nontraffic accident,V47,subcategory,1
V472,V47.2,Person on outside of vehicle injured in nontraffic accident,V47,subcategory,1
V474,V47.4,Person injured while boarding or alighting,V47,subcategory,1
V475,V47.5,Driver injured in traffic accident,V47,subcategory,1
V476,V47.6,Passenger injured in traffic accident,V47,subcategory,1
V479,V47.9,Unspecified car occupant injured in traffic accident,V47,subcategory,1
V48,V48,Car occupant injured in noncollision transport accident,V40-V49,category,0
V480,V48.0,Driver injured in nontraffic accident,V48,subcategory,1
V481,V48.1,Passenger injured in nontraffic accident,V48,subcategory,1
V482,V48.2,Person on outside of vehicle injured in nontraffic accident,V48,subcategory,1
V484,V48.4,Person injured while boarding or alighting,V48,subcategory,1
V485,V48.5,Driver injured in traffic accident,V48,subcategory,1
V486,V48.6,Passenger injured in traffic accident,V48,subcategory,1
V487,V48.7,Person on outside of vehicle injured in traffic accident,V48,subcategory,1
V489,V48.9,Unspecified car occupant injured in traffic accident,V48,subcategory,1
V49,V49,Car occupant injured in other and unspecified transport accidents,V40-V49,category,0
V490,V49.0,Driver injured in collision with other and unspecified motor vehicles in nontraffic accident,V49,subcategory,1
V493,V49.3,Car occupant [any] injured in unspecified nontraffic accident,V49,subcategory,1
V494,V49.4,Driver injured in collision with other and unspecified motor vehicles in traffic accident,V49,subcategory,1
V4940,V49.40,Driver injured in collision with unspecified motor vehicles in traffic accident,V494,extension,1
V495,V49.5,Passenger injured in collision with other and unspecified motor vehicles in traffic accident,V49,subcategory,1
V4959,V49.59,Passenger injured in collision with other motor vehicles in traffic accident,V495,extension,1
V496,V49.6,Unspecified car occupant injured in collision with other and unspecified motor vehicles in traffic accident,V49,subcategory,1
V498,V49.8,Car occupant [any] injured in other specified transport accidents,V49,subcategory,1
V4988,V49.88,Car occupant (driver) (passenger) injured in other specified transport accidents,V498,extension,1
V499,V49.9,Car occupant [any] injured in unspecified traffic accident,V49,subcategory,1
V53,V53,"Occupant of pick-up truck or van injured in collision with car, pick-up truck or van",V50-V59,category,0
V535,V53.5,Driver injured in traffic accident,V53,subcategory,1
V536,V53.6,Passenger injured in traffic accident,V53,subcategory,1
V539,V53.9,Unspecified occupant of pick-up truck or van injured in traffic accident,V53,subcategory,1
V54,V54,Occupant of pick-up truck or van injured in collision with heavy transport vehicle or bus,V50-V59,category,0
V545,V54.5,Driver injured in traffic accident,V54,subcategory,1
V58,V58,Occupant of pick-up truck or van injured in noncollision transport accident,V50-V59,category,0
V582,V58.2,Person on outside of vehicle injured in nontraffic accident,V58,subcategory,1
V584,V58.4,Person injured while boarding or alighting,V58,subcategory,1
V585,V58.5,Driver injured in traffic accident,V58,subcategory,1
V59,V59,Occupant of pick-up truck or van injured in other and unspecified transport accidents,V50-V59,category,0
V598,V59.8,Occupant [any] of pick-up truck or van injured in other specified transport accidents,V59,subcategory,1
V599,V59.9,Occupant [any] of pick-up truck or van injured in unspecified traffic accident,V59,subcategory,1
V63,V63,"Occupant of heavy transport vehicle injured in collision with car, pick-up truck or van",V60-V69,category,0
V635,V63.5,Driver injured in traffic accident,V63,subcategory,1
V64,V64,Occupant of heavy transport vehicle injured in collision with heavy transport vehicle or bus,V60-V69,category,0
V644,V64.4,Person injured while boarding or alighting,V64,subcategory,1
V645,V64.5,Driver injured in traffic accident,V64,subcategory,1
V65,V65,Occupant of heavy transport vehicle injured in collision with railway train or railway vehicle,V60-V69,category,0
V655,V65.5,Driver injured in traffic accident,V65,subcategory,1
V67,V67,Occupant of heavy transport vehicle injured in collision with fixed or stationary object,V60-V69,category,0
V675,V67.5,Driver injured in traffic accident,V67,subcategory,1
V68,V68,Occupant of heavy transport vehicle injured in noncollision transport accident,V60-V69,category,0
V680,V68.0,Driver injured in nontraffic accident,V68,subcategory,1
V681,V68.1,Passenger injured in nontraffic accident,V68,subcategory,1
V682,V68.2,Person on outside of vehicle injured in nontraffic accident,V68,subcategory,1
V683,V68.3,Unspecified occupant of heavy transport vehicle injured in nontraffic accident,V68,subcategory,1
V684,V68.4,Person injured while boarding or alighting,V68,subcategory,1
V685,V68.5,Driver injured in traffic accident,V68,subcategory,1
V686,V68.6,Passenger injured in traffic accident,V68,subcategory,1
V69,V69,Occupant of heavy transport vehicle injured in other and unspecified transport accidents,V60-V69,category,0
V693,V69.3,Occupant [any] of heavy transport vehicle injured in unspecified nontraffic accident,V69,subcategory,1
V698,V69.8,Occupant [any] of heavy transport vehicle injured in other specified transport accidents,V69,subcategory,1
V699,V69.9,Occupant [any] of heavy transport vehicle injured in unspecified traffic accident,V69,subcategory,1
V70,V70,Bus occupant injured in collision with pedestrian or animal,V70-V79,category,0
V707,V70.7,Person on outside of vehicle injured in traffic accident,V70,subcategory,1
V73,V73,"Bus occupant injured in collision with car, pick-up truck or van",V70-V79,category,0
V736,V73.6,Passenger injured in traffic accident,V73,subcategory,1
V77,V77,Bus occupant injured in collision with fixed or stationary object,V70-V79,category,0
V775,V77.5,Driver injured in traffic accident,V77,subcategory,1
V78,V78,Bus occupant injured in noncollision transport accident,V70-V79,category,0
V781,V78.1,Passenger injured in nontraffic accident,V78,subcategory,1
V783,V78.3,Unspecified bus occupant injured in nontraffic accident,V78,subcategory,1
V784,V78.4,Person injured while boarding or alighting,V78,subcategory,1
V786,V78.6,Passenger injured in traffic accident,V78,subcategory,1
V789,V78.9,Unspecified bus occupant injured in traffic accident,V78,subcategory,1
V79,V79,Bus occupant injured in other and unspecified transport accidents,V70-V79,category,0
V791,V79.1,Passenger injured in collision with other and unspecified motor vehicles in nontraffic accident,V79,subcategory,1
V793,V79.3,Bus occupant [any] injured in unspecified nontraffic accident,V79,subcategory,1
V795,V79.5,Passenger injured in collision with other and unspecified motor vehicles in traffic accident,V79,subcategory,1
V798,V79.8,Bus occupant [any] injured in other specified transport accidents,V79,subcategory,1
V799,V79.9,Bus occupant [any] injured in unspecified traffic accident,V79,subcategory,1
V80,V80,Animal-rider or occupant of animal-drawn vehicle injured in transport accident,V80-V89,category,1
V800,V80.0,Rider or occupant injured by fall from or being thrown from animal or animal-drawn vehicle in noncollision accident,V80,subcategory,1
V801,V80.1,Rider or occupant injured in collision with pedestrian or animal,V80,subcategory,0
V8011,V80.11,Animal-rider injured in collision with pedestrian or animal,V801,extension,1
V809,V80.9,Rider or occupant injured in other and unspecified transport accidents,V80,subcategory,1
V81,V81,Occupant of railway train or railway vehicle injured in transport accident,V80-V89,category,1
V812,V81.2,Occupant of railway train or railway vehicle injured in collision with or hit by rolling stock,V81,subcategory,1
V813,V81.3,Occupant of railway train or railway vehicle injured in collision with other object,V81,subcategory,1
V814,V81.4,Person injured while boarding or alighting from railway train or railway vehicle,V81,subcategory,1
V815,V81.5,Occupant of railway train or railway vehicle injured by fall in railway train or railway vehicle,V81,subcategory,1
V818,V81.8,Occupant of railway train or railway vehicle injured in other specified railway accidents,V81,subcategory,1
V819,V81.9,Occupant of railway train or railway vehicle injured in unspecified railway accident,V81,subcategory,1
V82,V82,Occupant of streetcar injured in transport accident,V80-V89,category,0
V821,V82.1,Occupant of streetcar injured in collision with motor vehicle in traffic accident,V82,subcategory,1
V824,V82.4,Person injured while boarding or alighting from streetcar,V82,subcategory,1
V825,V82.5,Occupant of streetcar injured by fall in streetcar,V82,subcategory,1
V826,V82.6,Occupant of streetcar injured by fall from streetcar,V82,subcategory,1
V83,V83,Occupant of special vehicle mainly used on industrial premises injured in transport accident,V80-V89,category,1
V837,V83.7,Person on outside of special industrial vehicle injured in nontraffic accident,V83,subcategory,1
V8372,V83.72,Person on outside of special industrial vehicle injured in nontraffic accident; while working for income,V837,extension,1
V839,V83.9,Unspecified occupant of special industrial vehicle injured in nontraffic accident,V83,subcategory,1
V84,V84,Occupant of special vehicle mainly used in agriculture injured in transport accident,V80-V89,category,0
V845,V84.5,Driver of special agricultural vehicle injured in nontraffic accident,V84,subcategory,1
V846,V84.6,Passenger of special agricultural vehicle injured in nontraffic accident,V84,subcategory,1
V849,V84.9,Unspecified occupant of special agricultural vehicle injured in nontraffic accident,V84,subcategory,1
V85,V85,Occupant of special construction vehicle injured in transport accident,V80-V89,category,1
V86,V86,"Occupant of special all-terrain or other motor vehicle designed primarily for off-road use, injured in transport accident",V80-V89,category,0
V865,V86.5,Driver of all-terrain or other off-road motor vehicle injured in nontraffic accident,V86,subcategory,1
V866,V86.6,Passenger of all-terrain or other off-road motor vehicle injured in nontraffic accident,V86,subcategory,1
V869,V86.9,Unspecified occupant of all-terrain or other off-road motor vehicle injured in nontraffic accident,V86,subcategory,1
V87,V87,Traffic accident of specified type but victim's mode of transport unknown,V80-V89,category,0
V870,V87.0,Person injured in collision between car and two- or three-wheeled motor vehicle (traffic),V87,subcategory,1
V871,V87.1,Person injured in collision between other motor vehicle and two- or three-wheeled motor vehicle (traffic),V87,subcategory,1
V872,V87.2,Person injured in collision between car and pick-up truck or van (traffic),V87,subcategory,1
V873,V87.3,Person injured in collision between car and bus (traffic),V87,subcategory,1
V874,V87.4,Person injured in collision between car and heavy transport vehicle (traffic),V87,subcategory,1
V875,V87.5,Person injured in collision between heavy transport vehicle and bus (traffic),V87,subcategory,1
V876,V87.6,Person injured in collision between railway train or railway vehicle and car (traffic),V87,subcategory,1
V877,V87.7,Person injured in collision between other specified motor vehicles (traffic),V87,subcategory,1
V878,V87.8,Person injured in other specified noncollision transport accidents involving motor vehicle (traffic),V87,subcategory,1
V879,V87.9,Person injured in other specified (collision) (noncollision) transport accidents involving nonmotor vehicle (traffic),V87,subcategory,1
V88,V88,Nontraffic accident of specified type but victim's mode of transport unknown,V80-V89,category,0
V888,V88.8,"Person injured in other specified noncollision transport accidents involving motor vehicle, nontraffic",V88,subcategory,1
V889,V88.9,"Person injured in other specified (collision) (noncollision) transport accidents involving nonmotor vehicle, nontraffic",V88,subcategory,1
V89,V89,"Motor- or nonmotor-vehicle accident, type of vehicle unspecified",V80-V89,category,0
V890,V89.0,"Person injured in unspecified motor-vehicle accident, nontraffic",V89,subcategory,1
V891,V89.1,"Person injured in unspecified nonmotor-vehicle accident, nontraffic",V89,subcategory,1
V892,V89.2,"Person injured in unspecified motor-vehicle accident, traffic",V89,subcategory,1
V893,V89.3,"Person injured in unspecified nonmotor-vehicle accident, traffic",V89,subcategory,1
V899,V89.9,Person injured in unspecified vehicle accident,V89,subcategory,1
V91,V91,Accident to watercraft causing other injury,V90-V94,category,0
V919,V91.9,Unspecified watercraft,V91,subcategory,1
V92,V92,Water-transport-related drowning and submersion without accident to watercraft,V90-V94,category,0
V920,V92.0,Merchant ship,V92,subcategory,0
V9209,V92.09,Drowning and submersion due to fall off unspecified watercraft,V920,extension,1
V922,V92.2,Fishing boat,V92,subcategory,1
V923,V92.3,Other powered watercraft,V92,subcategory,1
V926,V92.6,Inflatable craft (nonpowered),V92,subcategory,1
V929,V92.9,Unspecified watercraft,V92,subcategory,1
V93,V93,"Accident on board watercraft without accident to watercraft, not causing drowning and submersion",V90-V94,category,1
V930,V93.0,Merchant ship,V93,subcategory,1
V931,V93.1,Passenger ship,V93,subcategory,1
V933,V93.3,Other powered watercraft,V93,subcategory,1
V9339,V93.39,Fall on board unspecified watercraft,V933,extension,1
V934,V93.4,Sailboat,V93,subcategory,1
V936,V93.6,Inflatable craft (nonpowered),V93,subcategory,1
V938,V93.8,Other unpowered watercraft,V93,subcategory,1
V939,V93.9,Unspecified watercraft,V93,subcategory,1
V94,V94,Other and unspecified water transport accidents,V90-V94,category,1
V940,V94.0,Merchant ship,V94,subcategory,1
V943,V94.3,Other powered watercraft,V94,subcategory,1
V944,V94.4,Sailboat,V94,subcategory,1
V945,V94.5,Canoe or kayak,V94,subcategory,1
V946,V94.6,Inflatable craft (nonpowered),V94,subcategory,1
V947,V94.7,Water-skis,V94,subcategory,1
V948,V94.8,Other unpowered watercraft,V94,subcategory,1
V9489,V94.89,Other water transport accident,V948,extension,1
V949,V94.9,Unspecified watercraft,V94,subcategory,1
V95,V95,Accident to powered aircraft causing injury to occupant,V95-V97,category,1
V950,V95.0,Helicopter accident injuring occupant,V95,subcategory,1
V951,V95.1,"Ultralight, microlight or powered-glider accident injuring occupant",V95,subcategory,1
V959,V95.9,Unspecified aircraft accident injuring occupant,V95,subcategory,1
V96,V96,Accident to nonpowered aircraft causing injury to occupant,V95-V97,category,0
V960,V96.0,Balloon accident injuring occupant,V96,subcategory,1
V961,V96.1,Hang-glider accident injuring occupant,V96,subcategory,1
V962,V96.2,Glider (nonpowered) accident injuring occupant,V96,subcategory,1
V968,V96.8,Other nonpowered-aircraft accidents injuring occupant,V96,subcategory,1
V97,V97,Other specified air transport accidents,V95-V97,category,0
V972,V97.2,Parachutist injured in air transport accident,V97,subcategory,1
V9729,V97.29,Other parachutist accident,V972,extension,1
V973,V97.3,Person on ground injured in air transport accident,V97,subcategory,1
V9739,V97.39,Other injury to person on ground due to air transport accident,V973,extension,1
V978,V97.8,"Other air transport accidents, not elsewhere classified",V97,subcategory,0
V9789,V97.89,"Other air transport accidents, not elsewhere classified",V978,extension,1
V98,V98,Other specified transport accidents,V98-V99,category,1
V988,V98.8,Other specified transport accidents,V98,subcategory,1
V99,V99,Unspecified transport accident,V98-V99,category,1
W00,W00,Fall on same level involving ice and snow,W00-W19,category,1
W000,W00.0,Home,W00,subcategory,1
W002,W00.2,"School, other institution and public administrative area",W00,subcategory,1
W003,W00.3,Sports and athletics area,W00,subcategory,1
W004,W00.4,Street and highway,W00,subcategory,1
W005,W00.5,Trade and service area,W00,subcategory,1
W006,W00.6,Industrial and construction area,W00,subcategory,1
W008,W00.8,Other specified place,W00,subcategory,1
W009,W00.9,Unspecified place,W00,subcategory,1
W01,W01,"Fall on same level from slipping, tripping and stumbling",W00-W19,category,1
W010,W01.0,Home,W01,subcategory,1
W0103,W01.03,"Fall on same level from slipping, tripping and stumbling; Home; While engaged in other types of work",W010,extension,1
W0108,W01.08,"Fall on same level from slipping, tripping and stumbling; Home; While engaged in other specified activities",W010,extension,1
W0109,W01.09,"Fall on same level from slipping, tripping and stumbling; Home; During unspecified activity",W010,extension,1
W011,W01.1,Residential institution,W01,subcategory,1
W012,W01.2,"School, other institution and public administrative area",W01,subcategory,1
W0124,W01.24,"Fall on same level from slipping, tripping and stumbling; School, other institution and public administrative area; While resting, sleeping, eating or engaging in other vital activities",W012,extension,1
W013,W01.3,Sports and athletics area,W01,subcategory,1
W0131,W01.31,"Fall on same level from slipping, tripping and stumbling; Sports and athletics area; While engaged in leisure activity",W013,extension,1
W014,W01.4,Street and highway,W01,subcategory,1
W0148,W01.48,"Fall on same level from slipping, tripping and stumbling; Street and highway; While engaged in other specified activities",W014,extension,1
W0149,W01.49,"Fall on same level from slipping, tripping and stumbling; Street and highway; During unspecified activity",W014,extension,1
W015,W01.5,Trade and service area,W01,subcategory,1
W0153,W01.53,"Fall on same level from slipping, tripping and stumbling; Trade and service area; While engaged in other types of work",W015,extension,1
W016,W01.6,Industrial and construction area,W01,subcategory,1
W017,W01.7,Farm,W01,subcategory,1
W018,W01.8,Other specified place,W01,subcategory,1
W019,W01.9,Unspecified place,W01,subcategory,1
W02,W02,"Fall involving ice-skates, skis, roller-skates or skateboards",W00-W19,category,0
W023,W02.3,Sports and athletics area,W02,subcategory,1
W024,W02.4,Street and highway,W02,subcategory,1
W025,W02.5,Trade and service area,W02,subcategory,1
W028,W02.8,Other specified place,W02,subcategory,1
W029,W02.9,Unspecified place,W02,subcategory,1
W03,W03,"Other fall on same level due to collision with, or pushing by, another person",W00-W19,category,1
W030,W03.0,Home,W03,subcategory,1
W031,W03.1,Residential institution,W03,subcategory,1
W032,W03.2,"School, other institution and public administrative area",W03,subcategory,1
W033,W03.3,Sports and athletics area,W03,subcategory,1
W0330,W03.30,"Other fall on same level due to collision with, or pushing by, another person; Sports and athletics area; While engaged in sports activity",W033,extension,1
W034,W03.4,Street and highway,W03,subcategory,1
W035,W03.5,Trade and service area,W03,subcategory,1
W038,W03.8,Other specified place,W03,subcategory,1
W0389,W03.89,"Other fall on same level due to collision with, or pushing by, another person, Other specified places , During unspecified activity",W038,extension,1
W039,W03.9,Unspecified place,W03,subcategory,1
W04,W04,Fall while being carried or supported by other persons,W00-W19,category,0
W044,W04.4,Street and highway,W04,subcategory,1
W045,W04.5,Trade and service area,W04,subcategory,1
W049,W04.9,Unspecified place,W04,subcategory,1
W05,W05,Fall involving wheelchair,W00-W19,category,0
W050,W05.0,Home,W05,subcategory,1
W051,W05.1,Residential institution,W05,subcategory,1
W052,W05.2,"School, other institution and public administrative area",W05,subcategory,1
W054,W05.4,Street and highway,W05,subcategory,1
W055,W05.5,Trade and service area,W05,subcategory,1
W059,W05.9,Unspecified place,W05,subcategory,1
W06,W06,Fall involving bed,W00-W19,category,0
W060,W06.0,Home,W06,subcategory,1
W061,W06.1,Residential institution,W06,subcategory,1
W062,W06.2,"School, other institution and public administrative area",W06,subcategory,1
W065,W06.5,Trade and service area,W06,subcategory,1
W069,W06.9,Unspecified place,W06,subcategory,1
W07,W07,Fall involving chair,W00-W19,category,1
W070,W07.0,Home,W07,subcategory,1
W071,W07.1,Residential institution,W07,subcategory,1
W072,W07.2,"School, other institution and public administrative area",W07,subcategory,1
W073,W07.3,Sports and athletics area,W07,subcategory,1
W075,W07.5,Trade and service area,W07,subcategory,1
W078,W07.8,Other specified place,W07,subcategory,1
W079,W07.9,Unspecified place,W07,subcategory,1
W08,W08,Fall involving other furniture,W00-W19,category,0
W080,W08.0,Home,W08,subcategory,1
W081,W08.1,Residential institution,W08,subcategory,1
W082,W08.2,"School, other institution and public administrative area",W08,subcategory,1
W084,W08.4,Street and highway,W08,subcategory,1
W085,W08.5,Trade and service area,W08,subcategory,1
W088,W08.8,Other specified place,W08,subcategory,1
W089,W08.9,Unspecified place,W08,subcategory,1
W09,W09,Fall involving playground equipment,W00-W19,category,0
W090,W09.0,Home,W09,subcategory,1
W097,W09.7,Farm,W09,subcategory,1
W098,W09.8,Other specified place,W09,subcategory,1
W099,W09.9,Unspecified place,W09,subcategory,1
W10,W10,Fall on and from stairs and steps,W00-W19,category,1
W100,W10.0,Home,W10,subcategory,1
W1003,W10.03,Fall on and from stairs and steps; Home; While engaged in other types of work,W100,extension,1
W101,W10.1,Residential institution,W10,subcategory,1
W102,W10.2,"School, other institution and public administrative area",W10,subcategory,1
W103,W10.3,Sports and athletics area,W10,subcategory,1
W104,W10.4,Street and highway,W10,subcategory,1
W105,W10.5,Trade and service area,W10,subcategory,1
W1059,W10.59,Fall on and from stairs and steps; Trade and service area; During unspecified activity,W105,extension,1
W106,W10.6,Industrial and construction area,W10,subcategory,1
W108,W10.8,Other specified place,W10,subcategory,1
W109,W10.9,Unspecified place,W10,subcategory,1
W1090,W10.90,Fall on and from stairs and steps; Unspecified place; While engaged in sports activity,W109,extension,1
W11,W11,Fall on and from ladder,W00-W19,category,1
W110,W11.0,Home,W11,subcategory,1
W112,W11.2,"School, other institution and public administrative area",W11,subcategory,1
W114,W11.4,Street and highway,W11,subcategory,1
W115,W11.5,Trade and service area,W11,subcategory,1
W116,W11.6,Industrial and construction area,W11,subcategory,1
W117,W11.7,Farm,W11,subcategory,1
W118,W11.8,Other specified place,W11,subcategory,1
W119,W11.9,Unspecified place,W11,subcategory,1
W1199,W11.99,Fall on and from ladder; Unspecified place; During unspecified activity,W119,extension,1
W12,W12,Fall on and from scaffolding,W00-W19,category,1
W120,W12.0,Home,W12,subcategory,1
W122,W12.2,"School, other institution and public administrative area",W12,subcategory,1
W126,W12.6,Industrial and construction area,W12,subcategory,1
W128,W12.8,Other specified place,W12,subcategory,1
W129,W12.9,Unspecified place,W12,subcategory,1
W1299,W12.99,Fall on and from scaffolding; Unspecified place; During unspecified activity,W129,extension,1
W13,W13,"Fall from, out of or through building or structure",W00-W19,category,1
W130,W13.0,Home,W13,subcategory,1
W132,W13.2,"School, other institution and public administrative area",W13,subcategory,1
W133,W13.3,Sports and athletics area,W13,subcategory,1
W134,W13.4,Street and highway,W13,subcategory,1
W135,W13.5,Trade and service area,W13,subcategory,1
W136,W13.6,Industrial and construction area,W13,subcategory,1
W138,W13.8,Other specified place,W13,subcategory,1
W139,W13.9,Unspecified place,W13,subcategory,1
W14,W14,Fall from tree,W00-W19,category,1
W140,W14.0,Home,W14,subcategory,1
W148,W14.8,Other specified place,W14,subcategory,1
W149,W14.9,Unspecified place,W14,subcategory,1
W15,W15,Fall from cliff,W00-W19,category,1
W153,W15.3,Sports and athletics area,W15,subcategory,1
W158,W15.8,Other specified place,W15,subcategory,1
W159,W15.9,Unspecified place,W15,subcategory,1
W16,W16,Diving or jumping into water causing injury other than drowning or submersion,W00-W19,category,0
W160,W16.0,Home,W16,subcategory,1
W163,W16.3,Sports and athletics area,W16,subcategory,1
W168,W16.8,Other specified place,W16,subcategory,1
W169,W16.9,Unspecified place,W16,subcategory,1
W17,W17,Other fall from one level to another,W00-W19,category,1
W170,W17.0,Home,W17,subcategory,1
W171,W17.1,Residential institution,W17,subcategory,1
W172,W17.2,"School, other institution and public administrative area",W17,subcategory,1
W173,W17.3,Sports and athletics area,W17,subcategory,1
W174,W17.4,Street and highway,W17,subcategory,1
W175,W17.5,Trade and service area,W17,subcategory,1
W176,W17.6,Industrial and construction area,W17,subcategory,1
W177,W17.7,Farm,W17,subcategory,1
W178,W17.8,Other specified place,W17,subcategory,1
W1781,W17.81,Other fall from one level to another; Other specified places; While engaged in leisure activity,W178,extension,1
W1789,W17.89,Other fall from one level to another,W178,extension,1
W179,W17.9,Unspecified place,W17,subcategory,1
W1799,W17.99,Other fall from one level to another; Unspecified place; During unspecified activity,W179,extension,1
W18,W18,Other fall on same level,W00-W19,category,1
W180,W18.0,Home,W18,subcategory,1
W1800,W18.00,Striking against unspecified object with subsequent fall,W180,extension,1
W1809,W18.09,Other fall on same level: Home: During unspecified activity,W180,extension,1
W181,W18.1,Residential institution,W18,subcategory,1
W182,W18.2,"School, other institution and public administrative area",W18,subcategory,1
W183,W18.3,Sports and athletics area,W18,subcategory,1
W1830,W18.30,"Fall on same level, unspecified",W183,extension,1
W184,W18.4,Street and highway,W18,subcategory,1
W1848,W18.48,Other fall on same level; Street and highway; While engaged in other specified activities,W184,extension,1
W1849,W18.49,Other fall on same level; Street and highway; During unspecified activity,W184,extension,1
W185,W18.5,Trade and service area,W18,subcategory,1
W186,W18.6,Industrial and construction area,W18,subcategory,1
W187,W18.7,Farm,W18,subcategory,1
W188,W18.8,Other specified place,W18,subcategory,1
W189,W18.9,Unspecified place,W18,subcategory,1
W1893,W18.93,Other fall on same level; Unspecified place; While engaged in other types of work,W189,extension,1
W1899,W18.99,Other fall on same level; Unspecified place; During unspecified activity,W189,extension,1
W19,W19,Unspecified fall,W00-W19,category,1
W190,W19.0,Home,W19,subcategory,1
W1908,W19.08,Unspecified fall; Home; While engaged in other specified activities,W190,extension,1
W1909,W19.09,Unspecified fall; Home; During unspecified activity,W190,extension,1
W191,W19.1,Residential institution,W19,subcategory,1
W192,W19.2,"School, other institution and public administrative area",W19,subcategory,1
W193,W19.3,Sports and athletics area,W19,subcategory,1
W194,W19.4,Street and highway,W19,subcategory,1
W195,W19.5,Trade and service area,W19,subcategory,1
W1959,W19.59,Unspecified fall; Trade and service area; During unspecified activity,W195,extension,1
W196,W19.6,Industrial and construction area,W19,subcategory,1
W197,W19.7,Farm,W19,subcategory,1
W198,W19.8,Other specified place,W19,subcategory,1
W199,W19.9,Unspecified place,W19,subcategory,1
W20,W20,"Struck by thrown, projected or falling object",W20-W49,category,0
W200,W20.0,Home,W20,subcategory,1
W202,W20.2,"School, other institution and public administrative area",W20,subcategory,1
W203,W20.3,Sports and athletics area,W20,subcategory,1
W204,W20.4,Street and highway,W20,subcategory,1
W205,W20.5,Trade and service area,W20,subcategory,1
W2052,W20.52,"Struck by thrown, projected or falling object; Trade and service area;While working for income",W205,extension,1
W206,W20.6,Industrial and construction area,W20,subcategory,1
W2062,W20.62,"Struck by thrown, projected or falling object; Industrial and construction area ;While working for income",W206,extension,1
W207,W20.7,Farm,W20,subcategory,1
W208,W20.8,Other specified place,W20,subcategory,1
W209,W20.9,Unspecified place,W20,subcategory,1
W21,W21,Striking against or struck by sports equipment,W20-W49,category,0
W210,W21.0,Home,W21,subcategory,1
W212,W21.2,"School, other institution and public administrative area",W21,subcategory,1
W213,W21.3,Sports and athletics area,W21,subcategory,1
W218,W21.8,Other specified place,W21,subcategory,1
W2189,W21.89,Striking against or struck by other sports equipment,W218,extension,1
W219,W21.9,Unspecified place,W21,subcategory,1
W22,W22,Striking against or struck by other objects,W20-W49,category,1
W220,W22.0,Home,W22,subcategory,1
W2209,W22.09,Striking against or struck by other objects; Home; During unspecified activity,W220,extension,1
W221,W22.1,Residential institution,W22,subcategory,1
W222,W22.2,"School, other institution and public administrative area",W22,subcategory,1
W223,W22.3,Sports and athletics area,W22,subcategory,1
W224,W22.4,Street and highway,W22,subcategory,1
W225,W22.5,Trade and service area,W22,subcategory,1
W226,W22.6,Industrial and construction area,W22,subcategory,1
W228,W22.8,Other specified place,W22,subcategory,1
W229,W22.9,Unspecified place,W22,subcategory,1
W23,W23,"Caught, crushed, jammed or pinched in or between objects",W20-W49,category,0
W230,W23.0,Home,W23,subcategory,1
W232,W23.2,"School, other institution and public administrative area",W23,subcategory,1
W233,W23.3,Sports and athletics area,W23,subcategory,1
W234,W23.4,Street and highway,W23,subcategory,1
W235,W23.5,Trade and service area,W23,subcategory,1
W2352,W23.52,"Caught, crushed, jammed or pinched in or between objects; Trade and service area;While working for income",W235,extension,1
W236,W23.6,Industrial and construction area,W23,subcategory,1
W237,W23.7,Farm,W23,subcategory,1
W238,W23.8,Other specified place,W23,subcategory,1
W239,W23.9,Unspecified place,W23,subcategory,1
W2399,W23.99,"Caught, crushed, jammed or pinched in or between objects; Unspecified place ;During unspecified activity",W239,extension,1
W24,W24,"Contact with lifting and transmission devices, not elsewhere classified",W20-W49,category,0
W240,W24.0,Home,W24,subcategory,1
W245,W24.5,Trade and service area,W24,subcategory,1
W246,W24.6,Industrial and construction area,W24,subcategory,1
W248,W24.8,Other specified place,W24,subcategory,1
W249,W24.9,Unspecified place,W24,subcategory,1
W25,W25,Contact with sharp glass,W20-W49,category,1
W250,W25.0,Home,W25,subcategory,1
W2503,W25.03,Contact with sharp glass; Home; While engaged in other types of work,W250,extension,1
W2509,W25.09,Contact with sharp glass; Home; During unspecified activity,W250,extension,1
W252,W25.2,"School, other institution and public administrative area",W25,subcategory,1
W253,W25.3,Sports and athletics area,W25,subcategory,1
W255,W25.5,Trade and service area,W25,subcategory,1
W2552,W25.52,Contact with sharp glass; Trade and service area;While working for income,W255,extension,1
W256,W25.6,Industrial and construction area,W25,subcategory,1
W258,W25.8,Other specified place,W25,subcategory,1
W259,W25.9,Unspecified place,W25,subcategory,1
W26,W26,"Contact with knife, sword or dagger",W20-W49,category,1
W260,W26.0,Home,W26,subcategory,1
W2603,W26.03,"Contact with knife, sword or dagger; Home; While engaged in other types of work",W260,extension,1
W2609,W26.09,"Contact with knife, sword or dagger; Home; During unspecified activity",W260,extension,1
W261,W26.1,Residential institution,W26,subcategory,1
W262,W26.2,"School, other institution and public administrative area",W26,subcategory,1
W265,W26.5,Trade and service area,W26,subcategory,1
W266,W26.6,Industrial and construction area,W26,subcategory,1
W268,W26.8,Other specified place,W26,subcategory,1
W269,W26.9,Unspecified place,W26,subcategory,1
W27,W27,Contact with nonpowered hand tool,W20-W49,category,1
W270,W27.0,Home,W27,subcategory,1
W2703,W27.03,Contact with nonpowered hand tool; Home; While engaged in other types of work,W270,extension,1
W2709,W27.09,Contact with nonpowered hand tool; Home; During unspecified activity,W270,extension,1
W272,W27.2,"School, other institution and public administrative area",W27,subcategory,1
W275,W27.5,Trade and service area,W27,subcategory,1
W276,W27.6,Industrial and construction area,W27,subcategory,1
W278,W27.8,Other specified place,W27,subcategory,1
W279,W27.9,Unspecified place,W27,subcategory,1
W2799,W27.99,Contact with nonpowered hand tool; Unspecified place ;During unspecified activity,W279,extension,1
W28,W28,Contact with powered lawn mower,W20-W49,category,1
W280,W28.0,Home,W28,subcategory,1
W289,W28.9,Unspecified place,W28,subcategory,1
W29,W29,Contact with other powered hand tools and household machinery,W20-W49,category,1
W290,W29.0,Home,W29,subcategory,1
W291,W29.1,Residential institution,W29,subcategory,1
W292,W29.2,"School, other institution and public administrative area",W29,subcategory,1
W295,W29.5,Trade and service area,W29,subcategory,1
W296,W29.6,Industrial and construction area,W29,subcategory,1
W297,W29.7,Farm,W29,subcategory,1
W298,W29.8,Other specified place,W29,subcategory,1
W2982,W29.82,Contact with other powered hand tools and household machinery; Other specified places ;While working for income,W298,extension,1
W299,W29.9,Unspecified place,W29,subcategory,1
W30,W30,Contact with agricultural machinery,W20-W49,category,0
W306,W30.6,Industrial and construction area,W30,subcategory,1
W307,W30.7,Farm,W30,subcategory,1
W308,W30.8,Other specified place,W30,subcategory,1
W31,W31,Contact with other and unspecified machinery,W20-W49,category,1
W310,W31.0,Home,W31,subcategory,1
W313,W31.3,Sports and athletics area,W31,subcategory,1
W315,W31.5,Trade and service area,W31,subcategory,1
W3152,W31.52,Contact with other and unspecified machinery; Trade and service area;While working for income,W315,extension,1
W316,W31.6,Industrial and construction area,W31,subcategory,1
W3162,W31.62,Contact with other and unspecified machinery; Industrial and construction area ;While working for income,W316,extension,1
W317,W31.7,Farm,W31,subcategory,1
W318,W31.8,Other specified place,W31,subcategory,1
W3182,W31.82,Contact with other and unspecified machinery; Other specified places ;While working for income,W318,extension,1
W319,W31.9,Unspecified place,W31,subcategory,1
W3192,W31.92,Contact with other and unspecified machinery; Unspecified place ;While working for income,W319,extension,1
W32,W32,Handgun discharge,W20-W49,category,0
W329,W32.9,Unspecified place,W32,subcategory,1
W33,W33,"Rifle, shotgun and larger firearm discharge",W20-W49,category,0
W339,W33.9,Unspecified place,W33,subcategory,1
W34,W34,Discharge from other and unspecified firearms,W20-W49,category,0
W340,W34.0,Home,W34,subcategory,1
W3400,W34.00,Accidental discharge from unspecified firearms or gun,W340,extension,1
W3409,W34.09,Discharge from other and unspecified firearms; Home; During unspecified activity,W340,extension,1
W349,W34.9,Unspecified place,W34,subcategory,1
W35,W35,Explosion and rupture of boiler,W20-W49,category,0
W350,W35.0,Home,W35,subcategory,1
W36,W36,Explosion and rupture of gas cylinder,W20-W49,category,0
W360,W36.0,Home,W36,subcategory,1
W365,W36.5,Trade and service area,W36,subcategory,1
W366,W36.6,Industrial and construction area,W36,subcategory,1
W38,W38,Explosion and rupture of other specified pressurised devices,W20-W49,category,0
W388,W38.8,Other specified place,W38,subcategory,1
W39,W39,Discharge of firework,W20-W49,category,0
W390,W39.0,Home,W39,subcategory,1
W399,W39.9,Unspecified place,W39,subcategory,1
W40,W40,Explosion of other materials,W20-W49,category,0
W400,W40.0,Home,W40,subcategory,1
W409,W40.9,Unspecified place,W40,subcategory,1
W41,W41,Exposure to high-pressure jet,W20-W49,category,0
W415,W41.5,Trade and service area,W41,subcategory,1
W42,W42,Exposure to noise,W20-W49,category,1
W429,W42.9,Unspecified place,W42,subcategory,1
W44,W44,Foreign body entering into or through eye or natural orifice,W20-W49,category,1
W440,W44.0,Home,W44,subcategory,1
W442,W44.2,"School, other institution and public administrative area",W44,subcategory,1
W445,W44.5,Trade and service area,W44,subcategory,1
W448,W44.8,Other specified place,W44,subcategory,1
W449,W44.9,Unspecified place,W44,subcategory,1
W4499,W44.99,"Foreign body entering into or through eye or natural orifice, Unspecified place , During unspecified activity",W449,extension,1
W45,W45,Foreign body or object entering through skin,W20-W49,category,1
W450,W45.0,Home,W45,subcategory,1
W452,W45.2,"School, other institution and public administrative area",W45,subcategory,1
W454,W45.4,Street and highway,W45,subcategory,1
W455,W45.5,Trade and service area,W45,subcategory,1
W456,W45.6,Industrial and construction area,W45,subcategory,1
W457,W45.7,Farm,W45,subcategory,1
W458,W45.8,Other specified place,W45,subcategory,1
W459,W45.9,Unspecified place,W45,subcategory,1
W46,W46,Contact with hypodermic needle,W20-W49,category,0
W462,W46.2,"Contact with hypodermic needle (School, other institution and public administrative area)",W46,subcategory,1
W469,W46.9,Contact with hypodermic needle (Unspecified place),W46,subcategory,1
W49,W49,Exposure to other and unspecified inanimate mechanical forces,W20-W49,category,0
W490,W49.0,Home,W49,subcategory,1
W492,W49.2,"School, other institution and public administrative area",W49,subcategory,1
W493,W49.3,Sports and athletics area,W49,subcategory,1
W495,W49.5,Trade and service area,W49,subcategory,1
W496,W49.6,Industrial and construction area,W49,subcategory,1
W498,W49.8,Other specified place,W49,subcategory,1
W499,W49.9,Unspecified place,W49,subcategory,1
W50,W50,"Hit, struck, kicked, twisted, bitten or scratched by another person",W50-W64,category,1
W500,W50.0,Home,W50,subcategory,1
W502,W50.2,"School, other institution and public administrative area",W50,subcategory,1
W503,W50.3,Sports and athletics area,W50,subcategory,1
W5030,W50.30,"Hit, struck, kicked, twisted, bitten or scratched by another person; Sports and athletics area;While engaged in sports activity",W503,extension,1
W504,W50.4,Street and highway,W50,subcategory,1
W505,W50.5,Trade and service area,W50,subcategory,1
W508,W50.8,Other specified place,W50,subcategory,1
W509,W50.9,Unspecified place,W50,subcategory,1
W51,W51,Striking against or bumped into by another person,W50-W64,category,1
W510,W51.0,Home,W51,subcategory,1
W512,W51.2,"School, other institution and public administrative area",W51,subcategory,1
W513,W51.3,Sports and athletics area,W51,subcategory,1
W5130,W51.30,Striking against or bumped into by another person: Sports and athletics area: During unspecified activity,W513,extension,1
W514,W51.4,Street and highway,W51,subcategory,1
W515,W51.5,Trade and service area,W51,subcategory,1
W518,W51.8,Other specified place,W51,subcategory,1
W519,W51.9,Unspecified place,W51,subcategory,1
W52,W52,"Crushed, pushed and stepped on by crowd or human stampede",W50-W64,category,0
W523,W52.3,Sports and athletics area,W52,subcategory,1
W528,W52.8,Other specified place,W52,subcategory,1
W53,W53,Bitten by rat,W50-W64,category,1
W530,W53.0,Home,W53,subcategory,1
W539,W53.9,Unspecified place,W53,subcategory,1
W54,W54,Bitten or struck by dog,W50-W64,category,1
W540,W54.0,Home,W54,subcategory,1
W544,W54.4,Street and highway,W54,subcategory,1
W547,W54.7,Farm,W54,subcategory,1
W548,W54.8,Other specified place,W54,subcategory,1
W5481,W54.81,Bitten or struck by dog; Other specified places ;While engaged in leisure activity,W548,extension,1
W5488,W54.88,Bitten or struck by dog; Other specified places ;While engaged in other specified activities,W548,extension,1
W5489,W54.89,Bitten or struck by dog; Other specified places ;During unspecified activity,W548,extension,1
W549,W54.9,Unspecified place,W54,subcategory,1
W5499,W54.99,Bitten or struck by dog; Unspecified place ;During unspecified activity,W549,extension,1
W55,W55,Bitten or struck by other mammals,W50-W64,category,1
W550,W55.0,Home,W55,subcategory,1
W554,W55.4,Street and highway,W55,subcategory,1
W555,W55.5,Trade and service area,W55,subcategory,1
W557,W55.7,Farm,W55,subcategory,1
W558,W55.8,Other specified place,W55,subcategory,1
W559,W55.9,Unspecified place,W55,subcategory,1
W56,W56,Contact with marine animal,W50-W64,category,0
W560,W56.0,Home,W56,subcategory,1
W568,W56.8,Other specified place,W56,subcategory,1
W57,W57,Bitten or stung by non-venomous insect and other non-venomous arthropods,W50-W64,category,1
W570,W57.0,Home,W57,subcategory,1
W573,W57.3,Sports and athletics area,W57,subcategory,1
W574,W57.4,Street and highway,W57,subcategory,1
W575,W57.5,Trade and service area,W57,subcategory,1
W578,W57.8,Other specified place,W57,subcategory,1
W579,W57.9,Unspecified place,W57,subcategory,1
W5799,W57.99,Bitten or stung by nonvenomous insect and other nonvenomous arthropods: Unspecified place: During unspecified activity,W579,extension,1
W58,W58,Bitten or struck by crocodile or alligator,W50-W64,category,0
W581,W58.1,Residential institution,W58,subcategory,1
W588,W58.8,Other specified place,W58,subcategory,1
W59,W59,Bitten or crushed by other reptiles,W50-W64,category,1
W590,W59.0,Home,W59,subcategory,1
W599,W59.9,Unspecified place,W59,subcategory,1
W60,W60,Contact with plant thorns and spines and sharp leaves,W50-W64,category,1
W600,W60.0,Home,W60,subcategory,1
W609,W60.9,Unspecified place,W60,subcategory,1
W64,W64,Exposure to other and unspecified animate mechanical forces,W50-W64,category,0
W640,W64.0,Home,W64,subcategory,1
W642,W64.2,"School, other institution and public administrative area",W64,subcategory,1
W644,W64.4,Street and highway,W64,subcategory,1
W647,W64.7,Farm,W64,subcategory,1
W648,W64.8,Other specified place,W64,subcategory,1
W649,W64.9,Unspecified place,W64,subcategory,1
W69,W69,Drowning and submersion while in natural water,W65-W74,category,0
W698,W69.8,Other specified place,W69,subcategory,1
W74,W74,Unspecified drowning and submersion,W65-W74,category,0
W748,W74.8,Other specified place,W74,subcategory,1
W749,W74.9,Unspecified place,W74,subcategory,1
W76,W76,Other accidental hanging and strangulation,W75-W84,category,0
W760,W76.0,Home,W76,subcategory,1
W78,W78,Inhalation of gastric contents,W75-W84,category,0
W780,W78.0,Home,W78,subcategory,1
W781,W78.1,Residential institution,W78,subcategory,1
W782,W78.2,"School, other institution and public administrative area",W78,subcategory,1
W789,W78.9,Unspecified place,W78,subcategory,1
W79,W79,Inhalation and ingestion of food causing obstruction of respiratory tract,W75-W84,category,1
W790,W79.0,Home,W79,subcategory,1
W7904,W79.04,"Inhalation and ingestion of food causing obstruction of respiratory tract; Home; While resting, sleeping, eating or engaging in other vital activities",W790,extension,1
W791,W79.1,Residential institution,W79,subcategory,1
W792,W79.2,"School, other institution and public administrative area",W79,subcategory,1
W795,W79.5,Trade and service area,W79,subcategory,1
W796,W79.6,Industrial and construction area,W79,subcategory,1
W798,W79.8,Other specified place,W79,subcategory,1
W799,W79.9,Unspecified place,W79,subcategory,1
W80,W80,Inhalation and ingestion of other objects causing obstruction of respiratory tract,W75-W84,category,1
W800,W80.0,Home,W80,subcategory,1
W801,W80.1,Residential institution,W80,subcategory,1
W802,W80.2,"School, other institution and public administrative area",W80,subcategory,1
W809,W80.9,Unspecified place,W80,subcategory,1
W83,W83,Other specified threats to breathing,W75-W84,category,0
W830,W83.0,Home,W83,subcategory,1
W84,W84,Unspecified threat to breathing,W75-W84,category,0
W840,W84.0,Home,W84,subcategory,1
W842,W84.2,"School, other institution and public administrative area",W84,subcategory,1
W848,W84.8,Other specified place,W84,subcategory,1
W849,W84.9,Unspecified place,W84,subcategory,1
W85,W85,Exposure to electric transmission lines,W85-W99,category,0
W850,W85.0,Home,W85,subcategory,1
W856,W85.6,Industrial and construction area,W85,subcategory,1
W86,W86,Exposure to other specified electric current,W85-W99,category,1
W860,W86.0,Home,W86,subcategory,1
W862,W86.2,"School, other institution and public administrative area",W86,subcategory,1
W866,W86.6,Industrial and construction area,W86,subcategory,1
W868,W86.8,Other specified place,W86,subcategory,1
W869,W86.9,Unspecified place,W86,subcategory,1
W87,W87,Exposure to unspecified electric current,W85-W99,category,1
W870,W87.0,Home,W87,subcategory,1
W879,W87.9,Unspecified place,W87,subcategory,1
W8799,W87.99,Exposure to unspecified electric current; Unspecified place ;During unspecified activity,W879,extension,1
W88,W88,Exposure to ionising radiation,W85-W99,category,0
W882,W88.2,"School, other institution and public administrative area",W88,subcategory,1
W889,W88.9,Unspecified place,W88,subcategory,1
W90,W90,Exposure to other nonionising radiation,W85-W99,category,0
W902,W90.2,"School, other institution and public administrative area",W90,subcategory,1
W909,W90.9,Unspecified place,W90,subcategory,1
W91,W91,Exposure to unspecified type of radiation,W85-W99,category,0
W911,W91.1,Residential institution,W91,subcategory,1
W912,W91.2,"School, other institution and public administrative area",W91,subcategory,1
W919,W91.9,Unspecified place,W91,subcategory,1
W92,W92,Exposure to excessive heat of man-made origin,W85-W99,category,1
W929,W92.9,Unspecified place,W92,subcategory,1
W93,W93,Exposure to excessive cold of man-made origin,W85-W99,category,1
W930,W93.0,Home,W93,subcategory,1
W938,W93.8,Other specified place,W93,subcategory,1
W939,W93.9,Unspecified place,W93,subcategory,1
W94,W94,Exposure to high and low air pressure and changes in air pressure,W85-W99,category,0
W946,W94.6,Industrial and construction area,W94,subcategory,1
W948,W94.8,Other specified place,W94,subcategory,1
W949,W94.9,Unspecified place,W94,subcategory,1
X00,X00,Exposure to uncontrolled fire in building or structure,X00-X09,category,0
X000,X00.0,Home,X00,subcategory,1
X006,X00.6,Industrial and construction area,X00,subcategory,1
X008,X00.8,Other specified place,X00,subcategory,1
X02,X02,Exposure to controlled fire in building or structure,X00-X09,category,0
X020,X02.0,Home,X02,subcategory,1
X022,X02.2,"School, other institution and public administrative area",X02,subcategory,1
X03,X03,"Exposure to controlled fire, not in building or structure",X00-X09,category,0
X030,X03.0,Home,X03,subcategory,1
X035,X03.5,Trade and service area,X03,subcategory,1
X04,X04,Exposure to ignition of highly flammable material,X00-X09,category,0
X040,X04.0,Home,X04,subcategory,1
X0408,X04.08,Exposure to ignition of highly flammable material; Home; While engaged in other specified activities,X040,extension,1
X046,X04.6,Industrial and construction area,X04,subcategory,1
X047,X04.7,Farm,X04,subcategory,1
X048,X04.8,Other specified place,X04,subcategory,1
X049,X04.9,Unspecified place,X04,subcategory,1
X0493,X04.93,Exposure to ignition of highly flammable material; Unspecified place ;While engaged in other types of work,X049,extension,1
X06,X06,Exposure to ignition or melting of other clothing and apparel,X00-X09,category,0
X060,X06.0,Home,X06,subcategory,1
X08,X08,"Exposure to other specified smoke, fire and flames",X00-X09,category,1
X080,X08.0,Home,X08,subcategory,1
X084,X08.4,Street and highway,X08,subcategory,1
X089,X08.9,Unspecified place,X08,subcategory,1
X09,X09,"Exposure to unspecified smoke, fire and flames",X00-X09,category,0
X090,X09.0,Home,X09,subcategory,1
X095,X09.5,Trade and service area,X09,subcategory,1
X096,X09.6,Industrial and construction area,X09,subcategory,1
X098,X09.8,Other specified place,X09,subcategory,1
X099,X09.9,Unspecified place,X09,subcategory,1
X10,X10,"Contact with hot drinks, food, fats and cooking oils",X10-X19,category,1
X100,X10.0,Home,X10,subcategory,1
X102,X10.2,"School, other institution and public administrative area",X10,subcategory,1
X109,X10.9,Unspecified place,X10,subcategory,1
X11,X11,Contact with hot tap-water,X10-X19,category,0
X110,X11.0,Home,X11,subcategory,1
X119,X11.9,Unspecified place,X11,subcategory,1
X12,X12,Contact with other hot fluids,X10-X19,category,1
X120,X12.0,Home,X12,subcategory,1
X122,X12.2,"School, other institution and public administrative area",X12,subcategory,1
X126,X12.6,Industrial and construction area,X12,subcategory,1
X129,X12.9,Unspecified place,X12,subcategory,1
X13,X13,Contact with steam and hot vapours,X10-X19,category,1
X130,X13.0,Home,X13,subcategory,1
X134,X13.4,Street and highway,X13,subcategory,1
X136,X13.6,Industrial and construction area,X13,subcategory,1
X139,X13.9,Unspecified place,X13,subcategory,1
X14,X14,Contact with hot air and gases,X10-X19,category,0
X140,X14.0,Home,X14,subcategory,1
X15,X15,Contact with hot household appliances,X10-X19,category,0
X150,X15.0,Home,X15,subcategory,1
X1503,X15.03,Contact with hot household appliances; Home; While engaged in other types of work,X150,extension,1
X159,X15.9,Unspecified place,X15,subcategory,1
X16,X16,"Contact with hot heating appliances, radiators and pipes",X10-X19,category,1
X160,X16.0,Home,X16,subcategory,1
X166,X16.6,Industrial and construction area,X16,subcategory,1
X168,X16.8,Other specified place,X16,subcategory,1
X169,X16.9,Unspecified place,X16,subcategory,1
X17,X17,"Contact with hot engines, machinery and tools",X10-X19,category,1
X174,X17.4,Street and highway,X17,subcategory,1
X176,X17.6,Industrial and construction area,X17,subcategory,1
X179,X17.9,Unspecified place,X17,subcategory,1
X18,X18,Contact with other hot metals,X10-X19,category,0
X186,X18.6,Industrial and construction area,X18,subcategory,1
X19,X19,Contact with other and unspecified heat and hot substances,X10-X19,category,0
X190,X19.0,Home,X19,subcategory,1
X192,X19.2,"School, other institution and public administrative area",X19,subcategory,1
X196,X19.6,Industrial and construction area,X19,subcategory,1
X198,X19.8,Other specified place,X19,subcategory,1
X199,X19.9,Unspecified place,X19,subcategory,1
X20,X20,Contact with venomous snakes and lizards,X20-X29,category,0
X208,X20.8,Other specified place,X20,subcategory,1
X209,X20.9,Unspecified place,X20,subcategory,1
X23,X23,"Contact with hornets, wasps and bees",X20-X29,category,1
X230,X23.0,Home,X23,subcategory,1
X233,X23.3,Sports and athletics area,X23,subcategory,1
X234,X23.4,Street and highway,X23,subcategory,1
X238,X23.8,Other specified place,X23,subcategory,1
X239,X23.9,Unspecified place,X23,subcategory,1
X25,X25,Contact with other specified venomous arthropods,X20-X29,category,1
X250,X25.0,Home,X25,subcategory,1
X259,X25.9,Unspecified place,X25,subcategory,1
X26,X26,Contact with venomous marine animals and plants,X20-X29,category,1
X269,X26.9,Unspecified place,X26,subcategory,1
X29,X29,Contact with unspecified venomous animal or plant,X20-X29,category,1
X290,X29.0,Home,X29,subcategory,1
X291,X29.1,Residential institution,X29,subcategory,1
X292,X29.2,"School, other institution and public administrative area",X29,subcategory,1
X299,X29.9,Unspecified place,X29,subcategory,1
X30,X30,Exposure to excessive natural heat,X30-X39,category,0
X300,X30.0,Home,X30,subcategory,1
X302,X30.2,"School, other institution and public administrative area",X30,subcategory,1
X305,X30.5,Trade and service area,X30,subcategory,1
X308,X30.8,Other specified place,X30,subcategory,1
X309,X30.9,Unspecified place,X30,subcategory,1
X31,X31,Exposure to excessive natural cold,X30-X39,category,0
X310,X31.0,Home,X31,subcategory,1
X312,X31.2,"School, other institution and public administrative area",X31,subcategory,1
X314,X31.4,Street and highway,X31,subcategory,1
X315,X31.5,Trade and service area,X31,subcategory,1
X318,X31.8,Other specified place,X31,subcategory,1
X319,X31.9,Unspecified place,X31,subcategory,1
X32,X32,Exposure to sunlight,X30-X39,category,1
X329,X32.9,Unspecified place,X32,subcategory,1
X33,X33,Victim of lightning,X30-X39,category,0
X330,X33.0,Home,X33,subcategory,1
X338,X33.8,Other specified place,X33,subcategory,1
X339,X33.9,Unspecified place,X33,subcategory,1
X37,X37,Victim of cataclysmic storm,X30-X39,category,0
X378,X37.8,Other specified place,X37,subcategory,1
X39,X39,Exposure to other and unspecified forces of nature,X30-X39,category,1
X394,X39.4,Street and highway,X39,subcategory,1
X398,X39.8,Other specified place,X39,subcategory,1
X399,X39.9,Unspecified place,X39,subcategory,1
X40,X40,"Accidental poisoning by and exposure to nonopioid analgesics, antipyretics and antirheumatics",X40-X49,category,1
X400,X40.0,Home,X40,subcategory,1
X402,X40.2,"School, other institution and public administrative area",X40,subcategory,1
X408,X40.8,Other specified place,X40,subcategory,1
X409,X40.9,Unspecified place,X40,subcategory,1
X4099,X40.99,"Accidental poisoning by and exposure to nonopioid analgesics, antipyretics and antirheumatics: Unspecified place: During unspecified activity",X409,extension,1
X41,X41,"Accidental poisoning by and exposure to antiepileptic, sedative-hypnotic, anti-Parkinsonism and psychotropic drugs, not elsewhere classified",X40-X49,category,1
X410,X41.0,Home,X41,subcategory,1
X4108,X41.08,"Accidental poisoning by and exposure to antiepileptic, sedative-hypnotic, antiparkinsonism and psychotropic drugs, not elsewhere classified , Home ,While engaged in other specified activities",X410,extension,1
X411,X41.1,Residential institution,X41,subcategory,1
X412,X41.2,"School, other institution and public administrative area",X41,subcategory,1
X418,X41.8,Other specified place,X41,subcategory,1
X419,X41.9,Unspecified place,X41,subcategory,1
X42,X42,"Accidental poisoning by and exposure to narcotics and psychodysleptics [hallucinogens], not elsewhere classified",X40-X49,category,1
X420,X42.0,Home,X42,subcategory,1
X4208,X42.08,"Accidental poisoning by and exposure to narcotics and psychodysleptics [hallucinogens], not elsewhere classified,Home , While engaged in other specified activities",X420,extension,1
X421,X42.1,Residential institution,X42,subcategory,1
X422,X42.2,"School, other institution and public administrative area",X42,subcategory,1
X429,X42.9,Unspecified place,X42,subcategory,1
X4291,X42.91,"Accidental poisoning by and exposure to narcotics and psychodysleptics [hallucinogens], not elsewhere classified; Unspecified place ;While engaged in leisure activity",X429,extension,1
X43,X43,Accidental poisoning by and exposure to other drugs acting on the autonomic nervous system,X40-X49,category,1
X430,X43.0,Home,X43,subcategory,1
X432,X43.2,"School, other institution and public administrative area",X43,subcategory,1
X438,X43.8,Other specified place,X43,subcategory,1
X439,X43.9,Unspecified place,X43,subcategory,1
X4399,X43.99,Accidental poisoning by and exposure to other drugs acting on the autonomic nervous system; Unspecified place ;During unspecified activity,X439,extension,1
X44,X44,"Accidental poisoning by and exposure to other and unspecified drugs, medicaments and biological substances",X40-X49,category,1
X440,X44.0,Home,X44,subcategory,1
X4408,X44.08,"Accidental poisoning by and exposure to other and unspecified drugs, medicaments and biological substances; Home; While engaged in other specified activities",X440,extension,1
X4409,X44.09,"Accidental poisoning by and exposure to other and unspecified drugs, medicaments and biological substances; Home; During unspecified activity",X440,extension,1
X442,X44.2,"School, other institution and public administrative area",X44,subcategory,1
X448,X44.8,Other specified place,X44,subcategory,1
X449,X44.9,Unspecified place,X44,subcategory,1
X4499,X44.99,"Accidental poisoning by and exposure to other and unspecified drugs, medicaments and biological substances; Unspecified place ;During unspecified activity",X449,extension,1
X45,X45,Accidental poisoning by and exposure to alcohol,X40-X49,category,1
X450,X45.0,Home,X45,subcategory,1
X458,X45.8,Other specified place,X45,subcategory,1
X459,X45.9,Unspecified place,X45,subcategory,1
X46,X46,Accidental poisoning by and exposure to organic solvents and halogenated hydrocarbons and their vapours,X40-X49,category,0
X460,X46.0,Home,X46,subcategory,1
X469,X46.9,Unspecified place,X46,subcategory,1
X47,X47,Accidental poisoning by and exposure to other gases and vapours,X40-X49,category,1
X470,X47.0,Home,X47,subcategory,1
X475,X47.5,Trade and service area,X47,subcategory,1
X478,X47.8,Other specified place,X47,subcategory,1
X479,X47.9,Unspecified place,X47,subcategory,1
X48,X48,Accidental poisoning by and exposure to pesticides,X40-X49,category,1
X480,X48.0,Home,X48,subcategory,1
X489,X48.9,Unspecified place,X48,subcategory,1
X49,X49,Accidental poisoning by and exposure to other and unspecified chemicals and noxious substances,X40-X49,category,1
X490,X49.0,Home,X49,subcategory,1
X491,X49.1,Residential institution,X49,subcategory,1
X492,X49.2,"School, other institution and public administrative area",X49,subcategory,1
X494,X49.4,Street and highway,X49,subcategory,1
X495,X49.5,Trade and service area,X49,subcategory,1
X496,X49.6,Industrial and construction area,X49,subcategory,1
X498,X49.8,Other specified place,X49,subcategory,1
X499,X49.9,Unspecified place,X49,subcategory,1
X50,X50,Overexertion and strenuous or repetitive movements,X50-X57,category,1
X500,X50.0,Home,X50,subcategory,1
X5009,X50.09,Overexertion and strenuous or repetitive movements; Home; During unspecified activity,X500,extension,1
X501,X50.1,Residential institution,X50,subcategory,1
X502,X50.2,"School, other institution and public administrative area",X50,subcategory,1
X503,X50.3,Sports and athletics area,X50,subcategory,1
X5030,X50.30,Overexertion and strenuous or repetitive movements; Sports and athletics area;While engaged in sports activity,X503,extension,1
X504,X50.4,Street and highway,X50,subcategory,1
X505,X50.5,Trade and service area,X50,subcategory,1
X506,X50.6,Industrial and construction area,X50,subcategory,1
X507,X50.7,Farm,X50,subcategory,1
X508,X50.8,Other specified place,X50,subcategory,1
X509,X50.9,Unspecified place,X50,subcategory,1
X51,X51,Travel and motion,X50-X57,category,0
X510,X51.0,Home,X51,subcategory,1
X512,X51.2,"School, other institution and public administrative area",X51,subcategory,1
X514,X51.4,Street and highway,X51,subcategory,1
X515,X51.5,Trade and service area,X51,subcategory,1
X518,X51.8,Other specified place,X51,subcategory,1
X519,X51.9,Unspecified place,X51,subcategory,1
X52,X52,Prolonged stay in weightless environment,X50-X57,category,0
X522,X52.2,"School, other institution and public administrative area",X52,subcategory,1
X53,X53,Lack of food,X50-X57,category,1
X530,X53.0,Home,X53,subcategory,1
X539,X53.9,Unspecified place,X53,subcategory,1
X58,X58,Exposure to other specified factors,X58-X59,category,1
X580,X58.0,Home,X58,subcategory,1
X581,X58.1,Residential institution,X58,subcategory,1
X582,X58.2,"School, other institution and public administrative area",X58,subcategory,1
X583,X58.3,Sports and athletics area,X58,subcategory,1
X585,X58.5,Trade and service area,X58,subcategory,1
X587,X58.7,Farm,X58,subcategory,1
X588,X58.8,Other specified place,X58,subcategory,1
X589,X58.9,Unspecified place,X58,subcategory,1
X59,X59,Exposure to unspecified factor,X58-X59,category,1
X590,X59.0,Home,X59,subcategory,1
X591,X59.1,Residential institution,X59,subcategory,1
X592,X59.2,"School, other institution and public administrative area",X59,subcategory,1
X593,X59.3,Sports and athletics area,X59,subcategory,1
X594,X59.4,Street and highway,X59,subcategory,1
X595,X59.5,Trade and service area,X59,subcategory,1
X596,X59.6,Industrial and construction area,X59,subcategory,1
X597,X59.7,Farm,X59,subcategory,1
X598,X59.8,Other specified place,X59,subcategory,1
X5988,X59.88,Exposure to unspecified factor; Other specified places ;While engaged in other specified activities,X598,extension,1
X599,X59.9,Unspecified place,X59,subcategory,1
X60,X60,"Intentional self-poisoning by and exposure to nonopioid analgesics, antipyretics and antirheumatics",X60-X84,category,1
X600,X60.0,Home,X60,subcategory,1
X6008,X60.08,"Intentional self-poisoning by and exposure to nonopioid analgesics, antipyretics and antirheumatics, Home , While engaged in other specified activities",X600,extension,1
X601,X60.1,Residential institution,X60,subcategory,1
X602,X60.2,"School, other institution and public administrative area",X60,subcategory,1
X604,X60.4,Street and highway,X60,subcategory,1
X605,X60.5,Trade and service area,X60,subcategory,1
X608,X60.8,Other specified place,X60,subcategory,1
X609,X60.9,Unspecified place,X60,subcategory,1
X61,X61,"Intentional self-poisoning by and exposure to antiepileptic, sedative-hypnotic, anti-Parkinsonism and psychotropic drugs, not elsewhere classified",X60-X84,category,1
X610,X61.0,Home,X61,subcategory,1
X6108,X61.08,"Intentional self-poisoning by and exposure to antiepileptic, sedative-hypnotic, antiparkinsonism and psychotropic drugs, not elsewhere classified; Home; While engaged in other specified activit",X610,extension,1
X6109,X61.09,"Intentional self-poisoning by and exposure to antiepileptic, sedative-hypnotic, antiparkinsonism and psychotropic drugs, not elsewhere classified, Home , During unspecified activity",X610,extension,1
X612,X61.2,"School, other institution and public administrative area",X61,subcategory,1
X614,X61.4,Street and highway,X61,subcategory,1
X615,X61.5,Trade and service area,X61,subcategory,1
X617,X61.7,Farm,X61,subcategory,1
X618,X61.8,Other specified place,X61,subcategory,1
X619,X61.9,Unspecified place,X61,subcategory,1
X6198,X61.98,"Intentional self-poisoning by and exposure to antiepileptic,sedative-hypnotic,antiparkinsonism and psychotropic drugs,not elsewhere classified.Unspecified place.Other specified activities.",X619,extension,1
X62,X62,"Intentional self-poisoning by and exposure to narcotics and psychodysleptics [hallucinogens], not elsewhere classified",X60-X84,category,1
X620,X62.0,Home,X62,subcategory,1
X622,X62.2,"School, other institution and public administrative area",X62,subcategory,1
X628,X62.8,Other specified place,X62,subcategory,1
X629,X62.9,Unspecified place,X62,subcategory,1
X63,X63,Intentional self-poisoning by and exposure to other drugs acting on the autonomic nervous system,X60-X84,category,0
X630,X63.0,Home,X63,subcategory,1
X635,X63.5,Trade and service area,X63,subcategory,1
X639,X63.9,Unspecified place,X63,subcategory,1
X64,X64,"Intentional self-poisoning by and exposure to other and unspecified drugs, medicaments and biological substances",X60-X84,category,1
X640,X64.0,Home,X64,subcategory,1
X642,X64.2,"School, other institution and public administrative area",X64,subcategory,1
X645,X64.5,Trade and service area,X64,subcategory,1
X648,X64.8,Other specified place,X64,subcategory,1
X649,X64.9,Unspecified place,X64,subcategory,1
X65,X65,Intentional self-poisoning by and exposure to alcohol,X60-X84,category,0
X650,X65.0,Home,X65,subcategory,1
X655,X65.5,Trade and service area,X65,subcategory,1
X658,X65.8,Other specified place,X65,subcategory,1
X659,X65.9,Unspecified place,X65,subcategory,1
X6598,X65.98,Intentional self-poisoning by and exposure to alcohol; Unspecified place ;While engaged in other specified activities,X659,extension,1
X67,X67,Intentional self-poisoning by and exposure to other gases and vapours,X60-X84,category,1
X670,X67.0,Home,X67,subcategory,1
X678,X67.8,Other specified place,X67,subcategory,1
X679,X67.9,Unspecified place,X67,subcategory,1
X68,X68,Intentional self-poisoning by and exposure to pesticides,X60-X84,category,0
X680,X68.0,Home,X68,subcategory,1
X689,X68.9,Unspecified place,X68,subcategory,1
X69,X69,Intentional self-poisoning by and exposure to other and unspecified chemicals and noxious substances,X60-X84,category,1
X690,X69.0,Home,X69,subcategory,1
X699,X69.9,Unspecified place,X69,subcategory,1
X70,X70,"Intentional self-harm by hanging, strangulation and suffocation",X60-X84,category,1
X700,X70.0,Home,X70,subcategory,1
X702,X70.2,"School, other institution and public administrative area",X70,subcategory,1
X705,X70.5,Trade and service area,X70,subcategory,1
X708,X70.8,Other specified place,X70,subcategory,1
X709,X70.9,Unspecified place,X70,subcategory,1
X71,X71,Intentional self-harm by drowning and submersion,X60-X84,category,1
X715,X71.5,Trade and service area,X71,subcategory,1
X718,X71.8,Other specified place,X71,subcategory,1
X719,X71.9,Unspecified place,X71,subcategory,1
X72,X72,Intentional self-harm by handgun discharge,X60-X84,category,0
X720,X72.0,Home,X72,subcategory,1
X721,X72.1,Residential institution,X72,subcategory,1
X73,X73,"Intentional self-harm by rifle, shotgun and larger firearm discharge",X60-X84,category,0
X739,X73.9,Unspecified place,X73,subcategory,1
X76,X76,"Intentional self-harm by smoke, fire and flames",X60-X84,category,0
X760,X76.0,Home,X76,subcategory,1
X7609,X76.09,"Intentional self-harm by smoke, fire and flames; Home; During unspecified activity",X760,extension,1
X77,X77,"Intentional self-harm by steam, hot vapours and hot objects",X60-X84,category,0
X770,X77.0,Home,X77,subcategory,1
X773,X77.3,Sports and athletics area,X77,subcategory,1
X779,X77.9,Unspecified place,X77,subcategory,1
X78,X78,Intentional self-harm by sharp object,X60-X84,category,1
X780,X78.0,Home,X78,subcategory,1
X781,X78.1,Residential institution,X78,subcategory,1
X782,X78.2,"School, other institution and public administrative area",X78,subcategory,1
X788,X78.8,Other specified place,X78,subcategory,1
X789,X78.9,Unspecified place,X78,subcategory,1
X7899,X78.99,Intentional self-harm by sharp object: Unspecified place: During unspecified activity,X789,extension,1
X79,X79,Intentional self-harm by blunt object,X60-X84,category,0
X790,X79.0,Home,X79,subcategory,1
X792,X79.2,"School, other institution and public administrative area",X79,subcategory,1
X80,X80,Intentional self-harm by jumping from a high place,X60-X84,category,1
X800,X80.0,Home,X80,subcategory,1
X806,X80.6,Industrial and construction area,X80,subcategory,1
X809,X80.9,Unspecified place,X80,subcategory,1
X81,X81,Intentional self-harm by jumping or lying before moving object,X60-X84,category,0
X814,X81.4,Street and highway,X81,subcategory,1
X818,X81.8,Other specified place,X81,subcategory,1
X82,X82,Intentional self-harm by crashing of motor vehicle,X60-X84,category,0
X824,X82.4,Street and highway,X82,subcategory,1
X83,X83,Intentional self-harm by other specified means,X60-X84,category,1
X830,X83.0,Home,X83,subcategory,1
X832,X83.2,"School, other institution and public administrative area",X83,subcategory,1
X838,X83.8,Other specified place,X83,subcategory,1
X839,X83.9,Unspecified place,X83,subcategory,1
X84,X84,Intentional self-harm by unspecified means,X60-X84,category,1
X840,X84.0,Home,X84,subcategory,1
X849,X84.9,Unspecified place,X84,subcategory,1
X85,X85,"Assault by drugs, medicaments and biological substances",X85-X99,category,1
X850,X85.0,Home,X85,subcategory,1
X851,X85.1,Residential institution,X85,subcategory,1
X853,X85.3,Sports and athletics area,X85,subcategory,1
X855,X85.5,Trade and service area,X85,subcategory,1
X86,X86,Assault by corrosive substance,X85-X99,category,0
X864,X86.4,Street and highway,X86,subcategory,1
X87,X87,Assault by pesticides,X85-X99,category,0
X871,X87.1,Residential institution,X87,subcategory,1
X873,X87.3,Sports and athletics area,X87,subcategory,1
X874,X87.4,Street and highway,X87,subcategory,1
X88,X88,Assault by gases and vapours,X85-X99,category,0
X880,X88.0,Home,X88,subcategory,1
X886,X88.6,Industrial and construction area,X88,subcategory,1
X888,X88.8,Other specified place,X88,subcategory,1
X90,X90,Assault by unspecified chemical or noxious substance,X85-X99,category,0
X900,X90.0,Home,X90,subcategory,1
X904,X90.4,Street and highway,X90,subcategory,1
X91,X91,"Assault by hanging, strangulation and suffocation",X85-X99,category,0
X918,X91.8,Other specified place,X91,subcategory,1
X919,X91.9,Unspecified place,X91,subcategory,1
X92,X92,Assault by drowning and submersion,X85-X99,category,0
X922,X92.2,"School, other institution and public administrative area",X92,subcategory,1
X926,X92.6,Industrial and construction area,X92,subcategory,1
X93,X93,Assault by handgun discharge,X85-X99,category,0
X930,X93.0,Home,X93,subcategory,1
X932,X93.2,"School, other institution and public administrative area",X93,subcategory,1
X939,X93.9,Unspecified place,X93,subcategory,1
X94,X94,"Assault by rifle, shotgun and larger firearm discharge",X85-X99,category,1
X949,X94.9,Unspecified place,X94,subcategory,1
X96,X96,Assault by explosive material,X85-X99,category,0
X961,X96.1,Residential institution,X96,subcategory,1
X99,X99,Assault by sharp object,X85-X99,category,1
X990,X99.0,Home,X99,subcategory,1
X992,X99.2,"School, other institution and public administrative area",X99,subcategory,1
X994,X99.4,Street and highway,X99,subcategory,1
X995,X99.5,Trade and service area,X99,subcategory,1
X996,X99.6,Industrial and construction area,X99,subcategory,1
X998,X99.8,Other specified place,X99,subcategory,1
X999,X99.9,Unspecified place,X99,subcategory,1
Y00,Y00,Assault by blunt object,Y00-Y09,category,1
Y000,Y00.0,Home,Y00,subcategory,1
Y002,Y00.2,"School, other institution and public administrative area",Y00,subcategory,0
Y0021,Y00.21,"Assault by blunt object; School, other institution and public administrative area ; While engaged in leisure activity",Y002,extension,1
Y004,Y00.4,Street and highway,Y00,subcategory,1
Y005,Y00.5,Trade and service area,Y00,subcategory,1
Y008,Y00.8,Other specified place,Y00,subcategory,1
Y009,Y00.9,Unspecified place,Y00,subcategory,1
Y02,Y02,Assault by pushing or placing victim before moving object,Y00-Y09,category,0
Y024,Y02.4,Street and highway,Y02,subcategory,1
Y03,Y03,Assault by crashing of motor vehicle,Y00-Y09,category,0
Y034,Y03.4,Street and highway,Y03,subcategory,1
Y04,Y04,Assault by bodily force,Y00-Y09,category,1
Y040,Y04.0,Home,Y04,subcategory,1
Y041,Y04.1,Residential institution,Y04,subcategory,1
Y042,Y04.2,"School, other institution and public administrative area",Y04,subcategory,1
Y043,Y04.3,Sports and athletics area,Y04,subcategory,1
Y044,Y04.4,Street and highway,Y04,subcategory,1
Y0449,Y04.49,Assault by bodily force; Street and highway;  During unspecified activity,Y044,extension,1
Y045,Y04.5,Trade and service area,Y04,subcategory,1
Y048,Y04.8,Other specified place,Y04,subcategory,1
Y049,Y04.9,Unspecified place,Y04,subcategory,1
Y05,Y05,Sexual assault by bodily force,Y00-Y09,category,1
Y050,Y05.0,Home,Y05,subcategory,1
Y055,Y05.5,Trade and service area,Y05,subcategory,1
Y059,Y05.9,Unspecified place,Y05,subcategory,1
Y07,Y07,Other maltreatment syndromes,Y00-Y09,category,1
Y070,Y07.0,By spouse or partner,Y07,subcategory,1
Y071,Y07.1,By parent,Y07,subcategory,1
Y072,Y07.2,By acquaintance or friend,Y07,subcategory,1
Y078,Y07.8,By other specified persons,Y07,subcategory,1
Y079,Y07.9,By unspecified person,Y07,subcategory,1
Y08,Y08,Assault by other specified means,Y00-Y09,category,0
Y080,Y08.0,Home,Y08,subcategory,1
Y084,Y08.4,Street and highway,Y08,subcategory,1
Y088,Y08.8,Other specified place,Y08,subcategory,1
Y089,Y08.9,Unspecified place,Y08,subcategory,1
Y09,Y09,Assault by unspecified means,Y00-Y09,category,1
Y090,Y09.0,Home,Y09,subcategory,1
Y094,Y09.4,Street and highway,Y09,subcategory,1
Y095,Y09.5,Trade and service area,Y09,subcategory,1
Y098,Y09.8,Other specified place,Y09,subcategory,1
Y099,Y09.9,Unspecified place,Y09,subcategory,1
Y10,Y10,"Poisoning by and exposure to nonopioid analgesics, antipyretics and antirheumatics, undetermined intent",Y10-Y34,category,1
Y100,Y10.0,Home,Y10,subcategory,1
Y109,Y10.9,Unspecified place,Y10,subcategory,1
Y11,Y11,"Poisoning by and exposure to antiepileptic, sedative-hypnotic, anti-Parkinsonism and psychotropic drugs, not elsewhere classified, undetermined intent",Y10-Y34,category,0
Y110,Y11.0,Home,Y11,subcategory,1
Y118,Y11.8,Other specified place,Y11,subcategory,1
Y119,Y11.9,Unspecified place,Y11,subcategory,1
Y12,Y12,"Poisoning by and exposure to narcotics and psychodysleptics [hallucinogens], not elsewhere classified, undetermined intent",Y10-Y34,category,0
Y120,Y12.0,Home,Y12,subcategory,1
Y13,Y13,"Poisoning by and exposure to other drugs acting on the autonomic nervous system, undetermined intent",Y10-Y34,category,0
Y131,Y13.1,Residential institution,Y13,subcategory,1
Y14,Y14,"Poisoning by and exposure to other and unspecified drugs, medicaments and biological substances, undetermined intent",Y10-Y34,category,0
Y140,Y14.0,Home,Y14,subcategory,1
Y142,Y14.2,"School, other institution and public administrative area",Y14,subcategory,1
Y149,Y14.9,Unspecified place,Y14,subcategory,1
Y15,Y15,"Poisoning by and exposure to alcohol, undetermined intent",Y10-Y34,category,0
Y150,Y15.0,Home,Y15,subcategory,1
Y158,Y15.8,Other specified place,Y15,subcategory,1
Y19,Y19,"Poisoning by and exposure to other and unspecified chemicals and noxious substances, undetermined intent",Y10-Y34,category,0
Y190,Y19.0,Home,Y19,subcategory,1
Y20,Y20,"Hanging, strangulation and suffocation, undetermined intent",Y10-Y34,category,0
Y200,Y20.0,Home,Y20,subcategory,1
Y201,Y20.1,Residential institution,Y20,subcategory,1
Y21,Y21,"Drowning and submersion, undetermined intent",Y10-Y34,category,0
Y218,Y21.8,Other specified place,Y21,subcategory,1
Y23,Y23,"Rifle, shotgun and larger firearm discharge, undetermined intent",Y10-Y34,category,0
Y239,Y23.9,Unspecified place,Y23,subcategory,1
Y24,Y24,"Other and unspecified firearm discharge, undetermined intent",Y10-Y34,category,0
Y240,Y24.0,Home,Y24,subcategory,1
Y249,Y24.9,Unspecified place,Y24,subcategory,1
Y28,Y28,"Contact with sharp object, undetermined intent",Y10-Y34,category,0
Y280,Y28.0,Home,Y28,subcategory,1
Y282,Y28.2,"School, other institution and public administrative area",Y28,subcategory,1
Y286,Y28.6,Industrial and construction area,Y28,subcategory,1
Y289,Y28.9,Unspecified place,Y28,subcategory,1
Y29,Y29,"Contact with blunt object, undetermined intent",Y10-Y34,category,0
Y296,Y29.6,Industrial and construction area,Y29,subcategory,1
Y32,Y32,"Crashing of motor vehicle, undetermined intent",Y10-Y34,category,0
Y322,Y32.2,"School, other institution and public administrative area",Y32,subcategory,1
Y33,Y33,"Other specified events, undetermined intent",Y10-Y34,category,1
Y330,Y33.0,Home,Y33,subcategory,1
Y332,Y33.2,"School, other institution and public administrative area",Y33,subcategory,1
Y334,Y33.4,Street and highway,Y33,subcategory,1
Y339,Y33.9,Unspecified place,Y33,subcategory,1
Y34,Y34,"Unspecified event, undetermined intent",Y10-Y34,category,0
Y341,Y34.1,Residential institution,Y34,subcategory,1
Y342,Y34.2,"School, other institution and public administrative area",Y34,subcategory,1
Y345,Y34.5,Trade and service area,Y34,subcategory,1
Y349,Y34.9,Unspecified place,Y34,subcategory,1
Y35,Y35,Legal intervention,Y35-Y36,category,0
Y356,Y35.6,Legal intervention involving other specified means,Y35,subcategory,1
Y40,Y40,Systemic antibiotics,Y40-Y59,category,1
Y400,Y40.0,Penicillins,Y40,subcategory,1
Y401,Y40.1,Cefalosporins and other  -lactam antibiotics,Y40,subcategory,1
Y402,Y40.2,Chloramphenicol group,Y40,subcategory,1
Y403,Y40.3,Macrolides,Y40,subcategory,1
Y404,Y40.4,Tetracyclines,Y40,subcategory,1
Y405,Y40.5,Aminoglycosides,Y40,subcategory,1
Y406,Y40.6,Rifamycins,Y40,subcategory,1
Y407,Y40.7,"Antifungal antibiotics, systemically used",Y40,subcategory,1
Y408,Y40.8,Other systemic antibiotics,Y40,subcategory,1
Y409,Y40.9,"Systemic antibiotic, unspecified",Y40,subcategory,1
Y41,Y41,Other systemic anti-infectives and antiparasitics,Y40-Y59,category,0
Y410,Y41.0,Sulphonamides,Y41,subcategory,1
Y411,Y41.1,Antimycobacterial drugs,Y41,subcategory,1
Y412,Y41.2,Antimalarials and drugs acting on other blood protozoa,Y41,subcategory,1
Y413,Y41.3,Other antiprotozoal drugs,Y41,subcategory,1
Y414,Y41.4,Anthelminthics,Y41,subcategory,1
Y415,Y41.5,Antiviral drugs,Y41,subcategory,1
Y418,Y41.8,Other specified systemic anti-infectives and antiparasitics,Y41,subcategory,1
Y419,Y41.9,"Systemic anti-infective and antiparasitic, unspecified",Y41,subcategory,1
Y42,Y42,"Hormones and their synthetic substitutes and antagonists, not elsewhere classified",Y40-Y59,category,0
Y420,Y42.0,Glucocorticoids and synthetic analogs,Y42,subcategory,1
Y421,Y42.1,Thyroid hormones and substitutes,Y42,subcategory,1
Y422,Y42.2,Antithyroid drugs,Y42,subcategory,1
Y423,Y42.3,Insulin and oral hypoglycaemic [antidiabetic] drugs,Y42,subcategory,1
Y424,Y42.4,Oral contraceptives,Y42,subcategory,1
Y425,Y42.5,Other oestrogens and progestogens,Y42,subcategory,1
Y426,Y42.6,"Antigonadotrophins, antioestrogens, antiandrogens, not elsewhere classified",Y42,subcategory,1
Y427,Y42.7,Androgens and anabolic congeners,Y42,subcategory,1
Y428,Y42.8,Other and unspecified hormones and their synthetic substitutes,Y42,subcategory,1
Y429,Y42.9,Other and unspecified hormone antagonists,Y42,subcategory,1
Y43,Y43,Primarily systemic agents,Y40-Y59,category,0
Y430,Y43.0,Antiallergic and antiemetic drugs,Y43,subcategory,1
Y431,Y43.1,Antineoplastic antimetabolites,Y43,subcategory,1
Y432,Y43.2,Antineoplastic natural products,Y43,subcategory,1
Y433,Y43.3,Other antineoplastic drugs,Y43,subcategory,1
Y434,Y43.4,Immunosuppressive agents,Y43,subcategory,1
Y435,Y43.5,Acidifying and alkalising agents,Y43,subcategory,1
Y438,Y43.8,"Other primarily systemic agents, not elsewhere classified",Y43,subcategory,1
Y44,Y44,Agents primarily affecting blood constituents,Y40-Y59,category,0
Y440,Y44.0,Iron preparations and other anti-hypochromic-anaemia preparations,Y44,subcategory,1
Y441,Y44.1,"Vitamin B12, folic acid and other anti-megaloblastic-anaemia preparations",Y44,subcategory,1
Y442,Y44.2,Anticoagulants,Y44,subcategory,1
Y443,Y44.3,"Anticoagulant antagonists, vitamin K and other coagulants",Y44,subcategory,1
Y444,Y44.4,Antithrombotic drugs [platelet-aggregation inhibitors],Y44,subcategory,1
Y445,Y44.5,Thrombolytic drugs,Y44,subcategory,1
Y446,Y44.6,Natural blood and blood products,Y44,subcategory,1
Y449,Y44.9,Other and unspecified agents affecting blood constituents,Y44,subcategory,1
Y45,Y45,"Analgesics, antipyretics and anti-inflammatory drugs",Y40-Y59,category,1
Y450,Y45.0,Opioids and related analgesics,Y45,subcategory,1
Y451,Y45.1,Salicylates,Y45,subcategory,1
Y452,Y45.2,Propionic acid derivatives,Y45,subcategory,1
Y453,Y45.3,Other nonsteroidal anti-inflammatory drugs [NSAID],Y45,subcategory,1
Y454,Y45.4,Antirheumatics,Y45,subcategory,1
Y455,Y45.5,4-Aminophenol derivatives,Y45,subcategory,1
Y458,Y45.8,Other analgesics and antipyretics,Y45,subcategory,1
Y459,Y45.9,"Analgesic, antipyretic and anti-inflammatory drug, unspecified",Y45,subcategory,1
Y46,Y46,Antiepileptics and anti-Parkinsonism drugs,Y40-Y59,category,0
Y460,Y46.0,Succinimides,Y46,subcategory,1
Y461,Y46.1,Oxazolidinediones,Y46,subcategory,1
Y462,Y46.2,Hydantoin derivatives,Y46,subcategory,1
Y463,Y46.3,Deoxybarbiturates,Y46,subcategory,1
Y464,Y46.4,Iminostilbenes,Y46,subcategory,1
Y465,Y46.5,Valproic acid,Y46,subcategory,1
Y466,Y46.6,Other and unspecified antiepileptics,Y46,subcategory,1
Y467,Y46.7,Anti-Parkinsonism drugs,Y46,subcategory,1
Y468,Y46.8,Antispasticity drugs,Y46,subcategory,1
Y47,Y47,"Sedatives, hypnotics and antianxiety drugs",Y40-Y59,category,0
Y470,Y47.0,"Barbiturates, not elsewhere classified",Y47,subcategory,1
Y471,Y47.1,Benzodiazepines,Y47,subcategory,1
Y478,Y47.8,"Other sedatives, hypnotics and antianxiety drugs",Y47,subcategory,1
Y479,Y47.9,"Sedative, hypnotic and antianxiety drug, unspecified",Y47,subcategory,1
Y48,Y48,Anaesthetics and therapeutic gases,Y40-Y59,category,1
Y480,Y48.0,Inhaled anaesthetics,Y48,subcategory,1
Y481,Y48.1,Parenteral anaesthetics,Y48,subcategory,1
Y482,Y48.2,Other and unspecified general anaesthetics,Y48,subcategory,1
Y483,Y48.3,Local anaesthetics,Y48,subcategory,1
Y484,Y48.4,"Anaesthetic, unspecified",Y48,subcategory,1
Y485,Y48.5,Therapeutic gases,Y48,subcategory,1
Y49,Y49,"Psychotropic drugs, not elsewhere classified",Y40-Y59,category,0
Y490,Y49.0,Tricyclic and tetracyclic antidepressants,Y49,subcategory,1
Y491,Y49.1,Monoamine-oxidase-inhibitor antidepressants,Y49,subcategory,1
Y492,Y49.2,Other and unspecified antidepressants,Y49,subcategory,1
Y493,Y49.3,Phenothiazine antipsychotics and neuroleptics,Y49,subcategory,1
Y494,Y49.4,Butyrophenone and thioxanthene neuroleptics,Y49,subcategory,1
Y495,Y49.5,Other antipsychotics and neuroleptics,Y49,subcategory,1
Y498,Y49.8,"Other psychotropic drugs, not elsewhere classified",Y49,subcategory,1
Y50,Y50,"Central nervous system stimulants, not elsewhere classified",Y40-Y59,category,0
Y501,Y50.1,Opioid receptor antagonists,Y50,subcategory,1
Y502,Y50.2,"Methylxanthines, not elsewhere classified",Y50,subcategory,1
Y51,Y51,Drugs primarily affecting the autonomic nervous system,Y40-Y59,category,0
Y510,Y51.0,Anticholinesterase agents,Y51,subcategory,1
Y511,Y51.1,Other parasympathomimetics [cholinergics],Y51,subcategory,1
Y513,Y51.3,"Other parasympatholytics [anticholinergics and antimuscarinics] and spasmolytics, not elsewhere classified",Y51,subcategory,1
Y514,Y51.4,"Predominantly Alpha-adrenoreceptor agonists, not elsewhere classified",Y51,subcategory,1
Y515,Y51.5,"Predominantly Beta-adrenoreceptor agonists, not elsewhere classified",Y51,subcategory,1
Y516,Y51.6,"@-Adrenoreceptor antagonists, not elsewhere classified",Y51,subcategory,1
Y517,Y51.7,"Beta-Adrenoreceptor antagonists, not elsewhere classified",Y51,subcategory,1
Y518,Y51.8,"Centrally acting and adrenergic-neuron-blocking agents, not elsewhere classified",Y51,subcategory,1
Y519,Y51.9,Other and unspecified drugs primarily affecting the autonomic nervous system,Y51,subcategory,1
Y52,Y52,Agents primarily affecting the cardiovascular system,Y40-Y59,category,0
Y520,Y52.0,Cardiac-stimulant glycosides and drugs of similar action,Y52,subcategory,1
Y521,Y52.1,Calcium-channel blockers,Y52,subcategory,1
Y522,Y52.2,"Other antidysrhythmic drugs, not elsewhere classified",Y52,subcategory,1
Y523,Y52.3,"Coronary vasodilators, not elsewhere classified",Y52,subcategory,1
Y524,Y52.4,Angiotensin-converting-enzyme inhibitors,Y52,subcategory,1
Y525,Y52.5,"Other antihypertensive drugs, not elsewhere classified",Y52,subcategory,1
Y526,Y52.6,Antihyperlipidaemic and antiarteriosclerotic drugs,Y52,subcategory,1
Y527,Y52.7,Peripheral vasodilators,Y52,subcategory,1
Y529,Y52.9,Other and unspecified agents primarily affecting the cardiovascular system,Y52,subcategory,1
Y53,Y53,Agents primarily affecting the gastro-intestinal system,Y40-Y59,category,0
Y530,Y53.0,Histamine H2-receptor antagonists,Y53,subcategory,1
Y531,Y53.1,Other antacids and anti-gastric-secretion drugs,Y53,subcategory,1
Y532,Y53.2,Stimulant laxatives,Y53,subcategory,1
Y533,Y53.3,Saline and osmotic laxatives,Y53,subcategory,1
Y534,Y53.4,Other laxatives,Y53,subcategory,1
Y535,Y53.5,Digestants,Y53,subcategory,1
Y536,Y53.6,Antidiarrhoeal drugs,Y53,subcategory,1
Y537,Y53.7,Emetics,Y53,subcategory,1
Y538,Y53.8,Other agents primarily affecting the gastro-intestinal system,Y53,subcategory,1
Y54,Y54,Agents primarily affecting water-balance and mineral and uric acid metabolism,Y40-Y59,category,0
Y540,Y54.0,Mineralocorticoids,Y54,subcategory,1
Y541,Y54.1,Mineralocorticoid antagonists [aldosterone antagonists],Y54,subcategory,1
Y542,Y54.2,Carbonic-anhydrase inhibitors,Y54,subcategory,1
Y543,Y54.3,Benzothiadiazine derivatives,Y54,subcategory,1
Y544,Y54.4,Loop [high-ceiling] diuretics,Y54,subcategory,1
Y545,Y54.5,Other diuretics,Y54,subcategory,1
Y546,Y54.6,"Electrolytic, caloric and water-balance agents",Y54,subcategory,1
Y547,Y54.7,Agents affecting calcification,Y54,subcategory,1
Y548,Y54.8,Agents affecting uric acid metabolism,Y54,subcategory,1
Y549,Y54.9,"Mineral salts, not elsewhere classified",Y54,subcategory,1
Y55,Y55,Agents primarily acting on smooth and skeletal muscles and the respiratory system,Y40-Y59,category,0
Y550,Y55.0,Oxytocic drugs,Y55,subcategory,1
Y551,Y55.1,Skeletal muscle relaxants [neuromuscular blocking agents],Y55,subcategory,1
Y552,Y55.2,Other and unspecified agents primarily acting on muscles,Y55,subcategory,1
Y553,Y55.3,Antitussives,Y55,subcategory,1
Y554,Y55.4,Expectorants,Y55,subcategory,1
Y556,Y55.6,"Antiasthmatics, not elsewhere classified",Y55,subcategory,1
Y56,Y56,"Topical agents primarily affecting skin and mucous membrane and ophthalmological, otorhinolaryngological and dental drugs",Y40-Y59,category,1
Y560,Y56.0,"Local antifungal, anti-infective and anti-inflammatory drugs, not elsewhere classified",Y56,subcategory,1
Y561,Y56.1,Antipruritics,Y56,subcategory,1
Y562,Y56.2,Local astringents and local detergents,Y56,subcategory,1
Y563,Y56.3,"Emollients, demulcents and protectants",Y56,subcategory,1
Y564,Y56.4,"Keratolytics, keratoplastics and other hair treatment drugs and preparations",Y56,subcategory,1
Y565,Y56.5,Ophthalmological drugs and preparations,Y56,subcategory,1
Y566,Y56.6,Otorhinolaryngological drugs and preparations,Y56,subcategory,1
Y567,Y56.7,"Dental drugs, topically applied",Y56,subcategory,1
Y568,Y56.8,Other topical agents,Y56,subcategory,1
Y569,Y56.9,"Topical agent, unspecified",Y56,subcategory,1
Y57,Y57,Other and unspecified drugs and medicaments,Y40-Y59,category,0
Y572,Y57.2,"Antidotes and chelating agents, not elsewhere classified",Y57,subcategory,1
Y574,Y57.4,Pharmaceutical excipients,Y57,subcategory,1
Y575,Y57.5,X-ray contrast media,Y57,subcategory,1
Y576,Y57.6,Other diagnostic agents,Y57,subcategory,1
Y577,Y57.7,"Vitamins, not elsewhere classified",Y57,subcategory,1
Y578,Y57.8,Other drugs and medicaments,Y57,subcategory,1
Y579,Y57.9,"Drug or medicament, unspecified",Y57,subcategory,1
Y58,Y58,Bacterial vaccines,Y40-Y59,category,1
Y580,Y58.0,BCG vaccine,Y58,subcategory,1
Y581,Y58.1,Typhoid and paratyphoid vaccine,Y58,subcategory,1
Y584,Y58.4,Tetanus vaccine,Y58,subcategory,1
Y588,Y58.8,"Mixed bacterial vaccines, except combinations with a pertussis component",Y58,subcategory,1
Y589,Y58.9,Other and unspecified bacterial vaccines,Y58,subcategory,1
Y59,Y59,Other and unspecified vaccines and biological substances,Y40-Y59,category,1
Y590,Y59.0,Viral vaccines,Y59,subcategory,1
Y593,Y59.3,Immunoglobulin,Y59,subcategory,1
Y598,Y59.8,Other specified vaccines and biological substances,Y59,subcategory,1
Y599,Y59.9,"Vaccine or biological substance, unspecified",Y59,subcategory,1
Y60,Y60,"Unintentional cut, puncture, perforation or haemorrhage during surgical and medical care",Y60-Y69,category,1
Y600,Y60.0,During surgical operation,Y60,subcategory,1
Y603,Y60.3,During injection or immunisation,Y60,subcategory,1
Y604,Y60.4,During endoscopic examination,Y60,subcategory,1
Y605,Y60.5,During heart catheterisation,Y60,subcategory,1
Y606,Y60.6,"During aspiration, puncture and other catheterisation",Y60,subcategory,1
Y607,Y60.7,During administration of enema,Y60,subcategory,1
Y608,Y60.8,During other surgical and medical care,Y60,subcategory,1
Y609,Y60.9,During unspecified surgical and medical care,Y60,subcategory,1
Y61,Y61,Foreign object accidentally left in body during surgical and medical care,Y60-Y69,category,1
Y610,Y61.0,During surgical operation,Y61,subcategory,1
Y611,Y61.1,During infusion or transfusion,Y61,subcategory,1
Y614,Y61.4,During endoscopic examination,Y61,subcategory,1
Y616,Y61.6,"During aspiration, puncture and other catheterisation",Y61,subcategory,1
Y617,Y61.7,During removal of catheter or packing,Y61,subcategory,1
Y618,Y61.8,During other surgical and medical care,Y61,subcategory,1
Y619,Y61.9,During unspecified surgical and medical care,Y61,subcategory,1
Y62,Y62,Failure of sterile precautions during surgical and medical care,Y60-Y69,category,0
Y625,Y62.5,During heart catheterisation,Y62,subcategory,1
Y63,Y63,Failure in dosage during surgical and medical care,Y60-Y69,category,0
Y630,Y63.0,Excessive amount of blood or other fluid given during transfusion or infusion,Y63,subcategory,1
Y635,Y63.5,Inappropriate temperature in local application and packing,Y63,subcategory,1
Y65,Y65,Other misadventures during surgical and medical care,Y60-Y69,category,0
Y652,Y65.2,Failure in suture or ligature during surgical operation,Y65,subcategory,1
Y654,Y65.4,Failure to introduce or to remove other tube or instrument,Y65,subcategory,1
Y658,Y65.8,Other specified misadventures during surgical and medical care,Y65,subcategory,1
Y69,Y69,Unspecified misadventure during surgical and medical care,Y60-Y69,category,1
Y70,Y70,Anaesthesiology devices associated with adverse incidents,Y70-Y82,category,0
Y700,Y70.0,Diagnostic and monitoring devices,Y70,subcategory,1
Y701,Y70.1,Therapeutic (nonsurgical) and rehabilitative devices,Y70,subcategory,1
Y703,Y70.3,"Surgical instruments, materials and devices (including sutures)",Y70,subcategory,1
Y708,Y70.8,"Miscellaneous devices, not elsewhere classified",Y70,subcategory,1
Y71,Y71,Cardiovascular devices associated with adverse incidents,Y70-Y82,category,0
Y710,Y71.0,Diagnostic and monitoring devices,Y71,subcategory,1
Y711,Y71.1,Therapeutic (nonsurgical) and rehabilitative devices,Y71,subcategory,1
Y712,Y71.2,"Prosthetic and other implants, materials and accessory devices",Y71,subcategory,1
Y713,Y71.3,"Surgical instruments, materials and devices (including sutures)",Y71,subcategory,1
Y72,Y72,Otorhinolaryngological devices associated with adverse incidents,Y70-Y82,category,0
Y720,Y72.0,Diagnostic and monitoring devices,Y72,subcategory,1
Y721,Y72.1,Therapeutic (nonsurgical) and rehabilitative devices,Y72,subcategory,1
Y722,Y72.2,"Prosthetic and other implants, materials and accessory devices",Y72,subcategory,1
Y73,Y73,Gastro-enterology and urology devices associated with adverse incidents,Y70-Y82,category,0
Y730,Y73.0,Diagnostic and monitoring devices,Y73,subcategory,1
Y731,Y73.1,Therapeutic (nonsurgical) and rehabilitative devices,Y73,subcategory,1
Y732,Y73.2,"Prosthetic and other implants, materials and accessory devices",Y73,subcategory,1
Y733,Y73.3,"Surgical instruments, materials and devices (including sutures)",Y73,subcategory,1
Y74,Y74,General hospital and personal-use devices associated with adverse incidents,Y70-Y82,category,0
Y741,Y74.1,Therapeutic (nonsurgical) and rehabilitative devices,Y74,subcategory,1
Y748,Y74.8,"Miscellaneous devices, not elsewhere classified",Y74,subcategory,1
Y75,Y75,Neurological devices associated with adverse incidents,Y70-Y82,category,0
Y750,Y75.0,Diagnostic and monitoring devices,Y75,subcategory,1
Y752,Y75.2,"Prosthetic and other implants, materials and accessory devices",Y75,subcategory,1
Y76,Y76,Obstetric and gynaecological devices associated with adverse incidents,Y70-Y82,category,0
Y760,Y76.0,Diagnostic and monitoring devices,Y76,subcategory,1
Y762,Y76.2,"Prosthetic and other implants, materials and accessory devices",Y76,subcategory,1
Y763,Y76.3,"Surgical instruments, materials and devices (including sutures)",Y76,subcategory,1
Y768,Y76.8,"Miscellaneous devices, not elsewhere classified",Y76,subcategory,1
Y77,Y77,Ophthalmic devices associated with adverse incidents,Y70-Y82,category,0
Y772,Y77.2,"Prosthetic and other implants, materials and accessory devices",Y77,subcategory,1
Y773,Y77.3,"Surgical instruments, materials and devices (including sutures)",Y77,subcategory,1
Y78,Y78,Radiological devices associated with adverse incidents,Y70-Y82,category,0
Y783,Y78.3,"Surgical instruments, materials and devices (including sutures)",Y78,subcategory,1
Y79,Y79,Orthopaedic devices associated with adverse incidents,Y70-Y82,category,0
Y791,Y79.1,Therapeutic (nonsurgical) and rehabilitative devices,Y79,subcategory,1
Y792,Y79.2,"Prosthetic and other implants, materials and accessory devices",Y79,subcategory,1
Y793,Y79.3,"Surgical instruments, materials and devices (including sutures)",Y79,subcategory,1
Y80,Y80,Physical medicine devices associated with adverse incidents,Y70-Y82,category,0
Y801,Y80.1,Therapeutic (nonsurgical) and rehabilitative devices,Y80,subcategory,1
Y803,Y80.3,"Surgical instruments, materials and devices (including sutures)",Y80,subcategory,1
Y81,Y81,General- and plastic-surgery devices associated with adverse incidents,Y70-Y82,category,0
Y812,Y81.2,"Prosthetic and other implants, materials and accessory devices",Y81,subcategory,1
Y813,Y81.3,"Surgical instruments, materials and devices (including sutures)",Y81,subcategory,1
Y82,Y82,Other and unspecified medical devices associated with adverse incidents,Y70-Y82,category,1
Y820,Y82.0,Diagnostic and monitoring devices,Y82,subcategory,1
Y821,Y82.1,Therapeutic (nonsurgical) and rehabilitative devices,Y82,subcategory,1
Y822,Y82.2,"Prosthetic and other implants, materials and accessory devices",Y82,subcategory,1
Y823,Y82.3,"Surgical instruments, materials and devices (including sutures)",Y82,subcategory,1
Y828,Y82.8,"Miscellaneous devices, not elsewhere classified",Y82,subcategory,1
Y83,Y83,"Surgical operation and other surgical procedures as the cause of abnormal reaction of the patient, or of later complication, without mention of misadventure at the time of the procedure",Y83-Y84,category,0
Y830,Y83.0,Surgical operation with transplant of whole organ,Y83,subcategory,1
Y831,Y83.1,Surgical operation with implant of artificial internal device,Y83,subcategory,1
Y832,Y83.2,"Surgical operation with anastomosis, bypass or graft",Y83,subcategory,1
Y833,Y83.3,Surgical operation with formation of external stoma,Y83,subcategory,1
Y834,Y83.4,Other reconstructive surgery,Y83,subcategory,1
Y835,Y83.5,Amputation of limb(s),Y83,subcategory,1
Y836,Y83.6,Removal of other organ (partial) (total),Y83,subcategory,1
Y838,Y83.8,Other surgical procedures,Y83,subcategory,1
Y839,Y83.9,"Surgical procedure, unspecified",Y83,subcategory,1
Y84,Y84,"Other medical procedures as the cause of abnormal reaction of the patient, or of later complication, without mention of misadventure at the time of the procedure",Y83-Y84,category,0
Y840,Y84.0,Cardiac catheterisation,Y84,subcategory,1
Y841,Y84.1,Kidney dialysis,Y84,subcategory,1
Y842,Y84.2,Radiological procedure and radiotherapy,Y84,subcategory,1
Y843,Y84.3,Shock therapy,Y84,subcategory,1
Y844,Y84.4,Aspiration of fluid,Y84,subcategory,1
Y845,Y84.5,Insertion of gastric or duodenal sound,Y84,subcategory,1
Y846,Y84.6,Urinary catheterisation,Y84,subcategory,1
Y847,Y84.7,Blood-sampling,Y84,subcategory,1
Y848,Y84.8,Other medical procedures,Y84,subcategory,1
Y849,Y84.9,"Medical procedure, unspecified",Y84,subcategory,1
Y85,Y85,Sequelae of transport accidents,Y85-Y89,category,0
Y850,Y85.0,Sequelae of motor-vehicle accident,Y85,subcategory,1
Y859,Y85.9,Sequelae of other and unspecified transport accidents,Y85,subcategory,1
Y86,Y86,Sequelae of other accidents,Y85-Y89,category,1
Y87,Y87,"Sequelae of intentional self-harm, assault and events of undetermined intent",Y85-Y89,category,0
Y870,Y87.0,Sequelae of intentional self-harm,Y87,subcategory,1
Y871,Y87.1,Sequelae of assault,Y87,subcategory,1
Y872,Y87.2,Sequelae of events of undetermined intent,Y87,subcategory,1
Y88,Y88,Sequelae of surgical and medical care as external cause,Y85-Y89,category,0
Y880,Y88.0,"Sequelae of adverse effects caused by drugs, medicaments and biological substances in therapeutic use",Y88,subcategory,1
Y881,Y88.1,Sequelae of misadventures to patients during surgical and medical procedures,Y88,subcategory,1
Y882,Y88.2,Sequelae of adverse incidents associated with medical devices in diagnostic and therapeutic use,Y88,subcategory,1
Y883,Y88.3,"Sequelae of surgical and medical procedures as the cause of abnormal reaction of the patient or of later complication, without mention of misadventure at the time of the procedure",Y88,subcategory,1
Y89,Y89,Sequelae of other external causes,Y85-Y89,category,0
Y891,Y89.1,Sequelae of war operations,Y89,subcategory,1
Y899,Y89.9,Sequelae of unspecified external cause,Y89,subcategory,1
Y90,Y90,Evidence of alcohol involvement determined by blood alcohol level,Y90-Y98,category,0
Y900,Y90.0,Blood alcohol level of less than 20 mg/100 ml,Y90,subcategory,1
Y903,Y90.3,Blood alcohol level of 60-79 mg/100 ml,Y90,subcategory,1
Y904,Y90.4,Blood alcohol level of 80-99 mg/100 ml,Y90,subcategory,1
Y906,Y90.6,Blood alcohol level of 120-199 mg/100 ml,Y90,subcategory,1
Y907,Y90.7,Blood alcohol level of 200-239 mg/100 ml,Y90,subcategory,1
Y908,Y90.8,Blood alcohol level of 240 mg/100 ml or more,Y90,subcategory,1
Y91,Y91,Evidence of alcohol involvement determined by level of intoxication,Y90-Y98,category,0
Y910,Y91.0,Mild alcohol intoxication,Y91,subcategory,1
Y912,Y91.2,Severe alcohol intoxication,Y91,subcategory,1
Y919,Y91.9,"Alcohol involvement, not otherwise specified",Y91,subcategory,1
Y95,Y95,Nosocomial condition,Y90-Y98,category,1
Y96,Y96,Work-related condition,Y90-Y98,category,1
Y97,Y97,Environmental-pollution-related condition,Y90-Y98,category,1
Y98,Y98,Lifestyle-related condition,Y90-Y98,category,1
Z00,Z00,General examination and investigation of persons without complaint or reported diagnosis,Z00-Z13,category,1
Z000,Z00.0,General medical examination,Z00,subcategory,1
Z001,Z00.1,Routine child health examination,Z00,subcategory,1
Z002,Z00.2,Examination for period of rapid growth in childhood,Z00,subcategory,1
Z003,Z00.3,Examination for adolescent development state,Z00,subcategory,1
Z004,Z00.4,"General psychiatric examination, not elsewhere classified",Z00,subcategory,1
Z005,Z00.5,Examination of potential donor of organ and tissue,Z00,subcategory,1
Z006,Z00.6,Examination for normal comparison and control in clinical research programme,Z00,subcategory,1
Z008,Z00.8,Other general examinations,Z00,subcategory,1
Z01,Z01,Other special examinations and investigations of persons without complaint or reported diagnosis,Z00-Z13,category,1
Z010,Z01.0,Examination of eyes and vision,Z01,subcategory,1
Z0100,Z01.00,Encounter for examination of eyes and vision without abnormal findings,Z010,extension,1
Z0101,Z01.01,Encounter for examination of eyes and vision with abnormal findings,Z010,extension,1
Z011,Z01.1,Examination of ears and hearing,Z01,subcategory,1
Z012,Z01.2,Dental examination,Z01,subcategory,1
Z013,Z01.3,Examination of blood pressure,Z01,subcategory,1
Z014,Z01.4,Gynaecological examination (general)(routine),Z01,subcategory,1
Z015,Z01.5,Diagnostic skin and sensitisation tests,Z01,subcategory,1
Z016,Z01.6,"Radiological examination, not elsewhere classified",Z01,subcategory,1
Z017,Z01.7,Laboratory examination,Z01,subcategory,1
Z018,Z01.8,Other specified special examinations,Z01,subcategory,1
Z0189,Z01.89,Encounter for other specified special examinations,Z018,extension,1
Z019,Z01.9,"Special examination, unspecified",Z01,subcategory,1
Z02,Z02,Examination and encounter for administrative purposes,Z00-Z13,category,1
Z021,Z02.1,Pre-employment examination,Z02,subcategory,1
Z023,Z02.3,Examination for recruitment to armed forces,Z02,subcategory,1
Z024,Z02.4,Examination for driving licence,Z02,subcategory,1
Z027,Z02.7,Issue of medical certificate,Z02,subcategory,1
Z028,Z02.8,Other examinations for administrative purposes,Z02,subcategory,1
Z029,Z02.9,"Examination for administrative purposes, unspecified",Z02,subcategory,1
Z03,Z03,Medical observation and evaluation for suspected diseases and conditions,Z00-Z13,category,0
Z030,Z03.0,Observation for suspected tuberculosis,Z03,subcategory,1
Z031,Z03.1,Observation for suspected malignant neoplasm,Z03,subcategory,1
Z032,Z03.2,Observation for suspected mental and behavioural disorders,Z03,subcategory,1
Z033,Z03.3,Observation for suspected nervous system disorder,Z03,subcategory,1
Z034,Z03.4,Observation for suspected myocardial infarction,Z03,subcategory,1
Z035,Z03.5,Observation for other suspected cardiovascular diseases,Z03,subcategory,1
Z036,Z03.6,Observation for suspected toxic effect from ingested substance,Z03,subcategory,1
Z038,Z03.8,Observation for other suspected diseases and conditions,Z03,subcategory,1
Z0389,Z03.89,Encounter for observation for other suspected diseases and conditions ruled out,Z038,extension,1
Z039,Z03.9,"Observation for suspected disease or condition, unspecified",Z03,subcategory,1
Z04,Z04,Examination and observation for other reasons,Z00-Z13,category,1
Z041,Z04.1,Examination and observation following transport accident,Z04,subcategory,1
Z042,Z04.2,Examination and observation following work accident,Z04,subcategory,1
Z043,Z04.3,Examination and observation following other accident,Z04,subcategory,1
Z045,Z04.5,Examination and observation following other inflicted injury,Z04,subcategory,1
Z046,Z04.6,"General psychiatric examination, requested by authority",Z04,subcategory,1
Z048,Z04.8,Examination and observation for other specified reasons,Z04,subcategory,1
Z049,Z04.9,Examination and observation for unspecified reason,Z04,subcategory,1
Z08,Z08,Follow-up examination after treatment for malignant neoplasm,Z00-Z13,category,1
Z080,Z08.0,Follow-up examination after surgery for malignant neoplasm,Z08,subcategory,1
Z081,Z08.1,Follow-up examination after radiotherapy for malignant neoplasm,Z08,subcategory,1
Z082,Z08.2,Follow-up examination after chemotherapy for malignant neoplasm,Z08,subcategory,1
Z087,Z08.7,Follow-up examination after combined treatment for malignant neoplasm,Z08,subcategory,1
Z088,Z08.8,Follow-up examination after other treatment for malignant neoplasm,Z08,subcategory,1
Z089,Z08.9,Follow-up examination after unspecified treatment for malignant neoplasm,Z08,subcategory,1
Z09,Z09,Follow-up examination after treatment for conditions other than malignant neoplasms,Z00-Z13,category,1
Z090,Z09.0,Follow-up examination after surgery for other conditions,Z09,subcategory,1
Z091,Z09.1,Follow-up examination after radiotherapy for other conditions,Z09,subcategory,1
Z092,Z09.2,Follow-up examination after chemotherapy for other conditions,Z09,subcategory,1
Z094,Z09.4,Follow-up examination after treatment of fracture,Z09,subcategory,1
Z097,Z09.7,Follow-up examination after combined treatment for other conditions,Z09,subcategory,1
Z098,Z09.8,Follow-up examination after other treatment for other conditions,Z09,subcategory,1
Z099,Z09.9,Follow-up examination after unspecified treatment for other conditions,Z09,subcategory,1
Z10,Z10,Routine general health check-up of defined subpopulation,Z00-Z13,category,1
Z100,Z10.0,Occupational health examination,Z10,subcategory,1
Z102,Z10.2,Routine general health check-up of armed forces,Z10,subcategory,1
Z103,Z10.3,Routine general health check-up of sports teams,Z10,subcategory,1
Z108,Z10.8,Routine general health check-up of other defined subpopulations,Z10,subcategory,1
Z11,Z11,Special screening examination for infectious and parasitic diseases,Z00-Z13,category,0
Z110,Z11.0,Special screening examination for intestinal infectious diseases,Z11,subcategory,1
Z111,Z11.1,Special screening examination for respiratory tuberculosis,Z11,subcategory,1
Z112,Z11.2,Special screening examination for other bacterial diseases,Z11,subcategory,1
Z114,Z11.4,Special screening examination for human immunodeficiency virus [HIV],Z11,subcategory,1
Z115,Z11.5,Special screening examination for other viral diseases,Z11,subcategory,1
Z116,Z11.6,Special screening examination for other protozoal diseases and helminthiases,Z11,subcategory,1
Z118,Z11.8,Special screening examination for other infectious and parasitic diseases,Z11,subcategory,1
Z119,Z11.9,"Special screening examination for infectious and parasitic diseases, unspecified",Z11,subcategory,1
Z12,Z12,Special screening examination for neoplasms,Z00-Z13,category,0
Z120,Z12.0,Special screening examination for neoplasm of stomach,Z12,subcategory,1
Z121,Z12.1,Special screening examination for neoplasm of intestinal tract,Z12,subcategory,1
Z122,Z12.2,Special screening examination for neoplasm of respiratory organs,Z12,subcategory,1
Z123,Z12.3,Special screening examination for neoplasm of breast,Z12,subcategory,1
Z124,Z12.4,Special screening examination for neoplasm of cervix,Z12,subcategory,1
Z125,Z12.5,Special screening examination for neoplasm of prostate,Z12,subcategory,1
Z126,Z12.6,Special screening examination for neoplasm of bladder,Z12,subcategory,1
Z128,Z12.8,Special screening examination for neoplasm of other sites,Z12,subcategory,1
Z129,Z12.9,"Special screening examination for neoplasm, unspecified",Z12,subcategory,1
Z13,Z13,Special screening examination for other diseases and disorders,Z00-Z13,category,1
Z130,Z13.0,Special screening examination for diseases of the blood and blood-forming organs and certain disorders involving the immune mechanism,Z13,subcategory,1
Z131,Z13.1,Special screening examination for diabetes mellitus,Z13,subcategory,1
Z132,Z13.2,Special screening examination for nutritional disorders,Z13,subcategory,1
Z133,Z13.3,Special screening examination for mental and behavioural disorders,Z13,subcategory,1
Z135,Z13.5,Special screening examination for eye and ear disorders,Z13,subcategory,1
Z136,Z13.6,Special screening examination for cardiovascular disorders,Z13,subcategory,1
Z137,Z13.7,"Special screening examination for congenital malformations, deformations and chromosomal abnormalities",Z13,subcategory,1
Z138,Z13.8,Special screening examination for other specified diseases and disorders,Z13,subcategory,1
Z1382,Z13.82,Encounter for screening for musculoskeletal disorder,Z138,extension,1
Z139,Z13.9,"Special screening examination, unspecified",Z13,subcategory,1
Z20,Z20,Contact with and exposure to communicable diseases,Z20-Z29,category,1
Z200,Z20.0,Contact with and exposure to intestinal infectious diseases,Z20,subcategory,1
Z201,Z20.1,Contact with and exposure to tuberculosis,Z20,subcategory,1
Z203,Z20.3,Contact with and exposure to rabies,Z20,subcategory,1
Z205,Z20.5,Contact with and exposure to viral hepatitis,Z20,subcategory,1
Z206,Z20.6,Contact with and exposure to human immunodeficiency virus [HIV],Z20,subcategory,1
Z207,Z20.7,"Contact with and exposure to pediculosis, acariasis and other infestations",Z20,subcategory,1
Z208,Z20.8,Contact with and exposure to other communicable diseases,Z20,subcategory,1
Z209,Z20.9,Contact with and exposure to unspecified communicable disease,Z20,subcategory,1
Z21,Z21,Asymptomatic human immunodeficiency virus [HIV] infection status,Z20-Z29,category,1
Z22,Z22,Carrier of infectious disease,Z20-Z29,category,0
Z221,Z22.1,Carrier of other intestinal infectious diseases,Z22,subcategory,1
Z223,Z22.3,Carrier of other specified bacterial diseases,Z22,subcategory,1
Z224,Z22.4,Carrier of infections with a predominantly sexual mode of transmission,Z22,subcategory,1
Z225,Z22.5,Carrier of viral hepatitis,Z22,subcategory,1
Z226,Z22.6,Carrier of human T-lymphotropic virus type 1 [HTLV-1] infection,Z22,subcategory,1
Z228,Z22.8,Carrier of other infectious diseases,Z22,subcategory,1
Z229,Z22.9,"Carrier of infectious disease, unspecified",Z22,subcategory,1
Z23,Z23,Need for immunisation against single bacterial diseases,Z20-Z29,category,1
Z230,Z23.0,Need for immunisation against cholera alone,Z23,subcategory,1
Z232,Z23.2,Need for immunisation against tuberculosis [BCG],Z23,subcategory,1
Z235,Z23.5,Need for immunisation against tetanus alone,Z23,subcategory,1
Z236,Z23.6,Need for immunisation against diphtheria alone,Z23,subcategory,1
Z237,Z23.7,Need for immunisation against pertussis alone,Z23,subcategory,1
Z238,Z23.8,Need for immunisation against other single bacterial diseases,Z23,subcategory,1
Z24,Z24,Need for immunisation against certain single viral diseases,Z20-Z29,category,1
Z240,Z24.0,Need for immunisation against poliomyelitis,Z24,subcategory,1
Z242,Z24.2,Need for immunisation against rabies,Z24,subcategory,1
Z243,Z24.3,Need for immunisation against yellow fever,Z24,subcategory,1
Z244,Z24.4,Need for immunisation against measles alone,Z24,subcategory,1
Z245,Z24.5,Need for immunisation against rubella alone,Z24,subcategory,1
Z246,Z24.6,Need for immunisation against viral hepatitis,Z24,subcategory,1
Z25,Z25,Need for immunisation against other single viral diseases,Z20-Z29,category,0
Z250,Z25.0,Need for immunisation against mumps alone,Z25,subcategory,1
Z251,Z25.1,Need for immunisation against influenza,Z25,subcategory,1
Z258,Z25.8,Need for immunisation against other specified single viral diseases,Z25,subcategory,1
Z26,Z26,Need for immunisation against other single infectious diseases,Z20-Z29,category,1
Z260,Z26.0,Need for immunisation against leishmaniasis,Z26,subcategory,1
Z269,Z26.9,Need for immunisation against unspecified infectious disease,Z26,subcategory,1
Z27,Z27,Need for immunisation against combinations of infectious diseases,Z20-Z29,category,0
Z270,Z27.0,Need for immunisation against cholera with typhoid-paratyphoid [cholera + TAB],Z27,subcategory,1
Z271,Z27.1,"Need for immunisation against diphtheria-tetanus-pertussis, combined [DTP]",Z27,subcategory,1
Z272,Z27.2,Need for immunisation against diphtheria-tetanus-pertussis with typhoid-paratyphoid [DTP + TAB],Z27,subcategory,1
Z273,Z27.3,Need for immunisation against diphtheria-tetanus-pertussis with poliomyelitis [DTP + polio],Z27,subcategory,1
Z274,Z27.4,Need for immunisation against measles-mumps-rubella [MMR],Z27,subcategory,1
Z278,Z27.8,Need for immunisation against other combinations of infectious diseases,Z27,subcategory,1
Z279,Z27.9,Need for immunisation against unspecified combinations of infectious diseases,Z27,subcategory,1
Z28,Z28,Immunisation not carried out,Z20-Z29,category,0
Z280,Z28.0,Immunisation not carried out because of contraindication,Z28,subcategory,1
Z288,Z28.8,Immunisation not carried out for other reasons,Z28,subcategory,1
Z29,Z29,Need for other prophylactic measures,Z20-Z29,category,0
Z290,Z29.0,Isolation,Z29,subcategory,1
Z291,Z29.1,Prophylactic immunotherapy,Z29,subcategory,1
Z292,Z29.2,Other prophylactic chemotherapy,Z29,subcategory,1
Z298,Z29.8,Other specified prophylactic measures,Z29,subcategory,1
Z299,Z29.9,"Prophylactic measure, unspecified",Z29,subcategory,1
Z30,Z30,Contraceptive management,Z30-Z39,category,1
Z300,Z30.0,General counselling and advice on contraception,Z30,subcategory,1
Z301,Z30.1,Insertion of (intra-uterine) contraceptive device,Z30,subcategory,1
Z302,Z30.2,Sterilisation,Z30,subcategory,1
Z303,Z30.3,Menstrual extraction,Z30,subcategory,1
Z304,Z30.4,Surveillance of contraceptive drugs,Z30,subcategory,1
Z305,Z30.5,Surveillance of (intra-uterine) contraceptive device,Z30,subcategory,1
Z308,Z30.8,Other contraceptive management,Z30,subcategory,1
Z309,Z30.9,"Contraceptive management, unspecified",Z30,subcategory,1
Z31,Z31,Procreative management,Z30-Z39,category,1
Z310,Z31.0,Tuboplasty or vasoplasty after previous sterilisation,Z31,subcategory,1
Z311,Z31.1,Artifical insemination,Z31,subcategory,1
Z312,Z31.2,In vitro fertilisation,Z31,subcategory,1
Z313,Z31.3,Other assisted fertilisation methods,Z31,subcategory,1
Z314,Z31.4,Procreative investigation and testing,Z31,subcategory,1
Z315,Z31.5,Genetic counselling,Z31,subcategory,1
Z316,Z31.6,General counselling and advice on procreation,Z31,subcategory,1
Z318,Z31.8,Other procreative management,Z31,subcategory,1
Z319,Z31.9,"Procreative management, unspecified",Z31,subcategory,1
Z32,Z32,Pregnancy examination and test,Z30-Z39,category,1
Z320,Z32.0,"Pregnancy, not (yet) confirmed",Z32,subcategory,1
Z321,Z32.1,Pregnancy confirmed,Z32,subcategory,1
Z33,Z33,"Pregnant state, incidental",Z30-Z39,category,1
Z331,Z33.1,"Pregnant state, incidental",Z33,subcategory,1
Z333,Z33.3,"Pregnant state, gestational carrier",Z33,subcategory,1
Z34,Z34,Supervision of normal pregnancy,Z30-Z39,category,1
Z340,Z34.0,Supervision of normal first pregnancy,Z34,subcategory,1
Z348,Z34.8,Supervision of other normal pregnancy,Z34,subcategory,1
Z349,Z34.9,"Supervision of normal pregnancy, unspecified",Z34,subcategory,1
Z35,Z35,Supervision of high-risk pregnancy,Z30-Z39,category,1
Z350,Z35.0,Supervision of pregnancy with history of infertility,Z35,subcategory,1
Z351,Z35.1,Supervision of pregnancy with history of abortive outcome,Z35,subcategory,1
Z352,Z35.2,Supervision of pregnancy with other poor reproductive or obstetric history,Z35,subcategory,1
Z353,Z35.3,Supervision of pregnancy with history of insufficient antenatal care,Z35,subcategory,1
Z354,Z35.4,Supervision of pregnancy with grand multiparity,Z35,subcategory,1
Z355,Z35.5,Supervision of elderly primigravida,Z35,subcategory,1
Z357,Z35.7,Supervision of high-risk pregnancy due to social problems,Z35,subcategory,1
Z358,Z35.8,Supervision of other high-risk pregnancies,Z35,subcategory,1
Z359,Z35.9,"Supervision of high-risk pregnancy, unspecified",Z35,subcategory,1
Z36,Z36,Antenatal screening,Z30-Z39,category,1
Z360,Z36.0,Antenatal screening for chromosomal anomalies,Z36,subcategory,1
Z361,Z36.1,Antenatal screening for raised alphafetoprotein level,Z36,subcategory,1
Z362,Z36.2,Other antenatal screening based on amniocentesis,Z36,subcategory,1
Z363,Z36.3,Antenatal screening for malformations using ultrasound and other physical methods,Z36,subcategory,1
Z364,Z36.4,Antenatal screening for foetal growth retardation using ultrasound and other physical methods,Z36,subcategory,1
Z365,Z36.5,Antenatal screening for isoimmunisation,Z36,subcategory,1
Z368,Z36.8,Other antenatal screening,Z36,subcategory,1
Z369,Z36.9,"Antenatal screening, unspecified",Z36,subcategory,1
Z37,Z37,Outcome of delivery,Z30-Z39,category,1
Z370,Z37.0,Single live birth,Z37,subcategory,1
Z371,Z37.1,Single stillbirth,Z37,subcategory,1
Z372,Z37.2,"Twins, both liveborn",Z37,subcategory,1
Z373,Z37.3,"Twins, one liveborn and one stillborn",Z37,subcategory,1
Z374,Z37.4,"Twins, both stillborn",Z37,subcategory,1
Z375,Z37.5,"Other multiple births, all liveborn",Z37,subcategory,1
Z379,Z37.9,Outcome of delivery unspecified,Z37,subcategory,1
Z38,Z38,Liveborn infants according to place of birth,Z30-Z39,category,0
Z380,Z38.0,"Singleton, born in hospital",Z38,subcategory,1
Z382,Z38.2,"Singleton, unspecified as to place of birth",Z38,subcategory,1
Z383,Z38.3,"Twin, born in hospital",Z38,subcategory,1
Z39,Z39,Postpartum care and examination,Z30-Z39,category,1
Z390,Z39.0,Care and examination immediately after delivery,Z39,subcategory,1
Z391,Z39.1,Care and examination of lactating mother,Z39,subcategory,1
Z392,Z39.2,Routine postpartum follow-up,Z39,subcategory,1
Z40,Z40,Prophylactic surgery,Z40-Z54,category,1
Z400,Z40.0,Prophylactic surgery for risk-factors related to malignant neoplasms,Z40,subcategory,1
Z408,Z40.8,Other prophylactic surgery,Z40,subcategory,1
Z409,Z40.9,"Prophylactic surgery, unspecified",Z40,subcategory,1
Z41,Z41,Procedures for purposes other than remedying health state,Z40-Z54,category,0
Z411,Z41.1,Other plastic surgery for unacceptable cosmetic appearance,Z41,subcategory,1
Z412,Z41.2,Routine and ritual circumcision,Z41,subcategory,1
Z413,Z41.3,Ear piercing,Z41,subcategory,1
Z418,Z41.8,Other procedures for purposes other than remedying health state,Z41,subcategory,1
Z419,Z41.9,"Procedures for purposes other than remedying health state, unspecified",Z41,subcategory,1
Z42,Z42,Follow-up care involving plastic surgery,Z40-Z54,category,1
Z420,Z42.0,Follow-up care involving plastic surgery of head and neck,Z42,subcategory,1
Z421,Z42.1,Follow-up care involving plastic surgery of breast,Z42,subcategory,1
Z422,Z42.2,Follow-up care involving plastic surgery of other parts of trunk,Z42,subcategory,1
Z423,Z42.3,Follow-up care involving plastic surgery of upper extremity,Z42,subcategory,1
Z424,Z42.4,Follow-up care involving plastic surgery of lower extremity,Z42,subcategory,1
Z428,Z42.8,Follow-up care involving plastic surgery of other body part,Z42,subcategory,1
Z429,Z42.9,"Follow-up care involving plastic surgery, unspecified",Z42,subcategory,1
Z43,Z43,Attention to artificial openings,Z40-Z54,category,1
Z430,Z43.0,Attention to tracheostomy,Z43,subcategory,1
Z431,Z43.1,Attention to gastrostomy,Z43,subcategory,1
Z432,Z43.2,Attention to ileostomy,Z43,subcategory,1
Z433,Z43.3,Attention to colostomy,Z43,subcategory,1
Z434,Z43.4,Attention to other artificial openings of digestive tract,Z43,subcategory,1
Z435,Z43.5,Attention to cyctostomy,Z43,subcategory,1
Z436,Z43.6,Attention to other artificial openings of urinary tract,Z43,subcategory,1
Z438,Z43.8,Attention to other artificial openings,Z43,subcategory,1
Z439,Z43.9,Attention to unspecified artificial opening,Z43,subcategory,1
Z44,Z44,Fitting and adjustment of external prosthetic device,Z40-Z54,category,0
Z442,Z44.2,Fitting and adjustment of artificial eye,Z44,subcategory,1
Z443,Z44.3,Fitting and adjustment of external breast prosthesis,Z44,subcategory,1
Z448,Z44.8,Fitting and adjustment of other external prosthetic devices,Z44,subcategory,1
Z45,Z45,Adjustment and management of implanted device,Z40-Z54,category,0
Z450,Z45.0,Adjustment and management of cardiac pacemaker,Z45,subcategory,1
Z451,Z45.1,Adjustment and management of infusion pump,Z45,subcategory,1
Z452,Z45.2,Adjustment and management of vascular access device,Z45,subcategory,1
Z453,Z45.3,Adjustment and management of implanted hearing device,Z45,subcategory,1
Z458,Z45.8,Adjustment and management of other implanted devices,Z45,subcategory,1
Z459,Z45.9,Adjustment and management of unspecified implanted device,Z45,subcategory,1
Z46,Z46,Fitting and adjustment of other devices,Z40-Z54,category,1
Z460,Z46.0,Fitting and adjustment of spectacles and contact lenses,Z46,subcategory,1
Z461,Z46.1,Fitting and adjustment of hearing aid,Z46,subcategory,1
Z462,Z46.2,Fitting and adjustment of other devices related to nervous system and special senses,Z46,subcategory,1
Z463,Z46.3,Fitting and adjustment of dental prosthetic device,Z46,subcategory,1
Z464,Z46.4,Fitting and adjustment of orthodontic device,Z46,subcategory,1
Z465,Z46.5,Fitting and adjustment of ileostomy and other intestinal appliances,Z46,subcategory,1
Z466,Z46.6,Fitting and adjustment of urinary device,Z46,subcategory,1
Z467,Z46.7,Fitting and adjustment of orthopaedic device,Z46,subcategory,1
Z468,Z46.8,Fitting and adjustment of other specified devices,Z46,subcategory,1
Z4689,Z46.89,Encounter for fitting and adjustment of other specified devices,Z468,extension,1
Z469,Z46.9,Fitting and adjustment of other unspecified device,Z46,subcategory,1
Z47,Z47,Other orthopaedic follow-up care,Z40-Z54,category,0
Z470,Z47.0,Follow-up care involving removal of fracture plate and other internal fixation device,Z47,subcategory,1
Z478,Z47.8,Other specified orthopaedic follow-up care,Z47,subcategory,1
Z479,Z47.9,"Orthopaedic follow-up care, unspecified",Z47,subcategory,1
Z48,Z48,Other surgical follow-up care,Z40-Z54,category,1
Z480,Z48.0,Attention to surgical dressings and sutures,Z48,subcategory,1
Z488,Z48.8,Other specified surgical follow-up care,Z48,subcategory,1
Z489,Z48.9,"Surgical follow-up care, unspecified",Z48,subcategory,1
Z49,Z49,Care involving dialysis,Z40-Z54,category,0
Z490,Z49.0,Preparatory care for dialysis,Z49,subcategory,1
Z491,Z49.1,Extracorporeal dialysis,Z49,subcategory,1
Z492,Z49.2,Other dialysis,Z49,subcategory,1
Z50,Z50,Care involving use of rehabilitation procedures,Z40-Z54,category,1
Z500,Z50.0,Cardiac rehabilitation,Z50,subcategory,1
Z501,Z50.1,Other physical therapy,Z50,subcategory,1
Z502,Z50.2,Alcohol rehabilitation,Z50,subcategory,1
Z503,Z50.3,Drug rehabilitation,Z50,subcategory,1
Z504,Z50.4,"Psychotherapy, not elsewhere classified",Z50,subcategory,1
Z505,Z50.5,Speech therapy,Z50,subcategory,1
Z506,Z50.6,Orthoptic training,Z50,subcategory,1
Z507,Z50.7,"Occupational therapy and vocational rehabilitation, not elsewhere classified",Z50,subcategory,1
Z508,Z50.8,Care involving use of rehabilitation procedures,Z50,subcategory,1
Z509,Z50.9,"Care involving use of rehabilitation procedure, unspecified",Z50,subcategory,1
Z51,Z51,Other medical care,Z40-Z54,category,0
Z510,Z51.0,Radiotherapy session,Z51,subcategory,1
Z511,Z51.1,Chemotherapy session for neoplasm,Z51,subcategory,1
Z512,Z51.2,Other chemotherapy,Z51,subcategory,1
Z513,Z51.3,Blood transfusion without reported diagnosis,Z51,subcategory,1
Z514,Z51.4,"Preparatory care for treatment, not elsewhere classified",Z51,subcategory,1
Z515,Z51.5,Palliative care,Z51,subcategory,1
Z516,Z51.6,Desensitisation to allergens,Z51,subcategory,1
Z518,Z51.8,Other specified medical care,Z51,subcategory,1
Z5189,Z51.89,Encounter for other specified aftercare,Z518,extension,1
Z519,Z51.9,"Medical care, unspecified",Z51,subcategory,1
Z52,Z52,Donors of organs and tissues,Z40-Z54,category,1
Z520,Z52.0,Blood donor,Z52,subcategory,1
Z522,Z52.2,Bone donor,Z52,subcategory,1
Z523,Z52.3,Bone marrow donor,Z52,subcategory,1
Z524,Z52.4,Kidney donor,Z52,subcategory,1
Z525,Z52.5,Cornea donor,Z52,subcategory,1
Z528,Z52.8,Donor of other organs and tissues,Z52,subcategory,1
Z529,Z52.9,Donor of unspecified organ or tissue,Z52,subcategory,1
Z53,Z53,"Persons encountering health services for specifie procedures, not carried out",Z40-Z54,category,0
Z530,Z53.0,Procedure not carried out because of contraindication,Z53,subcategory,1
Z5309,Z53.09,Procedure and treatment not carried out because of other contraindication,Z530,extension,1
Z531,Z53.1,Procedure not carried out because of patient's decision for reasons of belief or group pressure,Z53,subcategory,1
Z532,Z53.2,Procedure not carried out because of patient's decision for other and unspecified reasons,Z53,subcategory,1
Z5329,Z53.29,Procedure and treatment not carried out because of patient's decision for other reasons,Z532,extension,1
Z538,Z53.8,Procedure not carried out for other reasons,Z53,subcategory,1
Z539,Z53.9,"Procedure not carried out, unspecified reason",Z53,subcategory,1
Z54,Z54,Convalescence,Z40-Z54,category,1
Z540,Z54.0,Convalescence following surgery,Z54,subcategory,1
Z541,Z54.1,Convalescence following radiotherapy,Z54,subcategory,1
Z542,Z54.2,Convalescence following chemotherapy,Z54,subcategory,1
Z543,Z54.3,Convalescence following psychotherapy,Z54,subcategory,1
Z544,Z54.4,Convalescence following treatment of fracture,Z54,subcategory,1
Z548,Z54.8,Convalescence following other treatment,Z54,subcategory,1
Z549,Z54.9,Convalescence following unspecified treatment,Z54,subcategory,1
Z55,Z55,Problems related to education and literacy,Z55-Z65,category,1
Z550,Z55.0,Illiteracy and low-level literacy,Z55,subcategory,1
Z551,Z55.1,Schooling unavailable and unattainable,Z55,subcategory,1
Z552,Z55.2,Failed examinations,Z55,subcategory,1
Z558,Z55.8,Other problems relating to education and literacy,Z55,subcategory,1
Z559,Z55.9,"Problems relating to education and literacy, unspecified",Z55,subcategory,1
Z56,Z56,Problems related to employment and unemployment,Z55-Z65,category,1
Z560,Z56.0,"Unemployment, unspecified",Z56,subcategory,1
Z561,Z56.1,Change of job,Z56,subcategory,1
Z562,Z56.2,Threat of job loss,Z56,subcategory,1
Z563,Z56.3,Stressful work schedule,Z56,subcategory,1
Z564,Z56.4,Discord with boss and workmates,Z56,subcategory,1
Z565,Z56.5,Uncongenial work,Z56,subcategory,1
Z566,Z56.6,Other physical and mental strain related to work,Z56,subcategory,1
Z567,Z56.7,Other and unspecified problems related to employment,Z56,subcategory,1
Z57,Z57,Occupational exposure to risk-factors,Z55-Z65,category,1
Z570,Z57.0,Occupational exposure to noise,Z57,subcategory,1
Z571,Z57.1,Occupational exposure to radiation,Z57,subcategory,1
Z572,Z57.2,Occupational exposure to dust,Z57,subcategory,1
Z573,Z57.3,Occupational exposure to other air contaminants,Z57,subcategory,1
Z574,Z57.4,Occupational exposure to toxic agents in agriculture,Z57,subcategory,1
Z575,Z57.5,Occupational exposure to toxic agents in other industries,Z57,subcategory,1
Z577,Z57.7,Occupational exposure to vibration,Z57,subcategory,1
Z578,Z57.8,Occupational exposure to other risk-factors,Z57,subcategory,1
Z579,Z57.9,Occupational exposure to unspecified risk-factor,Z57,subcategory,1
Z58,Z58,Problems related to physical environment,Z55-Z65,category,1
Z580,Z58.0,Exposure to noise,Z58,subcategory,1
Z581,Z58.1,Exposure to air pollution,Z58,subcategory,1
Z583,Z58.3,Exposure to soil pollution,Z58,subcategory,1
Z584,Z58.4,Exposure to radiation,Z58,subcategory,1
Z585,Z58.5,Exposure to other pollution,Z58,subcategory,1
Z587,Z58.7,Exposure to tobacco smoke,Z58,subcategory,1
Z588,Z58.8,Other problems related to physical environment,Z58,subcategory,1
Z589,Z58.9,"Problem related to physical environment, unspecified",Z58,subcategory,1
Z59,Z59,Problems related to housing and economic circumstances,Z55-Z65,category,1
Z590,Z59.0,Homelessness,Z59,subcategory,1
Z591,Z59.1,Inadequate housing,Z59,subcategory,1
Z592,Z59.2,"Discord with neighbours, lodgers and landlord",Z59,subcategory,1
Z593,Z59.3,Problems related to living in residential institution,Z59,subcategory,1
Z594,Z59.4,Lack of adequate food,Z59,subcategory,1
Z595,Z59.5,Extreme poverty,Z59,subcategory,1
Z596,Z59.6,Low income,Z59,subcategory,1
Z598,Z59.8,Other problems relating to housing and economic circumstances,Z59,subcategory,1
Z599,Z59.9,"Problem relating to housing and economic circumstances, unspecified",Z59,subcategory,1
Z60,Z60,Problems related to social environment,Z55-Z65,category,1
Z600,Z60.0,Problems of adjustment to life-cycle transitions,Z60,subcategory,1
Z601,Z60.1,Atypical parenting situation,Z60,subcategory,1
Z602,Z60.2,Living alone,Z60,subcategory,1
Z603,Z60.3,Acculturation difficulty,Z60,subcategory,1
Z604,Z60.4,Social exclusion and rejection,Z60,subcategory,1
Z605,Z60.5,Target of perceived adverse discrimination and persecution,Z60,subcategory,1
Z608,Z60.8,Other problems related to social environment,Z60,subcategory,1
Z609,Z60.9,"Problem related to social environment, unspecified",Z60,subcategory,1
Z61,Z61,Problems related to negative life events in childhood,Z55-Z65,category,1
Z612,Z61.2,Altered pattern of family relationships in childhood,Z61,subcategory,1
Z613,Z61.3,Events resulting in loss of self-esteem in childhood,Z61,subcategory,1
Z614,Z61.4,Problems related to alleged sexual abuse of child by person within primary support group,Z61,subcategory,1
Z615,Z61.5,Problems related to alleged sexual abuse of child by person outside primary support group,Z61,subcategory,1
Z616,Z61.6,Problems related to alleged physical abuse of child,Z61,subcategory,1
Z618,Z61.8,Other negative life events in childhood,Z61,subcategory,1
Z62,Z62,Other problems related to upbringing,Z55-Z65,category,0
Z620,Z62.0,Inadequate parental supervision and control,Z62,subcategory,1
Z621,Z62.1,Parental overprotection,Z62,subcategory,1
Z628,Z62.8,Other specified problems related to upbringing,Z62,subcategory,0
Z6289,Z62.89,Other specified problems related to upbringing,Z628,extension,1
Z63,Z63,"Other problems related to primary support group, including family circumstances",Z55-Z65,category,1
Z630,Z63.0,Problems in relationship with spouse or partner,Z63,subcategory,1
Z631,Z63.1,Problems in relationship with parents and in-laws,Z63,subcategory,1
Z632,Z63.2,Inadequate family support,Z63,subcategory,1
Z633,Z63.3,Absence of family member,Z63,subcategory,1
Z634,Z63.4,Disappearance and death of family member,Z63,subcategory,1
Z635,Z63.5,Disruption of family by separation and divorce,Z63,subcategory,1
Z636,Z63.6,Dependent relative needing care at home,Z63,subcategory,1
Z637,Z63.7,Other stressful life events affecting family and household,Z63,subcategory,1
Z638,Z63.8,Other specified problems related to primary support group,Z63,subcategory,1
Z639,Z63.9,"Problem related to primary support group, unspecified",Z63,subcategory,1
Z64,Z64,Problems related to certain psychosocial circumstances,Z55-Z65,category,0
Z640,Z64.0,Problems related to unwanted pregnancy,Z64,subcategory,1
Z641,Z64.1,Problems related to multiparity,Z64,subcategory,1
Z643,Z64.3,Seeking and accepting behavioural and psychological interventions known to be hazardous and harmful,Z64,subcategory,1
Z644,Z64.4,Discord with counsellors,Z64,subcategory,1
Z65,Z65,Problems related to other psychosocial circumstances,Z55-Z65,category,1
Z650,Z65.0,Conviction in civil and criminal proceedings without imprisonment,Z65,subcategory,1
Z651,Z65.1,Imprisonment and other incarceration,Z65,subcategory,1
Z652,Z65.2,Problems related to release from prison,Z65,subcategory,1
Z653,Z65.3,Problems related to other legal circumstances,Z65,subcategory,1
Z654,Z65.4,Victim of crime and terrorism,Z65,subcategory,1
Z658,Z65.8,Other specified problems related to psychosocial circumstances,Z65,subcategory,1
Z659,Z65.9,Problem related to unspecified psychosocial circumstances,Z65,subcategory,1
Z70,Z70,"Counselling related to sexual attitude, behaviour and orientation",Z70-Z76,category,1
Z701,Z70.1,Counselling related to patient's sexual behaviour and orientation,Z70,subcategory,1
Z702,Z70.2,Counselling related to sexual behaviour and orientation of third party,Z70,subcategory,1
Z708,Z70.8,Other sex counselling,Z70,subcategory,1
Z709,Z70.9,"Sex counselling, unspecified",Z70,subcategory,1
Z71,Z71,"Persons encountering health services for other counselling and medical advice, not elsewhere classified",Z70-Z76,category,1
Z710,Z71.0,Person consulting on behalf of another person,Z71,subcategory,1
Z711,Z71.1,Person with feared complaint in whom no diagnosis is made,Z71,subcategory,1
Z712,Z71.2,Person consulting for explanation of investigation findings,Z71,subcategory,1
Z713,Z71.3,Dietary counselling and surveillance,Z71,subcategory,1
Z714,Z71.4,Alcohol abuse counselling and surveillance,Z71,subcategory,1
Z715,Z71.5,Drug abuse counselling and surveillance,Z71,subcategory,1
Z716,Z71.6,Tobacco abuse counselling,Z71,subcategory,1
Z717,Z71.7,Human immunodeficiency virus [HIV] counselling,Z71,subcategory,1
Z718,Z71.8,Other specified counselling,Z71,subcategory,1
Z719,Z71.9,"Counselling, unspecified",Z71,subcategory,1
Z72,Z72,Problems related to lifestyle,Z70-Z76,category,1
Z720,Z72.0,Tobacco use,Z72,subcategory,1
Z721,Z72.1,Alcohol use,Z72,subcategory,1
Z722,Z72.2,Drug use,Z72,subcategory,1
Z723,Z72.3,Lack of physical exercise,Z72,subcategory,1
Z724,Z72.4,Inappropriate diet and eating habits,Z72,subcategory,1
Z726,Z72.6,Gambling and betting,Z72,subcategory,1
Z728,Z72.8,Other problems related to lifestyle,Z72,subcategory,1
Z729,Z72.9,"Problem related to lifestyle, unspecified",Z72,subcategory,1
Z73,Z73,Problems related to life-management difficulty,Z70-Z76,category,0
Z730,Z73.0,Burn-out,Z73,subcategory,1
Z732,Z73.2,Lack of relaxation and leisure,Z73,subcategory,1
Z733,Z73.3,"Stress, not elsewhere classified",Z73,subcategory,1
Z736,Z73.6,Limitation of activities due to disability,Z73,subcategory,1
Z738,Z73.8,Other problems related to life-management difficulty,Z73,subcategory,1
Z739,Z73.9,"Problem related to life-management difficulty, unspecified",Z73,subcategory,1
Z74,Z74,Problems related to care-provider dependency,Z70-Z76,category,1
Z740,Z74.0,Reduced mobility,Z74,subcategory,1
Z741,Z74.1,Need for assistance with personal care,Z74,subcategory,1
Z742,Z74.2,Need for assistance at home and no other household member able to render care,Z74,subcategory,1
Z743,Z74.3,Need for continuous supervision,Z74,subcategory,1
Z748,Z74.8,Other problems related to care-provider dependency,Z74,subcategory,1
Z749,Z74.9,"Problem related to care-provider dependency, unspecified",Z74,subcategory,1
Z75,Z75,Problems related to medical facilities and other health care,Z70-Z76,category,0
Z750,Z75.0,Medical services not available in home,Z75,subcategory,1
Z751,Z75.1,Person awaiting admission to adequate facility elsewhere,Z75,subcategory,1
Z752,Z75.2,Other waiting period for investigation and treatment,Z75,subcategory,1
Z753,Z75.3,Unavailability and inaccessibility of health-care facilities,Z75,subcategory,1
Z754,Z75.4,Unavailability and inaccessibility of other helping agencies,Z75,subcategory,1
Z755,Z75.5,Holiday relief care,Z75,subcategory,1
Z758,Z75.8,Other problems related to medical facilities and other health care,Z75,subcategory,1
Z759,Z75.9,Unspecified problem related to medical facilities and other health care,Z75,subcategory,1
Z76,Z76,Persons encountering health services in other circumstances,Z70-Z76,category,1
Z760,Z76.0,Issue of repeat prescription,Z76,subcategory,1
Z763,Z76.3,Healthy person accompanying sick person,Z76,subcategory,1
Z764,Z76.4,Other boarder in health-care facility,Z76,subcategory,1
Z768,Z76.8,Persons encountering health services in other specified circumstances,Z76,subcategory,1
Z769,Z76.9,Persons encountering health services in unspecified circumstances,Z76,subcategory,1
Z80,Z80,Family history of malignant neoplasm,Z80-Z99,category,1
Z800,Z80.0,Family history of malignant neoplasm of digestive organs,Z80,subcategory,1
Z801,Z80.1,"Family history of malignant neoplasm of trachea, bronchus and lung",Z80,subcategory,1
Z802,Z80.2,Family history of malignant neoplasm of other respiratory and intrathoracic organs,Z80,subcategory,1
Z803,Z80.3,Family history of malignant neoplasm of breast,Z80,subcategory,1
Z804,Z80.4,Family history of malignant neoplasm of genital organs,Z80,subcategory,1
Z805,Z80.5,Family history of malignant neoplasm of urinary tract,Z80,subcategory,1
Z806,Z80.6,Family history of leukaemia,Z80,subcategory,1
Z807,Z80.7,"Family history of malignant neoplasms of lymphoid, haematopoietic and related tissues",Z80,subcategory,1
Z808,Z80.8,Family history of malignant neoplasm of other organs or systems,Z80,subcategory,1
Z809,Z80.9,"Family history of malignant neoplasm, unspecified",Z80,subcategory,1
Z81,Z81,Family history of mental and behavioural disorders,Z80-Z99,category,0
Z810,Z81.0,Family history of mental retardation,Z81,subcategory,1
Z811,Z81.1,Family history of alcohol abuse,Z81,subcategory,1
Z812,Z81.2,Family history of tobacco abuse,Z81,subcategory,1
Z813,Z81.3,Family history of other psychoactive substance abuse,Z81,subcategory,1
Z818,Z81.8,Family history of other mental and behavioural disorders,Z81,subcategory,1
Z82,Z82,Family history of certain disabilities and chronic diseases leading to disablement,Z80-Z99,category,1
Z820,Z82.0,Family history of epilepsy and other diseases of the nervous system,Z82,subcategory,1
Z821,Z82.1,Family history of blindness and visual loss,Z82,subcategory,1
Z822,Z82.2,Family history of deafness and hearing loss,Z82,subcategory,1
Z823,Z82.3,Family history of stroke,Z82,subcategory,1
Z824,Z82.4,Family history of ischaemic heart disease and other diseases of the circulatory system,Z82,subcategory,1
Z8249,Z82.49,Family history of ischemic heart disease and other diseases of the circulatory system,Z824,extension,1
Z825,Z82.5,Family history of asthma and other chronic lower respiratory diseases,Z82,subcategory,1
Z826,Z82.6,Family history of arthritis and other diseases of the musculoskeletal system and connective tissue,Z82,subcategory,1
Z8261,Z82.61,Family history of arthritis,Z826,extension,1
Z827,Z82.7,"Family history of congenital malformations, deformations and chromosomal abnormalities",Z82,subcategory,1
Z828,Z82.8,"Family history of other disabilities and chronic diseases leading to disablement, not elsewhere classified",Z82,subcategory,1
Z83,Z83,Family history of other specific disorders,Z80-Z99,category,1
Z830,Z83.0,Family history of human immunodeficiency virus [HIV],Z83,subcategory,1
Z831,Z83.1,Family history of other infectious and parasitic diseases,Z83,subcategory,1
Z832,Z83.2,Family history of diseases of the blood and blood-forming organs and certain disorders involving the immune mechanism,Z83,subcategory,1
Z833,Z83.3,Family history of diabetes mellitus,Z83,subcategory,1
Z834,Z83.4,"Family history of other endocrine, nutritional and metabolic diseases",Z83,subcategory,1
Z835,Z83.5,Family history of eye and ear disorders,Z83,subcategory,1
Z836,Z83.6,Family history of diseases of the respiratory system,Z83,subcategory,1
Z837,Z83.7,Family history of diseases of the digestive system,Z83,subcategory,1
Z84,Z84,Family history of other conditions,Z80-Z99,category,1
Z840,Z84.0,Family history of diseases of the skin and subcutaneous tissue,Z84,subcategory,1
Z841,Z84.1,Family history of disorders of the kidney and ureter,Z84,subcategory,1
Z842,Z84.2,Family history of other diseases of the genito-urinary system,Z84,subcategory,1
Z843,Z84.3,Family history of consanguinity,Z84,subcategory,1
Z848,Z84.8,Family history of other specified conditions,Z84,subcategory,1
Z85,Z85,Personal history of malignant neoplasm,Z80-Z99,category,1
Z850,Z85.0,Personal history of malignant neoplasm of digestive organs,Z85,subcategory,1
Z851,Z85.1,"Personal history of malignant neoplasm of trachea, bronchus and lung",Z85,subcategory,1
Z852,Z85.2,Personal history of malignant neoplasm of other respiratory and intrathoracic organs,Z85,subcategory,1
Z853,Z85.3,Personal history of malignant neoplasm of breast,Z85,subcategory,1
Z854,Z85.4,Personal history of malignant neoplasm of genital organs,Z85,subcategory,1
Z855,Z85.5,Personal history of malignant neoplasm of urinary tract,Z85,subcategory,1
Z856,Z85.6,Personal history of leukaemia,Z85,subcategory,1
Z857,Z85.7,"Personal history of other malignant neoplasms of lymphoid, haematopoietic and related tissues",Z85,subcategory,1
Z858,Z85.8,Personal history of malignant neoplasms of other organs and systems,Z85,subcategory,1
Z859,Z85.9,"Personal history of malignant neoplasm, unspecified",Z85,subcategory,1
Z86,Z86,Personal history of certain other diseases,Z80-Z99,category,0
Z860,Z86.0,Personal history of other neoplasms,Z86,subcategory,1
Z861,Z86.1,Personal history of infectious and parasitic diseases,Z86,subcategory,1
Z862,Z86.2,Personal history of diseases of the blood and blood-forming organs and certain disorders involving the immune mechanism,Z86,subcategory,1
Z863,Z86.3,"Personal history of endocrine, nutritional and metabolic diseases",Z86,subcategory,1
Z864,Z86.4,Personal history of psychoactive substance abuse,Z86,subcategory,1
Z865,Z86.5,Personal history of other mental and behavioural disorders,Z86,subcategory,1
Z866,Z86.6,Personal history of diseases of the nervous system and sense organs,Z86,subcategory,1
Z867,Z86.7,Personal history of diseases of the circulatory system,Z86,subcategory,1
Z87,Z87,Personal history of other diseases and conditions,Z80-Z99,category,1
Z870,Z87.0,Personal history of diseases of the respiratory system,Z87,subcategory,1
Z871,Z87.1,Personal history of diseases of the digestive system,Z87,subcategory,1
Z872,Z87.2,Personal history of diseases of the skin and subcutaneous tissue,Z87,subcategory,1
Z873,Z87.3,Personal history of diseases of the musculoskeletal system and connective tissue,Z87,subcategory,1
Z874,Z87.4,Personal history of diseases of the genito-urinary system,Z87,subcategory,1
Z875,Z87.5,"Personal history of complications of pregnancy, childbirth and the puerperium",Z87,subcategory,1
Z876,Z87.6,Personal history of certain conditions arising in the perinatal period,Z87,subcategory,1
Z877,Z87.7,"Personal history of congenital malformations, deformations and chromosomal abnormalities",Z87,subcategory,1
Z878,Z87.8,Personal history of other specified conditions,Z87,subcategory,1
Z88,Z88,"Personal history of allergy to drugs, medicaments and biologocal substances",Z80-Z99,category,1
Z880,Z88.0,Personal history of allergy to penicillin,Z88,subcategory,1
Z881,Z88.1,Personal history of allergy to other antibiotic agents,Z88,subcategory,1
Z882,Z88.2,Personal history of allergy to sulphonamides,Z88,subcategory,1
Z883,Z88.3,Personal history of allergy to other anti-infective agents,Z88,subcategory,1
Z884,Z88.4,Personal history of allergy to anaesthetic agent,Z88,subcategory,1
Z885,Z88.5,Personal history of allergy to narcotic agent,Z88,subcategory,1
Z886,Z88.6,Personal history of allergy to analgesic agent,Z88,subcategory,1
Z887,Z88.7,Personal history of allergy to serum and vaccine,Z88,subcategory,1
Z888,Z88.8,"Personal history of allergy to other drugs, medicaments and biological substances",Z88,subcategory,1
Z889,Z88.9,"Personal history of allergy to unspecified drugs, medicaments and biological substances",Z88,subcategory,1
Z89,Z89,Acquired absence of limb,Z80-Z99,category,1
Z890,Z89.0,"Acquired absence of finger(s) [including thumb], unilateral",Z89,subcategory,1
Z891,Z89.1,Acquired absence of hand and wrist,Z89,subcategory,1
Z892,Z89.2,Acquired absence of upper limb above wrist,Z89,subcategory,1
Z893,Z89.3,Acquired absence of both upper limbs [any level],Z89,subcategory,1
Z894,Z89.4,Acquired absence of foot and ankle,Z89,subcategory,1
Z895,Z89.5,Acquired absence of leg at or below knee,Z89,subcategory,1
Z896,Z89.6,Acquired absence of leg above knee,Z89,subcategory,1
Z897,Z89.7,"Acquired absence of both lower limbs [any level, except toes alone]",Z89,subcategory,1
Z898,Z89.8,Acquired absence of upper and lower limbs [any level],Z89,subcategory,1
Z899,Z89.9,"Acquired absence of limb, unspecified",Z89,subcategory,1
Z90,Z90,"Acquired absence of organs, not elsewhere classified",Z80-Z99,category,0
Z900,Z90.0,Acquired absence of part of head and neck,Z90,subcategory,1
Z901,Z90.1,Acquired absence of breast(s),Z90,subcategory,1
Z902,Z90.2,Acquired absence of lung [part of],Z90,subcategory,1
Z903,Z90.3,Acquired absence of part of stomach,Z90,subcategory,1
Z904,Z90.4,Acquired absence of other parts of digestive tract,Z90,subcategory,1
Z905,Z90.5,Acquired absence of kidney,Z90,subcategory,1
Z906,Z90.6,Acquired absence of other parts of urinary tract,Z90,subcategory,1
Z907,Z90.7,Acquired absence of genital organ(s),Z90,subcategory,1
Z908,Z90.8,Acquired absence of other organs,Z90,subcategory,1
Z91,Z91,"Personal history of risk-factors, not elsewhere classified",Z80-Z99,category,1
Z910,Z91.0,"Personal history of allergy, other than to drugs and biological substances",Z91,subcategory,1
Z911,Z91.1,Personal history of noncompliance with medical treatment and regimen,Z91,subcategory,1
Z912,Z91.2,Personal history of poor personal hygiene,Z91,subcategory,1
Z913,Z91.3,Personal history of unhealthy sleep-wake schedule,Z91,subcategory,1
Z914,Z91.4,"Personal history of psychological trauma, not elsewhere classified",Z91,subcategory,1
Z915,Z91.5,Personal history of self-harm,Z91,subcategory,1
Z916,Z91.6,Personal history of other physical trauma,Z91,subcategory,1
Z918,Z91.8,"Personal history of other specified risk-factors, not elsewhere classified",Z91,subcategory,1
Z92,Z92,Personal history of medical treatment,Z80-Z99,category,1
Z920,Z92.0,Personal history of contraception,Z92,subcategory,1
Z921,Z92.1,Personal history of long-term (current) use of anticoagulants,Z92,subcategory,1
Z922,Z92.2,Personal history of long-term (current) use of other medicaments,Z92,subcategory,1
Z923,Z92.3,Personal history of irradiation,Z92,subcategory,1
Z924,Z92.4,"Personal history of major surgery, not elsewhere classified",Z92,subcategory,1
Z925,Z92.5,Personal history of rehabilitation measures,Z92,subcategory,1
Z926,Z92.6,Personal history of chemotherapy for neoplastic disease,Z92,subcategory,1
Z928,Z92.8,Personal history of other medical treatment,Z92,subcategory,1
Z929,Z92.9,"Personal history of medical treatment, unspecified",Z92,subcategory,1
Z93,Z93,Artificial opening status,Z80-Z99,category,0
Z930,Z93.0,Tracheostomy status,Z93,subcategory,1
Z931,Z93.1,Gastrostomy status,Z93,subcategory,1
Z932,Z93.2,Ileostomy status,Z93,subcategory,1
Z933,Z93.3,Colostomy status,Z93,subcategory,1
Z934,Z93.4,Other artificial openings of gastro-intestinal tract status,Z93,subcategory,1
Z935,Z93.5,Cystostomy status,Z93,subcategory,1
Z936,Z93.6,Other artificial openings of urinary tract status,Z93,subcategory,1
Z938,Z93.8,Other artificial opening status,Z93,subcategory,1
Z939,Z93.9,"Artificial opening status, unspecified",Z93,subcategory,1
Z94,Z94,Transplanted organ and tissue status,Z80-Z99,category,0
Z940,Z94.0,Kidney transplant status,Z94,subcategory,1
Z941,Z94.1,Heart transplant status,Z94,subcategory,1
Z942,Z94.2,Lung transplant status,Z94,subcategory,1
Z943,Z94.3,Heart and lungs transplant status,Z94,subcategory,1
Z944,Z94.4,Liver transplant status,Z94,subcategory,1
Z945,Z94.5,Skin transplant status,Z94,subcategory,1
Z946,Z94.6,Bone transplant status,Z94,subcategory,1
Z947,Z94.7,Corneal transplant status,Z94,subcategory,1
Z948,Z94.8,Other transplanted organ and tissue status,Z94,subcategory,1
Z949,Z94.9,"Transplanted organ and tissue status, unspecified",Z94,subcategory,1
Z95,Z95,Presence of cardiac and vascular implants and grafts,Z80-Z99,category,1
Z950,Z95.0,Presence of cardiac pacemaker,Z95,subcategory,1
Z951,Z95.1,Presence of aortocoronary bypass graft,Z95,subcategory,1
Z952,Z95.2,Presence of prosthetic heart valve,Z95,subcategory,1
Z953,Z95.3,Presence of xenogenic heart valve,Z95,subcategory,1
Z954,Z95.4,Presence of other heart-valve replacement,Z95,subcategory,1
Z955,Z95.5,Presence of coronary angioplasty implant and graft,Z95,subcategory,1
Z958,Z95.8,Presence of other cardiac and vascular implants and grafts,Z95,subcategory,1
Z9582,Z95.82,Presence of other vascular implants and grafts,Z958,extension,1
Z959,Z95.9,"Presence of cardiac and vascular implant and graft, unspecified",Z95,subcategory,1
Z96,Z96,Presence of other functional implants,Z80-Z99,category,0
Z960,Z96.0,Presence of urogenital implants,Z96,subcategory,1
Z961,Z96.1,Presence of intraocular lens,Z96,subcategory,1
Z962,Z96.2,Presence of otological and audiological implants,Z96,subcategory,1
Z963,Z96.3,Presence of artificial larynx,Z96,subcategory,1
Z964,Z96.4,Presence of endocrine implants,Z96,subcategory,1
Z965,Z96.5,Presence of tooth-root and mandibular implants,Z96,subcategory,1
Z966,Z96.6,Presence of orthopaedic joint implants,Z96,subcategory,1
Z967,Z96.7,Presence of other bone and tendon implants,Z96,subcategory,1
Z968,Z96.8,Presence of other specified functional implants,Z96,subcategory,1
Z969,Z96.9,"Presence of functional implant, unspecified",Z96,subcategory,1
Z97,Z97,Presence of other devices,Z80-Z99,category,0
Z970,Z97.0,Presence of artificial eye,Z97,subcategory,1
Z971,Z97.1,Presence of artificial limb (complete)(partial),Z97,subcategory,1
Z972,Z97.2,Presence of dental prosthetic device (complete)(partial),Z97,subcategory,1
Z973,Z97.3,Presence of spectacles and contact lenses,Z97,subcategory,1
Z974,Z97.4,Presence of external hearing-aid,Z97,subcategory,1
Z975,Z97.5,Presence of (intra-uterine) contraceptive device,Z97,subcategory,1
Z978,Z97.8,Presence of other specified devices,Z97,subcategory,1
Z98,Z98,Other postsurgical states,Z80-Z99,category,0
Z980,Z98.0,Intestinal bypass and anastomosis status,Z98,subcategory,1
Z981,Z98.1,Arthrodesis status,Z98,subcategory,1
Z982,Z98.2,Presence of cerebrospinal fluid drainage device,Z98,subcategory,1
Z988,Z98.8,Other specified postsurgical states,Z98,subcategory,1
Z9889,Z98.89,Other specified postprocedural states,Z988,extension,1
Z99,Z99,"Dependence on enabling machines and devices, not elsewhere classified",Z80-Z99,category,1
Z990,Z99.0,Dependence on aspirator,Z99,subcategory,1
Z991,Z99.1,Dependence on respirator,Z99,subcategory,1
Z992,Z99.2,Dependence on renal dialysis,Z99,subcategory,1
Z993,Z99.3,Dependence on wheelchair,Z99,subcategory,1
Z994,Z99.4,Dependence on artificial heart,Z99,subcategory,1
Z998,Z99.8,Dependence on other enabling machines and devices,Z99,subcategory,1
Z999,Z99.9,Dependence on unspecified enabling machine and device,Z99,subcategory,1
